set search_path to socialMarket;


INSERT INTO ente  VALUES (0 , 'Iacovelli e figli','Piazza Emo, 1
16166, Quinto Al Mare (GE)');
INSERT INTO ente  VALUES (1 , 'Salvemini-Maderna s.r.l.','Canale Perozzo, 96 Appartamento 9
86097, Pescolanciano (IS)');
INSERT INTO ente  VALUES (2 , 'Mazzini-Pratesi Group','Borgo Jacopo, 57
22022, Casasco DIntelvi (CO)');
INSERT INTO ente  VALUES (3 , 'Magnani-Desio Group','Strada Toni, 7 Piano 9
72024, Oria (BR)');
INSERT INTO ente  VALUES (4 , 'Duse-Oliboni s.r.l.','Via Ottavio, 14
40057, Quarto Inferiore (BO)');
INSERT INTO ente  VALUES (5 , 'Crispi Group','Rotonda Fermi, 19
25086, Rezzato (BS)');
INSERT INTO ente  VALUES (6 , 'Gelli, Letta e Pace e figli','Viale Virginia, 8
10153, Torino (TO)');
INSERT INTO ente  VALUES (7 , 'Tarantino, Giannetti e Visintini e figli','Contrada Alphons, 312
28838, Stresa (VB)');
INSERT INTO ente  VALUES (8 , 'Greggio Group','Incrocio Celentano, 70
00067, Morlupo (RM)');
INSERT INTO ente  VALUES (9 , 'Perozzo, Scaramucci e Andreozzi s.r.l.','Strada Eraldo, 883
45012, Crociara (RO)');
INSERT INTO ente  VALUES (10 , 'Lerner s.r.l.','Strada Giulia, 498 Appartamento 41
23852, Garlate (LC)');
INSERT INTO ente  VALUES (11 , 'Bixio, Roccabonella e Babato Group','Rotonda Villadicani, 3
58014, Manciano (GR)');
INSERT INTO ente  VALUES (12 , 'Acerbi SPA','Incrocio Pomponio, 82 Piano 0
30030, Pianiga (VE)');
INSERT INTO ente  VALUES (13 , 'Norbiato-Missoni Group','Via Antonietta, 81 Appartamento 4
16042, Carasco (GE)');
INSERT INTO ente  VALUES (14 , 'Calarco SPA','Rotonda Capone, 43
88823, Perticaro (KR)');
INSERT INTO ente  VALUES (15 , 'Collina-Caboto SPA','Via Greca, 25 Piano 4
63084, Folignano (AP)');
INSERT INTO ente  VALUES (16 , 'Parri, Bulzoni e Grossi e figli','Canale Ruggero, 74
15041, Franchini (AL)');
INSERT INTO ente  VALUES (17 , 'Barzini s.r.l.','Incrocio Gussoni, 43
50056, Ambrogiana (FI)');
INSERT INTO ente  VALUES (18 , 'Alonzi, Fermi e Franceschi SPA','Via Ughi, 11
08039, Tonara (NU)');
INSERT INTO ente  VALUES (19 , 'Trupiano Group','Vicolo Lupo, 182 Piano 5
98069, Sinagra (ME)');


INSERT INTO volontario  VALUES ('QGMYEV02R53A827P', 'Nina', 'Tiepolo', '1981-02-12', 'Torre De Negri', '6327601998784', 'Others', NULL , NULL, NULL );
INSERT INTO volontario  VALUES ('ERQKOO80E08I054H', 'Cesare', 'Antonioni', '1969-08-06', 'San Pietro In Gu', '0755398843751', 'F', 'Van' , 'ricezione , supervisione , trasporto', NULL );
INSERT INTO volontario  VALUES ('SHRNGE41A65L231E', 'Ezio', 'Greco', '1981-02-11', 'San Teodoro', '7165968260597', 'M', NULL , 'trasporto , ricezione , supervisione', NULL );
INSERT INTO volontario  VALUES ('PBKUKY79P11A315Z', 'Mariano', 'Aporti', '1970-06-21', 'Lugugnana', '3215784545848', 'Others', 'Wagon' , 'supervisione , ricezione , trasporto', NULL );
INSERT INTO volontario  VALUES ('HZARLX47B28E085U', 'Piergiorgio', 'Verdone', '1968-09-28', 'Querceto', '6254506569183', 'M', NULL , 'ricezione', 'Sabato mattina ' );
INSERT INTO volontario  VALUES ('XLNGKO63C25D299Y', 'Carolina', 'Tosi', '1975-09-06', 'Coscogno', '7301866387552', 'M', 'Wagon , SUV' , 'ricezione , trasporto', 'Lunedì pomeriggio' );
INSERT INTO volontario  VALUES ('EGQHJW94M52A984G', 'Alessia', 'Castioni', '1961-01-30', 'Edolo', '9496091380602', 'M', 'Sedan , Pickup' , NULL, NULL );
INSERT INTO volontario  VALUES ('CGNUTY75M07F867L', 'Lara', 'Barcaccia', '2004-08-29', 'San Maiano', '2205521442109', 'Others', 'Pickup' , 'supervisione', NULL );
INSERT INTO volontario  VALUES ('VJJZMZ73H16H198O', 'Stefania', 'Bernetti', '1980-05-16', 'Castelnuovo Di San Pio Delle Camere', '8564531830768', 'M', NULL , 'supervisione , trasporto', 'Giovedì mattina  , Martedì pomeriggio' );
INSERT INTO volontario  VALUES ('JGHQYO09M55C287U', 'Renata', 'Tasso', '1959-07-16', 'Olza', '2637405597099', 'M', 'Sedan , SUV' , 'supervisione , ricezione', NULL );
INSERT INTO volontario  VALUES ('PDVVJL28A67C938V', 'Loredana', 'Musatti', '1979-10-26', 'Nuraxinieddu', '4860445169493', 'F', 'Pickup' , 'ricezione', 'Lunedì pomeriggio' );
INSERT INTO volontario  VALUES ('GNRWFE66B54F186I', 'Leonardo', 'Ioppi', '1999-03-18', 'Giuggianello', '9368107976271', 'F', NULL , 'ricezione , trasporto', 'Giovedì pomeriggio , Mercoledì mattina ' );
INSERT INTO volontario  VALUES ('RCVBRB85A64I682C', 'Giulio', 'Pasolini', '1988-07-18', 'Serra', '4004136264395', 'M', 'Coupe' , NULL, 'Martedì mattina  , Venerdì mattina ' );
INSERT INTO volontario  VALUES ('LVHVII61R27H634L', 'Antonio', 'Lercari', '1983-08-14', 'Ziano Di Fiemme', '5650933316759', 'M', 'Sedan , SUV' , 'trasporto , ricezione , supervisione', 'Sabato mattina ' );
INSERT INTO volontario  VALUES ('YCYGZK67R11I062K', 'Durante', 'Carullo', '1992-07-28', 'Penon', '1677618203247', 'M', NULL , 'trasporto , ricezione', NULL );
INSERT INTO volontario  VALUES ('UDFMBW91E13B946Q', 'Fiamma', 'Ligorio', '1981-02-13', 'Cavenago Di Brianza', '6672706793201', 'M', 'MiniVan , SUV' , 'ricezione , supervisione', 'Mercoledì pomeriggio' );
INSERT INTO volontario  VALUES ('JMXIYV60L05H185P', 'Patrizio', 'Zichichi', '1988-05-14', 'Torza', '9410960748744', 'M', 'Sedan' , 'trasporto , supervisione , ricezione', 'Lunedì pomeriggio' );
INSERT INTO volontario  VALUES ('GGYOZB85P63H477H', 'Ugolino', 'Carocci', '1973-12-20', 'Ca Baglioni', '4965120446692', 'F', 'Van , Sedan' , 'ricezione , trasporto , supervisione', NULL );
INSERT INTO volontario  VALUES ('CULPZG30T56B267N', 'Leonardo', 'Cossiga', '1969-04-28', 'Lu Bagnu', '2372652827229', 'F', 'MiniVan , Sedan' , NULL, 'Lunedì pomeriggio' );
INSERT INTO volontario  VALUES ('TIZTWE93P42D391P', 'Ivo', 'Franceschi', '1963-10-08', 'Neirone', '2795194637475', 'F', NULL , NULL, 'Venerdì pomeriggio' );
INSERT INTO volontario  VALUES ('QNGLZL20S14H098M', 'Renata', 'Petruzzi', '1988-11-12', 'Montemiletto', '9148603660675', 'M', 'SUV , MiniVan' , 'trasporto', NULL );
INSERT INTO volontario  VALUES ('MZNFVW31T27H037N', 'Luca', 'Rismondo', '1990-05-14', 'Mezzana Mortigliengo', '5193162793419', 'Others', NULL , NULL, NULL );
INSERT INTO volontario  VALUES ('ECBENX75A44D246R', 'Adelmo', 'Ricciardi', '1998-02-02', 'Cavoli', '6878292103677', 'M', NULL , 'trasporto , ricezione', NULL );
INSERT INTO volontario  VALUES ('SHLRPJ54T02D872S', 'Monica', 'Scialpi', '1997-03-06', 'Bagni Di Tabiano', '1926821643616', 'Others', 'SUV' , 'trasporto , ricezione', 'Lunedì pomeriggio' );
INSERT INTO volontario  VALUES ('LBXEQR77A23L138U', 'Flavio', 'Tacchini', '1967-03-13', 'Marghera', '5557550239992', 'F', 'Van , MiniVan' , 'ricezione , supervisione', 'Venerdì pomeriggio , Mercoledì mattina ' );
INSERT INTO volontario  VALUES ('VDYIMZ68S28E065M', 'Ninetta', 'Guicciardini', '1978-03-16', 'Turrida', '0543429357325', 'F', 'SUV' , 'trasporto , supervisione , ricezione', 'Giovedì mattina ' );
INSERT INTO volontario  VALUES ('TSGRWL56E48L882J', 'Lilla', 'Bragadin', '1976-09-30', 'San Martino Stella', '4267326518023', 'F', 'Pickup' , 'trasporto , supervisione', 'Lunedì mattina ' );
INSERT INTO volontario  VALUES ('YZSJLO21M24I319E', 'Roman', 'Pepe', '1997-04-14', 'Caulonia Marina', '8215746238267', 'F', NULL , 'supervisione , trasporto , ricezione', 'Martedì pomeriggio , Martedì mattina ' );
INSERT INTO volontario  VALUES ('LCFFTD33H13D445B', 'Laureano', 'Schicchi', '1963-10-15', 'Marienberg', '4971978458545', 'F', 'Pickup' , 'ricezione', NULL );
INSERT INTO volontario  VALUES ('WFYEPM07E10L132E', 'Marcella', 'Brunello', '1991-06-24', 'Castano Primo', '1908968496552', 'F', 'MiniVan' , 'trasporto', 'Mercoledì pomeriggio , Martedì pomeriggio' );
INSERT INTO volontario  VALUES ('BMNPUU85B16H301H', 'Ida', 'Udinese', '1992-10-16', 'Godiasco', '6579431941029', 'F', NULL , NULL, 'Mercoledì pomeriggio' );
INSERT INTO volontario  VALUES ('AAENYM85E20G524V', 'Tonia', 'Cabibbo', '1960-07-19', 'Santa Domenica Vittoria', '9674997600512', 'F', NULL , 'supervisione , trasporto', NULL );
INSERT INTO volontario  VALUES ('UAWIOO15P06H354S', 'Claudio', 'Udinesi', '2003-08-09', 'Buda', '6656016075758', 'M', NULL , 'supervisione , trasporto', 'Lunedì mattina  , Lunedì pomeriggio' );
INSERT INTO volontario  VALUES ('GZZDYI88H62B865K', 'Biagio', 'Busoni', '1986-12-24', 'Corno DOro', '3340610223247', 'F', NULL , 'supervisione', 'Sabato mattina ' );
INSERT INTO volontario  VALUES ('CJHNVV26D57L961X', 'Rosa', 'Iannuzzi', '1959-10-28', 'Regolelli', '1440471610454', 'F', NULL , 'ricezione , trasporto', NULL );
INSERT INTO volontario  VALUES ('VAVNXV98M04F053X', 'Cecilia', 'Gonzaga', '1966-02-10', 'Stuls', '4655446921482', 'F', 'MiniVan' , 'supervisione', 'Sabato mattina  , Sabato pomeriggio' );
INSERT INTO volontario  VALUES ('JSQNMI10E17D102P', 'Federica', 'Valentino', '1977-08-05', 'Pieve Del Cairo', '6182060751588', 'Others', 'SUV' , 'trasporto , ricezione', 'Martedì mattina  , Lunedì mattina ' );
INSERT INTO volontario  VALUES ('PBIVCJ29R61C340W', 'Rembrandt', 'Bassi', '2001-08-28', 'Grammichele', '7872016028512', 'F', 'Wagon , MiniVan' , 'supervisione , trasporto', 'Venerdì mattina ' );
INSERT INTO volontario  VALUES ('ZBDXGP40B62A978V', 'Orlando', 'Rossellini', '1978-05-04', 'Quattordio', '6526385457978', 'F', 'Sedan , Van' , 'ricezione , supervisione', 'Venerdì pomeriggio' );
INSERT INTO volontario  VALUES ('VKCJLB94T02B054V', 'Letizia', 'Scandone', '1977-09-28', 'Bra', '5710792543143', 'M', 'Van' , 'supervisione', 'Sabato mattina ' );
INSERT INTO volontario  VALUES ('GGCEKI22S21E173B', 'Niccolò', 'Trombetta', '1999-07-10', 'Cala Reale', '1785148702275', 'Others', NULL , 'supervisione , trasporto', 'Martedì pomeriggio' );
INSERT INTO volontario  VALUES ('YLIRGZ61S22I689Q', 'Arturo', 'Parpinel', '1961-02-08', 'SantOnofrio', '6016731387891', 'F', 'Coupe , Wagon' , 'supervisione', NULL );
INSERT INTO volontario  VALUES ('TNOTLL41S47F783W', 'Enzio', 'Cossiga', '1963-11-11', 'Tolentino', '8051814837816', 'M', NULL , 'trasporto , supervisione , ricezione', 'Sabato mattina  , Giovedì mattina ' );
INSERT INTO volontario  VALUES ('UPAYWL90A44C393T', 'Dino', 'Mascheroni', '1972-03-28', 'Pielungo', '3149920393962', 'Others', 'Pickup' , NULL, 'Venerdì mattina ' );
INSERT INTO volontario  VALUES ('BBITNN40E57H523L', 'Ezio', 'Pavanello', '1976-12-01', 'Vitigliano', '7505356012841', 'F', 'SUV , Pickup' , 'ricezione , supervisione', NULL );
INSERT INTO volontario  VALUES ('XNXDCS35A08A958K', 'Ottone', 'Peruzzi', '1997-06-02', 'San Salvatore Di Montecarlo', '0501600262358', 'M', 'MiniVan , Van' , NULL, 'Sabato pomeriggio , Sabato mattina ' );
INSERT INTO volontario  VALUES ('REELZM31C62E285R', 'Gianfranco', 'Faugno', '1962-06-11', 'Camerata Cornello', '9769884248427', 'M', NULL , 'ricezione , trasporto , supervisione', 'Mercoledì pomeriggio' );
INSERT INTO volontario  VALUES ('CXAHYK02D06L359J', 'Pierpaolo', 'Cremonesi', '1984-02-22', 'Castiglione In Teverina', '1886797783667', 'Others', NULL , 'supervisione , ricezione', NULL );
INSERT INTO volontario  VALUES ('OTSZLL07L67G853Y', 'Alphons', 'Donatoni', '1991-05-16', 'Veleso', '6266073160882', 'M', 'MiniVan , Van' , 'ricezione , supervisione , trasporto', NULL );
INSERT INTO volontario  VALUES ('HXCXRK51S58H546T', 'Susanna', 'Zacchia', '1986-11-12', 'Gerace', '8530952280669', 'Others', 'Van , Sedan' , 'ricezione , trasporto , supervisione', 'Sabato pomeriggio' );


INSERT INTO collegato  VALUES (4,'PBIVCJ29R61C340W');
INSERT INTO collegato  VALUES (12,'REELZM31C62E285R');
INSERT INTO collegato  VALUES (7,'UAWIOO15P06H354S');
INSERT INTO collegato  VALUES (0,'GGCEKI22S21E173B');
INSERT INTO collegato  VALUES (18,'SHLRPJ54T02D872S');
INSERT INTO collegato  VALUES (0,'VDYIMZ68S28E065M');
INSERT INTO collegato  VALUES (11,'UDFMBW91E13B946Q');
INSERT INTO collegato  VALUES (5,'ZBDXGP40B62A978V');
INSERT INTO collegato  VALUES (18,'JGHQYO09M55C287U');
INSERT INTO collegato  VALUES (7,'QNGLZL20S14H098M');
INSERT INTO collegato  VALUES (17,'GNRWFE66B54F186I');
INSERT INTO collegato  VALUES (5,'LBXEQR77A23L138U');
INSERT INTO collegato  VALUES (16,'CJHNVV26D57L961X');
INSERT INTO collegato  VALUES (17,'GGYOZB85P63H477H');
INSERT INTO collegato  VALUES (13,'TIZTWE93P42D391P');
INSERT INTO collegato  VALUES (13,'JSQNMI10E17D102P');
INSERT INTO collegato  VALUES (10,'YLIRGZ61S22I689Q');
INSERT INTO collegato  VALUES (2,'ECBENX75A44D246R');
INSERT INTO collegato  VALUES (16,'YLIRGZ61S22I689Q');
INSERT INTO collegato  VALUES (8,'UDFMBW91E13B946Q');
INSERT INTO collegato  VALUES (12,'PBKUKY79P11A315Z');
INSERT INTO collegato  VALUES (16,'BMNPUU85B16H301H');
INSERT INTO collegato  VALUES (1,'VJJZMZ73H16H198O');
INSERT INTO collegato  VALUES (19,'SHLRPJ54T02D872S');
INSERT INTO collegato  VALUES (13,'XLNGKO63C25D299Y');
INSERT INTO collegato  VALUES (8,'GNRWFE66B54F186I');
INSERT INTO collegato  VALUES (3,'UDFMBW91E13B946Q');
INSERT INTO collegato  VALUES (12,'BMNPUU85B16H301H');
INSERT INTO collegato  VALUES (2,'LVHVII61R27H634L');
INSERT INTO collegato  VALUES (1,'MZNFVW31T27H037N');
INSERT INTO collegato  VALUES (19,'ECBENX75A44D246R');
INSERT INTO collegato  VALUES (6,'EGQHJW94M52A984G');
INSERT INTO collegato  VALUES (19,'GNRWFE66B54F186I');
INSERT INTO collegato  VALUES (9,'LBXEQR77A23L138U');
INSERT INTO collegato  VALUES (2,'JSQNMI10E17D102P');
INSERT INTO collegato  VALUES (8,'UAWIOO15P06H354S');
INSERT INTO collegato  VALUES (13,'GGCEKI22S21E173B');
INSERT INTO collegato  VALUES (0,'UDFMBW91E13B946Q');
INSERT INTO collegato  VALUES (14,'AAENYM85E20G524V');
INSERT INTO collegato  VALUES (5,'LCFFTD33H13D445B');
INSERT INTO collegato  VALUES (18,'CULPZG30T56B267N');
INSERT INTO collegato  VALUES (4,'LBXEQR77A23L138U');
INSERT INTO collegato  VALUES (2,'LBXEQR77A23L138U');
INSERT INTO collegato  VALUES (4,'ERQKOO80E08I054H');
INSERT INTO collegato  VALUES (3,'PBKUKY79P11A315Z');
INSERT INTO collegato  VALUES (13,'PDVVJL28A67C938V');
INSERT INTO collegato  VALUES (17,'UPAYWL90A44C393T');
INSERT INTO collegato  VALUES (8,'YCYGZK67R11I062K');


BEGIN;
INSERT INTO carta_cliente  VALUES (0 , 'ITGXXY54R47L090L','9','0', '3', '4');
INSERT INTO familiare  VALUES ('ITGXXY54R47L090L','Fiamma','Oliboni', '1992-01-23', 'Cassinelle', '3421034224140', 'Others', '0');
INSERT INTO familiare  VALUES ('QWFKHN73L42E236L','Nadia','Oliboni', '1997-12-12', 'Gobbera', '8297028016547', 'F', '0');
INSERT INTO familiare  VALUES ('SPZYZO23T21H704M','Toni','Oliboni', '1976-04-09', 'Bucita', '1813867308456', 'M', '0');
INSERT INTO familiare  VALUES ('LJQACS03D45G753B','Guido','Oliboni', '1955-06-12', 'Piantonia', '0870899739671', 'M', '0');
INSERT INTO familiare  VALUES ('OXOLPR04D54A001Z','Benvenuto','Oliboni', '1930-11-06', 'Bizzarone', '1641331698805', 'M', '0');
INSERT INTO familiare  VALUES ('MZXLFT40B57B035E','Piergiorgio','Oliboni', '1952-02-29', 'Albisola Capo', '6626348161162', 'F', '0');
INSERT INTO familiare  VALUES ('FCBIMY78P45M413J','Costantino','Oliboni', '1949-09-11', 'Belvedere Di Battipaglia', '2050821855562', 'M', '0');
COMMIT;

BEGIN;
INSERT INTO carta_cliente  VALUES (1 , 'IFJFRU55C60C969C','39','1', '2', '0');
INSERT INTO familiare  VALUES ('IFJFRU55C60C969C','Antonia','Vidoni', '1988-08-09', 'Deiva Marina', '4629791556111', 'F', '1');
INSERT INTO familiare  VALUES ('AYGBWO65C27D617B','Antonella','Vidoni', '2006-10-16', 'Lenola', '4002838869379', 'F', '1');
INSERT INTO familiare  VALUES ('JBHPZL05P41A932A','Orazio','Vidoni', '1983-04-24', 'San Giorgio In Bosco', '9350534450390', 'Others', '1');
COMMIT;

BEGIN;
INSERT INTO carta_cliente  VALUES (2 , 'THPDKJ20B56E498A','15','4', '1', '1');
INSERT INTO familiare  VALUES ('THPDKJ20B56E498A','Rita','Renier', '1975-11-20', 'Vigo Cavedine', '1972080308328', 'Others', '2');
INSERT INTO familiare  VALUES ('RMSKGV02R63E033N','Rosario','Renier', '2012-03-21', 'Civitella Del Tronto', '9115458295124', 'M', '2');
INSERT INTO familiare  VALUES ('XCLJBC64R67F461I','Venancio','Renier', '2019-11-28', 'Castel Giubileo', '6827220746589', 'Others', '2');
INSERT INTO familiare  VALUES ('JRVXQS11L51C240N','Sole','Renier', '2019-01-17', 'Corona', '6932544367939', 'F', '2');
INSERT INTO familiare  VALUES ('CYHTXZ93T13E299S','Marcello','Renier', '2010-06-25', 'Terzigno', '0803316355004', 'M', '2');
INSERT INTO familiare  VALUES ('TUYQJF92R27E288E','Pietro','Renier', '1938-10-20', 'Albions', '3667375500046', 'M', '2');
COMMIT;

BEGIN;
INSERT INTO carta_cliente  VALUES (3 , 'BEVQFI59R09G872J','49','5', '1', '1');
INSERT INTO familiare  VALUES ('BEVQFI59R09G872J','Sandra','Marcacci', '1970-10-25', 'Rio Salso', '5101702360146', 'M', '3');
INSERT INTO familiare  VALUES ('ATMZZE92M03C719X','Luciano','Marcacci', '2019-10-07', 'Solferino', '7320516676359', 'F', '3');
INSERT INTO familiare  VALUES ('EYWMAV51S04M321P','Donatella','Marcacci', '2012-04-30', 'Momperone', '5072904979657', 'Others', '3');
INSERT INTO familiare  VALUES ('JWMLRR25M66I622U','Carolina','Marcacci', '2013-04-06', 'Braone', '3232421905935', 'Others', '3');
INSERT INTO familiare  VALUES ('RRCTDE58H25D707U','Arturo','Marcacci', '2007-02-22', 'Condino', '7603159276031', 'M', '3');
INSERT INTO familiare  VALUES ('YGMPFF68P63I216T','Ennio','Marcacci', '2013-04-17', 'Bluma', '8684942254401', 'Others', '3');
INSERT INTO familiare  VALUES ('AXGFQG71A43E743O','Ruggero','Marcacci', '1941-07-17', 'Bressana', '7341503776395', 'Others', '3');
COMMIT;

BEGIN;
INSERT INTO carta_cliente  VALUES (4 , 'SHKSUA49T53B561P','55','0', '1', '2');
INSERT INTO familiare  VALUES ('SHKSUA49T53B561P','Ornella','Accardo', '1971-09-04', 'Urago DOglio', '7445046373632', 'M', '4');
INSERT INTO familiare  VALUES ('OSDHQL35P04A533D','Sandra','Accardo', '1937-02-11', 'Basilicagoiano', '1051207759530', 'F', '4');
INSERT INTO familiare  VALUES ('KNKZWP97R06H840F','Virginia','Accardo', '1939-07-19', 'Mussons', '5457529281083', 'Others', '4');
COMMIT;

BEGIN;
INSERT INTO carta_cliente  VALUES (5 , 'KNIKGI23H03I704D','12','0', '2', '1');
INSERT INTO familiare  VALUES ('KNIKGI23H03I704D','Elmo','Monti', '1973-02-25', 'Nozza', '0772702606187', 'Others', '5');
INSERT INTO familiare  VALUES ('DAAEQE52B59H198U','Paride','Monti', '1966-07-25', 'Barano DIschia', '7358903506337', 'M', '5');
INSERT INTO familiare  VALUES ('DTQAOR31R60B188H','Alfredo','Monti', '1930-04-20', 'Graglia Santuario', '0135811696974', 'Others', '5');
COMMIT;

BEGIN;
INSERT INTO carta_cliente  VALUES (6 , 'KAUISS12P18I076I','22','4', '1', '1');
INSERT INTO familiare  VALUES ('KAUISS12P18I076I','Beatrice','Depero', '1996-02-21', 'Piazza Roma', '8921615949836', 'Others', '6');
INSERT INTO familiare  VALUES ('GTDIVQ15P21E673O','Giacomo','Depero', '2010-01-13', 'Ariano Ferrarese', '8974273479703', 'F', '6');
INSERT INTO familiare  VALUES ('IBMTMN57B45A629H','Fulvio','Depero', '2018-03-01', 'Preselle', '7211896167737', 'F', '6');
INSERT INTO familiare  VALUES ('RJVCIB15M42M416O','Romina','Depero', '2006-10-12', 'Raffo', '8048283628891', 'M', '6');
INSERT INTO familiare  VALUES ('DVSDDV38P20G834Z','Liliana','Depero', '2011-08-15', 'Villaggio Mancuso', '1625124568164', 'M', '6');
INSERT INTO familiare  VALUES ('VSDQJZ46S12B009X','Benito','Depero', '1956-08-28', 'Caino', '4206276941036', 'Others', '6');
COMMIT;

BEGIN;
INSERT INTO carta_cliente  VALUES (7 , 'QJUIPQ45D02L149Q','52','3', '1', '2');
INSERT INTO familiare  VALUES ('QJUIPQ45D02L149Q','Leone','Bresciani', '1982-11-21', 'Vallonga', '8833979229174', 'M', '7');
INSERT INTO familiare  VALUES ('RDEFRE53R01B962Q','Giancarlo','Bresciani', '2006-05-13', 'Riace Marina', '5700382926809', 'M', '7');
INSERT INTO familiare  VALUES ('FIHIIC76S59B900V','Romana','Bresciani', '2013-07-15', 'San Maurizio Canavese', '9213524058814', 'M', '7');
INSERT INTO familiare  VALUES ('HFQMGL85L02I823F','Fiorino','Bresciani', '2014-06-14', 'Muris', '1644579716111', 'Others', '7');
INSERT INTO familiare  VALUES ('AWUWOX65B63F656M','Rita','Bresciani', '1947-05-01', 'Cavacurta', '3144203809433', 'M', '7');
INSERT INTO familiare  VALUES ('KMXLZC98T63E875S','Enzo','Bresciani', '1950-11-21', 'Castellarano', '7709566191603', 'F', '7');
COMMIT;

BEGIN;
INSERT INTO carta_cliente  VALUES (8 , 'DUXFCX81B27F113H','28','0', '2', '0');
INSERT INTO familiare  VALUES ('DUXFCX81B27F113H','Uberto','Botticelli', '1966-04-30', 'Contea', '6836877388314', 'Others', '8');
INSERT INTO familiare  VALUES ('WJJNOP36P64A657D','Gaetano','Botticelli', '2003-10-17', 'San Bassano', '7371703444740', 'M', '8');
COMMIT;

BEGIN;
INSERT INTO carta_cliente  VALUES (9 , 'QTPRER09C25E466F','15','0', '1', '2');
INSERT INTO familiare  VALUES ('QTPRER09C25E466F','Amadeo','Romagnoli', '1973-11-26', 'Gleris', '8840810474946', 'F', '9');
INSERT INTO familiare  VALUES ('KXHKKF13S48F712V','Alessio','Romagnoli', '1938-12-04', 'Casteldelfino', '0481230257192', 'F', '9');
INSERT INTO familiare  VALUES ('LQJSXA22T42L642T','Ermes','Romagnoli', '1930-03-27', 'Soprana', '7218864481111', 'Others', '9');
COMMIT;

BEGIN;
INSERT INTO carta_cliente  VALUES (10 , 'RPDJBO26B54C514Z','12','0', '2', '0');
INSERT INTO familiare  VALUES ('RPDJBO26B54C514Z','Ugolino','Gucci', '1984-06-07', 'Piubega', '8857083220852', 'M', '10');
INSERT INTO familiare  VALUES ('EVPHII74R59E252L','Donna','Gucci', '2001-08-20', 'Lettere', '8891123115096', 'M', '10');
COMMIT;

BEGIN;
INSERT INTO carta_cliente  VALUES (11 , 'LDXNCK93P03L336A','14','1', '1', '3');
INSERT INTO familiare  VALUES ('LDXNCK93P03L336A','Fabia','Maccanelli', '1975-12-17', 'Curiglia Con Monteviasco', '8602943505434', 'F', '11');
INSERT INTO familiare  VALUES ('SPMNHU29A13A820K','Margherita','Maccanelli', '2011-08-29', 'Calatafimi', '6544569757993', 'F', '11');
INSERT INTO familiare  VALUES ('XGJSTM79D26B246P','Fedele','Maccanelli', '1948-11-05', 'Gabbro', '7688191087343', 'Others', '11');
INSERT INTO familiare  VALUES ('RCNUPP99C55A421C','Ermanno','Maccanelli', '1942-09-12', 'Giardina Gallotti', '7586687109142', 'M', '11');
INSERT INTO familiare  VALUES ('JIAOXX32C48M341W','Federigo','Maccanelli', '1933-11-03', 'Fiesole', '6370126753977', 'F', '11');
COMMIT;

BEGIN;
INSERT INTO carta_cliente  VALUES (12 , 'OSOJZL54R43E863Z','30','2', '2', '0');
INSERT INTO familiare  VALUES ('OSOJZL54R43E863Z','Antonina','Gabrieli', '1983-01-09', 'Dorgali', '3877923000516', 'F', '12');
INSERT INTO familiare  VALUES ('TSGMXV13T51A268B','Bianca','Gabrieli', '2015-09-27', 'Raut', '7358075442810', 'Others', '12');
INSERT INTO familiare  VALUES ('SMGSLQ98L15M319J','Fedele','Gabrieli', '2011-10-26', 'Torrebruna', '8119707860504', 'F', '12');
INSERT INTO familiare  VALUES ('YSCOQT50S46I539T','Paulina','Gabrieli', '1966-07-12', 'Gignod', '2305507797496', 'F', '12');
COMMIT;

BEGIN;
INSERT INTO carta_cliente  VALUES (13 , 'HMGCGL46C41F965L','42','0', '2', '0');
INSERT INTO familiare  VALUES ('HMGCGL46C41F965L','Melissa','Galiazzo', '1989-09-07', 'Castignano', '2570708096720', 'Others', '13');
INSERT INTO familiare  VALUES ('DJWSMR41P16E986M','Loredana','Galiazzo', '1981-06-03', 'Marina Di Gioia Tauro', '8520296125225', 'Others', '13');
COMMIT;

BEGIN;
INSERT INTO carta_cliente  VALUES (14 , 'XYTFWK50H01B783H','60','0', '2', '0');
INSERT INTO familiare  VALUES ('XYTFWK50H01B783H','Vincenza','Antonucci', '1992-06-19', 'Botrugno', '0571591230348', 'F', '14');
INSERT INTO familiare  VALUES ('UJTKGB97M20G284M','Alessia','Antonucci', '1992-03-23', 'Salisano', '5247405355524', 'F', '14');
COMMIT;

BEGIN;
INSERT INTO carta_cliente  VALUES (15 , 'ALXOTQ33S05F915A','56','0', '4', '1');
INSERT INTO familiare  VALUES ('ALXOTQ33S05F915A','Sole','Scotto', '1987-04-08', 'Terzone', '7313387324776', 'F', '15');
INSERT INTO familiare  VALUES ('NOIBIM54A51E124T','Vito','Scotto', '1972-10-14', 'Uggiate Trevano', '5394755180534', 'Others', '15');
INSERT INTO familiare  VALUES ('BJQZOS40R48F756V','Ilaria','Scotto', '1987-04-19', 'Campeglio', '7480157806796', 'M', '15');
INSERT INTO familiare  VALUES ('OTPSOP56T64L386K','Franco','Scotto', '1995-09-07', 'Tenerano', '5260908442058', 'Others', '15');
INSERT INTO familiare  VALUES ('ENQGZW76T66M089X','Lodovico','Scotto', '1930-02-15', 'Realmonte', '7463897460584', 'Others', '15');
COMMIT;

BEGIN;
INSERT INTO carta_cliente  VALUES (16 , 'CQZFDI90D13E665I','49','3', '1', '1');
INSERT INTO familiare  VALUES ('CQZFDI90D13E665I','Atenulf','Zoppetto', '2003-02-09', 'Sanluri', '5850521173504', 'F', '16');
INSERT INTO familiare  VALUES ('JJJFPE41D01B987X','Aria','Zoppetto', '2017-12-25', 'Moglia', '6368198832761', 'Others', '16');
INSERT INTO familiare  VALUES ('YUHWVC95S45A489G','Salvi','Zoppetto', '2010-06-18', 'Sestola', '1305802561665', 'F', '16');
INSERT INTO familiare  VALUES ('USCVVY93D19G516A','Maura','Zoppetto', '2017-05-10', 'San Lorenzo Di Pizzoli', '5486124477777', 'M', '16');
INSERT INTO familiare  VALUES ('TBTJRW20H22E195T','Gaetano','Zoppetto', '1941-04-26', 'Fontanelice', '1529497764441', 'Others', '16');
COMMIT;

BEGIN;
INSERT INTO carta_cliente  VALUES (17 , 'SABURO32T51H935W','42','0', '2', '2');
INSERT INTO familiare  VALUES ('SABURO32T51H935W','Hugo','Scamarcio', '1971-12-09', 'Cocconito', '2352036756360', 'M', '17');
INSERT INTO familiare  VALUES ('GEUOBE91M51B564X','Ramona','Scamarcio', '2001-05-01', 'Cuma', '5387506778142', 'F', '17');
INSERT INTO familiare  VALUES ('GMTIMD63L22F811U','Sergius','Scamarcio', '1955-12-14', 'Torbole Casaglia', '1792107701537', 'M', '17');
INSERT INTO familiare  VALUES ('IZIRDG66T18A517X','Alberto','Scamarcio', '1940-08-24', 'Moruzzo', '9402893709943', 'Others', '17');
COMMIT;

BEGIN;
INSERT INTO carta_cliente  VALUES (18 , 'MYLGMM50P43H152W','16','0', '2', '1');
INSERT INTO familiare  VALUES ('MYLGMM50P43H152W','Amico','Bocca', '1989-06-26', 'Miglionico', '4544983591998', 'M', '18');
INSERT INTO familiare  VALUES ('NBYOGA10A44G592R','Laura','Bocca', '1996-12-31', 'Cariglio', '2109454806062', 'Others', '18');
INSERT INTO familiare  VALUES ('BLNRWP54T66B635N','Lucio','Bocca', '1929-05-01', 'Inverno', '7529027543861', 'Others', '18');
COMMIT;

BEGIN;
INSERT INTO carta_cliente  VALUES (19 , 'PEBWLQ49M22F070C','4','1', '2', '0');
INSERT INTO familiare  VALUES ('PEBWLQ49M22F070C','Ruggero','Babato', '1994-08-31', 'Bombile', '3713790764870', 'M', '19');
INSERT INTO familiare  VALUES ('JCRQEJ82E43B522X','Temistocle','Babato', '2006-06-12', 'Bossea', '1566310905659', 'F', '19');
INSERT INTO familiare  VALUES ('EECLJV94A51B375A','Marcello','Babato', '1980-03-19', 'Calendasco', '0403870270719', 'M', '19');
COMMIT;

BEGIN;
INSERT INTO carta_cliente  VALUES (20 , 'HURTAH47H21B138A','28','2', '1', '1');
INSERT INTO familiare  VALUES ('HURTAH47H21B138A','Raimondo','Ruggieri', '1992-09-01', 'San Michele Mondovi', '3641908141669', 'Others', '20');
INSERT INTO familiare  VALUES ('JNPSRV97C24A766K','Ivan','Ruggieri', '2006-05-31', 'Villa Potenza', '8754718227311', 'M', '20');
INSERT INTO familiare  VALUES ('VELJZJ44C63C232B','Paloma','Ruggieri', '2019-10-27', 'Elzenbaum', '3830025927797', 'M', '20');
INSERT INTO familiare  VALUES ('LRBFAG88T48E248Z','Diana','Ruggieri', '1956-08-30', 'Tornano', '4096494538353', 'Others', '20');
COMMIT;

BEGIN;
INSERT INTO carta_cliente  VALUES (21 , 'ZWBAUL66C17M295Z','58','0', '5', '1');
INSERT INTO familiare  VALUES ('ZWBAUL66C17M295Z','Orlando','Perozzo', '1980-02-11', 'Tamai', '5697090981805', 'F', '21');
INSERT INTO familiare  VALUES ('IKBVNH55T67H238K','Carla','Perozzo', '1998-07-19', 'Venezia Mestre', '5659629690612', 'F', '21');
INSERT INTO familiare  VALUES ('SKJXLB16R44H509J','Lilla','Perozzo', '2004-07-24', 'Villamaina', '7882024760341', 'M', '21');
INSERT INTO familiare  VALUES ('XNKQZE35P55M021B','Liberto','Perozzo', '2002-08-21', 'Gignese', '9215798141846', 'M', '21');
INSERT INTO familiare  VALUES ('XIWZYE22E23D705K','Etta','Perozzo', '1998-06-02', 'Villaggio La Quercia', '5490718942089', 'Others', '21');
INSERT INTO familiare  VALUES ('HUUAEF60M16H159T','Annamaria','Perozzo', '1934-10-29', 'Brenner', '4344116979223', 'F', '21');
COMMIT;

BEGIN;
INSERT INTO carta_cliente  VALUES (22 , 'CKBEBX93B24G465H','6','3', '2', '2');
INSERT INTO familiare  VALUES ('CKBEBX93B24G465H','Patrizio','Virgilio', '1990-09-18', 'Mercato Cilento', '1091620514968', 'M', '22');
INSERT INTO familiare  VALUES ('XRVRFF80P08G036X','Baldassare','Virgilio', '2020-06-28', 'Guardabosone', '3583711033633', 'Others', '22');
INSERT INTO familiare  VALUES ('BMBHCV41L66B188E','Clelia','Virgilio', '2014-05-07', 'Chiesina Uzzanese', '2591973815545', 'Others', '22');
INSERT INTO familiare  VALUES ('BLNAWB94S04M140N','Piergiorgio','Virgilio', '2015-01-29', 'Gratteri', '0855053521215', 'F', '22');
INSERT INTO familiare  VALUES ('YHLACB94B58I912V','Serafina','Virgilio', '1999-07-20', 'Rivazzurra', '0906569323512', 'F', '22');
INSERT INTO familiare  VALUES ('PYLKTW10C46A026P','Nedda','Virgilio', '1955-07-09', 'Rosignano Marittimo', '7687632436205', 'M', '22');
INSERT INTO familiare  VALUES ('GMZHPR14B68G580E','Gianna','Virgilio', '1932-05-17', 'Cordenons', '3621600720003', 'F', '22');
COMMIT;

BEGIN;
INSERT INTO carta_cliente  VALUES (23 , 'PMEBHM21T17F704T','7','1', '2', '0');
INSERT INTO familiare  VALUES ('PMEBHM21T17F704T','Marisa','Stein', '1984-09-01', 'Adrano', '9743798844358', 'Others', '23');
INSERT INTO familiare  VALUES ('ZODUVD54E55B433L','Gianpietro','Stein', '2006-07-16', 'Aviatico', '2046736508124', 'Others', '23');
INSERT INTO familiare  VALUES ('HWRHWG66C67E860F','Sole','Stein', '1971-07-31', 'Steccato Di Cutro', '6789125945796', 'Others', '23');
COMMIT;

BEGIN;
INSERT INTO carta_cliente  VALUES (24 , 'CPYGJR84T16M381M','26','1', '2', '0');
INSERT INTO familiare  VALUES ('CPYGJR84T16M381M','Ermanno','Fibonacci', '1960-11-20', 'Rosario Valanidi', '6237404133920', 'Others', '24');
INSERT INTO familiare  VALUES ('ZVCAMG56C50A207V','Fiorenzo','Fibonacci', '2011-06-29', 'San Lorenzo Di Rovetta', '0468291396244', 'Others', '24');
INSERT INTO familiare  VALUES ('SMZTEZ40T09C149P','Marcella','Fibonacci', '1987-07-21', 'Selva Di Altino', '8192249325703', 'F', '24');
COMMIT;

BEGIN;
INSERT INTO carta_cliente  VALUES (25 , 'TJGONP67L60C388A','47','0', '2', '0');
INSERT INTO familiare  VALUES ('TJGONP67L60C388A','Mirco','Farina', '1975-09-16', 'Vezzan', '8954307886726', 'F', '25');
INSERT INTO familiare  VALUES ('KBIXQS00D52L188V','Gilberto','Farina', '1989-09-15', 'Formello', '3894790382093', 'M', '25');
COMMIT;

BEGIN;
INSERT INTO carta_cliente  VALUES (26 , 'VDJSYC42D50B112F','53','3', '1', '1');
INSERT INTO familiare  VALUES ('VDJSYC42D50B112F','Giovanna','Mezzetta', '2000-07-26', 'San Sperato', '9798421828766', 'M', '26');
INSERT INTO familiare  VALUES ('MXFXEH24B05E386T','Salvi','Mezzetta', '2016-02-14', 'Usseglio', '2382391772661', 'M', '26');
INSERT INTO familiare  VALUES ('DABXOZ74P08A254Y','Silvia','Mezzetta', '2007-09-28', 'Saliceto', '9930980827780', 'F', '26');
INSERT INTO familiare  VALUES ('VIMPZS51S53L336K','Piermaria','Mezzetta', '2006-01-26', 'Santa Maria Di Bobbio', '6933088445879', 'Others', '26');
INSERT INTO familiare  VALUES ('SLNRMC40A42I128Y','Valentina','Mezzetta', '1956-07-28', 'Corvinia', '6516347563845', 'M', '26');
COMMIT;

BEGIN;
INSERT INTO carta_cliente  VALUES (27 , 'QIZFMD42R25G716G','28','2', '4', '0');
INSERT INTO familiare  VALUES ('QIZFMD42R25G716G','Michelotto','Canetta', '2000-08-10', 'Sala Al Barro', '3774109939037', 'Others', '27');
INSERT INTO familiare  VALUES ('HKZFLA46D43H944D','Gianluigi','Canetta', '2016-06-08', 'St.Johann In Ahrnta', '5349698374283', 'Others', '27');
INSERT INTO familiare  VALUES ('ZAHUDA92H22F270C','Vito','Canetta', '2006-07-11', 'Amelia', '8309919093346', 'M', '27');
INSERT INTO familiare  VALUES ('DDXDSM65A18I530Y','Stella','Canetta', '1996-07-03', 'Guardia Lombardi', '7094466854599', 'F', '27');
INSERT INTO familiare  VALUES ('KUTKPP05L09F104F','Coriolano','Canetta', '1977-11-23', 'Piazze', '3355846429656', 'M', '27');
INSERT INTO familiare  VALUES ('IQHJFJ98H23L074K','Allegra','Canetta', '1963-04-26', 'Neustift', '9824264625821', 'Others', '27');
COMMIT;

BEGIN;
INSERT INTO carta_cliente  VALUES (28 , 'ZJUXMO42D56B217J','28','0', '5', '1');
INSERT INTO familiare  VALUES ('ZJUXMO42D56B217J','Santino','Carli', '1972-03-16', 'Fontanelice', '7146310233346', 'M', '28');
INSERT INTO familiare  VALUES ('WEOCWO30R04M027B','Ivan','Carli', '1960-09-23', 'Foce Varano', '8558226030444', 'F', '28');
INSERT INTO familiare  VALUES ('LWBBRK25H15A841F','Ludovica','Carli', '1999-01-19', 'Marina Di Guardavalle', '6718767273961', 'Others', '28');
INSERT INTO familiare  VALUES ('MUSDKZ46L62A942K','Virginia','Carli', '1992-10-28', 'Vermegliano', '4992531814910', 'M', '28');
INSERT INTO familiare  VALUES ('PURVFE87C15D888H','Salvi','Carli', '1965-08-19', 'Riparbella', '4572906783194', 'Others', '28');
INSERT INTO familiare  VALUES ('HOEDTA33R21M172X','Silvestro','Carli', '1947-05-02', 'Flagogna', '1534530142186', 'Others', '28');
COMMIT;

BEGIN;
INSERT INTO carta_cliente  VALUES (29 , 'NAAOKY87B17E540X','30','0', '5', '2');
INSERT INTO familiare  VALUES ('NAAOKY87B17E540X','Giuseppina','Micca', '1979-06-28', 'Monte Colombo', '8210620865622', 'F', '29');
INSERT INTO familiare  VALUES ('AJSAPT77B05I465N','Arsenio','Micca', '2003-11-09', 'Bozzolo', '1764896460040', 'M', '29');
INSERT INTO familiare  VALUES ('EPGHUD64H21G120I','Rocco','Micca', '1992-10-27', 'Guasticce', '3593910795210', 'M', '29');
INSERT INTO familiare  VALUES ('IWVKQW77E07E130R','Luchino','Micca', '1968-06-22', 'Santa Maria Le Grotte', '0765146513854', 'F', '29');
INSERT INTO familiare  VALUES ('DPIUVS63R52A355U','Mariana','Micca', '1998-09-03', 'Arvier', '6588909257383', 'Others', '29');
INSERT INTO familiare  VALUES ('UPMTLL50E16B542O','Beatrice','Micca', '1952-11-21', 'Sgurgola', '4571850454388', 'M', '29');
INSERT INTO familiare  VALUES ('RRQLGV99T04A254U','Allegra','Micca', '1950-10-03', 'Bulzi', '6957663559118', 'M', '29');
COMMIT;



INSERT INTO autorizza VALUES (7, 0, 30, '2022-05-10');
INSERT INTO autorizza VALUES (9, 1, 44, '2022-06-05');
INSERT INTO autorizza VALUES (13, 2, 37, '2022-03-20');
INSERT INTO autorizza VALUES (16, 3, 46, '2022-05-24');
INSERT INTO autorizza VALUES (16, 4, 53, '2022-03-31');
INSERT INTO autorizza VALUES (3, 5, 43, '2022-02-27');
INSERT INTO autorizza VALUES (15, 6, 54, '2022-04-13');
INSERT INTO autorizza VALUES (18, 7, 38, '2022-02-21');
INSERT INTO autorizza VALUES (1, 8, 40, '2022-05-16');
INSERT INTO autorizza VALUES (19, 9, 56, '2022-05-25');
INSERT INTO autorizza VALUES (5, 10, 45, '2022-05-29');
INSERT INTO autorizza VALUES (12, 11, 36, '2022-03-16');
INSERT INTO autorizza VALUES (4, 12, 42, '2022-05-01');
INSERT INTO autorizza VALUES (0, 13, 58, '2022-04-24');
INSERT INTO autorizza VALUES (6, 14, 59, '2022-05-02');
INSERT INTO autorizza VALUES (1, 15, 60, '2022-04-07');
INSERT INTO autorizza VALUES (4, 16, 46, '2022-03-21');
INSERT INTO autorizza VALUES (9, 17, 30, '2022-05-09');
INSERT INTO autorizza VALUES (12, 18, 54, '2022-05-11');
INSERT INTO autorizza VALUES (10, 19, 46, '2022-05-30');
INSERT INTO autorizza VALUES (11, 20, 47, '2022-05-08');
INSERT INTO autorizza VALUES (19, 21, 54, '2022-02-27');
INSERT INTO autorizza VALUES (5, 22, 55, '2022-04-11');
INSERT INTO autorizza VALUES (17, 23, 46, '2022-02-25');
INSERT INTO autorizza VALUES (9, 24, 55, '2022-05-05');
INSERT INTO autorizza VALUES (2, 25, 38, '2022-05-17');
INSERT INTO autorizza VALUES (17, 26, 39, '2022-02-25');
INSERT INTO autorizza VALUES (12, 27, 34, '2022-05-31');
INSERT INTO autorizza VALUES (0, 28, 56, '2022-06-05');
INSERT INTO autorizza VALUES (15, 29, 60, '2022-02-19');


INSERT INTO donatore VALUES ('EQBLPV10A03D869N','5637341401417','Santino','Costalonga');
INSERT INTO donatore VALUES ('ZIVFOJ32B53F989M','5319119546078','Rita','Segni');
INSERT INTO donatore VALUES ('CUUHJO73E58G888G','2554187187775','Modugno s.r.l.',NULL);
INSERT INTO donatore VALUES ('EHPQFO58R41A093I','7126184226005','Beatrice','Anguillara');
INSERT INTO donatore VALUES ('VKNTSP61M58B345N','1275416274392','Gibilisco-Bottaro e figli',NULL);
INSERT INTO donatore VALUES ('YPLDCU96T03C709D','0625731323992','Biagio','Donini');
INSERT INTO donatore VALUES ('LCIDDX44A60G459Q','8373120167299','Ignazio','Cafarchia');
INSERT INTO donatore VALUES ('BSVNKH12D05I253T','5894540414979','Rapisardi-Bixio SPA',NULL);
INSERT INTO donatore VALUES ('LNZETG25T05D957R','2803141455708','Gilardoni-Parisi Group',NULL);
INSERT INTO donatore VALUES ('AQVTSP14R43D975K','9259844127425','Fantoni, Bergoglio e Zaccardo ',NULL);
INSERT INTO donatore VALUES ('GVIMKT85S27H878N','4612781735718','Costantino','Villadicani');
INSERT INTO donatore VALUES ('WJILDB10A01C208S','7777685816601','Federico','Iadanza');
INSERT INTO donatore VALUES ('HNWOVT53E11E061C','7001731334821','Sobrero-Gullotta Group',NULL);
INSERT INTO donatore VALUES ('IGAOZP99C10I668H','9306308919599','Ginesio s.r.l.',NULL);
INSERT INTO donatore VALUES ('ZLRVUC21B25I893P','5100594349979','Federigo','Garozzo');
INSERT INTO donatore VALUES ('NQJIZT21A09I471D','5927942001876','Giada','Canova');
INSERT INTO donatore VALUES ('EXJHES88A65I483K','9056561134554','Tiziano','Saraceno');
INSERT INTO donatore VALUES ('QGZBIS46R21D445X','1028206313829','Paltrinieri Group',NULL);
INSERT INTO donatore VALUES ('YPNSPQ54B51A019L','3688083760726','Luciani e figli',NULL);
INSERT INTO donatore VALUES ('BVRUVD46A50D142S','8580569894618','Rossana','Lettiere');
INSERT INTO donatore VALUES ('MABHDS16M52H994A','1129892602058','Rolando','Orengo');
INSERT INTO donatore VALUES ('GMHIRN12M57A071T','8793034650198','Sandro','Magrassi');
INSERT INTO donatore VALUES ('JWHIFJ60D03G196T','4315866698353','Rosalia','Zoppetti');
INSERT INTO donatore VALUES ('NJWWRH21R60G481C','9269331213853','Priscilla','Spadafora');
INSERT INTO donatore VALUES ('COGVVJ69C64C662Q','8395761647090','Olga','Bonolis');
INSERT INTO donatore VALUES ('FWPSXV61A58E753U','9656365104895','Coardi Group',NULL);
INSERT INTO donatore VALUES ('MFWVMO62T21F080Q','4054146859535','Pavanello SPA',NULL);
INSERT INTO donatore VALUES ('JQIVIO79L61D010W','2722188019339','Serafina','Chigi');
INSERT INTO donatore VALUES ('GTLOMX12E59A766M','0028134757476','Garozzo-Brunello e figli',NULL);
INSERT INTO donatore VALUES ('ALASNH64E51C884Z','4655365406561','Vergassola, Cerquiglini e Boia',NULL);


--INZIO TRIGGER B
CREATE OR REPLACE FUNCTION funIncr() RETURNS trigger AS
$$
BEGIN
    IF (NEW.dataOra is null) 
    THEN
        UPDATE Inventario
        SET quantità = quantità+1
        WHERE codProdotto = NEW.codProdotto;
    END IF;
    RETURN NEW;
END;
$$ LANGUAGE plpgsql;

CREATE OR REPLACE TRIGGER incrQnt
AFTER INSERT ON Prodotto
FOR EACH ROW
EXECUTE FUNCTION funIncr();


CREATE OR REPLACE FUNCTION funDecr() RETURNS trigger AS
$$
BEGIN
    IF (OLD.dataOra is null)
    THEN
        UPDATE Inventario
        SET quantità = quantità-1
        WHERE codProdotto = OLD.codProdotto;
    END IF;
    RETURN NEW;
END;
$$ LANGUAGE plpgsql;

CREATE OR REPLACE TRIGGER decrQnt
AFTER DELETE ON Prodotto
FOR EACH ROW
EXECUTE FUNCTION funDecr();


CREATE OR REPLACE FUNCTION funUpdateQnt() RETURNS trigger AS
$$
BEGIN
    IF(NEW.codProdotto <> OLD.codProdotto and (NEW.dataOra is null ))
    THEN
        UPDATE Inventario
	    SET quantità = quantità-1
	    WHERE codProdotto = OLD.codProdotto;
        
        UPDATE Inventario
        SET quantità = quantità+1
        WHERE codProdotto = NEW.codProdotto;
    END IF;
    IF( (OLD.dataOra is null) and (NEW.dataOra is not null) )
    THEN
        UPDATE Inventario
	    SET quantità = quantità-1
	    WHERE codProdotto = OLD.codProdotto;

    END IF;
    
    RETURN NEW;
END;
$$ LANGUAGE plpgsql;


CREATE OR REPLACE TRIGGER updateQnt
AFTER UPDATE ON Prodotto
FOR EACH ROW
EXECUTE FUNCTION funUpdateQnt();



INSERT INTO ricezione  VALUES (0, '2022-02-28 16:56:37', '2022-02-28 17:56:37');
INSERT INTO trasporto  VALUES (0, '2022-02-28 14:56:37', '2022-02-28 16:56:37', 15, 'Rotonda Chittolini, 739 Appartamento 0', 0);
INSERT INTO turno  VALUES ('2022-02-28 14:56:37' , 'GZZDYI88H62B865K', '2022-02-28 18:56:37', NULL, 0, NULL);
INSERT INTO turno  VALUES ('2022-02-28 14:56:37' , 'QGMYEV02R53A827P', '2022-02-28 18:56:37', NULL, 0, 0);
INSERT INTO turno  VALUES ('2022-02-28 14:56:37' , 'UDFMBW91E13B946Q', '2022-02-28 18:56:37', NULL, NULL, 0);
INSERT INTO ricezione  VALUES (1, '2022-04-05 18:26:43', '2022-04-05 19:26:43');
INSERT INTO trasporto  VALUES (1, '2022-04-05 16:26:43', '2022-04-05 18:26:43', 15, 'Contrada Ariasso, 5 Appartamento 9', 1);
INSERT INTO turno  VALUES ('2022-04-05 16:26:43' , 'SHLRPJ54T02D872S', '2022-04-05 20:26:43', NULL, 1, NULL);
INSERT INTO turno  VALUES ('2022-04-05 16:26:43' , 'GZZDYI88H62B865K', '2022-04-05 20:26:43', NULL, 1, 1);
INSERT INTO turno  VALUES ('2022-04-05 16:26:43' , 'UPAYWL90A44C393T', '2022-04-05 20:26:43', NULL, NULL, 1);
INSERT INTO ricezione  VALUES (2, '2022-02-20 16:01:05', '2022-02-20 17:01:05');
INSERT INTO trasporto  VALUES (2, '2022-02-20 14:01:05', '2022-02-20 16:01:05', 20, 'Via Anita, 28 Appartamento 63', 2);
INSERT INTO turno  VALUES ('2022-02-20 14:01:05' , 'ERQKOO80E08I054H', '2022-02-20 18:01:05', NULL, 2, NULL);
INSERT INTO turno  VALUES ('2022-02-20 14:01:05' , 'SHLRPJ54T02D872S', '2022-02-20 18:01:05', NULL, 2, 2);
INSERT INTO turno  VALUES ('2022-02-20 14:01:05' , 'YLIRGZ61S22I689Q', '2022-02-20 18:01:05', NULL, NULL, 2);
INSERT INTO ricezione  VALUES (3, '2022-03-27 17:15:08', '2022-03-27 18:15:08');
INSERT INTO trasporto  VALUES (3, '2022-03-27 15:15:08', '2022-03-27 17:15:08', 7, 'Incrocio Soderini, 87', 3);
INSERT INTO turno  VALUES ('2022-03-27 15:15:08' , 'BBITNN40E57H523L', '2022-03-27 19:15:08', NULL, 3, NULL);
INSERT INTO turno  VALUES ('2022-03-27 15:15:08' , 'XNXDCS35A08A958K', '2022-03-27 19:15:08', NULL, 3, 3);
INSERT INTO turno  VALUES ('2022-03-27 15:15:08' , 'TIZTWE93P42D391P', '2022-03-27 19:15:08', NULL, NULL, 3);
INSERT INTO ricezione  VALUES (4, '2022-05-17 00:28:11', '2022-05-17 01:28:11');
INSERT INTO trasporto  VALUES (4, '2022-05-16 22:28:11', '2022-05-17 00:28:11', 9, 'Incrocio Gadda, 39 Piano 6', 4);
INSERT INTO turno  VALUES ('2022-05-16 22:28:11' , 'LBXEQR77A23L138U', '2022-05-17 02:28:11', NULL, 4, NULL);
INSERT INTO turno  VALUES ('2022-05-16 22:28:11' , 'LCFFTD33H13D445B', '2022-05-17 02:28:11', NULL, 4, 4);
INSERT INTO turno  VALUES ('2022-05-16 22:28:11' , 'JMXIYV60L05H185P', '2022-05-17 02:28:11', NULL, NULL, 4);
INSERT INTO ricezione  VALUES (5, '2022-04-18 10:38:31', '2022-04-18 11:38:31');
INSERT INTO trasporto  VALUES (5, '2022-04-18 08:38:31', '2022-04-18 10:38:31', 5, 'Piazza Pastine, 26', 5);
INSERT INTO turno  VALUES ('2022-04-18 08:38:31' , 'XNXDCS35A08A958K', '2022-04-18 12:38:31', NULL, 5, NULL);
INSERT INTO turno  VALUES ('2022-04-18 08:38:31' , 'QNGLZL20S14H098M', '2022-04-18 12:38:31', NULL, 5, 5);
INSERT INTO turno  VALUES ('2022-04-18 08:38:31' , 'LBXEQR77A23L138U', '2022-04-18 12:38:31', NULL, NULL, 5);
INSERT INTO ricezione  VALUES (6, '2022-04-28 16:57:04', '2022-04-28 17:57:04');
INSERT INTO trasporto  VALUES (6, '2022-04-28 14:57:04', '2022-04-28 16:57:04', 5, 'Stretto Borgia, 76', 6);
INSERT INTO turno  VALUES ('2022-04-28 14:57:04' , 'SHRNGE41A65L231E', '2022-04-28 18:57:04', NULL, 6, NULL);
INSERT INTO turno  VALUES ('2022-04-28 14:57:04' , 'SHLRPJ54T02D872S', '2022-04-28 18:57:04', NULL, 6, 6);
INSERT INTO turno  VALUES ('2022-04-28 14:57:04' , 'HZARLX47B28E085U', '2022-04-28 18:57:04', NULL, NULL, 6);
INSERT INTO ricezione  VALUES (7, '2022-03-21 19:54:46', '2022-03-21 20:54:46');
INSERT INTO trasporto  VALUES (7, '2022-03-21 17:54:46', '2022-03-21 19:54:46', 8, 'Stretto Coriolano, 84 Appartamento 90', 7);
INSERT INTO turno  VALUES ('2022-03-21 17:54:46' , 'JSQNMI10E17D102P', '2022-03-21 21:54:46', NULL, 7, NULL);
INSERT INTO turno  VALUES ('2022-03-21 17:54:46' , 'PBIVCJ29R61C340W', '2022-03-21 21:54:46', NULL, 7, 7);
INSERT INTO turno  VALUES ('2022-03-21 17:54:46' , 'GZZDYI88H62B865K', '2022-03-21 21:54:46', NULL, NULL, 7);
INSERT INTO ricezione  VALUES (8, '2022-05-02 09:47:03', '2022-05-02 10:47:03');
INSERT INTO trasporto  VALUES (8, '2022-05-02 07:47:03', '2022-05-02 09:47:03', 1, 'Incrocio Gianluigi, 147 Appartamento 0', 8);
INSERT INTO turno  VALUES ('2022-05-02 07:47:03' , 'HXCXRK51S58H546T', '2022-05-02 11:47:03', NULL, 8, NULL);
INSERT INTO turno  VALUES ('2022-05-02 07:47:03' , 'PBIVCJ29R61C340W', '2022-05-02 11:47:03', NULL, 8, 8);
INSERT INTO turno  VALUES ('2022-05-02 07:47:03' , 'MZNFVW31T27H037N', '2022-05-02 11:47:03', NULL, NULL, 8);
INSERT INTO ricezione  VALUES (9, '2022-05-19 16:20:00', '2022-05-19 17:20:00');
INSERT INTO trasporto  VALUES (9, '2022-05-19 14:20:00', '2022-05-19 16:20:00', 13, 'Incrocio Pertini, 939 Appartamento 11', 9);
INSERT INTO turno  VALUES ('2022-05-19 14:20:00' , 'PBIVCJ29R61C340W', '2022-05-19 18:20:00', NULL, 9, NULL);
INSERT INTO turno  VALUES ('2022-05-19 14:20:00' , 'UAWIOO15P06H354S', '2022-05-19 18:20:00', NULL, 9, 9);
INSERT INTO turno  VALUES ('2022-05-19 14:20:00' , 'XNXDCS35A08A958K', '2022-05-19 18:20:00', NULL, NULL, 9);
INSERT INTO ricezione  VALUES (10, '2022-03-03 20:45:13', '2022-03-03 21:45:13');
INSERT INTO trasporto  VALUES (10, '2022-03-03 18:45:13', '2022-03-03 20:45:13', 17, 'Strada Bartolomeo, 5', 10);
INSERT INTO turno  VALUES ('2022-03-03 18:45:13' , 'YCYGZK67R11I062K', '2022-03-03 22:45:13', NULL, 10, NULL);
INSERT INTO turno  VALUES ('2022-03-03 18:45:13' , 'OTSZLL07L67G853Y', '2022-03-03 22:45:13', NULL, 10, 10);
INSERT INTO turno  VALUES ('2022-03-03 18:45:13' , 'UPAYWL90A44C393T', '2022-03-03 22:45:13', NULL, NULL, 10);
INSERT INTO ricezione  VALUES (11, '2022-04-19 23:03:51', '2022-04-20 00:03:51');
INSERT INTO trasporto  VALUES (11, '2022-04-19 21:03:51', '2022-04-19 23:03:51', 16, 'Borgo Boaga, 79 Appartamento 40', 11);
INSERT INTO turno  VALUES ('2022-04-19 21:03:51' , 'PDVVJL28A67C938V', '2022-04-20 01:03:51', NULL, 11, NULL);
INSERT INTO turno  VALUES ('2022-04-19 21:03:51' , 'HZARLX47B28E085U', '2022-04-20 01:03:51', NULL, 11, 11);
INSERT INTO turno  VALUES ('2022-04-19 21:03:51' , 'AAENYM85E20G524V', '2022-04-20 01:03:51', NULL, NULL, 11);
INSERT INTO ricezione  VALUES (12, '2022-04-20 06:58:46', '2022-04-20 07:58:46');
INSERT INTO trasporto  VALUES (12, '2022-04-20 04:58:46', '2022-04-20 06:58:46', 11, 'Via Teresa, 996 Piano 8', 12);
INSERT INTO turno  VALUES ('2022-04-20 04:58:46' , 'VAVNXV98M04F053X', '2022-04-20 08:58:46', NULL, 12, NULL);
INSERT INTO turno  VALUES ('2022-04-20 04:58:46' , 'VKCJLB94T02B054V', '2022-04-20 08:58:46', NULL, 12, 12);
INSERT INTO turno  VALUES ('2022-04-20 04:58:46' , 'PBKUKY79P11A315Z', '2022-04-20 08:58:46', NULL, NULL, 12);
INSERT INTO ricezione  VALUES (13, '2022-03-27 19:33:53', '2022-03-27 20:33:53');
INSERT INTO trasporto  VALUES (13, '2022-03-27 17:33:53', '2022-03-27 19:33:53', 12, 'Canale Belletini, 64', 13);
INSERT INTO turno  VALUES ('2022-03-27 17:33:53' , 'PBIVCJ29R61C340W', '2022-03-27 21:33:53', NULL, 13, NULL);
INSERT INTO turno  VALUES ('2022-03-27 17:33:53' , 'CULPZG30T56B267N', '2022-03-27 21:33:53', NULL, 13, 13);
INSERT INTO turno  VALUES ('2022-03-27 17:33:53' , 'LVHVII61R27H634L', '2022-03-27 21:33:53', NULL, NULL, 13);
INSERT INTO ricezione  VALUES (14, '2022-05-06 18:03:35', '2022-05-06 19:03:35');
INSERT INTO trasporto  VALUES (14, '2022-05-06 16:03:35', '2022-05-06 18:03:35', 6, 'Via Berenice, 29', 14);
INSERT INTO turno  VALUES ('2022-05-06 16:03:35' , 'GZZDYI88H62B865K', '2022-05-06 20:03:35', NULL, 14, NULL);
INSERT INTO turno  VALUES ('2022-05-06 16:03:35' , 'BMNPUU85B16H301H', '2022-05-06 20:03:35', NULL, 14, 14);
INSERT INTO turno  VALUES ('2022-05-06 16:03:35' , 'TNOTLL41S47F783W', '2022-05-06 20:03:35', NULL, NULL, 14);
INSERT INTO ricezione  VALUES (15, '2022-03-14 07:23:46', '2022-03-14 08:23:46');
INSERT INTO trasporto  VALUES (15, '2022-03-14 05:23:46', '2022-03-14 07:23:46', 20, 'Vicolo Delle, 24 Appartamento 4', 15);
INSERT INTO turno  VALUES ('2022-03-14 05:23:46' , 'BMNPUU85B16H301H', '2022-03-14 09:23:46', NULL, 15, NULL);
INSERT INTO turno  VALUES ('2022-03-14 05:23:46' , 'TNOTLL41S47F783W', '2022-03-14 09:23:46', NULL, 15, 15);
INSERT INTO turno  VALUES ('2022-03-14 05:23:46' , 'ZBDXGP40B62A978V', '2022-03-14 09:23:46', NULL, NULL, 15);
INSERT INTO ricezione  VALUES (16, '2022-05-11 09:34:29', '2022-05-11 10:34:29');
INSERT INTO trasporto  VALUES (16, '2022-05-11 07:34:29', '2022-05-11 09:34:29', 1, 'Contrada Marzorati, 847', 16);
INSERT INTO turno  VALUES ('2022-05-11 07:34:29' , 'UDFMBW91E13B946Q', '2022-05-11 11:34:29', NULL, 16, NULL);
INSERT INTO turno  VALUES ('2022-05-11 07:34:29' , 'TNOTLL41S47F783W', '2022-05-11 11:34:29', NULL, 16, 16);
INSERT INTO turno  VALUES ('2022-05-11 07:34:29' , 'LCFFTD33H13D445B', '2022-05-11 11:34:29', NULL, NULL, 16);
INSERT INTO ricezione  VALUES (17, '2022-03-08 12:31:34', '2022-03-08 13:31:34');
INSERT INTO trasporto  VALUES (17, '2022-03-08 10:31:34', '2022-03-08 12:31:34', 14, 'Piazza Mengolo, 871 Piano 0', 17);
INSERT INTO turno  VALUES ('2022-03-08 10:31:34' , 'SHRNGE41A65L231E', '2022-03-08 14:31:34', NULL, 17, NULL);
INSERT INTO turno  VALUES ('2022-03-08 10:31:34' , 'UPAYWL90A44C393T', '2022-03-08 14:31:34', NULL, 17, 17);
INSERT INTO turno  VALUES ('2022-03-08 10:31:34' , 'RCVBRB85A64I682C', '2022-03-08 14:31:34', NULL, NULL, 17);
INSERT INTO ricezione  VALUES (18, '2022-02-18 03:06:16', '2022-02-18 04:06:16');
INSERT INTO trasporto  VALUES (18, '2022-02-18 01:06:16', '2022-02-18 03:06:16', 3, 'Via Benito, 4 Appartamento 4', 18);
INSERT INTO turno  VALUES ('2022-02-18 01:06:16' , 'XLNGKO63C25D299Y', '2022-02-18 05:06:16', NULL, 18, NULL);
INSERT INTO turno  VALUES ('2022-02-18 01:06:16' , 'LCFFTD33H13D445B', '2022-02-18 05:06:16', NULL, 18, 18);
INSERT INTO turno  VALUES ('2022-02-18 01:06:16' , 'HXCXRK51S58H546T', '2022-02-18 05:06:16', NULL, NULL, 18);
INSERT INTO ricezione  VALUES (19, '2022-05-23 04:57:14', '2022-05-23 05:57:14');
INSERT INTO trasporto  VALUES (19, '2022-05-23 02:57:14', '2022-05-23 04:57:14', 5, 'Strada Antonio, 5 Appartamento 7', 19);
INSERT INTO turno  VALUES ('2022-05-23 02:57:14' , 'PDVVJL28A67C938V', '2022-05-23 06:57:14', NULL, 19, NULL);
INSERT INTO turno  VALUES ('2022-05-23 02:57:14' , 'YLIRGZ61S22I689Q', '2022-05-23 06:57:14', NULL, 19, 19);
INSERT INTO turno  VALUES ('2022-05-23 02:57:14' , 'GGYOZB85P63H477H', '2022-05-23 06:57:14', NULL, NULL, 19);
INSERT INTO ricezione  VALUES (20, '2022-06-05 04:27:32', '2022-06-05 05:27:32');
INSERT INTO trasporto  VALUES (20, '2022-06-05 02:27:32', '2022-06-05 04:27:32', 6, 'Contrada Druso, 73 Appartamento 6', 20);
INSERT INTO turno  VALUES ('2022-06-05 02:27:32' , 'QGMYEV02R53A827P', '2022-06-05 06:27:32', NULL, 20, NULL);
INSERT INTO turno  VALUES ('2022-06-05 02:27:32' , 'ERQKOO80E08I054H', '2022-06-05 06:27:32', NULL, 20, 20);
INSERT INTO turno  VALUES ('2022-06-05 02:27:32' , 'VJJZMZ73H16H198O', '2022-06-05 06:27:32', NULL, NULL, 20);
INSERT INTO ricezione  VALUES (21, '2022-04-12 16:03:54', '2022-04-12 17:03:54');
INSERT INTO trasporto  VALUES (21, '2022-04-12 14:03:54', '2022-04-12 16:03:54', 6, 'Rotonda Trotta, 243 Piano 7', 21);
INSERT INTO turno  VALUES ('2022-04-12 14:03:54' , 'JMXIYV60L05H185P', '2022-04-12 18:03:54', NULL, 21, NULL);
INSERT INTO turno  VALUES ('2022-04-12 14:03:54' , 'VAVNXV98M04F053X', '2022-04-12 18:03:54', NULL, 21, 21);
INSERT INTO turno  VALUES ('2022-04-12 14:03:54' , 'JSQNMI10E17D102P', '2022-04-12 18:03:54', NULL, NULL, 21);
INSERT INTO ricezione  VALUES (22, '2022-05-18 08:19:01', '2022-05-18 09:19:01');
INSERT INTO trasporto  VALUES (22, '2022-05-18 06:19:01', '2022-05-18 08:19:01', 2, 'Piazza Munari, 19', 22);
INSERT INTO turno  VALUES ('2022-05-18 06:19:01' , 'CXAHYK02D06L359J', '2022-05-18 10:19:01', NULL, 22, NULL);
INSERT INTO turno  VALUES ('2022-05-18 06:19:01' , 'CULPZG30T56B267N', '2022-05-18 10:19:01', NULL, 22, 22);
INSERT INTO turno  VALUES ('2022-05-18 06:19:01' , 'XLNGKO63C25D299Y', '2022-05-18 10:19:01', NULL, NULL, 22);
INSERT INTO ricezione  VALUES (23, '2022-02-24 12:04:02', '2022-02-24 13:04:02');
INSERT INTO trasporto  VALUES (23, '2022-02-24 10:04:02', '2022-02-24 12:04:02', 3, 'Canale Canevascini, 389 Appartamento 16', 23);
INSERT INTO turno  VALUES ('2022-02-24 10:04:02' , 'VKCJLB94T02B054V', '2022-02-24 14:04:02', NULL, 23, NULL);
INSERT INTO turno  VALUES ('2022-02-24 10:04:02' , 'JSQNMI10E17D102P', '2022-02-24 14:04:02', NULL, 23, 23);
INSERT INTO turno  VALUES ('2022-02-24 10:04:02' , 'VAVNXV98M04F053X', '2022-02-24 14:04:02', NULL, NULL, 23);
INSERT INTO ricezione  VALUES (24, '2022-05-27 12:33:39', '2022-05-27 13:33:39');
INSERT INTO trasporto  VALUES (24, '2022-05-27 10:33:39', '2022-05-27 12:33:39', 13, 'Via Ferrara, 7', 24);
INSERT INTO turno  VALUES ('2022-05-27 10:33:39' , 'UDFMBW91E13B946Q', '2022-05-27 14:33:39', NULL, 24, NULL);
INSERT INTO turno  VALUES ('2022-05-27 10:33:39' , 'CXAHYK02D06L359J', '2022-05-27 14:33:39', NULL, 24, 24);
INSERT INTO turno  VALUES ('2022-05-27 10:33:39' , 'BBITNN40E57H523L', '2022-05-27 14:33:39', NULL, NULL, 24);
INSERT INTO ricezione  VALUES (25, '2022-05-30 00:46:41', '2022-05-30 01:46:41');
INSERT INTO trasporto  VALUES (25, '2022-05-29 22:46:41', '2022-05-30 00:46:41', 16, 'Vicolo Mercedes, 43', 25);
INSERT INTO turno  VALUES ('2022-05-29 22:46:41' , 'EGQHJW94M52A984G', '2022-05-30 02:46:41', NULL, 25, NULL);
INSERT INTO turno  VALUES ('2022-05-29 22:46:41' , 'VKCJLB94T02B054V', '2022-05-30 02:46:41', NULL, 25, 25);
INSERT INTO turno  VALUES ('2022-05-29 22:46:41' , 'AAENYM85E20G524V', '2022-05-30 02:46:41', NULL, NULL, 25);
INSERT INTO ricezione  VALUES (26, '2022-05-03 16:10:50', '2022-05-03 17:10:50');
INSERT INTO trasporto  VALUES (26, '2022-05-03 14:10:50', '2022-05-03 16:10:50', 9, 'Contrada Collina, 4 Piano 7', 26);
INSERT INTO turno  VALUES ('2022-05-03 14:10:50' , 'LVHVII61R27H634L', '2022-05-03 18:10:50', NULL, 26, NULL);
INSERT INTO turno  VALUES ('2022-05-03 14:10:50' , 'VAVNXV98M04F053X', '2022-05-03 18:10:50', NULL, 26, 26);
INSERT INTO turno  VALUES ('2022-05-03 14:10:50' , 'XLNGKO63C25D299Y', '2022-05-03 18:10:50', NULL, NULL, 26);
INSERT INTO ricezione  VALUES (27, '2022-06-05 13:26:27', '2022-06-05 14:26:27');
INSERT INTO trasporto  VALUES (27, '2022-06-05 11:26:27', '2022-06-05 13:26:27', 17, 'Piazza Bonaventura, 649', 27);
INSERT INTO turno  VALUES ('2022-06-05 11:26:27' , 'YCYGZK67R11I062K', '2022-06-05 15:26:27', NULL, 27, NULL);
INSERT INTO turno  VALUES ('2022-06-05 11:26:27' , 'HZARLX47B28E085U', '2022-06-05 15:26:27', NULL, 27, 27);
INSERT INTO turno  VALUES ('2022-06-05 11:26:27' , 'UPAYWL90A44C393T', '2022-06-05 15:26:27', NULL, NULL, 27);
INSERT INTO ricezione  VALUES (28, '2022-03-04 18:49:04', '2022-03-04 19:49:04');
INSERT INTO trasporto  VALUES (28, '2022-03-04 16:49:04', '2022-03-04 18:49:04', 15, 'Viale Rossana, 90', 28);
INSERT INTO turno  VALUES ('2022-03-04 16:49:04' , 'VDYIMZ68S28E065M', '2022-03-04 20:49:04', NULL, 28, NULL);
INSERT INTO turno  VALUES ('2022-03-04 16:49:04' , 'PDVVJL28A67C938V', '2022-03-04 20:49:04', NULL, 28, 28);
INSERT INTO turno  VALUES ('2022-03-04 16:49:04' , 'YZSJLO21M24I319E', '2022-03-04 20:49:04', NULL, NULL, 28);
INSERT INTO ricezione  VALUES (29, '2022-05-27 01:38:25', '2022-05-27 02:38:25');
INSERT INTO trasporto  VALUES (29, '2022-05-26 23:38:25', '2022-05-27 01:38:25', 3, 'Rotonda Piero, 625', 29);
INSERT INTO turno  VALUES ('2022-05-26 23:38:25' , 'PBKUKY79P11A315Z', '2022-05-27 03:38:25', NULL, 29, NULL);
INSERT INTO turno  VALUES ('2022-05-26 23:38:25' , 'ECBENX75A44D246R', '2022-05-27 03:38:25', NULL, 29, 29);
INSERT INTO turno  VALUES ('2022-05-26 23:38:25' , 'TSGRWL56E48L882J', '2022-05-27 03:38:25', NULL, NULL, 29);


INSERT INTO spesa  VALUES (0, 97);
INSERT INTO donazione  VALUES (0, '2022-01-19 02:14:54', 97, NULL, 'GMHIRN12M57A071T' , NULL);
INSERT INTO donazione  VALUES (1, '2022-04-03', NULL , 1, NULL, 0);
INSERT INTO spesa  VALUES (1, 96);
INSERT INTO donazione  VALUES (2, '2022-06-25 03:09:45', 96, NULL, 'ALASNH64E51C884Z' , NULL);
INSERT INTO donazione  VALUES (3, '2022-01-18', NULL , 5, NULL, 1);
INSERT INTO spesa  VALUES (2, 98);
INSERT INTO donazione  VALUES (4, '2022-03-15 03:56:48', 98, NULL, 'AQVTSP14R43D975K' , NULL);
INSERT INTO donazione  VALUES (5, '2022-02-10', NULL , 3, NULL, 2);
INSERT INTO spesa  VALUES (3, 64);
INSERT INTO donazione  VALUES (6, '2022-01-15 19:12:30', 64, NULL, 'IGAOZP99C10I668H' , NULL);
INSERT INTO donazione  VALUES (7, '2022-02-04', NULL , 20, NULL, 3);
INSERT INTO spesa  VALUES (4, 83);
INSERT INTO donazione  VALUES (8, '2022-01-24 19:46:36', 83, NULL, 'QGZBIS46R21D445X' , NULL);
INSERT INTO donazione  VALUES (9, '2022-01-17', NULL , 15, NULL, 4);
INSERT INTO spesa  VALUES (5, 10);
INSERT INTO donazione  VALUES (10, '2022-05-07 02:11:03', 10, NULL, 'AQVTSP14R43D975K' , NULL);
INSERT INTO donazione  VALUES (11, '2022-03-17', NULL , 27, NULL, 5);
INSERT INTO spesa  VALUES (6, 100);
INSERT INTO donazione  VALUES (12, '2022-02-19 04:27:59', 100, NULL, 'GMHIRN12M57A071T' , NULL);
INSERT INTO donazione  VALUES (13, '2022-01-04', NULL , 15, NULL, 6);
INSERT INTO spesa  VALUES (7, 55);
INSERT INTO donazione  VALUES (14, '2022-05-14 02:11:48', 55, NULL, 'WJILDB10A01C208S' , NULL);
INSERT INTO donazione  VALUES (15, '2022-03-29', NULL , 19, NULL, 7);
INSERT INTO spesa  VALUES (8, 81);
INSERT INTO donazione  VALUES (16, '2022-02-03 07:23:01', 81, NULL, 'BVRUVD46A50D142S' , NULL);
INSERT INTO donazione  VALUES (17, '2022-01-24', NULL , 28, NULL, 8);
INSERT INTO spesa  VALUES (9, 69);
INSERT INTO donazione  VALUES (18, '2022-02-06 01:34:49', 69, NULL, 'LCIDDX44A60G459Q' , NULL);
INSERT INTO donazione  VALUES (19, '2021-12-30', NULL , 8, NULL, 9);


INSERT INTO donazione  VALUES (20, '2022-04-29', NULL , 29, 'AQVTSP14R43D975K' , NULL );
INSERT INTO donazione  VALUES (21, '2022-02-11', NULL , 1, 'NJWWRH21R60G481C' , NULL );
INSERT INTO donazione  VALUES (22, '2022-05-05', NULL , 16, 'YPLDCU96T03C709D' , NULL );
INSERT INTO donazione  VALUES (23, '2021-12-31', NULL , 9, 'EXJHES88A65I483K' , NULL );
INSERT INTO donazione  VALUES (24, '2022-05-16', NULL , 29, 'ALASNH64E51C884Z' , NULL );
INSERT INTO donazione  VALUES (25, '2022-02-08', NULL , 23, 'BSVNKH12D05I253T' , NULL );
INSERT INTO donazione  VALUES (26, '2022-01-19', NULL , 27, 'GTLOMX12E59A766M' , NULL );
INSERT INTO donazione  VALUES (27, '2021-12-22', NULL , 2, 'LCIDDX44A60G459Q' , NULL );
INSERT INTO donazione  VALUES (28, '2022-02-03', NULL , 18, 'ZLRVUC21B25I893P' , NULL );
INSERT INTO donazione  VALUES (29, '2022-05-05', NULL , 4, 'ZLRVUC21B25I893P' , NULL );
INSERT INTO donazione  VALUES (30, '2022-04-01', NULL , 9, 'BSVNKH12D05I253T' , NULL );
INSERT INTO donazione  VALUES (31, '2022-01-17', NULL , 16, 'EHPQFO58R41A093I' , NULL );
INSERT INTO donazione  VALUES (32, '2022-01-02', NULL , 23, 'EQBLPV10A03D869N' , NULL );
INSERT INTO donazione  VALUES (33, '2022-04-19', NULL , 20, 'EQBLPV10A03D869N' , NULL );
INSERT INTO donazione  VALUES (34, '2022-01-26', NULL , 13, 'FWPSXV61A58E753U' , NULL );


INSERT INTO inventario  VALUES (0, 0, 'pasta', 'penne Barilla', 5 , '10' );
INSERT INTO inventario  VALUES (1, 0, 'pasta', 'fusilli DeCecco', 2 , '10' );
INSERT INTO inventario  VALUES (2, 0, 'pasta', 'farfalle Barilla', 1 , '10' );
INSERT INTO inventario  VALUES (3, 0, 'pasta', 'spaghetti Barilla', 1 , '10' );
INSERT INTO inventario  VALUES (4, 0, 'pasta', 'cannelloni DeCecco', 1 , '10' );
INSERT INTO inventario  VALUES (5, 0, 'riso', 'riso Scotti', 1 , '9' );
INSERT INTO inventario  VALUES (6, 0, 'riso', 'riso Scotti basmati', 2 , '9' );
INSERT INTO inventario  VALUES (7, 0, 'riso', 'riso Gallo', 3 , '9' );
INSERT INTO inventario  VALUES (8, 0, 'latte', 'Parmalat scremato', 2 , NULL );
INSERT INTO inventario  VALUES (9, 0, 'latte', 'Parmalat intero', 4 , NULL );
INSERT INTO inventario  VALUES (10, 0, 'latte', 'latte Tiguglio', 3 , NULL );
INSERT INTO inventario  VALUES (11, 0, 'latte', 'Latte di Soia', 1 , NULL );
INSERT INTO inventario  VALUES (12, 0, 'latte', 'Latte di Mandorla', 5 , NULL );
INSERT INTO inventario  VALUES (13, 0, 'formaggi', 'Parmigiano Reggiano', 4 , NULL );
INSERT INTO inventario  VALUES (14, 0, 'formaggi', 'Asiago', 3 , NULL );
INSERT INTO inventario  VALUES (15, 0, 'formaggi', 'Mozzarella', 1 , NULL );
INSERT INTO inventario  VALUES (16, 0, 'formaggi', 'Caciotto', 4 , NULL );
INSERT INTO inventario  VALUES (17, 0, 'formaggi', 'Stracchino', 2 , NULL );
INSERT INTO inventario  VALUES (18, 0, 'formaggi', 'Gorgonzola', 3 , NULL );
INSERT INTO inventario  VALUES (19, 0, 'yogurt', 'Muller yogurt frutta', 4 , NULL );
INSERT INTO inventario  VALUES (20, 0, 'yogurt', 'Muller yogurt bianco', 3 , NULL );
INSERT INTO inventario  VALUES (21, 0, 'yogurt', 'Activia yogurt', 5 , NULL );
INSERT INTO inventario  VALUES (22, 0, 'yogurt', 'yogurt greco', 4 , NULL );
INSERT INTO inventario  VALUES (23, 0, 'olio', 'Olio oliva Carli', 5 , '12' );
INSERT INTO inventario  VALUES (24, 0, 'olio', 'Olio oliva Fabbri', 4 , '12' );
INSERT INTO inventario  VALUES (25, 0, 'olio', 'Olio di semi', 5 , '12' );
INSERT INTO inventario  VALUES (26, 0, 'olio', 'Olio di palma', 2 , '12' );
INSERT INTO inventario  VALUES (27, 0, 'salse', 'pesto Barilla', 1 , '5' );
INSERT INTO inventario  VALUES (28, 0, 'salse', 'sugo Barilla', 4 , '5' );
INSERT INTO inventario  VALUES (29, 0, 'salse', 'ketchapp', 4 , '5' );
INSERT INTO inventario  VALUES (30, 0, 'salse', 'maionese', 4 , '5' );
INSERT INTO inventario  VALUES (31, 0, 'salse', 'senape', 2 , '5' );
INSERT INTO inventario  VALUES (32, 0, 'salse', 'aceto balsamico', 2 , '5' );
INSERT INTO inventario  VALUES (33, 0, 'caffe', 'Lavazza arabico', 3 , '6' );
INSERT INTO inventario  VALUES (34, 0, 'caffe', 'Lavazza rossa', 5 , '6' );
INSERT INTO inventario  VALUES (35, 0, 'caffe', 'Lavazza gold', 1 , '6' );
INSERT INTO inventario  VALUES (36, 0, 'caffe', 'Illy classico', 2 , '6' );
INSERT INTO inventario  VALUES (37, 0, 'igene', 'Carta Igenica', 4 , NULL );
INSERT INTO inventario  VALUES (38, 0, 'igene', 'Sapone neutro', 5 , NULL );
INSERT INTO inventario  VALUES (39, 0, 'igene', 'Amuchina', 5 , NULL );
INSERT INTO inventario  VALUES (40, 0, 'igene', 'Shampoo', 3 , NULL );
INSERT INTO inventario  VALUES (41, 0, 'igene', 'DocciaSchiuma', 5 , NULL );
INSERT INTO inventario  VALUES (42, 0, 'igene', 'deodorante', 4 , NULL );
INSERT INTO inventario  VALUES (43, 0, 'igene', 'sgrassatore', 4 , NULL );
INSERT INTO inventario  VALUES (44, 0, 'igene', 'candeggina', 5 , NULL );
INSERT INTO inventario  VALUES (45, 0, 'igene', 'spugna', 2 , NULL );
INSERT INTO inventario  VALUES (46, 0, 'bibite', 'Acqua Eva', 3 , NULL );
INSERT INTO inventario  VALUES (47, 0, 'bibite', 'SantAnna', 4 , NULL );
INSERT INTO inventario  VALUES (48, 0, 'bibite', 'Acqua Simply', 3 , NULL );
INSERT INTO inventario  VALUES (49, 0, 'bibite', 'CocaCola', 2 , NULL );
INSERT INTO inventario  VALUES (50, 0, 'bibite', 'Pepsi', 2 , NULL );
INSERT INTO inventario  VALUES (51, 0, 'bibite', 'Fanta', 4 , NULL );


INSERT INTO scarico VALUES ('2021-04-16', '7', '5' );
INSERT INTO scarico VALUES ('2021-04-16', '10', '3' );
INSERT INTO scarico VALUES ('2021-04-16', '14', '1' );
INSERT INTO scarico VALUES ('2021-04-16', '3', '8' );
INSERT INTO scarico VALUES ('2021-04-16', '16', '7' );
INSERT INTO scarico VALUES ('2021-04-16', '36', '7' );
INSERT INTO scarico VALUES ('2021-04-16', '4', '4' );
INSERT INTO scarico VALUES ('2021-04-16', '26', '10' );
INSERT INTO scarico VALUES ('2021-11-09', '10', '4' );
INSERT INTO scarico VALUES ('2021-11-09', '3', '8' );
INSERT INTO scarico VALUES ('2021-11-09', '25', '10' );
INSERT INTO scarico VALUES ('2021-11-09', '13', '1' );
INSERT INTO scarico VALUES ('2021-11-09', '24', '6' );
INSERT INTO scarico VALUES ('2021-11-09', '19', '3' );
INSERT INTO scarico VALUES ('2021-11-09', '15', '2' );
INSERT INTO scarico VALUES ('2021-11-09', '12', '4' );
INSERT INTO scarico VALUES ('2021-03-08', '18', '6' );
INSERT INTO scarico VALUES ('2021-03-08', '25', '10' );
INSERT INTO scarico VALUES ('2021-03-08', '14', '3' );
INSERT INTO scarico VALUES ('2021-03-08', '13', '6' );
INSERT INTO scarico VALUES ('2021-03-08', '20', '4' );
INSERT INTO scarico VALUES ('2021-03-08', '5', '1' );
INSERT INTO scarico VALUES ('2021-03-08', '12', '5' );
INSERT INTO scarico VALUES ('2021-03-08', '26', '4' );
INSERT INTO scarico VALUES ('2021-10-31', '13', '8' );
INSERT INTO scarico VALUES ('2021-10-31', '1', '9' );
INSERT INTO scarico VALUES ('2021-10-31', '23', '10' );
INSERT INTO scarico VALUES ('2021-10-31', '21', '4' );
INSERT INTO scarico VALUES ('2021-10-31', '15', '5' );
INSERT INTO scarico VALUES ('2021-10-31', '3', '4' );
INSERT INTO scarico VALUES ('2021-10-31', '0', '1' );
INSERT INTO scarico VALUES ('2021-10-31', '29', '7' );
INSERT INTO scarico VALUES ('2021-03-31', '18', '7' );
INSERT INTO scarico VALUES ('2021-03-31', '29', '6' );
INSERT INTO scarico VALUES ('2021-03-31', '9', '6' );
INSERT INTO scarico VALUES ('2021-03-31', '27', '2' );
INSERT INTO scarico VALUES ('2021-03-31', '8', '10' );
INSERT INTO scarico VALUES ('2021-03-31', '3', '8' );
INSERT INTO scarico VALUES ('2021-03-31', '5', '8' );
INSERT INTO scarico VALUES ('2021-03-31', '15', '7' );
INSERT INTO scarico VALUES ('2020-12-24', '21', '1' );
INSERT INTO scarico VALUES ('2020-12-24', '8', '7' );
INSERT INTO scarico VALUES ('2020-12-24', '23', '8' );
INSERT INTO scarico VALUES ('2020-12-24', '11', '2' );
INSERT INTO scarico VALUES ('2020-12-24', '12', '7' );
INSERT INTO scarico VALUES ('2020-12-24', '18', '9' );
INSERT INTO scarico VALUES ('2020-12-24', '28', '1' );
INSERT INTO scarico VALUES ('2020-12-24', '0', '9' );
INSERT INTO scarico VALUES ('2021-07-19', '28', '3' );
INSERT INTO scarico VALUES ('2021-07-19', '7', '5' );
INSERT INTO scarico VALUES ('2021-07-19', '10', '4' );
INSERT INTO scarico VALUES ('2021-07-19', '5', '6' );
INSERT INTO scarico VALUES ('2021-07-19', '8', '1' );
INSERT INTO scarico VALUES ('2021-07-19', '9', '10' );
INSERT INTO scarico VALUES ('2021-07-19', '31', '9' );
INSERT INTO scarico VALUES ('2021-07-19', '22', '4' );
INSERT INTO scarico VALUES ('2021-07-01', '4', '2' );
INSERT INTO scarico VALUES ('2021-07-01', '15', '5' );
INSERT INTO scarico VALUES ('2021-07-01', '16', '7' );
INSERT INTO scarico VALUES ('2021-07-01', '9', '5' );
INSERT INTO scarico VALUES ('2021-07-01', '10', '10' );
INSERT INTO scarico VALUES ('2021-07-01', '21', '2' );
INSERT INTO scarico VALUES ('2021-07-01', '5', '9' );
INSERT INTO scarico VALUES ('2021-07-01', '18', '4' );
INSERT INTO scarico VALUES ('2021-03-09', '5', '2' );
INSERT INTO scarico VALUES ('2021-03-09', '27', '9' );
INSERT INTO scarico VALUES ('2021-03-09', '34', '4' );
INSERT INTO scarico VALUES ('2021-03-09', '19', '7' );
INSERT INTO scarico VALUES ('2021-03-09', '3', '5' );
INSERT INTO scarico VALUES ('2021-03-09', '21', '1' );
INSERT INTO scarico VALUES ('2021-03-09', '13', '8' );
INSERT INTO scarico VALUES ('2021-03-09', '33', '5' );
INSERT INTO scarico VALUES ('2021-06-08', '17', '5' );
INSERT INTO scarico VALUES ('2021-06-08', '35', '10' );
INSERT INTO scarico VALUES ('2021-06-08', '30', '1' );
INSERT INTO scarico VALUES ('2021-06-08', '3', '1' );
INSERT INTO scarico VALUES ('2021-06-08', '6', '10' );
INSERT INTO scarico VALUES ('2021-06-08', '2', '4' );
INSERT INTO scarico VALUES ('2021-06-08', '27', '10' );
INSERT INTO scarico VALUES ('2021-06-08', '9', '2' );


INSERT INTO appuntamento  VALUES ('2022-03-22 01:57:44', 60,  14 , 'EPGHUD64H21G120I', 29 );
INSERT INTO turno  VALUES ('2022-03-22 01:57:44' , 'AAENYM85E20G524V', '2022-03-22 05:57:44', '2022-03-22 01:57:44', NULL, NULL);
INSERT INTO prodotto  VALUES (0, '2022-04-01', '2022-03-22 01:57:44' , 30, 14 );
INSERT INTO prodotto  VALUES (1, '2022-05-28', '2022-03-22 01:57:44' , 21, 28 );
INSERT INTO prodotto  VALUES (2, NULL, '2022-03-22 01:57:44' , 39, 9 );
INSERT INTO prodotto  VALUES (3, '2022-04-30', '2022-03-22 01:57:44' , 4, 30 );
INSERT INTO prodotto  VALUES (4, NULL, '2022-03-22 01:57:44' , 49, 10 );
INSERT INTO prodotto  VALUES (5, NULL, '2022-03-22 01:57:44' , 42, 15 );
INSERT INTO prodotto  VALUES (6, '2022-04-24', '2022-03-22 01:57:44' , 26, 18 );
INSERT INTO prodotto  VALUES (7, '2022-03-29', '2022-03-22 01:57:44' , 6, 22 );
INSERT INTO prodotto  VALUES (8, NULL, '2022-03-22 01:57:44' , 40, 8 );
INSERT INTO prodotto  VALUES (9, NULL, '2022-03-22 01:57:44' , 41, 4 );
INSERT INTO prodotto  VALUES (10, NULL, '2022-03-22 01:57:44' , 50, 26 );
INSERT INTO prodotto  VALUES (11, '2022-05-14', '2022-03-22 01:57:44' , 28, 20 );
INSERT INTO prodotto  VALUES (12, '2022-04-02', '2022-03-22 01:57:44' , 3, 7 );
INSERT INTO prodotto  VALUES (13, '2022-05-12', '2022-03-22 01:57:44' , 8, 29 );
INSERT INTO prodotto  VALUES (14, NULL, '2022-03-22 01:57:44' , 47, 31 );
INSERT INTO appuntamento  VALUES ('2022-03-07 15:22:19', 54,  2 , 'SKJXLB16R44H509J', 21 );
INSERT INTO turno  VALUES ('2022-03-07 15:22:19' , 'GGYOZB85P63H477H', '2022-03-07 19:22:19', '2022-03-07 15:22:19', NULL, NULL);
INSERT INTO prodotto  VALUES (15, '2022-05-19', '2022-03-07 15:22:19' , 12, 12 );
INSERT INTO prodotto  VALUES (16, NULL, '2022-03-07 15:22:19' , 50, 27 );
INSERT INTO prodotto  VALUES (17, '2022-05-21', '2022-03-07 15:22:19' , 0, 29 );
INSERT INTO prodotto  VALUES (18, '2022-04-20', '2022-03-07 15:22:19' , 8, 27 );
INSERT INTO prodotto  VALUES (19, NULL, '2022-03-07 15:22:19' , 41, 1 );
INSERT INTO prodotto  VALUES (20, '2022-03-25', '2022-03-07 15:22:19' , 6, 8 );
INSERT INTO prodotto  VALUES (21, NULL, '2022-03-07 15:22:19' , 38, 34 );
INSERT INTO prodotto  VALUES (22, NULL, '2022-03-07 15:22:19' , 40, 30 );
INSERT INTO prodotto  VALUES (23, NULL, '2022-03-07 15:22:19' , 47, 34 );
INSERT INTO prodotto  VALUES (24, '2022-05-08', '2022-03-07 15:22:19' , 26, 0 );
INSERT INTO prodotto  VALUES (25, '2022-05-10', '2022-03-07 15:22:19' , 17, 15 );
INSERT INTO prodotto  VALUES (26, NULL, '2022-03-07 15:22:19' , 43, 1 );
INSERT INTO prodotto  VALUES (27, '2022-05-17', '2022-03-07 15:22:19' , 6, 4 );
INSERT INTO prodotto  VALUES (28, '2022-05-30', '2022-03-07 15:22:19' , 16, 17 );
INSERT INTO prodotto  VALUES (29, '2022-04-09', '2022-03-07 15:22:19' , 25, 10 );
INSERT INTO appuntamento  VALUES ('2022-03-12 19:47:17', 44,  3 , 'IFJFRU55C60C969C', 1 );
INSERT INTO turno  VALUES ('2022-03-12 19:47:17' , 'GNRWFE66B54F186I', '2022-03-12 23:47:17', '2022-03-12 19:47:17', NULL, NULL);
INSERT INTO prodotto  VALUES (30, '2022-05-14', '2022-03-12 19:47:17' , 23, 25 );
INSERT INTO prodotto  VALUES (31, '2022-05-18', '2022-03-12 19:47:17' , 26, 34 );
INSERT INTO prodotto  VALUES (32, '2022-05-18', '2022-03-12 19:47:17' , 21, 25 );
INSERT INTO prodotto  VALUES (33, NULL, '2022-03-12 19:47:17' , 45, 27 );
INSERT INTO prodotto  VALUES (34, '2022-05-11', '2022-03-12 19:47:17' , 15, 11 );
INSERT INTO prodotto  VALUES (35, '2022-05-15', '2022-03-12 19:47:17' , 4, 12 );
INSERT INTO prodotto  VALUES (36, '2022-04-01', '2022-03-12 19:47:17' , 20, 10 );
INSERT INTO prodotto  VALUES (37, '2022-05-08', '2022-03-12 19:47:17' , 0, 23 );
INSERT INTO prodotto  VALUES (38, '2022-04-23', '2022-03-12 19:47:17' , 22, 26 );
INSERT INTO prodotto  VALUES (39, '2022-04-30', '2022-03-12 19:47:17' , 15, 6 );
INSERT INTO prodotto  VALUES (40, '2022-05-06', '2022-03-12 19:47:17' , 30, 12 );
INSERT INTO prodotto  VALUES (41, '2022-03-15', '2022-03-12 19:47:17' , 36, 11 );
INSERT INTO prodotto  VALUES (42, NULL, '2022-03-12 19:47:17' , 39, 33 );
INSERT INTO prodotto  VALUES (43, '2022-05-07', '2022-03-12 19:47:17' , 3, 18 );
INSERT INTO appuntamento  VALUES ('2022-03-28 14:01:16', 36,  2 , 'JIAOXX32C48M341W', 11 );
INSERT INTO turno  VALUES ('2022-03-28 14:01:16' , 'CXAHYK02D06L359J', '2022-03-28 18:01:16', '2022-03-28 14:01:16', NULL, NULL);
INSERT INTO prodotto  VALUES (44, '2022-04-27', '2022-03-28 14:01:16' , 18, 0 );
INSERT INTO prodotto  VALUES (45, NULL, '2022-03-28 14:01:16' , 44, 8 );
INSERT INTO prodotto  VALUES (46, NULL, '2022-03-28 14:01:16' , 44, 15 );
INSERT INTO prodotto  VALUES (47, NULL, '2022-03-28 14:01:16' , 45, 23 );
INSERT INTO prodotto  VALUES (48, NULL, '2022-03-28 14:01:16' , 37, 3 );
INSERT INTO prodotto  VALUES (49, '2022-05-30', '2022-03-28 14:01:16' , 9, 8 );
INSERT INTO prodotto  VALUES (50, '2022-04-17', '2022-03-28 14:01:16' , 6, 28 );
INSERT INTO prodotto  VALUES (51, NULL, '2022-03-28 14:01:16' , 38, 34 );
INSERT INTO prodotto  VALUES (52, NULL, '2022-03-28 14:01:16' , 37, 15 );
INSERT INTO appuntamento  VALUES ('2022-03-26 14:57:04', 46,  0 , 'PEBWLQ49M22F070C', 19 );
INSERT INTO turno  VALUES ('2022-03-26 14:57:04' , 'BBITNN40E57H523L', '2022-03-26 18:57:04', '2022-03-26 14:57:04', NULL, NULL);
INSERT INTO prodotto  VALUES (53, '2022-03-29', '2022-03-26 14:57:04' , 13, 6 );
INSERT INTO prodotto  VALUES (54, NULL, '2022-03-26 14:57:04' , 37, 26 );
INSERT INTO prodotto  VALUES (55, '2022-05-14', '2022-03-26 14:57:04' , 19, 6 );
INSERT INTO prodotto  VALUES (56, '2022-03-31', '2022-03-26 14:57:04' , 28, 2 );
INSERT INTO prodotto  VALUES (57, '2022-04-28', '2022-03-26 14:57:04' , 8, 19 );
INSERT INTO prodotto  VALUES (58, NULL, '2022-03-26 14:57:04' , 46, 27 );
INSERT INTO prodotto  VALUES (59, NULL, '2022-03-26 14:57:04' , 43, 4 );
INSERT INTO prodotto  VALUES (60, '2022-05-26', '2022-03-26 14:57:04' , 31, 19 );
INSERT INTO prodotto  VALUES (61, NULL, '2022-03-26 14:57:04' , 47, 6 );
INSERT INTO prodotto  VALUES (62, '2022-04-29', '2022-03-26 14:57:04' , 19, 8 );
INSERT INTO prodotto  VALUES (63, '2022-05-05', '2022-03-26 14:57:04' , 26, 4 );
INSERT INTO prodotto  VALUES (64, '2022-05-01', '2022-03-26 14:57:04' , 25, 22 );
INSERT INTO prodotto  VALUES (65, '2022-05-29', '2022-03-26 14:57:04' , 13, 22 );
INSERT INTO appuntamento  VALUES ('2022-03-09 13:13:27', 58,  8 , 'HMGCGL46C41F965L', 13 );
INSERT INTO turno  VALUES ('2022-03-09 13:13:27' , 'TSGRWL56E48L882J', '2022-03-09 17:13:27', '2022-03-09 13:13:27', NULL, NULL);
INSERT INTO prodotto  VALUES (66, '2022-04-29', '2022-03-09 13:13:27' , 25, 13 );
INSERT INTO prodotto  VALUES (67, '2022-05-18', '2022-03-09 13:13:27' , 5, 9 );
INSERT INTO prodotto  VALUES (68, NULL, '2022-03-09 13:13:27' , 48, 10 );
INSERT INTO prodotto  VALUES (69, NULL, '2022-03-09 13:13:27' , 42, 10 );
INSERT INTO prodotto  VALUES (70, '2022-05-25', '2022-03-09 13:13:27' , 16, 27 );
INSERT INTO prodotto  VALUES (71, '2022-05-21', '2022-03-09 13:13:27' , 21, 27 );
INSERT INTO prodotto  VALUES (72, '2022-03-23', '2022-03-09 13:13:27' , 36, 30 );
INSERT INTO prodotto  VALUES (73, '2022-04-01', '2022-03-09 13:13:27' , 17, 33 );
INSERT INTO prodotto  VALUES (74, '2022-04-28', '2022-03-09 13:13:27' , 25, 1 );
INSERT INTO prodotto  VALUES (75, '2022-05-02', '2022-03-09 13:13:27' , 22, 18 );
INSERT INTO prodotto  VALUES (76, '2022-04-29', '2022-03-09 13:13:27' , 20, 4 );
INSERT INTO prodotto  VALUES (77, '2022-04-19', '2022-03-09 13:13:27' , 1, 2 );
INSERT INTO prodotto  VALUES (78, '2022-04-18', '2022-03-09 13:13:27' , 5, 1 );
INSERT INTO prodotto  VALUES (79, '2022-04-25', '2022-03-09 13:13:27' , 24, 0 );
INSERT INTO prodotto  VALUES (80, '2022-04-28', '2022-03-09 13:13:27' , 23, 25 );
INSERT INTO appuntamento  VALUES ('2022-03-17 06:13:28', 37,  1 , 'THPDKJ20B56E498A', 2 );
INSERT INTO turno  VALUES ('2022-03-17 06:13:28' , 'PDVVJL28A67C938V', '2022-03-17 10:13:28', '2022-03-17 06:13:28', NULL, NULL);
INSERT INTO prodotto  VALUES (81, NULL, '2022-03-17 06:13:28' , 50, 22 );
INSERT INTO prodotto  VALUES (82, '2022-03-25', '2022-03-17 06:13:28' , 24, 32 );
INSERT INTO prodotto  VALUES (83, '2022-05-18', '2022-03-17 06:13:28' , 26, 14 );
INSERT INTO prodotto  VALUES (84, '2022-05-16', '2022-03-17 06:13:28' , 14, 0 );
INSERT INTO prodotto  VALUES (85, '2022-05-19', '2022-03-17 06:13:28' , 6, 9 );
INSERT INTO prodotto  VALUES (86, '2022-05-10', '2022-03-17 06:13:28' , 12, 22 );
INSERT INTO prodotto  VALUES (87, '2022-04-06', '2022-03-17 06:13:28' , 28, 7 );
INSERT INTO prodotto  VALUES (88, NULL, '2022-03-17 06:13:28' , 50, 3 );
INSERT INTO prodotto  VALUES (89, '2022-05-30', '2022-03-17 06:13:28' , 26, 33 );
INSERT INTO prodotto  VALUES (90, '2022-03-18', '2022-03-17 06:13:28' , 16, 14 );
INSERT INTO prodotto  VALUES (91, '2022-03-25', '2022-03-17 06:13:28' , 7, 20 );
INSERT INTO prodotto  VALUES (92, '2022-03-29', '2022-03-17 06:13:28' , 18, 10 );
INSERT INTO appuntamento  VALUES ('2022-03-06 17:02:05', 55,  6 , 'SMZTEZ40T09C149P', 24 );
INSERT INTO turno  VALUES ('2022-03-06 17:02:05' , 'SHRNGE41A65L231E', '2022-03-06 21:02:05', '2022-03-06 17:02:05', NULL, NULL);
INSERT INTO prodotto  VALUES (93, NULL, '2022-03-06 17:02:05' , 43, 23 );
INSERT INTO prodotto  VALUES (94, '2022-04-06', '2022-03-06 17:02:05' , 8, 9 );
INSERT INTO prodotto  VALUES (95, '2022-05-29', '2022-03-06 17:02:05' , 25, 7 );
INSERT INTO prodotto  VALUES (96, NULL, '2022-03-06 17:02:05' , 41, 0 );
INSERT INTO prodotto  VALUES (97, '2022-05-12', '2022-03-06 17:02:05' , 2, 8 );
INSERT INTO prodotto  VALUES (98, '2022-04-28', '2022-03-06 17:02:05' , 4, 13 );
INSERT INTO prodotto  VALUES (99, '2022-04-05', '2022-03-06 17:02:05' , 18, 7 );
INSERT INTO prodotto  VALUES (100, NULL, '2022-03-06 17:02:05' , 40, 9 );
INSERT INTO prodotto  VALUES (101, '2022-05-14', '2022-03-06 17:02:05' , 13, 15 );
INSERT INTO prodotto  VALUES (102, NULL, '2022-03-06 17:02:05' , 43, 8 );
INSERT INTO prodotto  VALUES (103, '2022-04-06', '2022-03-06 17:02:05' , 26, 4 );
INSERT INTO prodotto  VALUES (104, NULL, '2022-03-06 17:02:05' , 42, 19 );
INSERT INTO prodotto  VALUES (105, '2022-05-08', '2022-03-06 17:02:05' , 23, 27 );
INSERT INTO prodotto  VALUES (106, NULL, '2022-03-06 17:02:05' , 43, 0 );
INSERT INTO prodotto  VALUES (107, '2022-04-21', '2022-03-06 17:02:05' , 1, 7 );
INSERT INTO appuntamento  VALUES ('2022-03-19 20:46:17', 46,  2 , 'TBTJRW20H22E195T', 16 );
INSERT INTO turno  VALUES ('2022-03-19 20:46:17' , 'QGMYEV02R53A827P', '2022-03-20 00:46:17', '2022-03-19 20:46:17', NULL, NULL);
INSERT INTO prodotto  VALUES (108, NULL, '2022-03-19 20:46:17' , 38, 6 );
INSERT INTO prodotto  VALUES (109, NULL, '2022-03-19 20:46:17' , 43, 17 );
INSERT INTO prodotto  VALUES (110, '2022-04-13', '2022-03-19 20:46:17' , 7, 28 );
INSERT INTO prodotto  VALUES (111, '2022-04-08', '2022-03-19 20:46:17' , 35, 14 );
INSERT INTO prodotto  VALUES (112, '2022-04-01', '2022-03-19 20:46:17' , 28, 6 );
INSERT INTO prodotto  VALUES (113, '2022-04-18', '2022-03-19 20:46:17' , 3, 2 );
INSERT INTO prodotto  VALUES (114, '2022-04-02', '2022-03-19 20:46:17' , 2, 7 );
INSERT INTO prodotto  VALUES (115, '2022-05-05', '2022-03-19 20:46:17' , 21, 31 );
INSERT INTO prodotto  VALUES (116, '2022-04-18', '2022-03-19 20:46:17' , 19, 34 );
INSERT INTO prodotto  VALUES (117, '2022-04-23', '2022-03-19 20:46:17' , 15, 33 );
INSERT INTO prodotto  VALUES (118, NULL, '2022-03-19 20:46:17' , 49, 19 );
INSERT INTO prodotto  VALUES (119, '2022-04-28', '2022-03-19 20:46:17' , 3, 7 );
INSERT INTO prodotto  VALUES (120, '2022-04-24', '2022-03-19 20:46:17' , 10, 5 );
INSERT INTO prodotto  VALUES (121, '2022-05-10', '2022-03-19 20:46:17' , 16, 8 );
INSERT INTO prodotto  VALUES (122, '2022-04-03', '2022-03-19 20:46:17' , 25, 1 );
INSERT INTO appuntamento  VALUES ('2022-03-10 15:27:26', 46,  1 , 'BEVQFI59R09G872J', 3 );
INSERT INTO turno  VALUES ('2022-03-10 15:27:26' , 'RCVBRB85A64I682C', '2022-03-10 19:27:26', '2022-03-10 15:27:26', NULL, NULL);
INSERT INTO prodotto  VALUES (123, '2022-05-13', '2022-03-10 15:27:26' , 28, 28 );
INSERT INTO prodotto  VALUES (124, NULL, '2022-03-10 15:27:26' , 45, 30 );
INSERT INTO prodotto  VALUES (125, '2022-05-29', '2022-03-10 15:27:26' , 30, 22 );
INSERT INTO prodotto  VALUES (126, '2022-05-30', '2022-03-10 15:27:26' , 36, 18 );
INSERT INTO prodotto  VALUES (127, '2022-04-13', '2022-03-10 15:27:26' , 31, 1 );
INSERT INTO prodotto  VALUES (128, NULL, '2022-03-10 15:27:26' , 50, 6 );
INSERT INTO prodotto  VALUES (129, '2022-03-31', '2022-03-10 15:27:26' , 26, 30 );
INSERT INTO prodotto  VALUES (130, NULL, '2022-03-10 15:27:26' , 45, 16 );
INSERT INTO prodotto  VALUES (131, NULL, '2022-03-10 15:27:26' , 41, 9 );
INSERT INTO prodotto  VALUES (132, '2022-05-01', '2022-03-10 15:27:26' , 19, 30 );
INSERT INTO prodotto  VALUES (133, NULL, '2022-03-10 15:27:26' , 42, 21 );
INSERT INTO prodotto  VALUES (134, '2022-05-26', '2022-03-10 15:27:26' , 13, 10 );
INSERT INTO prodotto  VALUES (135, '2022-03-26', '2022-03-10 15:27:26' , 0, 7 );
INSERT INTO prodotto  VALUES (136, '2022-04-16', '2022-03-10 15:27:26' , 17, 15 );
INSERT INTO prodotto  VALUES (137, '2022-04-04', '2022-03-10 15:27:26' , 27, 17 );
INSERT INTO appuntamento  VALUES ('2022-03-20 19:24:10', 60,  12 , 'BJQZOS40R48F756V', 15 );
INSERT INTO turno  VALUES ('2022-03-20 19:24:10' , 'CULPZG30T56B267N', '2022-03-20 23:24:10', '2022-03-20 19:24:10', NULL, NULL);
INSERT INTO prodotto  VALUES (138, NULL, '2022-03-20 19:24:10' , 39, 26 );
INSERT INTO prodotto  VALUES (139, '2022-05-27', '2022-03-20 19:24:10' , 30, 24 );
INSERT INTO prodotto  VALUES (140, '2022-05-11', '2022-03-20 19:24:10' , 27, 28 );
INSERT INTO prodotto  VALUES (141, '2022-03-29', '2022-03-20 19:24:10' , 22, 34 );
INSERT INTO prodotto  VALUES (142, '2022-04-10', '2022-03-20 19:24:10' , 30, 14 );
INSERT INTO prodotto  VALUES (143, NULL, '2022-03-20 19:24:10' , 41, 1 );
INSERT INTO prodotto  VALUES (144, '2022-04-11', '2022-03-20 19:24:10' , 28, 34 );
INSERT INTO prodotto  VALUES (145, '2022-04-08', '2022-03-20 19:24:10' , 33, 20 );
INSERT INTO prodotto  VALUES (146, '2022-05-10', '2022-03-20 19:24:10' , 4, 19 );
INSERT INTO prodotto  VALUES (147, '2022-03-23', '2022-03-20 19:24:10' , 26, 3 );
INSERT INTO prodotto  VALUES (148, '2022-04-08', '2022-03-20 19:24:10' , 27, 17 );
INSERT INTO prodotto  VALUES (149, NULL, '2022-03-20 19:24:10' , 44, 33 );
INSERT INTO prodotto  VALUES (150, '2022-05-25', '2022-03-20 19:24:10' , 31, 17 );
INSERT INTO prodotto  VALUES (151, '2022-05-16', '2022-03-20 19:24:10' , 7, 18 );
INSERT INTO prodotto  VALUES (152, '2022-04-15', '2022-03-20 19:24:10' , 19, 9 );
INSERT INTO appuntamento  VALUES ('2022-03-01 03:36:50', 56,  10 , 'ZJUXMO42D56B217J', 28 );
INSERT INTO turno  VALUES ('2022-03-01 03:36:50' , 'GNRWFE66B54F186I', '2022-03-01 07:36:50', '2022-03-01 03:36:50', NULL, NULL);
INSERT INTO prodotto  VALUES (153, '2022-03-02', '2022-03-01 03:36:50' , 18, 5 );
INSERT INTO prodotto  VALUES (154, NULL, '2022-03-01 03:36:50' , 47, 3 );
INSERT INTO prodotto  VALUES (155, '2022-04-07', '2022-03-01 03:36:50' , 21, 26 );
INSERT INTO prodotto  VALUES (156, '2022-04-30', '2022-03-01 03:36:50' , 1, 9 );
INSERT INTO prodotto  VALUES (157, NULL, '2022-03-01 03:36:50' , 40, 31 );
INSERT INTO prodotto  VALUES (158, '2022-05-26', '2022-03-01 03:36:50' , 0, 26 );
INSERT INTO prodotto  VALUES (159, '2022-05-03', '2022-03-01 03:36:50' , 35, 5 );
INSERT INTO prodotto  VALUES (160, '2022-05-04', '2022-03-01 03:36:50' , 30, 15 );
INSERT INTO prodotto  VALUES (161, '2022-05-31', '2022-03-01 03:36:50' , 36, 14 );
INSERT INTO prodotto  VALUES (162, '2022-04-20', '2022-03-01 03:36:50' , 12, 25 );
INSERT INTO prodotto  VALUES (163, '2022-05-16', '2022-03-01 03:36:50' , 27, 32 );
INSERT INTO prodotto  VALUES (164, NULL, '2022-03-01 03:36:50' , 41, 34 );
INSERT INTO prodotto  VALUES (165, '2022-03-12', '2022-03-01 03:36:50' , 15, 22 );
INSERT INTO prodotto  VALUES (166, '2022-05-09', '2022-03-01 03:36:50' , 2, 12 );
INSERT INTO prodotto  VALUES (167, '2022-03-05', '2022-03-01 03:36:50' , 22, 16 );
INSERT INTO appuntamento  VALUES ('2022-03-14 04:54:05', 42,  0 , 'OSOJZL54R43E863Z', 12 );
INSERT INTO turno  VALUES ('2022-03-14 04:54:05' , 'LVHVII61R27H634L', '2022-03-14 08:54:05', '2022-03-14 04:54:05', NULL, NULL);
INSERT INTO prodotto  VALUES (168, NULL, '2022-03-14 04:54:05' , 48, 5 );
INSERT INTO prodotto  VALUES (169, NULL, '2022-03-14 04:54:05' , 39, 5 );
INSERT INTO prodotto  VALUES (170, '2022-05-16', '2022-03-14 04:54:05' , 5, 6 );
INSERT INTO prodotto  VALUES (171, NULL, '2022-03-14 04:54:05' , 50, 7 );
INSERT INTO prodotto  VALUES (172, NULL, '2022-03-14 04:54:05' , 51, 32 );
INSERT INTO prodotto  VALUES (173, '2022-03-22', '2022-03-14 04:54:05' , 4, 34 );
INSERT INTO prodotto  VALUES (174, NULL, '2022-03-14 04:54:05' , 50, 0 );
INSERT INTO prodotto  VALUES (175, '2022-04-07', '2022-03-14 04:54:05' , 6, 31 );
INSERT INTO prodotto  VALUES (176, '2022-05-04', '2022-03-14 04:54:05' , 33, 17 );
INSERT INTO prodotto  VALUES (177, '2022-03-20', '2022-03-14 04:54:05' , 32, 5 );
INSERT INTO prodotto  VALUES (178, NULL, '2022-03-14 04:54:05' , 44, 33 );
INSERT INTO prodotto  VALUES (179, '2022-05-17', '2022-03-14 04:54:05' , 7, 11 );
INSERT INTO prodotto  VALUES (180, '2022-04-25', '2022-03-14 04:54:05' , 29, 7 );
INSERT INTO prodotto  VALUES (181, '2022-04-29', '2022-03-14 04:54:05' , 12, 2 );
INSERT INTO appuntamento  VALUES ('2022-03-29 20:24:18', 59,  17 , 'UJTKGB97M20G284M', 14 );
INSERT INTO turno  VALUES ('2022-03-29 20:24:18' , 'CJHNVV26D57L961X', '2022-03-30 00:24:18', '2022-03-29 20:24:18', NULL, NULL);
INSERT INTO prodotto  VALUES (182, NULL, '2022-03-29 20:24:18' , 39, 12 );
INSERT INTO prodotto  VALUES (183, '2022-04-24', '2022-03-29 20:24:18' , 13, 33 );
INSERT INTO prodotto  VALUES (184, '2022-04-10', '2022-03-29 20:24:18' , 29, 32 );
INSERT INTO prodotto  VALUES (185, '2022-03-30', '2022-03-29 20:24:18' , 2, 23 );
INSERT INTO prodotto  VALUES (186, NULL, '2022-03-29 20:24:18' , 45, 11 );
INSERT INTO prodotto  VALUES (187, '2022-05-19', '2022-03-29 20:24:18' , 22, 22 );
INSERT INTO prodotto  VALUES (188, '2022-05-17', '2022-03-29 20:24:18' , 26, 4 );
INSERT INTO prodotto  VALUES (189, '2022-04-26', '2022-03-29 20:24:18' , 26, 26 );
INSERT INTO prodotto  VALUES (190, '2022-04-01', '2022-03-29 20:24:18' , 13, 14 );
INSERT INTO prodotto  VALUES (191, NULL, '2022-03-29 20:24:18' , 46, 18 );
INSERT INTO prodotto  VALUES (192, '2022-04-04', '2022-03-29 20:24:18' , 35, 2 );
INSERT INTO prodotto  VALUES (193, '2022-05-19', '2022-03-29 20:24:18' , 36, 17 );
INSERT INTO prodotto  VALUES (194, '2022-04-14', '2022-03-29 20:24:18' , 8, 27 );
INSERT INTO prodotto  VALUES (195, NULL, '2022-03-29 20:24:18' , 48, 18 );
INSERT INTO prodotto  VALUES (196, '2022-04-05', '2022-03-29 20:24:18' , 7, 16 );
INSERT INTO appuntamento  VALUES ('2022-03-11 00:17:18', 38,  3 , 'QJUIPQ45D02L149Q', 7 );
INSERT INTO turno  VALUES ('2022-03-11 00:17:18' , 'CJHNVV26D57L961X', '2022-03-11 04:17:18', '2022-03-11 00:17:18', NULL, NULL);
INSERT INTO prodotto  VALUES (197, '2022-04-09', '2022-03-11 00:17:18' , 5, 29 );
INSERT INTO prodotto  VALUES (198, '2022-04-18', '2022-03-11 00:17:18' , 10, 28 );
INSERT INTO prodotto  VALUES (199, '2022-05-14', '2022-03-11 00:17:18' , 16, 15 );
INSERT INTO prodotto  VALUES (200, '2022-03-26', '2022-03-11 00:17:18' , 10, 7 );
INSERT INTO prodotto  VALUES (201, '2022-03-28', '2022-03-11 00:17:18' , 36, 22 );
INSERT INTO prodotto  VALUES (202, NULL, '2022-03-11 00:17:18' , 50, 20 );
INSERT INTO prodotto  VALUES (203, '2022-05-07', '2022-03-11 00:17:18' , 18, 28 );
INSERT INTO prodotto  VALUES (204, NULL, '2022-03-11 00:17:18' , 44, 9 );
INSERT INTO prodotto  VALUES (205, NULL, '2022-03-11 00:17:18' , 44, 20 );
INSERT INTO prodotto  VALUES (206, '2022-03-16', '2022-03-11 00:17:18' , 18, 21 );
INSERT INTO prodotto  VALUES (207, '2022-04-26', '2022-03-11 00:17:18' , 36, 1 );
INSERT INTO prodotto  VALUES (208, '2022-04-17', '2022-03-11 00:17:18' , 8, 26 );
INSERT INTO appuntamento  VALUES ('2022-04-03 01:55:30', 44,  1 , 'IFJFRU55C60C969C', 1 );
INSERT INTO turno  VALUES ('2022-04-03 01:55:30' , 'CGNUTY75M07F867L', '2022-04-03 05:55:30', '2022-04-03 01:55:30', NULL, NULL);
INSERT INTO prodotto  VALUES (209, '2022-04-13', '2022-04-03 01:55:30' , 23, 31 );
INSERT INTO prodotto  VALUES (210, NULL, '2022-04-03 01:55:30' , 47, 5 );
INSERT INTO prodotto  VALUES (211, '2022-05-01', '2022-04-03 01:55:30' , 6, 4 );
INSERT INTO prodotto  VALUES (212, NULL, '2022-04-03 01:55:30' , 50, 9 );
INSERT INTO prodotto  VALUES (213, '2022-04-09', '2022-04-03 01:55:30' , 15, 32 );
INSERT INTO prodotto  VALUES (214, '2022-05-02', '2022-04-03 01:55:30' , 14, 15 );
INSERT INTO prodotto  VALUES (215, '2022-04-07', '2022-04-03 01:55:30' , 17, 12 );
INSERT INTO prodotto  VALUES (216, '2022-04-21', '2022-04-03 01:55:30' , 25, 20 );
INSERT INTO prodotto  VALUES (217, '2022-04-22', '2022-04-03 01:55:30' , 36, 30 );
INSERT INTO prodotto  VALUES (218, NULL, '2022-04-03 01:55:30' , 40, 11 );
INSERT INTO prodotto  VALUES (219, '2022-05-27', '2022-04-03 01:55:30' , 35, 15 );
INSERT INTO prodotto  VALUES (220, NULL, '2022-04-03 01:55:30' , 41, 5 );
INSERT INTO prodotto  VALUES (221, '2022-05-07', '2022-04-03 01:55:30' , 19, 26 );
INSERT INTO prodotto  VALUES (222, '2022-05-12', '2022-04-03 01:55:30' , 28, 22 );
INSERT INTO appuntamento  VALUES ('2022-04-23 09:51:25', 53,  9 , 'OSDHQL35P04A533D', 4 );
INSERT INTO turno  VALUES ('2022-04-23 09:51:25' , 'BMNPUU85B16H301H', '2022-04-23 13:51:25', '2022-04-23 09:51:25', NULL, NULL);
INSERT INTO prodotto  VALUES (223, '2022-05-29', '2022-04-23 09:51:25' , 12, 22 );
INSERT INTO prodotto  VALUES (224, '2022-05-22', '2022-04-23 09:51:25' , 16, 0 );
INSERT INTO prodotto  VALUES (225, NULL, '2022-04-23 09:51:25' , 45, 2 );
INSERT INTO prodotto  VALUES (226, NULL, '2022-04-23 09:51:25' , 49, 7 );
INSERT INTO prodotto  VALUES (227, '2022-05-26', '2022-04-23 09:51:25' , 29, 26 );
INSERT INTO prodotto  VALUES (228, '2022-05-28', '2022-04-23 09:51:25' , 26, 29 );
INSERT INTO prodotto  VALUES (229, '2022-05-02', '2022-04-23 09:51:25' , 20, 22 );
INSERT INTO prodotto  VALUES (230, '2022-05-29', '2022-04-23 09:51:25' , 30, 30 );
INSERT INTO prodotto  VALUES (231, NULL, '2022-04-23 09:51:25' , 49, 30 );
INSERT INTO prodotto  VALUES (232, '2022-04-24', '2022-04-23 09:51:25' , 25, 8 );
INSERT INTO prodotto  VALUES (233, '2022-04-25', '2022-04-23 09:51:25' , 6, 25 );
INSERT INTO prodotto  VALUES (234, NULL, '2022-04-23 09:51:25' , 48, 4 );
INSERT INTO prodotto  VALUES (235, NULL, '2022-04-23 09:51:25' , 40, 19 );
INSERT INTO prodotto  VALUES (236, '2022-05-14', '2022-04-23 09:51:25' , 5, 10 );
INSERT INTO prodotto  VALUES (237, '2022-05-10', '2022-04-23 09:51:25' , 8, 17 );
INSERT INTO appuntamento  VALUES ('2022-04-04 08:04:03', 38,  1 , 'AWUWOX65B63F656M', 7 );
INSERT INTO turno  VALUES ('2022-04-04 08:04:03' , 'EGQHJW94M52A984G', '2022-04-04 12:04:03', '2022-04-04 08:04:03', NULL, NULL);
INSERT INTO prodotto  VALUES (238, '2022-05-25', '2022-04-04 08:04:03' , 0, 17 );
INSERT INTO prodotto  VALUES (239, '2022-04-10', '2022-04-04 08:04:03' , 32, 26 );
INSERT INTO prodotto  VALUES (240, '2022-04-12', '2022-04-04 08:04:03' , 35, 16 );
INSERT INTO prodotto  VALUES (241, '2022-05-15', '2022-04-04 08:04:03' , 31, 0 );
INSERT INTO prodotto  VALUES (242, '2022-04-19', '2022-04-04 08:04:03' , 26, 21 );
INSERT INTO prodotto  VALUES (243, NULL, '2022-04-04 08:04:03' , 40, 22 );
INSERT INTO prodotto  VALUES (244, '2022-04-09', '2022-04-04 08:04:03' , 4, 23 );
INSERT INTO prodotto  VALUES (245, '2022-04-19', '2022-04-04 08:04:03' , 9, 31 );
INSERT INTO prodotto  VALUES (246, NULL, '2022-04-04 08:04:03' , 43, 1 );
INSERT INTO prodotto  VALUES (247, '2022-04-15', '2022-04-04 08:04:03' , 2, 29 );
INSERT INTO prodotto  VALUES (248, '2022-04-15', '2022-04-04 08:04:03' , 3, 26 );
INSERT INTO prodotto  VALUES (249, NULL, '2022-04-04 08:04:03' , 46, 32 );
INSERT INTO prodotto  VALUES (250, '2022-05-16', '2022-04-04 08:04:03' , 19, 6 );
INSERT INTO prodotto  VALUES (251, NULL, '2022-04-04 08:04:03' , 43, 27 );
INSERT INTO appuntamento  VALUES ('2022-04-26 17:15:56', 47,  3 , 'LRBFAG88T48E248Z', 20 );
INSERT INTO turno  VALUES ('2022-04-26 17:15:56' , 'ECBENX75A44D246R', '2022-04-26 21:15:56', '2022-04-26 17:15:56', NULL, NULL);
INSERT INTO prodotto  VALUES (252, '2022-05-24', '2022-04-26 17:15:56' , 8, 21 );
INSERT INTO prodotto  VALUES (253, '2022-05-15', '2022-04-26 17:15:56' , 21, 10 );
INSERT INTO prodotto  VALUES (254, '2022-04-30', '2022-04-26 17:15:56' , 16, 0 );
INSERT INTO prodotto  VALUES (255, '2022-05-24', '2022-04-26 17:15:56' , 23, 6 );
INSERT INTO prodotto  VALUES (256, NULL, '2022-04-26 17:15:56' , 47, 3 );
INSERT INTO prodotto  VALUES (257, '2022-05-29', '2022-04-26 17:15:56' , 12, 6 );
INSERT INTO prodotto  VALUES (258, '2022-05-05', '2022-04-26 17:15:56' , 3, 18 );
INSERT INTO prodotto  VALUES (259, '2022-05-24', '2022-04-26 17:15:56' , 19, 11 );
INSERT INTO prodotto  VALUES (260, '2022-04-29', '2022-04-26 17:15:56' , 27, 31 );
INSERT INTO prodotto  VALUES (261, '2022-05-30', '2022-04-26 17:15:56' , 33, 34 );
INSERT INTO prodotto  VALUES (262, '2022-05-18', '2022-04-26 17:15:56' , 21, 23 );
INSERT INTO prodotto  VALUES (263, '2022-05-31', '2022-04-26 17:15:56' , 34, 18 );
INSERT INTO appuntamento  VALUES ('2022-04-03 01:43:23', 46,  4 , 'CQZFDI90D13E665I', 16 );
INSERT INTO turno  VALUES ('2022-04-03 01:43:23' , 'TSGRWL56E48L882J', '2022-04-03 05:43:23', '2022-04-03 01:43:23', NULL, NULL);
INSERT INTO prodotto  VALUES (264, '2022-04-06', '2022-04-03 01:43:23' , 36, 11 );
INSERT INTO prodotto  VALUES (265, '2022-05-17', '2022-04-03 01:43:23' , 3, 30 );
INSERT INTO prodotto  VALUES (266, '2022-05-12', '2022-04-03 01:43:23' , 9, 5 );
INSERT INTO prodotto  VALUES (267, '2022-05-20', '2022-04-03 01:43:23' , 11, 4 );
INSERT INTO prodotto  VALUES (268, NULL, '2022-04-03 01:43:23' , 48, 4 );
INSERT INTO prodotto  VALUES (269, '2022-05-09', '2022-04-03 01:43:23' , 6, 19 );
INSERT INTO prodotto  VALUES (270, NULL, '2022-04-03 01:43:23' , 48, 1 );
INSERT INTO prodotto  VALUES (271, NULL, '2022-04-03 01:43:23' , 46, 17 );
INSERT INTO prodotto  VALUES (272, '2022-04-21', '2022-04-03 01:43:23' , 21, 31 );
INSERT INTO prodotto  VALUES (273, '2022-05-07', '2022-04-03 01:43:23' , 13, 2 );
INSERT INTO prodotto  VALUES (274, '2022-05-01', '2022-04-03 01:43:23' , 21, 18 );
INSERT INTO prodotto  VALUES (275, '2022-04-14', '2022-04-03 01:43:23' , 3, 28 );
INSERT INTO prodotto  VALUES (276, '2022-04-19', '2022-04-03 01:43:23' , 7, 2 );
INSERT INTO prodotto  VALUES (277, '2022-04-28', '2022-04-03 01:43:23' , 12, 8 );
INSERT INTO appuntamento  VALUES ('2022-04-20 11:45:41', 38,  2 , 'KBIXQS00D52L188V', 25 );
INSERT INTO turno  VALUES ('2022-04-20 11:45:41' , 'JSQNMI10E17D102P', '2022-04-20 15:45:41', '2022-04-20 11:45:41', NULL, NULL);
INSERT INTO prodotto  VALUES (278, '2022-05-06', '2022-04-20 11:45:41' , 12, 15 );
INSERT INTO prodotto  VALUES (279, '2022-04-23', '2022-04-20 11:45:41' , 28, 9 );
INSERT INTO prodotto  VALUES (280, '2022-05-05', '2022-04-20 11:45:41' , 6, 0 );
INSERT INTO prodotto  VALUES (281, NULL, '2022-04-20 11:45:41' , 37, 3 );
INSERT INTO prodotto  VALUES (282, '2022-05-02', '2022-04-20 11:45:41' , 20, 3 );
INSERT INTO prodotto  VALUES (283, NULL, '2022-04-20 11:45:41' , 44, 14 );
INSERT INTO prodotto  VALUES (284, '2022-05-11', '2022-04-20 11:45:41' , 25, 14 );
INSERT INTO prodotto  VALUES (285, '2022-05-29', '2022-04-20 11:45:41' , 14, 21 );
INSERT INTO prodotto  VALUES (286, '2022-05-14', '2022-04-20 11:45:41' , 34, 12 );
INSERT INTO appuntamento  VALUES ('2022-04-01 12:49:42', 56,  4 , 'LWBBRK25H15A841F', 28 );
INSERT INTO turno  VALUES ('2022-04-01 12:49:42' , 'GNRWFE66B54F186I', '2022-04-01 16:49:42', '2022-04-01 12:49:42', NULL, NULL);
INSERT INTO prodotto  VALUES (287, '2022-04-15', '2022-04-01 12:49:42' , 30, 23 );
INSERT INTO prodotto  VALUES (288, '2022-05-23', '2022-04-01 12:49:42' , 34, 24 );
INSERT INTO prodotto  VALUES (289, NULL, '2022-04-01 12:49:42' , 49, 17 );
INSERT INTO prodotto  VALUES (290, '2022-05-11', '2022-04-01 12:49:42' , 29, 5 );
INSERT INTO prodotto  VALUES (291, '2022-04-19', '2022-04-01 12:49:42' , 26, 4 );
INSERT INTO prodotto  VALUES (292, '2022-05-09', '2022-04-01 12:49:42' , 20, 2 );
INSERT INTO prodotto  VALUES (293, '2022-05-30', '2022-04-01 12:49:42' , 30, 24 );
INSERT INTO prodotto  VALUES (294, '2022-05-31', '2022-04-01 12:49:42' , 18, 28 );
INSERT INTO prodotto  VALUES (295, NULL, '2022-04-01 12:49:42' , 46, 14 );
INSERT INTO prodotto  VALUES (296, '2022-04-28', '2022-04-01 12:49:42' , 29, 2 );
INSERT INTO prodotto  VALUES (297, NULL, '2022-04-01 12:49:42' , 43, 31 );
INSERT INTO prodotto  VALUES (298, NULL, '2022-04-01 12:49:42' , 38, 16 );
INSERT INTO prodotto  VALUES (299, '2022-05-03', '2022-04-01 12:49:42' , 22, 22 );
INSERT INTO prodotto  VALUES (300, NULL, '2022-04-01 12:49:42' , 46, 2 );
INSERT INTO prodotto  VALUES (301, '2022-05-14', '2022-04-01 12:49:42' , 17, 11 );
INSERT INTO appuntamento  VALUES ('2022-04-23 08:23:48', 43,  2 , 'KNIKGI23H03I704D', 5 );
INSERT INTO turno  VALUES ('2022-04-23 08:23:48' , 'UAWIOO15P06H354S', '2022-04-23 12:23:48', '2022-04-23 08:23:48', NULL, NULL);
INSERT INTO prodotto  VALUES (302, NULL, '2022-04-23 08:23:48' , 42, 29 );
INSERT INTO prodotto  VALUES (303, NULL, '2022-04-23 08:23:48' , 48, 7 );
INSERT INTO prodotto  VALUES (304, '2022-05-29', '2022-04-23 08:23:48' , 0, 24 );
INSERT INTO prodotto  VALUES (305, '2022-05-23', '2022-04-23 08:23:48' , 33, 22 );
INSERT INTO prodotto  VALUES (306, NULL, '2022-04-23 08:23:48' , 44, 30 );
INSERT INTO prodotto  VALUES (307, '2022-04-25', '2022-04-23 08:23:48' , 21, 28 );
INSERT INTO prodotto  VALUES (308, '2022-05-26', '2022-04-23 08:23:48' , 7, 16 );
INSERT INTO prodotto  VALUES (309, '2022-05-22', '2022-04-23 08:23:48' , 26, 25 );
INSERT INTO prodotto  VALUES (310, '2022-05-27', '2022-04-23 08:23:48' , 26, 0 );
INSERT INTO prodotto  VALUES (311, NULL, '2022-04-23 08:23:48' , 42, 3 );
INSERT INTO prodotto  VALUES (312, '2022-05-09', '2022-04-23 08:23:48' , 25, 5 );
INSERT INTO appuntamento  VALUES ('2022-04-26 22:52:48', 34,  0 , 'KUTKPP05L09F104F', 27 );
INSERT INTO turno  VALUES ('2022-04-26 22:52:48' , 'ERQKOO80E08I054H', '2022-04-27 02:52:48', '2022-04-26 22:52:48', NULL, NULL);
INSERT INTO prodotto  VALUES (313, '2022-05-24', '2022-04-26 22:52:48' , 7, 22 );
INSERT INTO prodotto  VALUES (314, '2022-04-28', '2022-04-26 22:52:48' , 34, 0 );
INSERT INTO prodotto  VALUES (315, '2022-05-26', '2022-04-26 22:52:48' , 34, 4 );
INSERT INTO prodotto  VALUES (316, '2022-05-08', '2022-04-26 22:52:48' , 30, 27 );
INSERT INTO prodotto  VALUES (317, '2022-05-18', '2022-04-26 22:52:48' , 4, 6 );
INSERT INTO prodotto  VALUES (318, '2022-05-25', '2022-04-26 22:52:48' , 8, 10 );
INSERT INTO prodotto  VALUES (319, '2022-04-28', '2022-04-26 22:52:48' , 13, 11 );
INSERT INTO prodotto  VALUES (320, '2022-05-23', '2022-04-26 22:52:48' , 2, 15 );
INSERT INTO prodotto  VALUES (321, NULL, '2022-04-26 22:52:48' , 50, 31 );
INSERT INTO prodotto  VALUES (322, '2022-05-02', '2022-04-26 22:52:48' , 21, 13 );
INSERT INTO prodotto  VALUES (323, '2022-05-08', '2022-04-26 22:52:48' , 5, 3 );
INSERT INTO prodotto  VALUES (324, '2022-05-23', '2022-04-26 22:52:48' , 11, 1 );
INSERT INTO appuntamento  VALUES ('2022-04-14 13:20:41', 58,  16 , 'HMGCGL46C41F965L', 13 );
INSERT INTO turno  VALUES ('2022-04-14 13:20:41' , 'XNXDCS35A08A958K', '2022-04-14 17:20:41', '2022-04-14 13:20:41', NULL, NULL);
INSERT INTO prodotto  VALUES (325, '2022-04-15', '2022-04-14 13:20:41' , 3, 15 );
INSERT INTO prodotto  VALUES (326, '2022-04-20', '2022-04-14 13:20:41' , 36, 30 );
INSERT INTO prodotto  VALUES (327, '2022-05-06', '2022-04-14 13:20:41' , 17, 1 );
INSERT INTO prodotto  VALUES (328, '2022-05-25', '2022-04-14 13:20:41' , 2, 13 );
INSERT INTO prodotto  VALUES (329, NULL, '2022-04-14 13:20:41' , 44, 25 );
INSERT INTO prodotto  VALUES (330, '2022-05-04', '2022-04-14 13:20:41' , 11, 21 );
INSERT INTO prodotto  VALUES (331, '2022-04-18', '2022-04-14 13:20:41' , 36, 28 );
INSERT INTO prodotto  VALUES (332, NULL, '2022-04-14 13:20:41' , 37, 33 );
INSERT INTO prodotto  VALUES (333, '2022-04-21', '2022-04-14 13:20:41' , 34, 20 );
INSERT INTO prodotto  VALUES (334, '2022-05-21', '2022-04-14 13:20:41' , 20, 21 );
INSERT INTO prodotto  VALUES (335, '2022-05-09', '2022-04-14 13:20:41' , 22, 26 );
INSERT INTO prodotto  VALUES (336, '2022-05-28', '2022-04-14 13:20:41' , 33, 11 );
INSERT INTO prodotto  VALUES (337, '2022-05-14', '2022-04-14 13:20:41' , 30, 13 );
INSERT INTO prodotto  VALUES (338, NULL, '2022-04-14 13:20:41' , 40, 5 );
INSERT INTO prodotto  VALUES (339, '2022-05-22', '2022-04-14 13:20:41' , 36, 14 );
INSERT INTO appuntamento  VALUES ('2022-04-16 23:25:23', 37,  0 , 'TUYQJF92R27E288E', 2 );
INSERT INTO turno  VALUES ('2022-04-16 23:25:23' , 'UDFMBW91E13B946Q', '2022-04-17 03:25:23', '2022-04-16 23:25:23', NULL, NULL);
INSERT INTO prodotto  VALUES (340, '2022-04-19', '2022-04-16 23:25:23' , 1, 25 );
INSERT INTO prodotto  VALUES (341, NULL, '2022-04-16 23:25:23' , 38, 15 );
INSERT INTO prodotto  VALUES (342, NULL, '2022-04-16 23:25:23' , 45, 24 );
INSERT INTO prodotto  VALUES (343, '2022-04-24', '2022-04-16 23:25:23' , 6, 20 );
INSERT INTO prodotto  VALUES (344, '2022-05-10', '2022-04-16 23:25:23' , 36, 10 );
INSERT INTO prodotto  VALUES (345, '2022-04-30', '2022-04-16 23:25:23' , 25, 31 );
INSERT INTO prodotto  VALUES (346, NULL, '2022-04-16 23:25:23' , 49, 31 );
INSERT INTO prodotto  VALUES (347, '2022-05-08', '2022-04-16 23:25:23' , 30, 3 );
INSERT INTO prodotto  VALUES (348, '2022-05-18', '2022-04-16 23:25:23' , 6, 30 );
INSERT INTO prodotto  VALUES (349, '2022-05-25', '2022-04-16 23:25:23' , 8, 4 );
INSERT INTO prodotto  VALUES (350, '2022-05-03', '2022-04-16 23:25:23' , 29, 33 );
INSERT INTO prodotto  VALUES (351, '2022-05-04', '2022-04-16 23:25:23' , 32, 13 );
INSERT INTO prodotto  VALUES (352, '2022-04-18', '2022-04-16 23:25:23' , 14, 30 );
INSERT INTO appuntamento  VALUES ('2022-04-07 17:42:51', 46,  0 , 'HWRHWG66C67E860F', 23 );
INSERT INTO turno  VALUES ('2022-04-07 17:42:51' , 'YLIRGZ61S22I689Q', '2022-04-07 21:42:51', '2022-04-07 17:42:51', NULL, NULL);
INSERT INTO prodotto  VALUES (353, '2022-04-28', '2022-04-07 17:42:51' , 7, 3 );
INSERT INTO prodotto  VALUES (354, '2022-05-20', '2022-04-07 17:42:51' , 22, 12 );
INSERT INTO prodotto  VALUES (355, NULL, '2022-04-07 17:42:51' , 45, 10 );
INSERT INTO prodotto  VALUES (356, '2022-04-14', '2022-04-07 17:42:51' , 10, 13 );
INSERT INTO prodotto  VALUES (357, '2022-05-21', '2022-04-07 17:42:51' , 30, 20 );
INSERT INTO prodotto  VALUES (358, '2022-05-15', '2022-04-07 17:42:51' , 33, 24 );
INSERT INTO prodotto  VALUES (359, '2022-05-02', '2022-04-07 17:42:51' , 5, 20 );
INSERT INTO prodotto  VALUES (360, NULL, '2022-04-07 17:42:51' , 44, 3 );
INSERT INTO prodotto  VALUES (361, '2022-04-15', '2022-04-07 17:42:51' , 29, 34 );
INSERT INTO prodotto  VALUES (362, '2022-04-29', '2022-04-07 17:42:51' , 36, 23 );
INSERT INTO prodotto  VALUES (363, '2022-04-10', '2022-04-07 17:42:51' , 18, 7 );
INSERT INTO prodotto  VALUES (364, '2022-05-02', '2022-04-07 17:42:51' , 17, 33 );
INSERT INTO prodotto  VALUES (365, '2022-05-23', '2022-04-07 17:42:51' , 26, 13 );
INSERT INTO prodotto  VALUES (366, '2022-05-23', '2022-04-07 17:42:51' , 33, 0 );
INSERT INTO prodotto  VALUES (367, '2022-05-17', '2022-04-07 17:42:51' , 21, 13 );
INSERT INTO appuntamento  VALUES ('2022-04-15 19:22:06', 54,  14 , 'SKJXLB16R44H509J', 21 );
INSERT INTO turno  VALUES ('2022-04-15 19:22:06' , 'VAVNXV98M04F053X', '2022-04-15 23:22:06', '2022-04-15 19:22:06', NULL, NULL);
INSERT INTO prodotto  VALUES (368, '2022-05-20', '2022-04-15 19:22:06' , 17, 32 );
INSERT INTO prodotto  VALUES (369, NULL, '2022-04-15 19:22:06' , 45, 10 );
INSERT INTO prodotto  VALUES (370, '2022-04-17', '2022-04-15 19:22:06' , 9, 23 );
INSERT INTO prodotto  VALUES (371, '2022-05-08', '2022-04-15 19:22:06' , 4, 11 );
INSERT INTO prodotto  VALUES (372, '2022-04-28', '2022-04-15 19:22:06' , 27, 26 );
INSERT INTO prodotto  VALUES (373, '2022-04-28', '2022-04-15 19:22:06' , 18, 20 );
INSERT INTO prodotto  VALUES (374, NULL, '2022-04-15 19:22:06' , 50, 5 );
INSERT INTO prodotto  VALUES (375, NULL, '2022-04-15 19:22:06' , 41, 24 );
INSERT INTO prodotto  VALUES (376, NULL, '2022-04-15 19:22:06' , 43, 6 );
INSERT INTO prodotto  VALUES (377, '2022-04-25', '2022-04-15 19:22:06' , 0, 21 );
INSERT INTO prodotto  VALUES (378, '2022-05-26', '2022-04-15 19:22:06' , 3, 15 );
INSERT INTO prodotto  VALUES (379, '2022-05-08', '2022-04-15 19:22:06' , 30, 15 );
INSERT INTO prodotto  VALUES (380, '2022-04-25', '2022-04-15 19:22:06' , 5, 15 );
INSERT INTO prodotto  VALUES (381, '2022-05-29', '2022-04-15 19:22:06' , 32, 34 );
INSERT INTO prodotto  VALUES (382, '2022-05-27', '2022-04-15 19:22:06' , 7, 8 );
INSERT INTO appuntamento  VALUES ('2022-04-13 09:30:58', 60,  14 , 'AJSAPT77B05I465N', 29 );
INSERT INTO turno  VALUES ('2022-04-13 09:30:58' , 'PBKUKY79P11A315Z', '2022-04-13 13:30:58', '2022-04-13 09:30:58', NULL, NULL);
INSERT INTO prodotto  VALUES (383, '2022-05-30', '2022-04-13 09:30:58' , 22, 33 );
INSERT INTO prodotto  VALUES (384, '2022-04-18', '2022-04-13 09:30:58' , 22, 23 );
INSERT INTO prodotto  VALUES (385, NULL, '2022-04-13 09:30:58' , 37, 2 );
INSERT INTO prodotto  VALUES (386, '2022-04-15', '2022-04-13 09:30:58' , 30, 11 );
INSERT INTO prodotto  VALUES (387, '2022-04-29', '2022-04-13 09:30:58' , 33, 19 );
INSERT INTO prodotto  VALUES (388, '2022-05-10', '2022-04-13 09:30:58' , 1, 15 );
INSERT INTO prodotto  VALUES (389, '2022-05-20', '2022-04-13 09:30:58' , 10, 30 );
INSERT INTO prodotto  VALUES (390, '2022-04-18', '2022-04-13 09:30:58' , 34, 17 );
INSERT INTO prodotto  VALUES (391, NULL, '2022-04-13 09:30:58' , 46, 12 );
INSERT INTO prodotto  VALUES (392, '2022-05-11', '2022-04-13 09:30:58' , 32, 16 );
INSERT INTO prodotto  VALUES (393, '2022-05-19', '2022-04-13 09:30:58' , 15, 1 );
INSERT INTO prodotto  VALUES (394, '2022-05-01', '2022-04-13 09:30:58' , 24, 19 );
INSERT INTO prodotto  VALUES (395, '2022-04-24', '2022-04-13 09:30:58' , 3, 13 );
INSERT INTO prodotto  VALUES (396, '2022-05-04', '2022-04-13 09:30:58' , 13, 32 );
INSERT INTO prodotto  VALUES (397, NULL, '2022-04-13 09:30:58' , 45, 22 );
INSERT INTO appuntamento  VALUES ('2022-04-02 18:39:00', 46,  4 , 'EECLJV94A51B375A', 19 );
INSERT INTO turno  VALUES ('2022-04-02 18:39:00' , 'WFYEPM07E10L132E', '2022-04-02 22:39:00', '2022-04-02 18:39:00', NULL, NULL);
INSERT INTO prodotto  VALUES (398, '2022-05-06', '2022-04-02 18:39:00' , 8, 19 );
INSERT INTO prodotto  VALUES (399, '2022-04-03', '2022-04-02 18:39:00' , 1, 32 );
INSERT INTO prodotto  VALUES (400, '2022-05-27', '2022-04-02 18:39:00' , 9, 13 );
INSERT INTO prodotto  VALUES (401, '2022-04-15', '2022-04-02 18:39:00' , 18, 21 );
INSERT INTO prodotto  VALUES (402, '2022-04-23', '2022-04-02 18:39:00' , 16, 30 );
INSERT INTO prodotto  VALUES (403, '2022-05-29', '2022-04-02 18:39:00' , 9, 8 );
INSERT INTO prodotto  VALUES (404, '2022-04-28', '2022-04-02 18:39:00' , 19, 30 );
INSERT INTO prodotto  VALUES (405, '2022-04-28', '2022-04-02 18:39:00' , 17, 5 );
INSERT INTO prodotto  VALUES (406, '2022-04-19', '2022-04-02 18:39:00' , 21, 24 );
INSERT INTO prodotto  VALUES (407, '2022-05-31', '2022-04-02 18:39:00' , 35, 13 );
INSERT INTO prodotto  VALUES (408, '2022-05-19', '2022-04-02 18:39:00' , 20, 24 );
INSERT INTO prodotto  VALUES (409, '2022-04-30', '2022-04-02 18:39:00' , 16, 28 );
INSERT INTO prodotto  VALUES (410, '2022-04-09', '2022-04-02 18:39:00' , 6, 16 );
INSERT INTO prodotto  VALUES (411, NULL, '2022-04-02 18:39:00' , 45, 0 );
INSERT INTO appuntamento  VALUES ('2022-05-01 04:43:44', 42,  2 , 'YSCOQT50S46I539T', 12 );
INSERT INTO turno  VALUES ('2022-05-01 04:43:44' , 'EGQHJW94M52A984G', '2022-05-01 08:43:44', '2022-05-01 04:43:44', NULL, NULL);
INSERT INTO prodotto  VALUES (412, '2022-05-18', '2022-05-01 04:43:44' , 5, 31 );
INSERT INTO prodotto  VALUES (413, '2022-05-07', '2022-05-01 04:43:44' , 0, 9 );
INSERT INTO prodotto  VALUES (414, NULL, '2022-05-01 04:43:44' , 43, 20 );
INSERT INTO prodotto  VALUES (415, '2022-05-20', '2022-05-01 04:43:44' , 32, 34 );
INSERT INTO prodotto  VALUES (416, NULL, '2022-05-01 04:43:44' , 48, 4 );
INSERT INTO prodotto  VALUES (417, '2022-05-12', '2022-05-01 04:43:44' , 1, 27 );
INSERT INTO prodotto  VALUES (418, NULL, '2022-05-01 04:43:44' , 42, 1 );
INSERT INTO prodotto  VALUES (419, NULL, '2022-05-01 04:43:44' , 50, 29 );
INSERT INTO prodotto  VALUES (420, '2022-05-14', '2022-05-01 04:43:44' , 31, 6 );
INSERT INTO prodotto  VALUES (421, NULL, '2022-05-01 04:43:44' , 46, 0 );
INSERT INTO prodotto  VALUES (422, '2022-05-27', '2022-05-01 04:43:44' , 25, 33 );
INSERT INTO prodotto  VALUES (423, '2022-05-21', '2022-05-01 04:43:44' , 20, 19 );
INSERT INTO prodotto  VALUES (424, '2022-05-27', '2022-05-01 04:43:44' , 1, 9 );
INSERT INTO prodotto  VALUES (425, '2022-05-07', '2022-05-01 04:43:44' , 8, 25 );
INSERT INTO appuntamento  VALUES ('2022-05-17 21:55:51', 60,  18 , 'UPMTLL50E16B542O', 29 );
INSERT INTO turno  VALUES ('2022-05-17 21:55:51' , 'YZSJLO21M24I319E', '2022-05-18 01:55:51', '2022-05-17 21:55:51', NULL, NULL);
INSERT INTO prodotto  VALUES (426, '2022-05-21', '2022-05-17 21:55:51' , 4, 4 );
INSERT INTO prodotto  VALUES (427, '2022-05-26', '2022-05-17 21:55:51' , 31, 26 );
INSERT INTO prodotto  VALUES (428, '2022-05-26', '2022-05-17 21:55:51' , 3, 33 );
INSERT INTO prodotto  VALUES (429, '2022-05-29', '2022-05-17 21:55:51' , 31, 34 );
INSERT INTO prodotto  VALUES (430, '2022-05-29', '2022-05-17 21:55:51' , 22, 25 );
INSERT INTO prodotto  VALUES (431, NULL, '2022-05-17 21:55:51' , 49, 24 );
INSERT INTO prodotto  VALUES (432, '2022-05-23', '2022-05-17 21:55:51' , 31, 19 );
INSERT INTO prodotto  VALUES (433, '2022-05-26', '2022-05-17 21:55:51' , 24, 21 );
INSERT INTO prodotto  VALUES (434, '2022-05-18', '2022-05-17 21:55:51' , 25, 20 );
INSERT INTO prodotto  VALUES (435, NULL, '2022-05-17 21:55:51' , 39, 13 );
INSERT INTO prodotto  VALUES (436, '2022-05-27', '2022-05-17 21:55:51' , 15, 15 );
INSERT INTO prodotto  VALUES (437, '2022-05-31', '2022-05-17 21:55:51' , 16, 19 );
INSERT INTO prodotto  VALUES (438, NULL, '2022-05-17 21:55:51' , 42, 6 );
INSERT INTO prodotto  VALUES (439, '2022-05-27', '2022-05-17 21:55:51' , 15, 29 );
INSERT INTO prodotto  VALUES (440, '2022-05-31', '2022-05-17 21:55:51' , 22, 7 );
INSERT INTO appuntamento  VALUES ('2022-05-08 09:36:22', 58,  19 , 'DJWSMR41P16E986M', 13 );
INSERT INTO turno  VALUES ('2022-05-08 09:36:22' , 'GGYOZB85P63H477H', '2022-05-08 13:36:22', '2022-05-08 09:36:22', NULL, NULL);
INSERT INTO prodotto  VALUES (441, '2022-05-14', '2022-05-08 09:36:22' , 15, 26 );
INSERT INTO prodotto  VALUES (442, '2022-05-26', '2022-05-08 09:36:22' , 4, 12 );
INSERT INTO prodotto  VALUES (443, NULL, '2022-05-08 09:36:22' , 44, 14 );
INSERT INTO prodotto  VALUES (444, '2022-05-09', '2022-05-08 09:36:22' , 7, 21 );
INSERT INTO prodotto  VALUES (445, '2022-05-27', '2022-05-08 09:36:22' , 10, 27 );
INSERT INTO prodotto  VALUES (446, '2022-05-24', '2022-05-08 09:36:22' , 22, 31 );
INSERT INTO prodotto  VALUES (447, NULL, '2022-05-08 09:36:22' , 45, 20 );
INSERT INTO prodotto  VALUES (448, '2022-05-22', '2022-05-08 09:36:22' , 33, 28 );
INSERT INTO prodotto  VALUES (449, NULL, '2022-05-08 09:36:22' , 42, 18 );
INSERT INTO prodotto  VALUES (450, '2022-05-27', '2022-05-08 09:36:22' , 2, 25 );
INSERT INTO prodotto  VALUES (451, '2022-05-10', '2022-05-08 09:36:22' , 15, 34 );
INSERT INTO prodotto  VALUES (452, '2022-05-28', '2022-05-08 09:36:22' , 36, 24 );
INSERT INTO prodotto  VALUES (453, '2022-05-18', '2022-05-08 09:36:22' , 26, 30 );
INSERT INTO prodotto  VALUES (454, '2022-05-24', '2022-05-08 09:36:22' , 6, 25 );
INSERT INTO prodotto  VALUES (455, '2022-05-24', '2022-05-08 09:36:22' , 34, 24 );
INSERT INTO appuntamento  VALUES ('2022-05-16 08:56:20', 47,  5 , 'LRBFAG88T48E248Z', 20 );
INSERT INTO turno  VALUES ('2022-05-16 08:56:20' , 'TNOTLL41S47F783W', '2022-05-16 12:56:20', '2022-05-16 08:56:20', NULL, NULL);
INSERT INTO prodotto  VALUES (456, '2022-05-24', '2022-05-16 08:56:20' , 8, 12 );
INSERT INTO prodotto  VALUES (457, '2022-05-27', '2022-05-16 08:56:20' , 29, 9 );
INSERT INTO prodotto  VALUES (458, '2022-05-25', '2022-05-16 08:56:20' , 35, 26 );
INSERT INTO prodotto  VALUES (459, '2022-05-26', '2022-05-16 08:56:20' , 33, 32 );
INSERT INTO prodotto  VALUES (460, '2022-05-20', '2022-05-16 08:56:20' , 0, 26 );
INSERT INTO prodotto  VALUES (461, '2022-05-18', '2022-05-16 08:56:20' , 22, 29 );
INSERT INTO prodotto  VALUES (462, NULL, '2022-05-16 08:56:20' , 37, 32 );
INSERT INTO prodotto  VALUES (463, NULL, '2022-05-16 08:56:20' , 40, 14 );
INSERT INTO prodotto  VALUES (464, '2022-05-26', '2022-05-16 08:56:20' , 35, 30 );
INSERT INTO prodotto  VALUES (465, '2022-05-21', '2022-05-16 08:56:20' , 6, 27 );
INSERT INTO prodotto  VALUES (466, '2022-05-17', '2022-05-16 08:56:20' , 1, 10 );
INSERT INTO prodotto  VALUES (467, NULL, '2022-05-16 08:56:20' , 39, 6 );
INSERT INTO prodotto  VALUES (468, '2022-05-21', '2022-05-16 08:56:20' , 33, 18 );
INSERT INTO prodotto  VALUES (469, '2022-05-28', '2022-05-16 08:56:20' , 2, 16 );
INSERT INTO prodotto  VALUES (470, '2022-05-29', '2022-05-16 08:56:20' , 1, 0 );
INSERT INTO appuntamento  VALUES ('2022-05-07 21:35:57', 54,  6 , 'BLNRWP54T66B635N', 18 );
INSERT INTO turno  VALUES ('2022-05-07 21:35:57' , 'TSGRWL56E48L882J', '2022-05-08 01:35:57', '2022-05-07 21:35:57', NULL, NULL);
INSERT INTO prodotto  VALUES (471, '2022-05-20', '2022-05-07 21:35:57' , 33, 22 );
INSERT INTO prodotto  VALUES (472, '2022-05-24', '2022-05-07 21:35:57' , 8, 29 );
INSERT INTO prodotto  VALUES (473, '2022-05-16', '2022-05-07 21:35:57' , 12, 1 );
INSERT INTO prodotto  VALUES (474, '2022-05-13', '2022-05-07 21:35:57' , 27, 6 );
INSERT INTO prodotto  VALUES (475, '2022-05-27', '2022-05-07 21:35:57' , 19, 28 );
INSERT INTO prodotto  VALUES (476, '2022-05-31', '2022-05-07 21:35:57' , 6, 17 );
INSERT INTO prodotto  VALUES (477, NULL, '2022-05-07 21:35:57' , 42, 4 );
INSERT INTO prodotto  VALUES (478, '2022-05-17', '2022-05-07 21:35:57' , 4, 9 );
INSERT INTO prodotto  VALUES (479, NULL, '2022-05-07 21:35:57' , 51, 12 );
INSERT INTO prodotto  VALUES (480, '2022-05-17', '2022-05-07 21:35:57' , 21, 20 );
INSERT INTO prodotto  VALUES (481, '2022-05-27', '2022-05-07 21:35:57' , 22, 1 );
INSERT INTO prodotto  VALUES (482, '2022-05-27', '2022-05-07 21:35:57' , 14, 11 );
INSERT INTO prodotto  VALUES (483, NULL, '2022-05-07 21:35:57' , 51, 16 );
INSERT INTO prodotto  VALUES (484, '2022-05-10', '2022-05-07 21:35:57' , 28, 8 );
INSERT INTO prodotto  VALUES (485, '2022-05-13', '2022-05-07 21:35:57' , 36, 20 );
INSERT INTO appuntamento  VALUES ('2022-05-15 17:44:02', 38,  0 , 'TJGONP67L60C388A', 25 );
INSERT INTO turno  VALUES ('2022-05-15 17:44:02' , 'CXAHYK02D06L359J', '2022-05-15 21:44:02', '2022-05-15 17:44:02', NULL, NULL);
INSERT INTO prodotto  VALUES (486, '2022-05-27', '2022-05-15 17:44:02' , 19, 32 );
INSERT INTO prodotto  VALUES (487, NULL, '2022-05-15 17:44:02' , 37, 11 );
INSERT INTO prodotto  VALUES (488, NULL, '2022-05-15 17:44:02' , 41, 30 );
INSERT INTO prodotto  VALUES (489, '2022-05-22', '2022-05-15 17:44:02' , 11, 15 );
INSERT INTO prodotto  VALUES (490, '2022-05-24', '2022-05-15 17:44:02' , 33, 16 );
INSERT INTO prodotto  VALUES (491, '2022-05-23', '2022-05-15 17:44:02' , 26, 17 );
INSERT INTO prodotto  VALUES (492, NULL, '2022-05-15 17:44:02' , 40, 24 );
INSERT INTO prodotto  VALUES (493, NULL, '2022-05-15 17:44:02' , 40, 9 );
INSERT INTO prodotto  VALUES (494, NULL, '2022-05-15 17:44:02' , 39, 22 );
INSERT INTO prodotto  VALUES (495, '2022-05-17', '2022-05-15 17:44:02' , 9, 21 );
INSERT INTO prodotto  VALUES (496, '2022-05-18', '2022-05-15 17:44:02' , 24, 4 );
INSERT INTO appuntamento  VALUES ('2022-05-27 16:29:18', 36,  3 , 'XGJSTM79D26B246P', 11 );
INSERT INTO turno  VALUES ('2022-05-27 16:29:18' , 'JSQNMI10E17D102P', '2022-05-27 20:29:18', '2022-05-27 16:29:18', NULL, NULL);
INSERT INTO prodotto  VALUES (497, '2022-05-31', '2022-05-27 16:29:18' , 31, 27 );
INSERT INTO prodotto  VALUES (498, '2022-05-29', '2022-05-27 16:29:18' , 4, 21 );
INSERT INTO prodotto  VALUES (499, '2022-05-31', '2022-05-27 16:29:18' , 29, 24 );
INSERT INTO prodotto  VALUES (500, NULL, '2022-05-27 16:29:18' , 50, 34 );
INSERT INTO prodotto  VALUES (501, '2022-05-29', '2022-05-27 16:29:18' , 30, 11 );
INSERT INTO prodotto  VALUES (502, NULL, '2022-05-27 16:29:18' , 51, 26 );
INSERT INTO prodotto  VALUES (503, NULL, '2022-05-27 16:29:18' , 39, 1 );
INSERT INTO prodotto  VALUES (504, '2022-05-29', '2022-05-27 16:29:18' , 27, 0 );
INSERT INTO prodotto  VALUES (505, '2022-05-29', '2022-05-27 16:29:18' , 4, 8 );
INSERT INTO prodotto  VALUES (506, '2022-05-29', '2022-05-27 16:29:18' , 18, 24 );
INSERT INTO prodotto  VALUES (507, NULL, '2022-05-27 16:29:18' , 49, 20 );
INSERT INTO prodotto  VALUES (508, NULL, '2022-05-27 16:29:18' , 42, 27 );
INSERT INTO appuntamento  VALUES ('2022-05-25 03:07:42', 37,  0 , 'THPDKJ20B56E498A', 2 );
INSERT INTO turno  VALUES ('2022-05-25 03:07:42' , 'QNGLZL20S14H098M', '2022-05-25 07:07:42', '2022-05-25 03:07:42', NULL, NULL);
INSERT INTO prodotto  VALUES (509, '2022-05-25', '2022-05-25 03:07:42' , 1, 3 );
INSERT INTO prodotto  VALUES (510, '2022-05-31', '2022-05-25 03:07:42' , 12, 15 );
INSERT INTO prodotto  VALUES (511, '2022-05-29', '2022-05-25 03:07:42' , 23, 8 );
INSERT INTO prodotto  VALUES (512, '2022-05-25', '2022-05-25 03:07:42' , 30, 12 );
INSERT INTO prodotto  VALUES (513, NULL, '2022-05-25 03:07:42' , 38, 25 );
INSERT INTO prodotto  VALUES (514, '2022-05-28', '2022-05-25 03:07:42' , 30, 21 );
INSERT INTO prodotto  VALUES (515, NULL, '2022-05-25 03:07:42' , 45, 21 );
INSERT INTO prodotto  VALUES (516, NULL, '2022-05-25 03:07:42' , 47, 1 );
INSERT INTO prodotto  VALUES (517, NULL, '2022-05-25 03:07:42' , 37, 4 );
INSERT INTO prodotto  VALUES (518, '2022-05-25', '2022-05-25 03:07:42' , 26, 21 );
INSERT INTO appuntamento  VALUES ('2022-05-05 10:48:58', 30,  0 , 'SPZYZO23T21H704M', 0 );
INSERT INTO turno  VALUES ('2022-05-05 10:48:58' , 'ZBDXGP40B62A978V', '2022-05-05 14:48:58', '2022-05-05 10:48:58', NULL, NULL);
INSERT INTO prodotto  VALUES (519, '2022-05-16', '2022-05-05 10:48:58' , 4, 28 );
INSERT INTO prodotto  VALUES (520, '2022-05-18', '2022-05-05 10:48:58' , 17, 22 );
INSERT INTO prodotto  VALUES (521, '2022-05-19', '2022-05-05 10:48:58' , 17, 34 );
INSERT INTO prodotto  VALUES (522, '2022-05-14', '2022-05-05 10:48:58' , 8, 26 );
INSERT INTO prodotto  VALUES (523, '2022-05-29', '2022-05-05 10:48:58' , 18, 9 );
INSERT INTO prodotto  VALUES (524, '2022-05-11', '2022-05-05 10:48:58' , 31, 3 );
INSERT INTO prodotto  VALUES (525, '2022-05-12', '2022-05-05 10:48:58' , 34, 26 );
INSERT INTO prodotto  VALUES (526, '2022-05-21', '2022-05-05 10:48:58' , 32, 1 );
INSERT INTO prodotto  VALUES (527, '2022-05-06', '2022-05-05 10:48:58' , 25, 28 );
INSERT INTO prodotto  VALUES (528, NULL, '2022-05-05 10:48:58' , 46, 21 );
INSERT INTO prodotto  VALUES (529, '2022-05-18', '2022-05-05 10:48:58' , 14, 7 );
INSERT INTO appuntamento  VALUES ('2022-05-28 11:41:58', 53,  12 , 'SHKSUA49T53B561P', 4 );
INSERT INTO turno  VALUES ('2022-05-28 11:41:58' , 'SHRNGE41A65L231E', '2022-05-28 15:41:58', '2022-05-28 11:41:58', NULL, NULL);
INSERT INTO prodotto  VALUES (530, '2022-05-28', '2022-05-28 11:41:58' , 15, 26 );
INSERT INTO prodotto  VALUES (531, '2022-05-29', '2022-05-28 11:41:58' , 9, 10 );
INSERT INTO prodotto  VALUES (532, NULL, '2022-05-28 11:41:58' , 49, 23 );
INSERT INTO prodotto  VALUES (533, '2022-05-30', '2022-05-28 11:41:58' , 24, 5 );
INSERT INTO prodotto  VALUES (534, '2022-05-30', '2022-05-28 11:41:58' , 36, 23 );
INSERT INTO prodotto  VALUES (535, '2022-05-28', '2022-05-28 11:41:58' , 35, 14 );
INSERT INTO prodotto  VALUES (536, '2022-05-29', '2022-05-28 11:41:58' , 22, 1 );
INSERT INTO prodotto  VALUES (537, '2022-05-29', '2022-05-28 11:41:58' , 36, 19 );
INSERT INTO prodotto  VALUES (538, NULL, '2022-05-28 11:41:58' , 47, 33 );
INSERT INTO prodotto  VALUES (539, NULL, '2022-05-28 11:41:58' , 40, 27 );
INSERT INTO prodotto  VALUES (540, '2022-05-29', '2022-05-28 11:41:58' , 22, 24 );
INSERT INTO prodotto  VALUES (541, NULL, '2022-05-28 11:41:58' , 43, 22 );
INSERT INTO prodotto  VALUES (542, '2022-05-30', '2022-05-28 11:41:58' , 17, 4 );
INSERT INTO prodotto  VALUES (543, NULL, '2022-05-28 11:41:58' , 40, 23 );
INSERT INTO prodotto  VALUES (544, '2022-05-30', '2022-05-28 11:41:58' , 15, 26 );
INSERT INTO appuntamento  VALUES ('2022-05-25 05:37:20', 46,  3 , 'TBTJRW20H22E195T', 16 );
INSERT INTO turno  VALUES ('2022-05-25 05:37:20' , 'ERQKOO80E08I054H', '2022-05-25 09:37:20', '2022-05-25 05:37:20', NULL, NULL);
INSERT INTO prodotto  VALUES (545, NULL, '2022-05-25 05:37:20' , 42, 27 );
INSERT INTO prodotto  VALUES (546, NULL, '2022-05-25 05:37:20' , 51, 23 );
INSERT INTO prodotto  VALUES (547, '2022-05-28', '2022-05-25 05:37:20' , 27, 18 );
INSERT INTO prodotto  VALUES (548, '2022-05-26', '2022-05-25 05:37:20' , 26, 22 );
INSERT INTO prodotto  VALUES (549, NULL, '2022-05-25 05:37:20' , 41, 24 );
INSERT INTO prodotto  VALUES (550, '2022-05-28', '2022-05-25 05:37:20' , 3, 10 );
INSERT INTO prodotto  VALUES (551, NULL, '2022-05-25 05:37:20' , 49, 3 );
INSERT INTO prodotto  VALUES (552, '2022-05-25', '2022-05-25 05:37:20' , 14, 9 );
INSERT INTO prodotto  VALUES (553, NULL, '2022-05-25 05:37:20' , 37, 30 );
INSERT INTO prodotto  VALUES (554, NULL, '2022-05-25 05:37:20' , 48, 33 );
INSERT INTO prodotto  VALUES (555, NULL, '2022-05-25 05:37:20' , 49, 2 );
INSERT INTO prodotto  VALUES (556, '2022-05-29', '2022-05-25 05:37:20' , 17, 27 );
INSERT INTO prodotto  VALUES (557, NULL, '2022-05-25 05:37:20' , 41, 10 );
INSERT INTO prodotto  VALUES (558, '2022-05-29', '2022-05-25 05:37:20' , 23, 11 );
INSERT INTO appuntamento  VALUES ('2022-05-18 14:09:35', 45,  5 , 'RPDJBO26B54C514Z', 10 );
INSERT INTO turno  VALUES ('2022-05-18 14:09:35' , 'SHLRPJ54T02D872S', '2022-05-18 18:09:35', '2022-05-18 14:09:35', NULL, NULL);
INSERT INTO prodotto  VALUES (559, NULL, '2022-05-18 14:09:35' , 50, 30 );
INSERT INTO prodotto  VALUES (560, '2022-05-29', '2022-05-18 14:09:35' , 24, 4 );
INSERT INTO prodotto  VALUES (561, '2022-05-30', '2022-05-18 14:09:35' , 25, 29 );
INSERT INTO prodotto  VALUES (562, NULL, '2022-05-18 14:09:35' , 40, 5 );
INSERT INTO prodotto  VALUES (563, '2022-05-19', '2022-05-18 14:09:35' , 16, 28 );
INSERT INTO prodotto  VALUES (564, '2022-05-22', '2022-05-18 14:09:35' , 5, 16 );
INSERT INTO prodotto  VALUES (565, '2022-05-29', '2022-05-18 14:09:35' , 5, 17 );
INSERT INTO prodotto  VALUES (566, '2022-05-29', '2022-05-18 14:09:35' , 30, 26 );
INSERT INTO prodotto  VALUES (567, '2022-05-24', '2022-05-18 14:09:35' , 3, 34 );
INSERT INTO prodotto  VALUES (568, '2022-05-31', '2022-05-18 14:09:35' , 8, 21 );
INSERT INTO prodotto  VALUES (569, '2022-05-24', '2022-05-18 14:09:35' , 11, 8 );
INSERT INTO prodotto  VALUES (570, '2022-05-29', '2022-05-18 14:09:35' , 18, 16 );
INSERT INTO prodotto  VALUES (571, '2022-05-28', '2022-05-18 14:09:35' , 15, 10 );
INSERT INTO prodotto  VALUES (572, '2022-05-19', '2022-05-18 14:09:35' , 16, 25 );
INSERT INTO prodotto  VALUES (573, '2022-05-20', '2022-05-18 14:09:35' , 13, 33 );
INSERT INTO appuntamento  VALUES ('2022-05-05 04:14:20', 60,  14 , 'ALXOTQ33S05F915A', 15 );
INSERT INTO turno  VALUES ('2022-05-05 04:14:20' , 'JGHQYO09M55C287U', '2022-05-05 08:14:20', '2022-05-05 04:14:20', NULL, NULL);
INSERT INTO prodotto  VALUES (574, '2022-05-19', '2022-05-05 04:14:20' , 16, 1 );
INSERT INTO prodotto  VALUES (575, '2022-05-08', '2022-05-05 04:14:20' , 14, 25 );
INSERT INTO prodotto  VALUES (576, '2022-05-22', '2022-05-05 04:14:20' , 19, 25 );
INSERT INTO prodotto  VALUES (577, '2022-05-06', '2022-05-05 04:14:20' , 25, 17 );
INSERT INTO prodotto  VALUES (578, '2022-05-13', '2022-05-05 04:14:20' , 31, 9 );
INSERT INTO prodotto  VALUES (579, NULL, '2022-05-05 04:14:20' , 45, 21 );
INSERT INTO prodotto  VALUES (580, '2022-05-30', '2022-05-05 04:14:20' , 29, 5 );
INSERT INTO prodotto  VALUES (581, '2022-05-28', '2022-05-05 04:14:20' , 10, 18 );
INSERT INTO prodotto  VALUES (582, '2022-05-31', '2022-05-05 04:14:20' , 20, 27 );
INSERT INTO prodotto  VALUES (583, '2022-05-17', '2022-05-05 04:14:20' , 14, 6 );
INSERT INTO prodotto  VALUES (584, '2022-05-16', '2022-05-05 04:14:20' , 8, 1 );
INSERT INTO prodotto  VALUES (585, '2022-05-07', '2022-05-05 04:14:20' , 13, 28 );
INSERT INTO prodotto  VALUES (586, '2022-05-13', '2022-05-05 04:14:20' , 6, 2 );
INSERT INTO prodotto  VALUES (587, '2022-05-24', '2022-05-05 04:14:20' , 4, 13 );
INSERT INTO prodotto  VALUES (588, '2022-05-28', '2022-05-05 04:14:20' , 9, 29 );
INSERT INTO appuntamento  VALUES ('2022-05-14 18:58:49', 54,  3 , 'VSDQJZ46S12B009X', 6 );
INSERT INTO turno  VALUES ('2022-05-14 18:58:49' , 'HXCXRK51S58H546T', '2022-05-14 22:58:49', '2022-05-14 18:58:49', NULL, NULL);
INSERT INTO prodotto  VALUES (589, NULL, '2022-05-14 18:58:49' , 51, 12 );
INSERT INTO prodotto  VALUES (590, '2022-05-29', '2022-05-14 18:58:49' , 34, 0 );
INSERT INTO prodotto  VALUES (591, '2022-05-17', '2022-05-14 18:58:49' , 0, 9 );
INSERT INTO prodotto  VALUES (592, '2022-05-31', '2022-05-14 18:58:49' , 36, 9 );
INSERT INTO prodotto  VALUES (593, '2022-05-25', '2022-05-14 18:58:49' , 5, 2 );
INSERT INTO prodotto  VALUES (594, NULL, '2022-05-14 18:58:49' , 49, 17 );
INSERT INTO prodotto  VALUES (595, '2022-05-25', '2022-05-14 18:58:49' , 12, 22 );
INSERT INTO prodotto  VALUES (596, '2022-05-29', '2022-05-14 18:58:49' , 18, 27 );
INSERT INTO prodotto  VALUES (597, NULL, '2022-05-14 18:58:49' , 45, 22 );
INSERT INTO prodotto  VALUES (598, '2022-05-15', '2022-05-14 18:58:49' , 7, 1 );
INSERT INTO prodotto  VALUES (599, '2022-05-17', '2022-05-14 18:58:49' , 24, 26 );
INSERT INTO prodotto  VALUES (600, NULL, '2022-05-14 18:58:49' , 39, 1 );
INSERT INTO prodotto  VALUES (601, '2022-05-29', '2022-05-14 18:58:49' , 20, 4 );
INSERT INTO prodotto  VALUES (602, NULL, '2022-05-14 18:58:49' , 48, 20 );
INSERT INTO prodotto  VALUES (603, NULL, '2022-05-14 18:58:49' , 37, 14 );
INSERT INTO appuntamento  VALUES ('2022-05-23 20:26:08', 43,  4 , 'KNIKGI23H03I704D', 5 );
INSERT INTO turno  VALUES ('2022-05-23 20:26:08' , 'SHRNGE41A65L231E', '2022-05-24 00:26:08', '2022-05-23 20:26:08', NULL, NULL);
INSERT INTO prodotto  VALUES (604, '2022-05-25', '2022-05-23 20:26:08' , 21, 17 );
INSERT INTO prodotto  VALUES (605, NULL, '2022-05-23 20:26:08' , 43, 6 );
INSERT INTO prodotto  VALUES (606, '2022-05-28', '2022-05-23 20:26:08' , 3, 19 );
INSERT INTO prodotto  VALUES (607, '2022-05-30', '2022-05-23 20:26:08' , 26, 6 );
INSERT INTO prodotto  VALUES (608, '2022-05-25', '2022-05-23 20:26:08' , 35, 8 );
INSERT INTO prodotto  VALUES (609, '2022-05-25', '2022-05-23 20:26:08' , 28, 11 );
INSERT INTO prodotto  VALUES (610, '2022-05-26', '2022-05-23 20:26:08' , 26, 9 );
INSERT INTO prodotto  VALUES (611, '2022-05-31', '2022-05-23 20:26:08' , 34, 10 );
INSERT INTO prodotto  VALUES (612, '2022-05-25', '2022-05-23 20:26:08' , 1, 11 );
INSERT INTO prodotto  VALUES (613, '2022-05-25', '2022-05-23 20:26:08' , 26, 27 );
INSERT INTO prodotto  VALUES (614, '2022-05-29', '2022-05-23 20:26:08' , 6, 4 );
INSERT INTO prodotto  VALUES (615, '2022-05-30', '2022-05-23 20:26:08' , 14, 28 );
INSERT INTO prodotto  VALUES (616, '2022-05-30', '2022-05-23 20:26:08' , 15, 12 );
INSERT INTO prodotto  VALUES (617, '2022-05-28', '2022-05-23 20:26:08' , 10, 28 );
INSERT INTO prodotto  VALUES (618, NULL, '2022-05-23 20:26:08' , 50, 29 );


INSERT INTO prodotto  VALUES (619, '2021-10-14', NULL , 31, 27 );
INSERT INTO prodotto  VALUES (620, '2020-08-12', NULL , 2, 10 );
INSERT INTO prodotto  VALUES (621, '2021-05-09', NULL , 31, 23 );
INSERT INTO prodotto  VALUES (622, '2021-01-20', NULL , 18, 21 );
INSERT INTO prodotto  VALUES (623, '2021-11-21', NULL , 36, 22 );
INSERT INTO prodotto  VALUES (624, '2021-08-05', NULL , 5, 9 );
INSERT INTO prodotto  VALUES (625, '2021-10-23', NULL , 27, 16 );
INSERT INTO prodotto  VALUES (626, '2020-09-16', NULL , 9, 27 );
INSERT INTO prodotto  VALUES (627, '2021-02-10', NULL , 26, 5 );
INSERT INTO prodotto  VALUES (628, '2021-07-16', NULL , 36, 26 );
INSERT INTO prodotto  VALUES (629, '2020-02-20', NULL , 3, 15 );
INSERT INTO prodotto  VALUES (630, '2020-10-02', NULL , 22, 23 );
INSERT INTO prodotto  VALUES (631, '2021-01-01', NULL , 24, 0 );
INSERT INTO prodotto  VALUES (632, '2020-11-10', NULL , 22, 19 );
INSERT INTO prodotto  VALUES (633, '2022-05-03', NULL , 17, 9 );
INSERT INTO prodotto  VALUES (634, '2020-01-26', NULL , 4, 34 );
INSERT INTO prodotto  VALUES (635, '2020-02-16', NULL , 21, 16 );
INSERT INTO prodotto  VALUES (636, '2020-06-03', NULL , 18, 1 );
INSERT INTO prodotto  VALUES (637, '2020-06-06', NULL , 14, 13 );
INSERT INTO prodotto  VALUES (638, '2021-01-04', NULL , 24, 1 );
INSERT INTO prodotto  VALUES (639, '2020-01-20', NULL , 4, 20 );
INSERT INTO prodotto  VALUES (640, '2020-08-24', NULL , 34, 7 );
INSERT INTO prodotto  VALUES (641, '2020-08-26', NULL , 3, 20 );
INSERT INTO prodotto  VALUES (642, '2020-04-12', NULL , 8, 19 );
INSERT INTO prodotto  VALUES (643, '2021-09-29', NULL , 18, 29 );


INSERT INTO prodotto  VALUES (644, NULL, NULL , 4,  17 );
INSERT INTO prodotto  VALUES (645, NULL, NULL , 0,  5 );
INSERT INTO prodotto  VALUES (646, NULL, NULL , 5,  29 );
INSERT INTO prodotto  VALUES (647, NULL, NULL , 6,  10 );
INSERT INTO prodotto  VALUES (648, NULL, NULL , 30,  14 );
INSERT INTO prodotto  VALUES (649, NULL, NULL , 23,  23 );
INSERT INTO prodotto  VALUES (650, NULL, NULL , 13,  9 );
INSERT INTO prodotto  VALUES (651, NULL, NULL , 3,  7 );
INSERT INTO prodotto  VALUES (652, NULL, NULL , 28,  27 );
INSERT INTO prodotto  VALUES (653, NULL, NULL , 36,  17 );
INSERT INTO prodotto  VALUES (654, '2022-01-07', NULL , 42,  27 );
INSERT INTO prodotto  VALUES (655, '2022-04-21', NULL , 39,  11 );
INSERT INTO prodotto  VALUES (656, '2022-01-05', NULL , 47,  14 );
INSERT INTO prodotto  VALUES (657, '2022-01-29', NULL , 49,  19 );
INSERT INTO prodotto  VALUES (658, '2022-04-23', NULL , 37,  4 );
INSERT INTO prodotto  VALUES (659, NULL, NULL , 12,  23 );
INSERT INTO prodotto  VALUES (660, NULL, NULL , 11,  2 );
INSERT INTO prodotto  VALUES (661, '2022-02-07', NULL , 40,  0 );
INSERT INTO prodotto  VALUES (662, NULL, NULL , 31,  25 );
INSERT INTO prodotto  VALUES (663, NULL, NULL , 34,  18 );
INSERT INTO prodotto  VALUES (664, '2022-05-09', NULL , 51,  0 );
INSERT INTO prodotto  VALUES (665, NULL, NULL , 23,  29 );
INSERT INTO prodotto  VALUES (666, NULL, NULL , 28,  10 );
INSERT INTO prodotto  VALUES (667, NULL, NULL , 27,  30 );
INSERT INTO prodotto  VALUES (668, '2022-04-13', NULL , 42,  11 );
INSERT INTO prodotto  VALUES (669, NULL, NULL , 30,  22 );
INSERT INTO prodotto  VALUES (670, '2022-06-26', NULL , 41,  33 );
INSERT INTO prodotto  VALUES (671, NULL, NULL , 0,  2 );
INSERT INTO prodotto  VALUES (672, NULL, NULL , 5,  33 );
INSERT INTO prodotto  VALUES (673, NULL, NULL , 26,  28 );
INSERT INTO prodotto  VALUES (674, NULL, NULL , 14,  34 );
INSERT INTO prodotto  VALUES (675, NULL, NULL , 3,  7 );
INSERT INTO prodotto  VALUES (676, NULL, NULL , 2,  28 );
INSERT INTO prodotto  VALUES (677, '2022-04-28', NULL , 45,  23 );
INSERT INTO prodotto  VALUES (678, NULL, NULL , 21,  31 );
INSERT INTO prodotto  VALUES (679, '2022-03-28', NULL , 47,  13 );
INSERT INTO prodotto  VALUES (680, NULL, NULL , 18,  29 );
INSERT INTO prodotto  VALUES (681, '2022-03-31', NULL , 42,  34 );
INSERT INTO prodotto  VALUES (682, NULL, NULL , 8,  4 );
INSERT INTO prodotto  VALUES (683, '2022-01-14', NULL , 51,  27 );
INSERT INTO prodotto  VALUES (684, NULL, NULL , 10,  23 );
INSERT INTO prodotto  VALUES (685, NULL, NULL , 34,  11 );
INSERT INTO prodotto  VALUES (686, NULL, NULL , 0,  11 );
INSERT INTO prodotto  VALUES (687, '2022-02-08', NULL , 42,  1 );
INSERT INTO prodotto  VALUES (688, NULL, NULL , 29,  30 );
INSERT INTO prodotto  VALUES (689, '2022-05-30', NULL , 48,  27 );
INSERT INTO prodotto  VALUES (690, NULL, NULL , 25,  32 );
INSERT INTO prodotto  VALUES (691, '2022-05-13', NULL , 49,  21 );
INSERT INTO prodotto  VALUES (692, '2022-04-19', NULL , 43,  18 );
INSERT INTO prodotto  VALUES (693, NULL, NULL , 16,  23 );
INSERT INTO prodotto  VALUES (694, NULL, NULL , 10,  32 );
INSERT INTO prodotto  VALUES (695, '2022-06-27', NULL , 51,  29 );
INSERT INTO prodotto  VALUES (696, '2022-03-15', NULL , 49,  12 );
INSERT INTO prodotto  VALUES (697, '2022-01-15', NULL , 51,  10 );
INSERT INTO prodotto  VALUES (698, NULL, NULL , 34,  3 );
INSERT INTO prodotto  VALUES (699, '2022-06-27', NULL , 46,  23 );
INSERT INTO prodotto  VALUES (700, NULL, NULL , 24,  17 );
INSERT INTO prodotto  VALUES (701, NULL, NULL , 33,  17 );
INSERT INTO prodotto  VALUES (702, NULL, NULL , 20,  11 );
INSERT INTO prodotto  VALUES (703, NULL, NULL , 30,  20 );
INSERT INTO prodotto  VALUES (704, NULL, NULL , 20,  2 );
INSERT INTO prodotto  VALUES (705, NULL, NULL , 36,  33 );
INSERT INTO prodotto  VALUES (706, '2022-07-04', NULL , 47,  33 );
INSERT INTO prodotto  VALUES (707, NULL, NULL , 13,  22 );
INSERT INTO prodotto  VALUES (708, NULL, NULL , 4,  23 );
INSERT INTO prodotto  VALUES (709, '2022-03-24', NULL , 38,  34 );
INSERT INTO prodotto  VALUES (710, NULL, NULL , 26,  25 );
INSERT INTO prodotto  VALUES (711, '2022-01-06', NULL , 46,  10 );
INSERT INTO prodotto  VALUES (712, '2022-03-06', NULL , 44,  30 );
INSERT INTO prodotto  VALUES (713, '2022-04-25', NULL , 51,  9 );
INSERT INTO prodotto  VALUES (714, NULL, NULL , 8,  27 );
INSERT INTO prodotto  VALUES (715, NULL, NULL , 29,  24 );
INSERT INTO prodotto  VALUES (716, '2022-06-30', NULL , 51,  15 );
INSERT INTO prodotto  VALUES (717, '2022-03-26', NULL , 42,  2 );
INSERT INTO prodotto  VALUES (718, '2022-05-10', NULL , 43,  3 );


