set search_path to socialMarket;


INSERT INTO ente  VALUES (0 , 'Agazzi-Guidone Group','Vicolo Pozzecco, 57
24063, Castro (BG)');
INSERT INTO ente  VALUES (1 , 'Dossi, Parisi e Cavalcanti s.r.l.','Contrada Nedda, 45 Piano 8
61021, Frontino (PU)');
INSERT INTO ente  VALUES (2 , 'Biagiotti-Juvara s.r.l.','Borgo Giada, 843
67019, Scoppito (AQ)');
INSERT INTO ente  VALUES (3 , 'Correr, Beffa e Cicala s.r.l.','Strada Crispi, 73
97014, Ispica (RG)');
INSERT INTO ente  VALUES (4 , 'Lippomano, Puglisi e Turchi SPA','Viale Barillaro, 982 Appartamento 5
06040, Scheggino (PG)');
INSERT INTO ente  VALUES (5 , 'Ferrata-Bellò SPA','Canale Guido, 194 Piano 8
96016, Lentini (SR)');
INSERT INTO ente  VALUES (6 , 'Franzese-Amaldi e figli','Stretto Agnolo, 4 Appartamento 8
50135, Coverciano (FI)');
INSERT INTO ente  VALUES (7 , 'Serao-Bandello SPA','Strada Lando, 21
89040, SantIlario Dello Ionio (RC)');
INSERT INTO ente  VALUES (8 , 'Morgagni, Giusti e Bocca SPA','Vicolo Mercalli, 75 Piano 4
90034, Ficuzza (PA)');
INSERT INTO ente  VALUES (9 , 'Papafava-Mondaini SPA','Via Tencalla, 538 Appartamento 79
07030, Florinas (SS)');
INSERT INTO ente  VALUES (10 , 'Romiti-Borroni s.r.l.','Via Calcedonio, 97
35035, Arlesega (PD)');
INSERT INTO ente  VALUES (11 , 'Corcos Group','Rotonda Baldassare, 51
86041, Bonefro (CB)');
INSERT INTO ente  VALUES (12 , 'Zetticci SPA','Contrada Graziano, 6
67036, Rivisondoli (AQ)');
INSERT INTO ente  VALUES (13 , 'Abbagnale, Gotti e Passalacqua Group','Incrocio Smirnoff, 89
15030, San Martino (AL)');
INSERT INTO ente  VALUES (14 , 'Smirnoff-Sforza SPA','Canale Melania, 139
07032, Nulvi (SS)');
INSERT INTO ente  VALUES (15 , 'Zacchia-Caruso SPA','Rotonda Gaspare, 934 Appartamento 59
20026, Novate Milanese (MI)');
INSERT INTO ente  VALUES (16 , 'Borgia-Dellucci e figli','Incrocio Lercari, 71
50131, Firenze (FI)');
INSERT INTO ente  VALUES (17 , 'Collina-Busoni e figli','Stretto Cutrufo, 112 Appartamento 2
91019, Tonnara Di Bonagia (TP)');
INSERT INTO ente  VALUES (18 , 'Emanuelli, Nibali e Rizzoli Group','Via Tolentino, 911 Appartamento 6
16016, Sciarborasca (GE)');
INSERT INTO ente  VALUES (19 , 'Romagnoli, Tolentino e Puglisi e figli','Contrada Capuana, 6 Piano 6
10091, Alpignano (TO)');


INSERT INTO volontario  VALUES ('WQHPLW39D61F029Y', 'Aria', 'Malenchini', '1990-07-10', 'Pineta Di Arenzano', '0528290722523', 'Others', NULL , 'trasporto', 'Mercoledì mattina ' );
INSERT INTO volontario  VALUES ('QBPTDU65R50G437V', 'Gianni', 'Parmitano', '1995-07-23', 'Magnano', '7933198305670', 'M', NULL , 'trasporto', 'Lunedì mattina  , Sabato mattina ' );
INSERT INTO volontario  VALUES ('NCBVYL12L42H286Y', 'Fabia', 'Basso', '1962-01-21', 'Cavalese', '2242767529193', 'M', 'SUV' , NULL, 'Giovedì mattina ' );
INSERT INTO volontario  VALUES ('LJNCMS37B44I090N', 'Licia', 'Dalla', '1960-11-09', 'Ventimiglia Di Sicilia', '1356095390651', 'Others', 'Coupe' , 'ricezione , supervisione', NULL );
INSERT INTO volontario  VALUES ('ICBSWC01C25E785X', 'Giuseppina', 'Bernetti', '1959-01-20', 'Ceggia', '3996912513384', 'F', NULL , 'supervisione , trasporto', 'Giovedì mattina ' );
INSERT INTO volontario  VALUES ('AZCKSH17P49I478I', 'Lucrezia', 'Guinizzelli', '1962-09-10', 'Caltavuturo', '1351758334500', 'F', 'Sedan , Coupe' , 'ricezione', NULL );
INSERT INTO volontario  VALUES ('OCXAQX45D59F446R', 'Liana', 'Schiavo', '1961-11-01', 'San Pietro Di Scafati', '4082569334646', 'F', NULL , 'ricezione , supervisione', NULL );
INSERT INTO volontario  VALUES ('BTIORZ83E14C872D', 'Roberto', 'Boito', '1964-10-10', 'Montaldo Roero', '8282055639708', 'F', 'Coupe' , 'ricezione , trasporto', 'Sabato pomeriggio' );
INSERT INTO volontario  VALUES ('RNAFDE97P27A210R', 'Nicola', 'Legnante', '1978-03-05', 'Montella', '5222140406517', 'F', 'Sedan , Van' , 'supervisione , trasporto', 'Lunedì mattina ' );
INSERT INTO volontario  VALUES ('KZRNJY71M02G260W', 'Alberto', 'Marzorati', '1973-05-13', 'Fontainemore', '9963926699081', 'Others', 'SUV , Coupe' , NULL, 'Martedì mattina ' );
INSERT INTO volontario  VALUES ('VHLKRT02C06D960I', 'Goffredo', 'Cusano', '2001-03-08', 'Vesio', '2564578880912', 'M', 'Van' , 'supervisione , trasporto , ricezione', NULL );
INSERT INTO volontario  VALUES ('EKQEHS06L26E409W', 'Priscilla', 'Taliercio', '1970-11-04', 'Vergemoli', '5618515125813', 'F', 'Pickup' , 'supervisione', 'Giovedì mattina ' );
INSERT INTO volontario  VALUES ('OZEWES28L52A743T', 'Dino', 'Goldoni', '2004-07-05', 'Roccaforte Mondovi', '1489894894503', 'Others', 'Sedan , Wagon' , 'supervisione', 'Martedì mattina ' );
INSERT INTO volontario  VALUES ('WXRPCF61A20H928R', 'Stella', 'Balotelli', '1982-11-28', 'Oleggio Castello', '3771756530880', 'M', 'MiniVan , Pickup' , 'supervisione , ricezione , trasporto', NULL );
INSERT INTO volontario  VALUES ('XQJHNZ33S57A057Z', 'Bernardo', 'Vianello', '1992-09-23', 'Viarolo', '6113285412303', 'M', 'Sedan' , NULL, NULL );
INSERT INTO volontario  VALUES ('HLFLJC95S13L355B', 'Rosa', 'Dovara', '1968-05-08', 'Penzale', '3028592430324', 'F', 'Van , Pickup' , NULL, NULL );
INSERT INTO volontario  VALUES ('UGRQVV15E09C292D', 'Tiziano', 'Parri', '1983-03-25', 'Mongrassano', '9227976471647', 'F', 'Pickup' , 'trasporto , ricezione , supervisione', 'Venerdì mattina  , Giovedì pomeriggio' );
INSERT INTO volontario  VALUES ('CUKCOD98L15A777B', 'Ottavio', 'Andreozzi', '1991-12-06', 'Rasura', '4461779324341', 'F', 'Wagon , Coupe' , 'supervisione , trasporto , ricezione', NULL );
INSERT INTO volontario  VALUES ('JHZMSB85T48E496S', 'Tiziana', 'Casarin', '1982-11-05', 'Le Ville', '9087082776305', 'Others', 'Wagon , Sedan' , NULL, NULL );
INSERT INTO volontario  VALUES ('IDNCHU42R65B044E', 'Marcella', 'Filangieri', '1959-08-01', 'Roccacasale', '9589603563683', 'M', 'Pickup' , NULL, 'Mercoledì mattina ' );
INSERT INTO volontario  VALUES ('LTQEVD57T67F167B', 'Tullio', 'Guarana', '1975-08-05', 'Praiano', '0303749610929', 'Others', 'Van' , 'supervisione , trasporto', NULL );
INSERT INTO volontario  VALUES ('ZMJASC96C53E349U', 'Romina', 'Oscuro', '1960-12-26', 'Pian Di Pieca', '8074258006779', 'Others', 'Van' , 'ricezione', NULL );
INSERT INTO volontario  VALUES ('UQEURT05R21E328G', 'Pietro', 'Barese', '1997-01-29', 'Chiaramonti', '1219889611522', 'F', 'Wagon , SUV' , NULL, NULL );
INSERT INTO volontario  VALUES ('SZUHMQ96T56I991L', 'Ronaldo', 'Monti', '1958-08-20', 'Molteno', '9007550442613', 'Others', 'Wagon , Van' , 'trasporto , ricezione', NULL );
INSERT INTO volontario  VALUES ('UMNUKY11S60C203Y', 'Cesare', 'Florio', '1962-06-06', 'Montelaterone', '0155712016897', 'M', 'SUV , Sedan' , 'ricezione , supervisione , trasporto', 'Mercoledì pomeriggio , Martedì mattina ' );
INSERT INTO volontario  VALUES ('XFOMHN74R62E956M', 'Camilla', 'Filippelli', '1973-01-20', 'Chiusi Della Verna', '7972604279245', 'F', 'Pickup' , 'supervisione , trasporto , ricezione', 'Sabato mattina  , Venerdì pomeriggio' );
INSERT INTO volontario  VALUES ('JRYXEZ83M14M336Y', 'Paola', 'Volta', '1986-03-29', 'Casalbordino Stazione', '2454791296624', 'M', NULL , 'trasporto , ricezione , supervisione', NULL );
INSERT INTO volontario  VALUES ('EXBUIU05M19I384N', 'Romina', 'Sanguineti', '1980-05-01', 'Nanto', '1076375847722', 'Others', 'MiniVan , Pickup' , 'trasporto , ricezione , supervisione', NULL );
INSERT INTO volontario  VALUES ('UKHVLD62A50I821U', 'Paloma', 'Amaldi', '2001-03-09', 'San Martino DAgri', '1083109536824', 'F', 'Sedan , SUV' , 'supervisione , trasporto', 'Sabato mattina ' );
INSERT INTO volontario  VALUES ('YGJHZT72D46M338E', 'Paola', 'Comencini', '2004-10-27', 'Motta Visconti', '1676775596503', 'Others', 'Van , MiniVan' , 'ricezione , trasporto', 'Mercoledì mattina  , Venerdì pomeriggio' );
INSERT INTO volontario  VALUES ('ZDNNSE41R48E789K', 'Fredo', 'Mancini', '2003-03-11', 'Forno Alpi Graie', '0328553850440', 'Others', NULL , 'trasporto , supervisione', NULL );
INSERT INTO volontario  VALUES ('KOLOBG67S05H514N', 'Micheletto', 'Liguori', '1980-04-09', 'Trevignano Romano', '5737506561402', 'M', NULL , 'trasporto , ricezione , supervisione', 'Mercoledì mattina  , Mercoledì pomeriggio' );
INSERT INTO volontario  VALUES ('ZPRQSA94C13H221W', 'Piergiuseppe', 'Venturi', '1988-05-23', 'Casamorcia', '6056056683092', 'M', 'SUV , Coupe' , 'supervisione', NULL );
INSERT INTO volontario  VALUES ('NGYEIO13E26H282L', 'Monica', 'Babati', '1982-09-03', 'Meda', '6851967425934', 'Others', NULL , NULL, NULL );
INSERT INTO volontario  VALUES ('NIPKIH11S23E282H', 'Niccolò', 'Onio', '1962-07-15', 'Adelfia Canneto', '3358890678624', 'Others', 'Coupe , Van' , 'supervisione , trasporto , ricezione', 'Venerdì mattina  , Giovedì pomeriggio' );
INSERT INTO volontario  VALUES ('WFFFNT48T21E210Y', 'Lodovico', 'Gotti', '1961-01-12', 'Atessa', '2413620397444', 'F', 'SUV' , 'ricezione , supervisione , trasporto', 'Lunedì pomeriggio , Venerdì mattina ' );
INSERT INTO volontario  VALUES ('HNBHWK12P16C048M', 'Ranieri', 'Giusti', '1985-09-15', 'Fossignano', '5698399289608', 'M', NULL , 'trasporto , supervisione , ricezione', NULL );
INSERT INTO volontario  VALUES ('IKTPLF21A16A391C', 'Jolanda', 'Finetti', '1958-06-23', 'Bruzolo', '0247580149684', 'Others', 'Sedan , Pickup' , NULL, 'Sabato pomeriggio , Venerdì mattina ' );
INSERT INTO volontario  VALUES ('BRPHIC38B59C771L', 'Giacomo', 'Roccabonella', '1975-12-02', 'Gravina In Puglia', '2082701651845', 'Others', 'SUV' , 'supervisione , ricezione , trasporto', 'Giovedì pomeriggio' );
INSERT INTO volontario  VALUES ('UUREIT00T41E127Y', 'Gianluca', 'Gemito', '1964-06-21', 'SantAngelo Del Pesco', '7076329673688', 'Others', 'Wagon' , NULL, 'Venerdì pomeriggio' );
INSERT INTO volontario  VALUES ('NFWRTR15H13E251J', 'Cristina', 'Argurio', '1981-05-02', 'Rovigo', '1243088713759', 'Others', 'SUV' , NULL, 'Giovedì mattina ' );
INSERT INTO volontario  VALUES ('RJYWVW08R09H369S', 'Valentina', 'Fusani', '2001-11-02', 'Canneto Pavese', '2928693160852', 'M', 'MiniVan' , 'supervisione , trasporto', 'Lunedì mattina ' );
INSERT INTO volontario  VALUES ('LMIWCO32T48B249X', 'Mauro', 'Mengolo', '1982-06-17', 'Quargnento', '3974496767575', 'F', 'Pickup , Van' , NULL, 'Lunedì mattina  , Sabato mattina ' );
INSERT INTO volontario  VALUES ('ZTHEAM45A21M166W', 'Melina', 'Ceri', '1973-10-13', 'Marcellano', '9195253955547', 'F', NULL , 'trasporto , supervisione , ricezione', 'Mercoledì pomeriggio' );
INSERT INTO volontario  VALUES ('LEVJDU97T50E957T', 'Angelo', 'Battisti', '1963-01-04', 'Serralunga DAlba', '7823828197864', 'Others', NULL , 'supervisione , ricezione', 'Sabato pomeriggio , Venerdì pomeriggio' );
INSERT INTO volontario  VALUES ('QHMVQT38T55C474V', 'Germana', 'Fogazzaro', '1963-05-05', 'Esine', '2643931714817', 'Others', 'Van , Wagon' , NULL, 'Sabato mattina  , Venerdì pomeriggio' );
INSERT INTO volontario  VALUES ('VBIRMI09M48G093R', 'Federica', 'Chittolini', '1993-11-22', 'Ponte A Moriano', '8117375621084', 'M', 'Sedan' , 'ricezione , supervisione', NULL );
INSERT INTO volontario  VALUES ('AFPWSW72E60M411S', 'Maura', 'Argento', '1976-05-06', 'Cesano', '4272469990755', 'M', NULL , 'ricezione , supervisione', NULL );
INSERT INTO volontario  VALUES ('RDSHOU88B20F249W', 'Antonina', 'Paoletti', '1968-10-10', 'Vasio', '3013135947597', 'F', 'Sedan , SUV' , 'ricezione , trasporto , supervisione', 'Venerdì mattina  , Martedì mattina ' );
INSERT INTO volontario  VALUES ('WOKPSV55S04I233S', 'Priscilla', 'Ciani', '1980-06-13', 'Carpenedo', '2575557184178', 'Others', 'MiniVan , Coupe' , 'supervisione , ricezione', 'Sabato mattina ' );


INSERT INTO collegato  VALUES (2,'UUREIT00T41E127Y');
INSERT INTO collegato  VALUES (6,'BRPHIC38B59C771L');
INSERT INTO collegato  VALUES (11,'WXRPCF61A20H928R');
INSERT INTO collegato  VALUES (14,'AZCKSH17P49I478I');
INSERT INTO collegato  VALUES (2,'ZPRQSA94C13H221W');
INSERT INTO collegato  VALUES (14,'UKHVLD62A50I821U');
INSERT INTO collegato  VALUES (14,'LMIWCO32T48B249X');
INSERT INTO collegato  VALUES (8,'BRPHIC38B59C771L');
INSERT INTO collegato  VALUES (7,'VHLKRT02C06D960I');
INSERT INTO collegato  VALUES (9,'ZDNNSE41R48E789K');
INSERT INTO collegato  VALUES (15,'LTQEVD57T67F167B');
INSERT INTO collegato  VALUES (1,'BRPHIC38B59C771L');
INSERT INTO collegato  VALUES (18,'AZCKSH17P49I478I');
INSERT INTO collegato  VALUES (5,'KZRNJY71M02G260W');
INSERT INTO collegato  VALUES (10,'KZRNJY71M02G260W');
INSERT INTO collegato  VALUES (1,'ZPRQSA94C13H221W');
INSERT INTO collegato  VALUES (6,'LTQEVD57T67F167B');
INSERT INTO collegato  VALUES (7,'NIPKIH11S23E282H');
INSERT INTO collegato  VALUES (3,'OCXAQX45D59F446R');
INSERT INTO collegato  VALUES (4,'KOLOBG67S05H514N');
INSERT INTO collegato  VALUES (19,'WXRPCF61A20H928R');
INSERT INTO collegato  VALUES (7,'LEVJDU97T50E957T');
INSERT INTO collegato  VALUES (9,'ICBSWC01C25E785X');
INSERT INTO collegato  VALUES (12,'EXBUIU05M19I384N');
INSERT INTO collegato  VALUES (17,'NFWRTR15H13E251J');
INSERT INTO collegato  VALUES (13,'ZPRQSA94C13H221W');
INSERT INTO collegato  VALUES (14,'LTQEVD57T67F167B');
INSERT INTO collegato  VALUES (10,'UGRQVV15E09C292D');
INSERT INTO collegato  VALUES (14,'KZRNJY71M02G260W');
INSERT INTO collegato  VALUES (4,'RJYWVW08R09H369S');
INSERT INTO collegato  VALUES (11,'UUREIT00T41E127Y');
INSERT INTO collegato  VALUES (8,'YGJHZT72D46M338E');
INSERT INTO collegato  VALUES (13,'WOKPSV55S04I233S');
INSERT INTO collegato  VALUES (9,'ZMJASC96C53E349U');
INSERT INTO collegato  VALUES (15,'KZRNJY71M02G260W');
INSERT INTO collegato  VALUES (2,'XFOMHN74R62E956M');
INSERT INTO collegato  VALUES (6,'HLFLJC95S13L355B');
INSERT INTO collegato  VALUES (13,'XQJHNZ33S57A057Z');
INSERT INTO collegato  VALUES (14,'JRYXEZ83M14M336Y');
INSERT INTO collegato  VALUES (6,'ZMJASC96C53E349U');
INSERT INTO collegato  VALUES (15,'UKHVLD62A50I821U');
INSERT INTO collegato  VALUES (0,'AFPWSW72E60M411S');
INSERT INTO collegato  VALUES (1,'WQHPLW39D61F029Y');
INSERT INTO collegato  VALUES (19,'YGJHZT72D46M338E');
INSERT INTO collegato  VALUES (0,'NGYEIO13E26H282L');
INSERT INTO collegato  VALUES (14,'RNAFDE97P27A210R');
INSERT INTO collegato  VALUES (14,'UQEURT05R21E328G');
INSERT INTO collegato  VALUES (9,'XQJHNZ33S57A057Z');
INSERT INTO collegato  VALUES (11,'IKTPLF21A16A391C');
INSERT INTO collegato  VALUES (7,'LTQEVD57T67F167B');
INSERT INTO carta_cliente  VALUES (0 , 'KADCWO20M56H884D','62','0', '3', '0');
INSERT INTO familiare  VALUES ('KADCWO20M56H884D','Ornella','Prodi', '1989-11-17', 'Creda', '5124046635977', 'F', '0');

INSERT INTO familiare  VALUES ('QRODDT09C16H286Z','Claudia','Prodi', '1987-01-12', 'Mulino', '2000082591494', 'Others', '0');
INSERT INTO familiare  VALUES ('QHCUTQ11P04L450D','Venancio','Prodi', '1960-11-18', 'SantAngelo In Grotte', '4442434238522', 'M', '0');
INSERT INTO carta_cliente  VALUES (1 , 'LVMEGX94M42H572N','41','0', '1', '3');
INSERT INTO familiare  VALUES ('LVMEGX94M42H572N','Martino','Branciforte', '1978-03-22', 'Ponti', '5180277491369', 'F', '1');

INSERT INTO familiare  VALUES ('XNTXQP20E11L462M','Susanna','Branciforte', '1934-06-04', 'Moo', '3858978083789', 'Others', '1');
INSERT INTO familiare  VALUES ('HNFNJO03T27B202J','Marcello','Branciforte', '1936-05-09', 'Scalvaia', '8314767398162', 'F', '1');
INSERT INTO familiare  VALUES ('YUWWEP68C41D052C','Nicolò','Branciforte', '1951-05-23', 'Vitriola', '4091732308576', 'Others', '1');
INSERT INTO carta_cliente  VALUES (2 , 'EDRSWH61E02D189Z','121','5', '1', '1');
INSERT INTO familiare  VALUES ('EDRSWH61E02D189Z','Romolo','Rusticucci', '1984-11-10', 'Cortina', '4306504339799', 'Others', '2');

INSERT INTO familiare  VALUES ('YCLSAJ83A41D033V','Gianluca','Rusticucci', '2008-11-27', 'Villa Di Villa', '3884375450022', 'M', '2');
INSERT INTO familiare  VALUES ('YJJRNY45M23L460B','Benvenuto','Rusticucci', '2009-04-08', 'Alia', '5067035046188', 'F', '2');
INSERT INTO familiare  VALUES ('BUVEXV76C08D541R','Sylvia','Rusticucci', '2011-06-19', 'Ponte Gardena', '4412579242267', 'Others', '2');
INSERT INTO familiare  VALUES ('ALBVLT33E52G220V','Diana','Rusticucci', '2009-01-19', 'Laise', '5559909744942', 'F', '2');
INSERT INTO familiare  VALUES ('BLWZSL65R02D549Z','Guido','Rusticucci', '2020-09-07', 'Delianuova', '1638685047699', 'Others', '2');
INSERT INTO familiare  VALUES ('TMZZNM61B65H785E','Federica','Rusticucci', '1931-12-20', 'Liscia', '7014355730492', 'F', '2');
INSERT INTO carta_cliente  VALUES (3 , 'KPZYYI73E14D994V','11','1', '1', '2');
INSERT INTO familiare  VALUES ('KPZYYI73E14D994V','Benvenuto','Cibin', '1983-01-28', 'Casamarciano', '6752181378423', 'M', '3');

INSERT INTO familiare  VALUES ('LYHZHC97D13I611A','Alessandro','Cibin', '2020-06-21', 'Tonnarella', '1553370039229', 'Others', '3');
INSERT INTO familiare  VALUES ('GJHOOD13H54B048Y','Tiziana','Cibin', '1936-05-05', 'Monte Urano', '7354656481830', 'F', '3');
INSERT INTO familiare  VALUES ('LKLTOL95P26E638Q','Coriolano','Cibin', '1948-02-07', 'Monasterolo', '8816175303479', 'Others', '3');
INSERT INTO carta_cliente  VALUES (4 , 'GNSSAH51P12F762S','22','1', '4', '0');
INSERT INTO familiare  VALUES ('GNSSAH51P12F762S','Damiano','Pennetta', '1980-04-10', 'Bussi Sul Tirino', '1678312910088', 'F', '4');

INSERT INTO familiare  VALUES ('GOFKUG10T06D882I','Graziano','Pennetta', '2008-01-06', 'Laceno', '7657513628666', 'F', '4');
INSERT INTO familiare  VALUES ('OAYCKQ36H24M253V','Ida','Pennetta', '1969-04-22', 'Cervicati', '4377467655391', 'Others', '4');
INSERT INTO familiare  VALUES ('MCKDIW63C62F975Q','Goffredo','Pennetta', '1998-03-14', 'Sasso Di Neviano', '4213751040754', 'F', '4');
INSERT INTO familiare  VALUES ('XGISOW19M47B494V','Raffaele','Pennetta', '1989-12-19', 'Bibione', '9189133302907', 'F', '4');
INSERT INTO carta_cliente  VALUES (5 , 'OZCDKU61C53C359E','125','2', '2', '0');
INSERT INTO familiare  VALUES ('OZCDKU61C53C359E','Antonella','Ramazzotti', '1993-06-17', 'Villar Pellice', '9696832886651', 'Others', '5');

INSERT INTO familiare  VALUES ('XMUUWT85E67E466W','Gino','Ramazzotti', '2006-09-12', 'Ammonite', '9998698695028', 'F', '5');
INSERT INTO familiare  VALUES ('CNFCQV22B14G303T','Amedeo','Ramazzotti', '2010-11-20', 'Ortolano', '2021071586501', 'F', '5');
INSERT INTO familiare  VALUES ('IZUVCN79T01D702I','Giulio','Ramazzotti', '1965-08-21', 'Fossalta Di Trebaseleghe', '9525913005296', 'M', '5');
INSERT INTO carta_cliente  VALUES (6 , 'DQGCTR06A52C047J','42','0', '3', '0');
INSERT INTO familiare  VALUES ('DQGCTR06A52C047J','Salvatore','Segni', '1998-03-21', 'Caviola', '6221073224368', 'F', '6');

INSERT INTO familiare  VALUES ('NQPFAR54A59B061K','Michele','Segni', '1983-10-30', 'Cavora', '9720341859146', 'F', '6');
INSERT INTO familiare  VALUES ('RSZTFK34R53H265X','Fedele','Segni', '1975-12-26', 'Montalto', '2615952219947', 'F', '6');
INSERT INTO carta_cliente  VALUES (7 , 'VOHZVK02C61L356I','69','0', '1', '1');
INSERT INTO familiare  VALUES ('VOHZVK02C61L356I','Sandra','Brenna', '1972-09-09', 'Cesa', '1351100323577', 'M', '7');

INSERT INTO familiare  VALUES ('QUEGYE18P44L475D','Maura','Brenna', '1953-10-07', 'Concerviano', '4635623448070', 'M', '7');
INSERT INTO carta_cliente  VALUES (8 , 'NXMLGM34P59L995L','136','2', '2', '3');
INSERT INTO familiare  VALUES ('NXMLGM34P59L995L','Emma','Farnese', '2000-01-12', 'Legino', '0091584109129', 'F', '8');

INSERT INTO familiare  VALUES ('KYHREA97P03B626K','Stefania','Farnese', '2014-10-20', 'Valle Castellana', '5154684941612', 'Others', '8');
INSERT INTO familiare  VALUES ('UXSLJI60R45L271Y','Antonello','Farnese', '2008-07-23', 'Turano', '1874069169259', 'Others', '8');
INSERT INTO familiare  VALUES ('PNNTCJ69A10G775J','Patrizio','Farnese', '1989-08-20', 'SantAgata Sul Santerno', '0359488100318', 'Others', '8');
INSERT INTO familiare  VALUES ('BNMAWQ18P43G688J','Napoleone','Farnese', '1932-12-07', 'Concesio', '2796640334250', 'M', '8');
INSERT INTO familiare  VALUES ('YBWKMY13S07D390V','Giacobbe','Farnese', '1945-11-16', 'Pittolo', '7773762851274', 'Others', '8');
INSERT INTO familiare  VALUES ('JSKWPM48S61G935A','Ugolino','Farnese', '1946-03-03', 'Monterosi', '2566484321353', 'M', '8');
INSERT INTO carta_cliente  VALUES (9 , 'JLHIJU85P05A652H','37','0', '1', '4');
INSERT INTO familiare  VALUES ('JLHIJU85P05A652H','Licia','Corbo', '1999-06-20', 'Forgaria Nel Friuli', '7065661403886', 'M', '9');

INSERT INTO familiare  VALUES ('WJHPAG31L08E124M','Graziano','Corbo', '1947-12-07', 'Tione Degli Abruzzi', '3599789690350', 'M', '9');
INSERT INTO familiare  VALUES ('NMBOGD12T13B862P','Giulio','Corbo', '1950-02-20', 'Trenzano', '7457762309298', 'F', '9');
INSERT INTO familiare  VALUES ('RYAYIQ79T65C347Z','Aurora','Corbo', '1937-05-14', 'Cima Paganella', '3729381763186', 'F', '9');
INSERT INTO familiare  VALUES ('BAMKMD27D65H500E','Giada','Corbo', '1949-05-23', 'Palidano', '8082148197792', 'M', '9');
INSERT INTO carta_cliente  VALUES (10 , 'VGJPMQ05R47C134F','70','0', '2', '2');
INSERT INTO familiare  VALUES ('VGJPMQ05R47C134F','Giacobbe','Burcardo', '1967-08-22', 'Fiumedinisi', '6637758118112', 'Others', '10');

INSERT INTO familiare  VALUES ('QTYEGK49R54L666J','Sandro','Burcardo', '1964-06-28', 'Montagano', '0343712363760', 'Others', '10');
INSERT INTO familiare  VALUES ('HTOJJP23A26C746A','Priscilla','Burcardo', '1955-09-10', 'Ferrada', '7188359377410', 'Others', '10');
INSERT INTO familiare  VALUES ('PRIMPD00L58H793W','Evangelista','Burcardo', '1930-08-08', 'Novellara', '3996252228522', 'F', '10');
INSERT INTO carta_cliente  VALUES (11 , 'YNUWCG10S68D821R','54','1', '3', '0');
INSERT INTO familiare  VALUES ('YNUWCG10S68D821R','Federigo','Babato', '1972-03-27', 'Contessa Entellina', '4863968227847', 'M', '11');

INSERT INTO familiare  VALUES ('NWITIK54T61D770S','Giulietta','Babato', '2013-06-23', 'Camerata', '3048194654456', 'M', '11');
INSERT INTO familiare  VALUES ('FZAZSO49T65F356R','Licia','Babato', '1963-11-19', 'Grignano Polesine', '0498172246796', 'F', '11');
INSERT INTO familiare  VALUES ('XWDZBM43R28L817Y','Ilaria','Babato', '1986-08-12', 'Roccapelago', '6809460003034', 'Others', '11');
INSERT INTO carta_cliente  VALUES (12 , 'QMHEFF89P63B030D','0','5', '2', '0');
INSERT INTO familiare  VALUES ('QMHEFF89P63B030D','Beatrice','Giovine', '1985-09-17', 'Montorsaio', '2574566115543', 'Others', '12');

INSERT INTO familiare  VALUES ('XZUBMP58C61A033N','Rosaria','Giovine', '2017-03-23', 'Castel Condino', '1291970606712', 'Others', '12');
INSERT INTO familiare  VALUES ('MYIPXJ44A14M367U','Veronica','Giovine', '2014-10-20', 'Ghiaie', '7037415711625', 'F', '12');
INSERT INTO familiare  VALUES ('KCOEKW51H53E179O','Melina','Giovine', '2009-08-09', 'Arcola', '1121863430785', 'F', '12');
INSERT INTO familiare  VALUES ('WSOCVG94H51E270D','Durante','Giovine', '2018-02-08', 'Messercola', '2175127972308', 'M', '12');
INSERT INTO familiare  VALUES ('EOUVIU61R55B620E','Jacopo','Giovine', '2016-02-25', 'Matino', '3358674462969', 'M', '12');
INSERT INTO familiare  VALUES ('KHJBAM52S08E998N','Pasquale','Giovine', '1973-06-19', 'Sepino', '5551090364674', 'Others', '12');
INSERT INTO carta_cliente  VALUES (13 , 'URDNJQ22R10B409I','0','0', '1', '1');
INSERT INTO familiare  VALUES ('URDNJQ22R10B409I','Bianca','Faggiani', '1968-08-21', 'San Ginese', '8300650889250', 'M', '13');

INSERT INTO familiare  VALUES ('GTIZZL20H64A363N','Vanessa','Faggiani', '1929-09-14', 'Torre Di Fine', '2577714357916', 'Others', '13');
INSERT INTO carta_cliente  VALUES (14 , 'MEQIZM46T65C247R','3','2', '5', '0');
INSERT INTO familiare  VALUES ('MEQIZM46T65C247R','Fortunata','Ziani', '1981-04-28', 'Monchio Delle Corti', '2078140834824', 'M', '14');

INSERT INTO familiare  VALUES ('GSIZDJ44L47G494I','Adamo','Ziani', '2007-03-02', 'Pallare', '9390438061956', 'Others', '14');
INSERT INTO familiare  VALUES ('AWMETI22D06I780A','Fulvio','Ziani', '2006-02-13', 'Brusuglio', '4032663969989', 'F', '14');
INSERT INTO familiare  VALUES ('SAXPMP04E01L584K','Susanna','Ziani', '1969-08-23', 'Gabbro', '7394390115381', 'M', '14');
INSERT INTO familiare  VALUES ('PEIUJT17D09H479J','Lidia','Ziani', '1959-11-06', 'Casilli', '5548859987522', 'M', '14');
INSERT INTO familiare  VALUES ('KBFWLQ33H04G905E','Maria','Ziani', '2000-10-22', 'Moglia', '7480172555071', 'F', '14');
INSERT INTO familiare  VALUES ('HZDEDK14R62E872Y','Eraldo','Ziani', '1984-07-25', 'Canalicchio', '3438992170651', 'F', '14');
INSERT INTO carta_cliente  VALUES (15 , 'LOTITV97M43I885Y','73','0', '1', '2');
INSERT INTO familiare  VALUES ('LOTITV97M43I885Y','Giuseppina','Grimani', '1979-12-18', 'San Cesario Sul Panaro', '6345214163931', 'Others', '15');

INSERT INTO familiare  VALUES ('QJQDVB12B08L167M','Ivan','Grimani', '1940-03-07', 'Bivio', '1486323522394', 'M', '15');
INSERT INTO familiare  VALUES ('YFVVLL75M49E645U','Rosalia','Grimani', '1935-01-11', 'San Fior', '5436263193810', 'Others', '15');
INSERT INTO carta_cliente  VALUES (16 , 'MKWDQW56B45G022B','3','2', '2', '0');
INSERT INTO familiare  VALUES ('MKWDQW56B45G022B','Antonio','Tarantini', '1960-11-05', 'Licignano Di Napoli', '3434718467716', 'M', '16');

INSERT INTO familiare  VALUES ('FGNXZE65A25B848M','Federico','Tarantini', '2010-04-01', 'Albiolo', '2416261450066', 'M', '16');
INSERT INTO familiare  VALUES ('NBEJML62C63C311J','Santino','Tarantini', '2015-12-29', 'Valdagno', '4575720050046', 'Others', '16');
INSERT INTO familiare  VALUES ('LNTSRS64P48G815D','Enzio','Tarantini', '1996-10-21', 'Besagno', '5480980443813', 'F', '16');
INSERT INTO carta_cliente  VALUES (17 , 'IIOGGR08R63L567X','47','3', '1', '2');
INSERT INTO familiare  VALUES ('IIOGGR08R63L567X','Osvaldo','Luzi', '1959-03-19', 'Calitri', '4469532717814', 'Others', '17');

INSERT INTO familiare  VALUES ('FNNLVH94L01B947Q','Caterina','Luzi', '2013-01-23', 'Agnino', '9011138310573', 'F', '17');
INSERT INTO familiare  VALUES ('LYGBUS82R67H727R','Sandra','Luzi', '2016-04-27', 'Mormanno', '7794519489236', 'M', '17');
INSERT INTO familiare  VALUES ('DDHIAX34E15L878T','Sophia','Luzi', '2007-12-10', 'Ruvo Di Puglia', '2562410448032', 'Others', '17');
INSERT INTO familiare  VALUES ('YRIYEM56C65M270R','Silvestro','Luzi', '1939-11-21', 'Anchiano', '7559541706627', 'M', '17');
INSERT INTO familiare  VALUES ('QSCSQF42L68I154Q','Fiorenzo','Luzi', '1953-11-04', 'Flambro', '9840531441294', 'M', '17');
INSERT INTO carta_cliente  VALUES (18 , 'GLUUAJ23E54H212R','30','0', '1', '1');
INSERT INTO familiare  VALUES ('GLUUAJ23E54H212R','Viridiana','Muti', '1996-07-15', 'Castrignano Del Capo', '1676264198252', 'Others', '18');

INSERT INTO familiare  VALUES ('XEWPQY42M47D828H','Fiamma','Muti', '1956-06-27', 'Poggio Tulliano', '7450537642774', 'Others', '18');
INSERT INTO carta_cliente  VALUES (19 , 'QXXOJV53L10B608L','133','1', '3', '0');
INSERT INTO familiare  VALUES ('QXXOJV53L10B608L','Rosina','Interminei', '1974-05-02', 'Montesanto', '7617270944847', 'F', '19');

INSERT INTO familiare  VALUES ('TIWGSB82A51G418V','Aldo','Interminei', '2013-01-27', 'Santo Stefano Di Camastra', '1870171099529', 'Others', '19');
INSERT INTO familiare  VALUES ('FROWLS85E57I188T','Dionigi','Interminei', '1968-08-27', 'Pietrapaola', '7401630736242', 'F', '19');
INSERT INTO familiare  VALUES ('QPYESN70A26I071V','Pierluigi','Interminei', '1984-03-09', 'Montecassino', '5579439296079', 'M', '19');
INSERT INTO carta_cliente  VALUES (20 , 'TCZSYD54D63I172L','55','0', '3', '0');
INSERT INTO familiare  VALUES ('TCZSYD54D63I172L','Luciano','Offredi', '1974-04-15', 'SantAngelo In Colle', '1586798573617', 'Others', '20');

INSERT INTO familiare  VALUES ('DZAMFZ85C47B120H','Elisa','Offredi', '1978-08-17', 'Brunico', '0157097144007', 'M', '20');
INSERT INTO familiare  VALUES ('QPXBSG83T68B785J','Coluccio','Offredi', '2004-03-06', 'San Sperate', '0888478781885', 'M', '20');
INSERT INTO carta_cliente  VALUES (21 , 'RECZCF17M27D452O','123','2', '3', '1');
INSERT INTO familiare  VALUES ('RECZCF17M27D452O','Raffaello','Piccio', '1982-03-20', 'Fontanile', '4985213643633', 'Others', '21');

INSERT INTO familiare  VALUES ('ZJOUHN29P61G772V','Durante','Piccio', '2006-07-27', 'Malborghetto Valbruna', '9744472794559', 'M', '21');
INSERT INTO familiare  VALUES ('HKZVEO18A16F093L','Adamo','Piccio', '2016-12-31', 'San Giovanni In Valle Aurina', '8957724798786', 'F', '21');
INSERT INTO familiare  VALUES ('KNULFQ74B21G389G','Greca','Piccio', '1978-08-03', 'Festa', '5827329868503', 'Others', '21');
INSERT INTO familiare  VALUES ('IYERTV27E55G510I','Raffaellino','Piccio', '1972-09-15', 'Roata Chiusani', '8971688530281', 'Others', '21');
INSERT INTO familiare  VALUES ('UYRAOV07P65D934Q','Cipriano','Piccio', '1929-07-02', 'Noto', '1419163347281', 'M', '21');
INSERT INTO carta_cliente  VALUES (22 , 'HFRQEG97T60I310X','107','2', '1', '4');
INSERT INTO familiare  VALUES ('HFRQEG97T60I310X','Alderano','Pascarella', '1967-08-20', 'Sarule', '6463544662814', 'F', '22');

INSERT INTO familiare  VALUES ('GXUKDI63T15F080K','Mirco','Pascarella', '2011-07-08', 'Nociazzi Inferiore', '6070072042948', 'F', '22');
INSERT INTO familiare  VALUES ('CQBMVZ58S22H089P','Amedeo','Pascarella', '2009-04-22', 'Taccona', '4804267874398', 'Others', '22');
INSERT INTO familiare  VALUES ('GCSSBO71T09M287A','Enrico','Pascarella', '1929-04-08', 'SantAndrea Di Suasa', '4110559003165', 'M', '22');
INSERT INTO familiare  VALUES ('BGMXOO31T49B836B','Paoletta','Pascarella', '1954-04-07', 'Nociglia', '8834091063512', 'M', '22');
INSERT INTO familiare  VALUES ('RSPTDH30C03M073E','Massimiliano','Pascarella', '1953-12-06', 'Torre Di Palme', '9256006664633', 'M', '22');
INSERT INTO familiare  VALUES ('FLWDEC84R50A750Q','Ornella','Pascarella', '1945-08-24', 'Uggiano Montefusco', '6125935470935', 'F', '22');
INSERT INTO carta_cliente  VALUES (23 , 'HYIBDJ44D20F517G','114','2', '2', '2');
INSERT INTO familiare  VALUES ('HYIBDJ44D20F517G','Gianluca','Govoni', '1960-11-01', 'San Ruffillo', '0585875916705', 'M', '23');

INSERT INTO familiare  VALUES ('PPYGMU42B25C474J','Serena','Govoni', '2014-05-19', 'Pavone Del Mella', '6465017470818', 'F', '23');
INSERT INTO familiare  VALUES ('KZGGZX92H48D786S','Lauretta','Govoni', '2014-05-28', 'San Sebastiano Al Vesuvio', '4256473006082', 'Others', '23');
INSERT INTO familiare  VALUES ('RJNHPE86C55G957S','Elena','Govoni', '1974-08-05', 'Scaletta Uzzone', '4880948629943', 'F', '23');
INSERT INTO familiare  VALUES ('ILBJNA33E27G520P','Mariana','Govoni', '1938-03-13', 'Torrazza Dei Mandelli', '2977310109640', 'Others', '23');
INSERT INTO familiare  VALUES ('VWNYGM59E15F392S','Lando','Govoni', '1938-07-17', 'Rifreddo', '1846914554700', 'M', '23');
INSERT INTO carta_cliente  VALUES (24 , 'IVUKBN29H54B522P','37','0', '2', '5');
INSERT INTO familiare  VALUES ('IVUKBN29H54B522P','Ludovico','Marinetti', '1976-09-23', 'Campiglia Cervo', '4283550930620', 'Others', '24');

INSERT INTO familiare  VALUES ('BGZJEW92R60I220T','Fiamma','Marinetti', '1981-01-08', 'Conca DOro', '8842799457325', 'Others', '24');
INSERT INTO familiare  VALUES ('YSMAJY31L49E430D','Greca','Marinetti', '1951-03-16', 'Ferrari Di Cervinara', '8486053570567', 'Others', '24');
INSERT INTO familiare  VALUES ('RGLYKP30A11E295V','Lidia','Marinetti', '1951-06-28', 'San Donato Di Ninea', '8838600761967', 'F', '24');
INSERT INTO familiare  VALUES ('FNQMMT25S22G302Y','Telemaco','Marinetti', '1929-12-30', 'Solignano', '9714144904840', 'Others', '24');
INSERT INTO familiare  VALUES ('PFEFGA52E48M077R','Letizia','Marinetti', '1943-05-15', 'Lago', '2367840963256', 'F', '24');
INSERT INTO familiare  VALUES ('YEYHXO57T57A706E','Ugolino','Marinetti', '1940-05-27', 'San Filippo Di Contigliano', '6187821957439', 'M', '24');
INSERT INTO carta_cliente  VALUES (25 , 'FMZEQX57M09C553L','68','3', '1', '1');
INSERT INTO familiare  VALUES ('FMZEQX57M09C553L','Adriano','Moschino', '1977-11-11', 'Lacchiarella', '4022652393958', 'M', '25');

INSERT INTO familiare  VALUES ('VMFXVZ51H57A429W','Pompeo','Moschino', '2013-12-22', 'Bibola', '3798212538055', 'F', '25');
INSERT INTO familiare  VALUES ('VZJLOL35M58I529F','Tatiana','Moschino', '2010-07-18', 'Priverno', '8901886130666', 'M', '25');
INSERT INTO familiare  VALUES ('VBXATN04A07B910G','Delfino','Moschino', '2020-02-20', 'Monforte San Giorgio', '9522128723109', 'F', '25');
INSERT INTO familiare  VALUES ('UIVJJY19T21H429W','Renzo','Moschino', '1935-04-01', 'Pellezzano', '4596395231521', 'Others', '25');
INSERT INTO carta_cliente  VALUES (26 , 'ZOVFVZ01P62M208J','15','0', '4', '0');
INSERT INTO familiare  VALUES ('ZOVFVZ01P62M208J','Ansaldo','Natta', '1982-01-15', 'Montichiari', '7494741907008', 'Others', '26');

INSERT INTO familiare  VALUES ('CZSGEI37E50H766J','Lidia','Natta', '1990-08-26', 'Roccabruna', '1061164594026', 'Others', '26');
INSERT INTO familiare  VALUES ('WTAWRU35B15G576D','Ciro','Natta', '1966-01-15', 'Ripoli', '1779729904915', 'Others', '26');
INSERT INTO familiare  VALUES ('CBYDHJ45B42I925W','Emilio','Natta', '1992-06-23', 'Baiano Di Spoleto', '9801557249026', 'M', '26');
INSERT INTO carta_cliente  VALUES (27 , 'EGPYSQ78E46B790V','45','0', '3', '0');
INSERT INTO familiare  VALUES ('EGPYSQ78E46B790V','Monica','Valier', '1987-12-05', 'Lamon', '9255331520718', 'Others', '27');

INSERT INTO familiare  VALUES ('TDBYSQ04P44L778O','Gianfrancesco','Valier', '1982-05-01', 'Pontechianale', '6002709252067', 'F', '27');
INSERT INTO familiare  VALUES ('MKMKPP21E14H333T','Franco','Valier', '1977-04-14', 'Chievo', '7394264353356', 'Others', '27');
INSERT INTO carta_cliente  VALUES (28 , 'YTFTLG09A03A091J','107','0', '2', '0');
INSERT INTO familiare  VALUES ('YTFTLG09A03A091J','Caterina','Bossi', '1993-01-21', 'San Corrado Di Fuori', '0802453515319', 'M', '28');

INSERT INTO familiare  VALUES ('QRTTKJ08H62G021J','Federigo','Bossi', '1991-09-10', 'Molfetta', '4298053521500', 'M', '28');
INSERT INTO carta_cliente  VALUES (29 , 'MJTZWD94S54F398A','114','5', '1', '1');
INSERT INTO familiare  VALUES ('MJTZWD94S54F398A','Mario','Pareto', '2001-06-18', 'Tenna', '6336901041577', 'F', '29');

INSERT INTO familiare  VALUES ('XNRDJH17B13F130X','Fabrizia','Pareto', '2015-12-06', 'Moncalieri', '9902278894288', 'Others', '29');
INSERT INTO familiare  VALUES ('GLCZBS37H51G271Y','Giosuè','Pareto', '2011-08-27', 'Schrambach', '8648816505863', 'M', '29');
INSERT INTO familiare  VALUES ('UDMTIS24M60I945R','Isa','Pareto', '2006-07-19', 'Romagnano Al Monte', '7516336188852', 'F', '29');
INSERT INTO familiare  VALUES ('OWXHBH72A09I062D','Lidia','Pareto', '2020-03-13', 'San Nazario', '0484005380136', 'M', '29');
INSERT INTO familiare  VALUES ('MUSTGM08A67D088E','Leonardo','Pareto', '2013-02-01', 'San Martino Destra', '6232808269102', 'F', '29');
INSERT INTO familiare  VALUES ('GYPQTI83L25L778T','Vincenzo','Pareto', '1936-06-08', 'Padenghe Sul Garda', '5540878882348', 'Others', '29');


INSERT INTO autorizza VALUES (2, 0, 30, '2022-04-18');
INSERT INTO autorizza VALUES (17, 1, 45, '2022-02-26');
INSERT INTO autorizza VALUES (0, 2, 42, '2022-04-21');
INSERT INTO autorizza VALUES (12, 3, 51, '2022-03-29');
INSERT INTO autorizza VALUES (15, 4, 35, '2022-03-12');
INSERT INTO autorizza VALUES (19, 5, 48, '2022-03-22');
INSERT INTO autorizza VALUES (19, 6, 49, '2022-02-18');
INSERT INTO autorizza VALUES (6, 7, 58, '2022-03-05');
INSERT INTO autorizza VALUES (5, 8, 43, '2022-05-24');
INSERT INTO autorizza VALUES (6, 9, 43, '2022-04-24');
INSERT INTO autorizza VALUES (11, 10, 31, '2022-03-09');
INSERT INTO autorizza VALUES (18, 11, 55, '2022-04-16');
INSERT INTO autorizza VALUES (9, 12, 41, '2022-03-24');
INSERT INTO autorizza VALUES (12, 13, 33, '2022-03-30');
INSERT INTO autorizza VALUES (5, 14, 36, '2022-03-13');
INSERT INTO autorizza VALUES (11, 15, 44, '2022-05-09');
INSERT INTO autorizza VALUES (13, 16, 58, '2022-03-03');
INSERT INTO autorizza VALUES (2, 17, 35, '2022-05-11');
INSERT INTO autorizza VALUES (4, 18, 30, '2022-04-15');
INSERT INTO autorizza VALUES (2, 19, 52, '2022-05-07');
INSERT INTO autorizza VALUES (12, 20, 31, '2022-05-14');
INSERT INTO autorizza VALUES (18, 21, 40, '2022-05-15');
INSERT INTO autorizza VALUES (13, 22, 52, '2022-02-17');
INSERT INTO autorizza VALUES (8, 23, 44, '2022-05-29');
INSERT INTO autorizza VALUES (0, 24, 48, '2022-03-20');
INSERT INTO autorizza VALUES (0, 25, 32, '2022-05-04');
INSERT INTO autorizza VALUES (17, 26, 46, '2022-05-22');
INSERT INTO autorizza VALUES (1, 27, 34, '2022-03-16');
INSERT INTO autorizza VALUES (10, 28, 57, '2022-02-18');
INSERT INTO autorizza VALUES (15, 29, 44, '2022-03-09');


INSERT INTO donatore VALUES ('GNBCTK48A66F533R','0366349671502','Perini-Malatesta e figli',NULL);
INSERT INTO donatore VALUES ('TMVJTE04H50A390E','4490719022896','Giampaolo','Paolucci');
INSERT INTO donatore VALUES ('PCDVKF57S41F578Q','6005267551564','Costanzo','Mocenigo');
INSERT INTO donatore VALUES ('RPMXWE67T56F711N','3306136015840','Salgari-Donarelli e figli',NULL);
INSERT INTO donatore VALUES ('QPKJMQ54T11E837L','6413762549765','Duse, Gagliano e Monduzzi e fi',NULL);
INSERT INTO donatore VALUES ('QHEHJU76R24L434O','7716184796020','Taliercio SPA',NULL);
INSERT INTO donatore VALUES ('BGXJGD40E52M096T','4407225545033','Rita','Cappelli');
INSERT INTO donatore VALUES ('WNHDLT85M43L525O','4742255139470','Lancisi-Monteverdi s.r.l.',NULL);
INSERT INTO donatore VALUES ('STGJFG66B15H029K','1056962118587','Burcardo-Pisani Group',NULL);
INSERT INTO donatore VALUES ('JWLRAP01E52F326A','8860220769972','Gioacchino','Manolesso');
INSERT INTO donatore VALUES ('DPKXGS02M19G368F','7377689829431','Matteo','Montesano');
INSERT INTO donatore VALUES ('LUTYQB69M48F948B','0900619221478','Atenulf','Marangoni');
INSERT INTO donatore VALUES ('HEZXDE85M46L972B','0476009002464','Ughi, Pelli e Morosini s.r.l.',NULL);
INSERT INTO donatore VALUES ('AHBAFH38E41D443B','3556030894960','Gaiatto s.r.l.',NULL);
INSERT INTO donatore VALUES ('AUTMES80E68L681F','9208507863883','Palumbo, Battaglia e Badoglio ',NULL);
INSERT INTO donatore VALUES ('MNDUJE57B59G305Z','3961609585825','Ortese-Petrucelli s.r.l.',NULL);
INSERT INTO donatore VALUES ('PFSZEF56H20E683C','0053610937637','Morena','Alboni');
INSERT INTO donatore VALUES ('YJMUIG68D14L908F','7367183015805','Elladio','Guidone');
INSERT INTO donatore VALUES ('MRQLFB04R66A676H','4315824348521','Rienzo, Cheda e Travaglio s.r.',NULL);
INSERT INTO donatore VALUES ('ZPWVBY14D11H679L','6702172542310','Bombieri SPA',NULL);
INSERT INTO donatore VALUES ('IXZDIM38C26F137F','4613235363288','Barcella Group',NULL);
INSERT INTO donatore VALUES ('BCTMGZ06H46F708W','0737290333362','Pacetti-Tarantini s.r.l.',NULL);
INSERT INTO donatore VALUES ('CKAAZA83C51G991D','8802356765333','Guidotti s.r.l.',NULL);
INSERT INTO donatore VALUES ('TULDRV11D54D494S','0336111151008','Gilberto','Majorana');
INSERT INTO donatore VALUES ('TJHKXU51P46C796S','6392216065826','Babbo-Vidoni s.r.l.',NULL);
INSERT INTO donatore VALUES ('PRVRQS82R04I157J','5018119863492','Schicchi-Papafava SPA',NULL);
INSERT INTO donatore VALUES ('LSLVEP41R08F446L','2862827695767','Tarantino s.r.l.',NULL);
INSERT INTO donatore VALUES ('SGTNIC39P04H314O','3814497351354','Foletti-Golgi e figli',NULL);
INSERT INTO donatore VALUES ('JELESC51C15A612X','3183376863602','Rapisardi SPA',NULL);
INSERT INTO donatore VALUES ('OBGQXJ48M07H650B','2138430470558','Nicolò','Grasso');


INSERT INTO ricezione  VALUES (0, '2022-05-06 12:06:42', '2022-05-06 13:06:42');
INSERT INTO trasporto  VALUES (0, '2022-05-06 10:06:42', '2022-05-06 12:06:42', 16, 'Contrada Rolando, 110 Appartamento 3', 0);
INSERT INTO turno  VALUES ('2022-05-06 10:06:42' , 'UKHVLD62A50I821U', '2022-05-06 14:06:42', NULL, 0, NULL);
INSERT INTO turno  VALUES ('2022-05-06 10:06:42' , 'WFFFNT48T21E210Y', '2022-05-06 14:06:42', NULL, 0, 0);
INSERT INTO turno  VALUES ('2022-05-06 10:06:42' , 'VHLKRT02C06D960I', '2022-05-06 14:06:42', NULL, NULL, 0);
INSERT INTO ricezione  VALUES (1, '2022-05-18 14:56:18', '2022-05-18 15:56:18');
INSERT INTO trasporto  VALUES (1, '2022-05-18 12:56:18', '2022-05-18 14:56:18', 4, 'Canale Gino, 96 Appartamento 3', 1);
INSERT INTO turno  VALUES ('2022-05-18 12:56:18' , 'LJNCMS37B44I090N', '2022-05-18 16:56:18', NULL, 1, NULL);
INSERT INTO turno  VALUES ('2022-05-18 12:56:18' , 'UGRQVV15E09C292D', '2022-05-18 16:56:18', NULL, 1, 1);
INSERT INTO turno  VALUES ('2022-05-18 12:56:18' , 'HLFLJC95S13L355B', '2022-05-18 16:56:18', NULL, NULL, 1);
INSERT INTO ricezione  VALUES (2, '2022-05-12 12:51:39', '2022-05-12 13:51:39');
INSERT INTO trasporto  VALUES (2, '2022-05-12 10:51:39', '2022-05-12 12:51:39', 13, 'Vicolo Ornella, 81', 2);
INSERT INTO turno  VALUES ('2022-05-12 10:51:39' , 'QHMVQT38T55C474V', '2022-05-12 14:51:39', NULL, 2, NULL);
INSERT INTO turno  VALUES ('2022-05-12 10:51:39' , 'RNAFDE97P27A210R', '2022-05-12 14:51:39', NULL, 2, 2);
INSERT INTO turno  VALUES ('2022-05-12 10:51:39' , 'ICBSWC01C25E785X', '2022-05-12 14:51:39', NULL, NULL, 2);
INSERT INTO ricezione  VALUES (3, '2022-04-30 14:41:54', '2022-04-30 15:41:54');
INSERT INTO trasporto  VALUES (3, '2022-04-30 12:41:54', '2022-04-30 14:41:54', 13, 'Viale Polizzi, 34 Appartamento 0', 3);
INSERT INTO turno  VALUES ('2022-04-30 12:41:54' , 'WOKPSV55S04I233S', '2022-04-30 16:41:54', NULL, 3, NULL);
INSERT INTO turno  VALUES ('2022-04-30 12:41:54' , 'RNAFDE97P27A210R', '2022-04-30 16:41:54', NULL, 3, 3);
INSERT INTO turno  VALUES ('2022-04-30 12:41:54' , 'UMNUKY11S60C203Y', '2022-04-30 16:41:54', NULL, NULL, 3);
INSERT INTO ricezione  VALUES (4, '2022-05-15 17:22:45', '2022-05-15 18:22:45');
INSERT INTO trasporto  VALUES (4, '2022-05-15 15:22:45', '2022-05-15 17:22:45', 13, 'Contrada Sagnelli, 323', 4);
INSERT INTO turno  VALUES ('2022-05-15 15:22:45' , 'YGJHZT72D46M338E', '2022-05-15 19:22:45', NULL, 4, NULL);
INSERT INTO turno  VALUES ('2022-05-15 15:22:45' , 'RNAFDE97P27A210R', '2022-05-15 19:22:45', NULL, 4, 4);
INSERT INTO turno  VALUES ('2022-05-15 15:22:45' , 'OZEWES28L52A743T', '2022-05-15 19:22:45', NULL, NULL, 4);
INSERT INTO ricezione  VALUES (5, '2022-02-22 04:01:17', '2022-02-22 05:01:17');
INSERT INTO trasporto  VALUES (5, '2022-02-22 02:01:17', '2022-02-22 04:01:17', 7, 'Rotonda Casaleggio, 85', 5);
INSERT INTO turno  VALUES ('2022-02-22 02:01:17' , 'EXBUIU05M19I384N', '2022-02-22 06:01:17', NULL, 5, NULL);
INSERT INTO turno  VALUES ('2022-02-22 02:01:17' , 'RDSHOU88B20F249W', '2022-02-22 06:01:17', NULL, 5, 5);
INSERT INTO turno  VALUES ('2022-02-22 02:01:17' , 'QBPTDU65R50G437V', '2022-02-22 06:01:17', NULL, NULL, 5);
INSERT INTO ricezione  VALUES (6, '2022-05-21 17:42:25', '2022-05-21 18:42:25');
INSERT INTO trasporto  VALUES (6, '2022-05-21 15:42:25', '2022-05-21 17:42:25', 3, 'Piazza Calogero, 4', 6);
INSERT INTO turno  VALUES ('2022-05-21 15:42:25' , 'LTQEVD57T67F167B', '2022-05-21 19:42:25', NULL, 6, NULL);
INSERT INTO turno  VALUES ('2022-05-21 15:42:25' , 'ICBSWC01C25E785X', '2022-05-21 19:42:25', NULL, 6, 6);
INSERT INTO turno  VALUES ('2022-05-21 15:42:25' , 'NIPKIH11S23E282H', '2022-05-21 19:42:25', NULL, NULL, 6);
INSERT INTO ricezione  VALUES (7, '2022-04-03 00:37:34', '2022-04-03 01:37:34');
INSERT INTO trasporto  VALUES (7, '2022-04-02 22:37:34', '2022-04-03 00:37:34', 11, 'Incrocio Asmundo, 979 Piano 6', 7);
INSERT INTO turno  VALUES ('2022-04-02 22:37:34' , 'NFWRTR15H13E251J', '2022-04-03 02:37:34', NULL, 7, NULL);
INSERT INTO turno  VALUES ('2022-04-02 22:37:34' , 'ZMJASC96C53E349U', '2022-04-03 02:37:34', NULL, 7, 7);
INSERT INTO turno  VALUES ('2022-04-02 22:37:34' , 'WXRPCF61A20H928R', '2022-04-03 02:37:34', NULL, NULL, 7);
INSERT INTO ricezione  VALUES (8, '2022-05-11 12:52:02', '2022-05-11 13:52:02');
INSERT INTO trasporto  VALUES (8, '2022-05-11 10:52:02', '2022-05-11 12:52:02', 13, 'Incrocio Soprano, 78', 8);
INSERT INTO turno  VALUES ('2022-05-11 10:52:02' , 'AFPWSW72E60M411S', '2022-05-11 14:52:02', NULL, 8, NULL);
INSERT INTO turno  VALUES ('2022-05-11 10:52:02' , 'LJNCMS37B44I090N', '2022-05-11 14:52:02', NULL, 8, 8);
INSERT INTO turno  VALUES ('2022-05-11 10:52:02' , 'IKTPLF21A16A391C', '2022-05-11 14:52:02', NULL, NULL, 8);
INSERT INTO ricezione  VALUES (9, '2022-04-01 14:23:04', '2022-04-01 15:23:04');
INSERT INTO trasporto  VALUES (9, '2022-04-01 12:23:04', '2022-04-01 14:23:04', 6, 'Piazza Rosselli, 83 Piano 1', 9);
INSERT INTO turno  VALUES ('2022-04-01 12:23:04' , 'ZPRQSA94C13H221W', '2022-04-01 16:23:04', NULL, 9, NULL);
INSERT INTO turno  VALUES ('2022-04-01 12:23:04' , 'JHZMSB85T48E496S', '2022-04-01 16:23:04', NULL, 9, 9);
INSERT INTO turno  VALUES ('2022-04-01 12:23:04' , 'BTIORZ83E14C872D', '2022-04-01 16:23:04', NULL, NULL, 9);
INSERT INTO ricezione  VALUES (10, '2022-03-21 19:08:27', '2022-03-21 20:08:27');
INSERT INTO trasporto  VALUES (10, '2022-03-21 17:08:27', '2022-03-21 19:08:27', 3, 'Viale Graziella, 34 Piano 6', 10);
INSERT INTO turno  VALUES ('2022-03-21 17:08:27' , 'QHMVQT38T55C474V', '2022-03-21 21:08:27', NULL, 10, NULL);
INSERT INTO turno  VALUES ('2022-03-21 17:08:27' , 'LTQEVD57T67F167B', '2022-03-21 21:08:27', NULL, 10, 10);
INSERT INTO turno  VALUES ('2022-03-21 17:08:27' , 'BRPHIC38B59C771L', '2022-03-21 21:08:27', NULL, NULL, 10);
INSERT INTO ricezione  VALUES (11, '2022-02-25 18:12:19', '2022-02-25 19:12:19');
INSERT INTO trasporto  VALUES (11, '2022-02-25 16:12:19', '2022-02-25 18:12:19', 8, 'Rotonda Greggio, 3', 11);
INSERT INTO turno  VALUES ('2022-02-25 16:12:19' , 'SZUHMQ96T56I991L', '2022-02-25 20:12:19', NULL, 11, NULL);
INSERT INTO turno  VALUES ('2022-02-25 16:12:19' , 'UGRQVV15E09C292D', '2022-02-25 20:12:19', NULL, 11, 11);
INSERT INTO turno  VALUES ('2022-02-25 16:12:19' , 'UMNUKY11S60C203Y', '2022-02-25 20:12:19', NULL, NULL, 11);
INSERT INTO ricezione  VALUES (12, '2022-04-11 13:04:37', '2022-04-11 14:04:37');
INSERT INTO trasporto  VALUES (12, '2022-04-11 11:04:37', '2022-04-11 13:04:37', 11, 'Vicolo Borromeo, 75 Appartamento 0', 12);
INSERT INTO turno  VALUES ('2022-04-11 11:04:37' , 'WOKPSV55S04I233S', '2022-04-11 15:04:37', NULL, 12, NULL);
INSERT INTO turno  VALUES ('2022-04-11 11:04:37' , 'OCXAQX45D59F446R', '2022-04-11 15:04:37', NULL, 12, 12);
INSERT INTO turno  VALUES ('2022-04-11 11:04:37' , 'UUREIT00T41E127Y', '2022-04-11 15:04:37', NULL, NULL, 12);
INSERT INTO ricezione  VALUES (13, '2022-04-28 19:08:29', '2022-04-28 20:08:29');
INSERT INTO trasporto  VALUES (13, '2022-04-28 17:08:29', '2022-04-28 19:08:29', 8, 'Borgo Raffaella, 98', 13);
INSERT INTO turno  VALUES ('2022-04-28 17:08:29' , 'JRYXEZ83M14M336Y', '2022-04-28 21:08:29', NULL, 13, NULL);
INSERT INTO turno  VALUES ('2022-04-28 17:08:29' , 'LEVJDU97T50E957T', '2022-04-28 21:08:29', NULL, 13, 13);
INSERT INTO turno  VALUES ('2022-04-28 17:08:29' , 'LTQEVD57T67F167B', '2022-04-28 21:08:29', NULL, NULL, 13);
INSERT INTO ricezione  VALUES (14, '2022-05-19 18:13:18', '2022-05-19 19:13:18');
INSERT INTO trasporto  VALUES (14, '2022-05-19 16:13:18', '2022-05-19 18:13:18', 4, 'Piazza Letizia, 95 Appartamento 21', 14);
INSERT INTO turno  VALUES ('2022-05-19 16:13:18' , 'AFPWSW72E60M411S', '2022-05-19 20:13:18', NULL, 14, NULL);
INSERT INTO turno  VALUES ('2022-05-19 16:13:18' , 'QBPTDU65R50G437V', '2022-05-19 20:13:18', NULL, 14, 14);
INSERT INTO turno  VALUES ('2022-05-19 16:13:18' , 'LEVJDU97T50E957T', '2022-05-19 20:13:18', NULL, NULL, 14);
INSERT INTO ricezione  VALUES (15, '2022-06-04 02:51:19', '2022-06-04 03:51:19');
INSERT INTO trasporto  VALUES (15, '2022-06-04 00:51:19', '2022-06-04 02:51:19', 15, 'Vicolo Iolanda, 96 Appartamento 23', 15);
INSERT INTO turno  VALUES ('2022-06-04 00:51:19' , 'RJYWVW08R09H369S', '2022-06-04 04:51:19', NULL, 15, NULL);
INSERT INTO turno  VALUES ('2022-06-04 00:51:19' , 'BRPHIC38B59C771L', '2022-06-04 04:51:19', NULL, 15, 15);
INSERT INTO turno  VALUES ('2022-06-04 00:51:19' , 'YGJHZT72D46M338E', '2022-06-04 04:51:19', NULL, NULL, 15);
INSERT INTO ricezione  VALUES (16, '2022-05-18 14:48:47', '2022-05-18 15:48:47');
INSERT INTO trasporto  VALUES (16, '2022-05-18 12:48:47', '2022-05-18 14:48:47', 14, 'Piazza Depero, 43', 16);
INSERT INTO turno  VALUES ('2022-05-18 12:48:47' , 'YGJHZT72D46M338E', '2022-05-18 16:48:47', NULL, 16, NULL);
INSERT INTO turno  VALUES ('2022-05-18 12:48:47' , 'IDNCHU42R65B044E', '2022-05-18 16:48:47', NULL, 16, 16);
INSERT INTO turno  VALUES ('2022-05-18 12:48:47' , 'OZEWES28L52A743T', '2022-05-18 16:48:47', NULL, NULL, 16);
INSERT INTO ricezione  VALUES (17, '2022-05-12 03:14:44', '2022-05-12 04:14:44');
INSERT INTO trasporto  VALUES (17, '2022-05-12 01:14:44', '2022-05-12 03:14:44', 14, 'Canale Pizzo, 58 Appartamento 3', 17);
INSERT INTO turno  VALUES ('2022-05-12 01:14:44' , 'LTQEVD57T67F167B', '2022-05-12 05:14:44', NULL, 17, NULL);
INSERT INTO turno  VALUES ('2022-05-12 01:14:44' , 'IDNCHU42R65B044E', '2022-05-12 05:14:44', NULL, 17, 17);
INSERT INTO turno  VALUES ('2022-05-12 01:14:44' , 'NCBVYL12L42H286Y', '2022-05-12 05:14:44', NULL, NULL, 17);
INSERT INTO ricezione  VALUES (18, '2022-03-08 19:15:18', '2022-03-08 20:15:18');
INSERT INTO trasporto  VALUES (18, '2022-03-08 17:15:18', '2022-03-08 19:15:18', 20, 'Contrada Battaglia, 2 Appartamento 5', 18);
INSERT INTO turno  VALUES ('2022-03-08 17:15:18' , 'ICBSWC01C25E785X', '2022-03-08 21:15:18', NULL, 18, NULL);
INSERT INTO turno  VALUES ('2022-03-08 17:15:18' , 'OCXAQX45D59F446R', '2022-03-08 21:15:18', NULL, 18, 18);
INSERT INTO turno  VALUES ('2022-03-08 17:15:18' , 'ZDNNSE41R48E789K', '2022-03-08 21:15:18', NULL, NULL, 18);
INSERT INTO ricezione  VALUES (19, '2022-05-03 01:32:53', '2022-05-03 02:32:53');
INSERT INTO trasporto  VALUES (19, '2022-05-02 23:32:53', '2022-05-03 01:32:53', 15, 'Stretto Galiazzo, 76', 19);
INSERT INTO turno  VALUES ('2022-05-02 23:32:53' , 'RJYWVW08R09H369S', '2022-05-03 03:32:53', NULL, 19, NULL);
INSERT INTO turno  VALUES ('2022-05-02 23:32:53' , 'LTQEVD57T67F167B', '2022-05-03 03:32:53', NULL, 19, 19);
INSERT INTO turno  VALUES ('2022-05-02 23:32:53' , 'BRPHIC38B59C771L', '2022-05-03 03:32:53', NULL, NULL, 19);
INSERT INTO ricezione  VALUES (20, '2022-05-13 02:46:08', '2022-05-13 03:46:08');
INSERT INTO trasporto  VALUES (20, '2022-05-13 00:46:08', '2022-05-13 02:46:08', 4, 'Vicolo Saverio, 49 Piano 5', 20);
INSERT INTO turno  VALUES ('2022-05-13 00:46:08' , 'XFOMHN74R62E956M', '2022-05-13 04:46:08', NULL, 20, NULL);
INSERT INTO turno  VALUES ('2022-05-13 00:46:08' , 'UGRQVV15E09C292D', '2022-05-13 04:46:08', NULL, 20, 20);
INSERT INTO turno  VALUES ('2022-05-13 00:46:08' , 'ICBSWC01C25E785X', '2022-05-13 04:46:08', NULL, NULL, 20);
INSERT INTO ricezione  VALUES (21, '2022-04-19 15:13:06', '2022-04-19 16:13:06');
INSERT INTO trasporto  VALUES (21, '2022-04-19 13:13:06', '2022-04-19 15:13:06', 8, 'Piazza Elena, 60 Appartamento 36', 21);
INSERT INTO turno  VALUES ('2022-04-19 13:13:06' , 'IDNCHU42R65B044E', '2022-04-19 17:13:06', NULL, 21, NULL);
INSERT INTO turno  VALUES ('2022-04-19 13:13:06' , 'CUKCOD98L15A777B', '2022-04-19 17:13:06', NULL, 21, 21);
INSERT INTO turno  VALUES ('2022-04-19 13:13:06' , 'QBPTDU65R50G437V', '2022-04-19 17:13:06', NULL, NULL, 21);
INSERT INTO ricezione  VALUES (22, '2022-03-04 11:50:53', '2022-03-04 12:50:53');
INSERT INTO trasporto  VALUES (22, '2022-03-04 09:50:53', '2022-03-04 11:50:53', 18, 'Contrada Filippelli, 41 Piano 9', 22);
INSERT INTO turno  VALUES ('2022-03-04 09:50:53' , 'NGYEIO13E26H282L', '2022-03-04 13:50:53', NULL, 22, NULL);
INSERT INTO turno  VALUES ('2022-03-04 09:50:53' , 'LMIWCO32T48B249X', '2022-03-04 13:50:53', NULL, 22, 22);
INSERT INTO turno  VALUES ('2022-03-04 09:50:53' , 'ZDNNSE41R48E789K', '2022-03-04 13:50:53', NULL, NULL, 22);
INSERT INTO ricezione  VALUES (23, '2022-03-20 13:53:28', '2022-03-20 14:53:28');
INSERT INTO trasporto  VALUES (23, '2022-03-20 11:53:28', '2022-03-20 13:53:28', 18, 'Viale Cristina, 32', 23);
INSERT INTO turno  VALUES ('2022-03-20 11:53:28' , 'LEVJDU97T50E957T', '2022-03-20 15:53:28', NULL, 23, NULL);
INSERT INTO turno  VALUES ('2022-03-20 11:53:28' , 'LMIWCO32T48B249X', '2022-03-20 15:53:28', NULL, 23, 23);
INSERT INTO turno  VALUES ('2022-03-20 11:53:28' , 'LJNCMS37B44I090N', '2022-03-20 15:53:28', NULL, NULL, 23);
INSERT INTO ricezione  VALUES (24, '2022-04-21 17:36:52', '2022-04-21 18:36:52');
INSERT INTO trasporto  VALUES (24, '2022-04-21 15:36:52', '2022-04-21 17:36:52', 14, 'Contrada Pausini, 96 Appartamento 81', 24);
INSERT INTO turno  VALUES ('2022-04-21 15:36:52' , 'WQHPLW39D61F029Y', '2022-04-21 19:36:52', NULL, 24, NULL);
INSERT INTO turno  VALUES ('2022-04-21 15:36:52' , 'HNBHWK12P16C048M', '2022-04-21 19:36:52', NULL, 24, 24);
INSERT INTO turno  VALUES ('2022-04-21 15:36:52' , 'ZDNNSE41R48E789K', '2022-04-21 19:36:52', NULL, NULL, 24);
INSERT INTO ricezione  VALUES (25, '2022-03-23 17:23:47', '2022-03-23 18:23:47');
INSERT INTO trasporto  VALUES (25, '2022-03-23 15:23:47', '2022-03-23 17:23:47', 6, 'Borgo Conte, 36 Appartamento 1', 25);
INSERT INTO turno  VALUES ('2022-03-23 15:23:47' , 'QBPTDU65R50G437V', '2022-03-23 19:23:47', NULL, 25, NULL);
INSERT INTO turno  VALUES ('2022-03-23 15:23:47' , 'VBIRMI09M48G093R', '2022-03-23 19:23:47', NULL, 25, 25);
INSERT INTO turno  VALUES ('2022-03-23 15:23:47' , 'XFOMHN74R62E956M', '2022-03-23 19:23:47', NULL, NULL, 25);
INSERT INTO ricezione  VALUES (26, '2022-03-13 03:56:32', '2022-03-13 04:56:32');
INSERT INTO trasporto  VALUES (26, '2022-03-13 01:56:32', '2022-03-13 03:56:32', 9, 'Piazza Marangoni, 71', 26);
INSERT INTO turno  VALUES ('2022-03-13 01:56:32' , 'JHZMSB85T48E496S', '2022-03-13 05:56:32', NULL, 26, NULL);
INSERT INTO turno  VALUES ('2022-03-13 01:56:32' , 'BTIORZ83E14C872D', '2022-03-13 05:56:32', NULL, 26, 26);
INSERT INTO turno  VALUES ('2022-03-13 01:56:32' , 'ZTHEAM45A21M166W', '2022-03-13 05:56:32', NULL, NULL, 26);
INSERT INTO ricezione  VALUES (27, '2022-04-22 14:15:38', '2022-04-22 15:15:38');
INSERT INTO trasporto  VALUES (27, '2022-04-22 12:15:38', '2022-04-22 14:15:38', 11, 'Rotonda Elisa, 77', 27);
INSERT INTO turno  VALUES ('2022-04-22 12:15:38' , 'BTIORZ83E14C872D', '2022-04-22 16:15:38', NULL, 27, NULL);
INSERT INTO turno  VALUES ('2022-04-22 12:15:38' , 'OZEWES28L52A743T', '2022-04-22 16:15:38', NULL, 27, 27);
INSERT INTO turno  VALUES ('2022-04-22 12:15:38' , 'ZMJASC96C53E349U', '2022-04-22 16:15:38', NULL, NULL, 27);
INSERT INTO ricezione  VALUES (28, '2022-02-17 03:25:29', '2022-02-17 04:25:29');
INSERT INTO trasporto  VALUES (28, '2022-02-17 01:25:29', '2022-02-17 03:25:29', 10, 'Canale Virgilio, 5', 28);
INSERT INTO turno  VALUES ('2022-02-17 01:25:29' , 'WFFFNT48T21E210Y', '2022-02-17 05:25:29', NULL, 28, NULL);
INSERT INTO turno  VALUES ('2022-02-17 01:25:29' , 'YGJHZT72D46M338E', '2022-02-17 05:25:29', NULL, 28, 28);
INSERT INTO turno  VALUES ('2022-02-17 01:25:29' , 'VBIRMI09M48G093R', '2022-02-17 05:25:29', NULL, NULL, 28);
INSERT INTO ricezione  VALUES (29, '2022-03-10 10:33:37', '2022-03-10 11:33:37');
INSERT INTO trasporto  VALUES (29, '2022-03-10 08:33:37', '2022-03-10 10:33:37', 7, 'Contrada Gatto, 47', 29);
INSERT INTO turno  VALUES ('2022-03-10 08:33:37' , 'RNAFDE97P27A210R', '2022-03-10 12:33:37', NULL, 29, NULL);
INSERT INTO turno  VALUES ('2022-03-10 08:33:37' , 'AFPWSW72E60M411S', '2022-03-10 12:33:37', NULL, 29, 29);
INSERT INTO turno  VALUES ('2022-03-10 08:33:37' , 'UGRQVV15E09C292D', '2022-03-10 12:33:37', NULL, NULL, 29);


INSERT INTO spesa  VALUES (0, 19);
INSERT INTO donazione  VALUES (0, '2022-01-26 16:48:16', 19, NULL, 'SGTNIC39P04H314O' , NULL);
INSERT INTO donazione  VALUES (1, '2022-02-10', NULL , 10, NULL, 0);
INSERT INTO spesa  VALUES (1, 98);
INSERT INTO donazione  VALUES (2, '2022-03-05 03:35:24', 98, NULL, 'CKAAZA83C51G991D' , NULL);
INSERT INTO donazione  VALUES (3, '2021-12-29', NULL , 14, NULL, 1);
INSERT INTO spesa  VALUES (2, 50);
INSERT INTO donazione  VALUES (4, '2022-05-30 08:49:39', 50, NULL, 'STGJFG66B15H029K' , NULL);
INSERT INTO donazione  VALUES (5, '2022-03-18', NULL , 19, NULL, 2);
INSERT INTO spesa  VALUES (3, 77);
INSERT INTO donazione  VALUES (6, '2022-01-27 06:35:32', 77, NULL, 'ZPWVBY14D11H679L' , NULL);
INSERT INTO donazione  VALUES (7, '2022-01-17', NULL , 6, NULL, 3);
INSERT INTO spesa  VALUES (4, 33);
INSERT INTO donazione  VALUES (8, '2022-05-20 16:11:40', 33, NULL, 'GNBCTK48A66F533R' , NULL);
INSERT INTO donazione  VALUES (9, '2021-12-18', NULL , 3, NULL, 4);
INSERT INTO spesa  VALUES (5, 47);
INSERT INTO donazione  VALUES (10, '2022-03-08 11:35:06', 47, NULL, 'MRQLFB04R66A676H' , NULL);
INSERT INTO donazione  VALUES (11, '2022-01-06', NULL , 16, NULL, 5);
INSERT INTO spesa  VALUES (6, 62);
INSERT INTO donazione  VALUES (12, '2022-06-08 04:07:34', 62, NULL, 'RPMXWE67T56F711N' , NULL);
INSERT INTO donazione  VALUES (13, '2022-03-05', NULL , 25, NULL, 6);
INSERT INTO spesa  VALUES (7, 23);
INSERT INTO donazione  VALUES (14, '2022-01-07 03:48:24', 23, NULL, 'ZPWVBY14D11H679L' , NULL);
INSERT INTO donazione  VALUES (15, '2022-04-21', NULL , 14, NULL, 7);
INSERT INTO spesa  VALUES (8, 52);
INSERT INTO donazione  VALUES (16, '2022-03-06 15:52:12', 52, NULL, 'WNHDLT85M43L525O' , NULL);
INSERT INTO donazione  VALUES (17, '2022-01-26', NULL , 13, NULL, 8);
INSERT INTO spesa  VALUES (9, 33);
INSERT INTO donazione  VALUES (18, '2022-01-29 15:19:02', 33, NULL, 'LSLVEP41R08F446L' , NULL);
INSERT INTO donazione  VALUES (19, '2022-01-12', NULL , 14, NULL, 9);


INSERT INTO donazione  VALUES (20, '2022-01-16', NULL , 5, 'SGTNIC39P04H314O' , NULL );
INSERT INTO donazione  VALUES (21, '2022-03-14', NULL , 19, 'OBGQXJ48M07H650B' , NULL );
INSERT INTO donazione  VALUES (22, '2022-03-30', NULL , 8, 'STGJFG66B15H029K' , NULL );
INSERT INTO donazione  VALUES (23, '2022-02-03', NULL , 7, 'STGJFG66B15H029K' , NULL );
INSERT INTO donazione  VALUES (24, '2022-02-03', NULL , 25, 'JWLRAP01E52F326A' , NULL );
INSERT INTO donazione  VALUES (25, '2022-04-12', NULL , 0, 'QPKJMQ54T11E837L' , NULL );
INSERT INTO donazione  VALUES (26, '2022-01-20', NULL , 9, 'QHEHJU76R24L434O' , NULL );
INSERT INTO donazione  VALUES (27, '2022-02-14', NULL , 24, 'IXZDIM38C26F137F' , NULL );
INSERT INTO donazione  VALUES (28, '2022-02-02', NULL , 28, 'PFSZEF56H20E683C' , NULL );
INSERT INTO donazione  VALUES (29, '2022-01-01', NULL , 15, 'LSLVEP41R08F446L' , NULL );
INSERT INTO donazione  VALUES (30, '2022-02-07', NULL , 28, 'JWLRAP01E52F326A' , NULL );
INSERT INTO donazione  VALUES (31, '2022-02-15', NULL , 11, 'BCTMGZ06H46F708W' , NULL );
INSERT INTO donazione  VALUES (32, '2022-01-28', NULL , 18, 'SGTNIC39P04H314O' , NULL );
INSERT INTO donazione  VALUES (33, '2022-04-26', NULL , 8, 'OBGQXJ48M07H650B' , NULL );
INSERT INTO donazione  VALUES (34, '2022-02-19', NULL , 6, 'PFSZEF56H20E683C' , NULL );


INSERT INTO inventario  VALUES (0, 0, 'pasta', 'penne Barilla', 3 , '10' );
INSERT INTO inventario  VALUES (1, 0, 'pasta', 'fusilli DeCecco', 1 , '10' );
INSERT INTO inventario  VALUES (2, 0, 'pasta', 'farfalle Barilla', 1 , '10' );
INSERT INTO inventario  VALUES (3, 0, 'pasta', 'spaghetti Barilla', 5 , '10' );
INSERT INTO inventario  VALUES (4, 0, 'pasta', 'cannelloni DeCecco', 4 , '10' );
INSERT INTO inventario  VALUES (5, 0, 'riso', 'riso Scotti', 4 , '9' );
INSERT INTO inventario  VALUES (6, 0, 'riso', 'riso Scotti basmati', 1 , '9' );
INSERT INTO inventario  VALUES (7, 0, 'riso', 'riso Gallo', 3 , '9' );
INSERT INTO inventario  VALUES (8, 0, 'latte', 'Parmalat scremato', 1 , NULL );
INSERT INTO inventario  VALUES (9, 0, 'latte', 'Parmalat intero', 1 , NULL );
INSERT INTO inventario  VALUES (10, 0, 'latte', 'latte Tiguglio', 1 , NULL );
INSERT INTO inventario  VALUES (11, 0, 'latte', 'Latte di Soia', 3 , NULL );
INSERT INTO inventario  VALUES (12, 0, 'latte', 'Latte di Mandorla', 3 , NULL );
INSERT INTO inventario  VALUES (13, 0, 'formaggi', 'Parmigiano Reggiano', 5 , NULL );
INSERT INTO inventario  VALUES (14, 0, 'formaggi', 'Asiago', 1 , NULL );
INSERT INTO inventario  VALUES (15, 0, 'formaggi', 'Mozzarella', 3 , NULL );
INSERT INTO inventario  VALUES (16, 0, 'formaggi', 'Caciotto', 4 , NULL );
INSERT INTO inventario  VALUES (17, 0, 'formaggi', 'Stracchino', 4 , NULL );
INSERT INTO inventario  VALUES (18, 0, 'formaggi', 'Gorgonzola', 1 , NULL );
INSERT INTO inventario  VALUES (19, 0, 'yogurt', 'Muller yogurt frutta', 4 , NULL );
INSERT INTO inventario  VALUES (20, 0, 'yogurt', 'Muller yogurt bianco', 4 , NULL );
INSERT INTO inventario  VALUES (21, 0, 'yogurt', 'Activia yogurt', 1 , NULL );
INSERT INTO inventario  VALUES (22, 0, 'yogurt', 'yogurt greco', 3 , NULL );
INSERT INTO inventario  VALUES (23, 0, 'olio', 'Olio oliva Carli', 2 , '12' );
INSERT INTO inventario  VALUES (24, 0, 'olio', 'Olio oliva Fabbri', 3 , '12' );
INSERT INTO inventario  VALUES (25, 0, 'olio', 'Olio di semi', 1 , '12' );
INSERT INTO inventario  VALUES (26, 0, 'olio', 'Olio di palma', 1 , '12' );
INSERT INTO inventario  VALUES (27, 0, 'salse', 'pesto Barilla', 4 , '5' );
INSERT INTO inventario  VALUES (28, 0, 'salse', 'sugo Barilla', 5 , '5' );
INSERT INTO inventario  VALUES (29, 0, 'salse', 'ketchapp', 5 , '5' );
INSERT INTO inventario  VALUES (30, 0, 'salse', 'maionese', 4 , '5' );
INSERT INTO inventario  VALUES (31, 0, 'salse', 'senape', 4 , '5' );
INSERT INTO inventario  VALUES (32, 0, 'salse', 'aceto balsamico', 4 , '5' );
INSERT INTO inventario  VALUES (33, 0, 'caffe', 'Lavazza arabico', 1 , '6' );
INSERT INTO inventario  VALUES (34, 0, 'caffe', 'Lavazza rossa', 4 , '6' );
INSERT INTO inventario  VALUES (35, 0, 'caffe', 'Lavazza gold', 1 , '6' );
INSERT INTO inventario  VALUES (36, 0, 'caffe', 'Illy classico', 4 , '6' );
INSERT INTO inventario  VALUES (37, 0, 'igene', 'Carta Igenica', 4 , NULL );
INSERT INTO inventario  VALUES (38, 0, 'igene', 'Sapone neutro', 4 , NULL );
INSERT INTO inventario  VALUES (39, 0, 'igene', 'Amuchina', 1 , NULL );
INSERT INTO inventario  VALUES (40, 0, 'igene', 'Shampoo', 5 , NULL );
INSERT INTO inventario  VALUES (41, 0, 'igene', 'DocciaSchiuma', 5 , NULL );
INSERT INTO inventario  VALUES (42, 0, 'igene', 'deodorante', 5 , NULL );
INSERT INTO inventario  VALUES (43, 0, 'igene', 'sgrassatore', 2 , NULL );
INSERT INTO inventario  VALUES (44, 0, 'igene', 'candeggina', 4 , NULL );
INSERT INTO inventario  VALUES (45, 0, 'igene', 'spugna', 1 , NULL );
INSERT INTO inventario  VALUES (46, 0, 'bibite', 'Acqua Eva', 1 , NULL );
INSERT INTO inventario  VALUES (47, 0, 'bibite', 'SantAnna', 3 , NULL );
INSERT INTO inventario  VALUES (48, 0, 'bibite', 'Acqua Simply', 4 , NULL );
INSERT INTO inventario  VALUES (49, 0, 'bibite', 'CocaCola', 4 , NULL );
INSERT INTO inventario  VALUES (50, 0, 'bibite', 'Pepsi', 1 , NULL );
INSERT INTO inventario  VALUES (51, 0, 'bibite', 'Fanta', 5 , NULL );


CREATE OR REPLACE FUNCTION funIncr() RETURNS trigger AS
$$
BEGIN
	UPDATE Inventario
	SET quantità = quantità+1
	WHERE codProdotto = NEW.codProdotto;
	RETURN NEW;
END;
$$ LANGUAGE plpgsql;

CREATE OR REPLACE TRIGGER incrQnt
AFTER INSERT ON Prodotto
FOR EACH ROW
EXECUTE FUNCTION funIncr();


INSERT INTO scarico VALUES ('2022-04-30' );
INSERT INTO prodotto  VALUES (0, '2021-05-02', NULL , 14, '2022-04-30' , 16  );
INSERT INTO prodotto  VALUES (1, '2021-01-10', NULL , 30, '2022-04-30' , 7  );
INSERT INTO prodotto  VALUES (2, NULL, NULL , 37, '2022-04-30' , 17  );
INSERT INTO prodotto  VALUES (3, '2022-03-24', NULL , 36, '2022-04-30' , 26  );
INSERT INTO prodotto  VALUES (4, '2021-03-03', NULL , 13, '2022-04-30' , 10  );
INSERT INTO prodotto  VALUES (5, '2020-12-19', NULL , 9, '2022-04-30' , 22  );
INSERT INTO prodotto  VALUES (6, '2021-05-16', NULL , 16, '2022-04-30' , 5  );
INSERT INTO prodotto  VALUES (7, '2022-01-07', NULL , 32, '2022-04-30' , 6  );
INSERT INTO prodotto  VALUES (8, '2021-10-22', NULL , 36, '2022-04-30' , 1  );
INSERT INTO prodotto  VALUES (9, '2021-12-31', NULL , 21, '2022-04-30' , 33  );
INSERT INTO scarico VALUES ('2022-01-13' );
INSERT INTO prodotto  VALUES (10, '2021-06-19', NULL , 28, '2022-01-13' , 34  );
INSERT INTO prodotto  VALUES (11, '2021-11-10', NULL , 29, '2022-01-13' , 31  );
INSERT INTO prodotto  VALUES (12, NULL, NULL , 47, '2022-01-13' , 16  );
INSERT INTO prodotto  VALUES (13, '2020-12-28', NULL , 26, '2022-01-13' , 23  );
INSERT INTO prodotto  VALUES (14, '2021-11-23', NULL , 14, '2022-01-13' , 19  );
INSERT INTO prodotto  VALUES (15, '2021-06-11', NULL , 2, '2022-01-13' , 9  );
INSERT INTO prodotto  VALUES (16, NULL, NULL , 43, '2022-01-13' , 31  );
INSERT INTO prodotto  VALUES (17, '2020-12-23', NULL , 9, '2022-01-13' , 3  );
INSERT INTO prodotto  VALUES (18, '2021-02-15', NULL , 29, '2022-01-13' , 31  );
INSERT INTO prodotto  VALUES (19, '2021-02-03', NULL , 4, '2022-01-13' , 28  );
INSERT INTO scarico VALUES ('2022-02-13' );
INSERT INTO prodotto  VALUES (20, NULL, NULL , 43, '2022-02-13' , 21  );
INSERT INTO prodotto  VALUES (21, NULL, NULL , 38, '2022-02-13' , 5  );
INSERT INTO prodotto  VALUES (22, '2021-10-20', NULL , 33, '2022-02-13' , 20  );
INSERT INTO prodotto  VALUES (23, '2021-08-17', NULL , 35, '2022-02-13' , 10  );
INSERT INTO prodotto  VALUES (24, NULL, NULL , 40, '2022-02-13' , 28  );
INSERT INTO prodotto  VALUES (25, '2021-07-18', NULL , 2, '2022-02-13' , 0  );
INSERT INTO prodotto  VALUES (26, '2021-10-02', NULL , 23, '2022-02-13' , 28  );
INSERT INTO prodotto  VALUES (27, NULL, NULL , 45, '2022-02-13' , 20  );
INSERT INTO prodotto  VALUES (28, '2021-03-05', NULL , 26, '2022-02-13' , 23  );
INSERT INTO prodotto  VALUES (29, NULL, NULL , 43, '2022-02-13' , 15  );
INSERT INTO scarico VALUES ('2022-02-14' );
INSERT INTO prodotto  VALUES (30, '2022-01-15', NULL , 29, '2022-02-14' , 24  );
INSERT INTO prodotto  VALUES (31, NULL, NULL , 43, '2022-02-14' , 31  );
INSERT INTO prodotto  VALUES (32, '2021-03-22', NULL , 19, '2022-02-14' , 7  );
INSERT INTO prodotto  VALUES (33, '2021-09-23', NULL , 17, '2022-02-14' , 34  );
INSERT INTO prodotto  VALUES (34, '2021-09-28', NULL , 29, '2022-02-14' , 18  );
INSERT INTO prodotto  VALUES (35, '2021-04-26', NULL , 2, '2022-02-14' , 19  );
INSERT INTO prodotto  VALUES (36, '2021-11-06', NULL , 7, '2022-02-14' , 4  );
INSERT INTO prodotto  VALUES (37, NULL, NULL , 48, '2022-02-14' , 7  );
INSERT INTO prodotto  VALUES (38, '2021-12-21', NULL , 15, '2022-02-14' , 30  );
INSERT INTO prodotto  VALUES (39, '2022-01-28', NULL , 5, '2022-02-14' , 3  );
INSERT INTO scarico VALUES ('2022-02-19' );
INSERT INTO prodotto  VALUES (40, '2021-06-02', NULL , 9, '2022-02-19' , 13  );
INSERT INTO prodotto  VALUES (41, NULL, NULL , 41, '2022-02-19' , 0  );
INSERT INTO prodotto  VALUES (42, '2021-03-31', NULL , 6, '2022-02-19' , 22  );
INSERT INTO prodotto  VALUES (43, '2021-05-14', NULL , 20, '2022-02-19' , 25  );
INSERT INTO prodotto  VALUES (44, '2021-01-04', NULL , 33, '2022-02-19' , 6  );
INSERT INTO prodotto  VALUES (45, '2021-02-18', NULL , 26, '2022-02-19' , 7  );
INSERT INTO prodotto  VALUES (46, NULL, NULL , 48, '2022-02-19' , 0  );
INSERT INTO prodotto  VALUES (47, '2021-12-03', NULL , 29, '2022-02-19' , 10  );
INSERT INTO prodotto  VALUES (48, NULL, NULL , 43, '2022-02-19' , 18  );
INSERT INTO prodotto  VALUES (49, NULL, NULL , 47, '2022-02-19' , 10  );
INSERT INTO scarico VALUES ('2022-01-15' );
INSERT INTO prodotto  VALUES (50, '2021-11-08', NULL , 26, '2022-01-15' , 20  );
INSERT INTO prodotto  VALUES (51, '2021-02-11', NULL , 30, '2022-01-15' , 30  );
INSERT INTO prodotto  VALUES (52, '2021-11-20', NULL , 11, '2022-01-15' , 8  );
INSERT INTO prodotto  VALUES (53, '2020-12-17', NULL , 36, '2022-01-15' , 2  );
INSERT INTO prodotto  VALUES (54, '2021-11-16', NULL , 15, '2022-01-15' , 17  );
INSERT INTO prodotto  VALUES (55, '2021-08-07', NULL , 11, '2022-01-15' , 5  );
INSERT INTO prodotto  VALUES (56, NULL, NULL , 46, '2022-01-15' , 30  );
INSERT INTO prodotto  VALUES (57, NULL, NULL , 45, '2022-01-15' , 29  );
INSERT INTO prodotto  VALUES (58, '2020-12-26', NULL , 22, '2022-01-15' , 17  );
INSERT INTO prodotto  VALUES (59, '2021-09-06', NULL , 29, '2022-01-15' , 33  );
INSERT INTO scarico VALUES ('2022-01-09' );
INSERT INTO prodotto  VALUES (60, NULL, NULL , 46, '2022-01-09' , 10  );
INSERT INTO prodotto  VALUES (61, '2021-06-28', NULL , 11, '2022-01-09' , 21  );
INSERT INTO prodotto  VALUES (62, '2021-04-17', NULL , 36, '2022-01-09' , 32  );
INSERT INTO prodotto  VALUES (63, '2021-02-27', NULL , 1, '2022-01-09' , 9  );
INSERT INTO prodotto  VALUES (64, '2021-10-10', NULL , 3, '2022-01-09' , 7  );
INSERT INTO prodotto  VALUES (65, '2021-03-22', NULL , 31, '2022-01-09' , 4  );
INSERT INTO prodotto  VALUES (66, '2021-04-27', NULL , 4, '2022-01-09' , 3  );
INSERT INTO prodotto  VALUES (67, '2021-12-12', NULL , 24, '2022-01-09' , 13  );
INSERT INTO prodotto  VALUES (68, '2021-02-20', NULL , 10, '2022-01-09' , 24  );
INSERT INTO prodotto  VALUES (69, NULL, NULL , 48, '2022-01-09' , 31  );
INSERT INTO scarico VALUES ('2022-06-11' );
INSERT INTO prodotto  VALUES (70, '2022-05-25', NULL , 18, '2022-06-11' , 31  );
INSERT INTO prodotto  VALUES (71, '2021-01-17', NULL , 16, '2022-06-11' , 32  );
INSERT INTO prodotto  VALUES (72, NULL, NULL , 39, '2022-06-11' , 32  );
INSERT INTO prodotto  VALUES (73, NULL, NULL , 43, '2022-06-11' , 3  );
INSERT INTO prodotto  VALUES (74, NULL, NULL , 46, '2022-06-11' , 6  );
INSERT INTO prodotto  VALUES (75, '2021-07-11', NULL , 27, '2022-06-11' , 26  );
INSERT INTO prodotto  VALUES (76, NULL, NULL , 45, '2022-06-11' , 7  );
INSERT INTO prodotto  VALUES (77, '2022-02-12', NULL , 31, '2022-06-11' , 16  );
INSERT INTO prodotto  VALUES (78, '2022-04-14', NULL , 28, '2022-06-11' , 12  );
INSERT INTO prodotto  VALUES (79, '2022-01-01', NULL , 24, '2022-06-11' , 17  );
INSERT INTO scarico VALUES ('2022-05-17' );
INSERT INTO prodotto  VALUES (80, '2022-02-26', NULL , 19, '2022-05-17' , 9  );
INSERT INTO prodotto  VALUES (81, NULL, NULL , 42, '2022-05-17' , 0  );
INSERT INTO prodotto  VALUES (82, '2021-12-16', NULL , 34, '2022-05-17' , 15  );
INSERT INTO prodotto  VALUES (83, '2022-04-25', NULL , 36, '2022-05-17' , 28  );
INSERT INTO prodotto  VALUES (84, NULL, NULL , 43, '2022-05-17' , 16  );
INSERT INTO prodotto  VALUES (85, '2021-05-28', NULL , 36, '2022-05-17' , 15  );
INSERT INTO prodotto  VALUES (86, '2021-05-07', NULL , 9, '2022-05-17' , 8  );
INSERT INTO prodotto  VALUES (87, '2022-02-11', NULL , 6, '2022-05-17' , 26  );
INSERT INTO prodotto  VALUES (88, '2021-07-13', NULL , 6, '2022-05-17' , 33  );
INSERT INTO prodotto  VALUES (89, '2021-08-03', NULL , 4, '2022-05-17' , 17  );
INSERT INTO scarico VALUES ('2022-02-27' );
INSERT INTO prodotto  VALUES (90, '2021-08-09', NULL , 36, '2022-02-27' , 28  );
INSERT INTO prodotto  VALUES (91, '2021-07-14', NULL , 25, '2022-02-27' , 33  );
INSERT INTO prodotto  VALUES (92, NULL, NULL , 37, '2022-02-27' , 32  );
INSERT INTO prodotto  VALUES (93, '2021-09-30', NULL , 24, '2022-02-27' , 34  );
INSERT INTO prodotto  VALUES (94, '2021-06-15', NULL , 8, '2022-02-27' , 22  );
INSERT INTO prodotto  VALUES (95, '2021-12-08', NULL , 25, '2022-02-27' , 15  );
INSERT INTO prodotto  VALUES (96, NULL, NULL , 38, '2022-02-27' , 25  );
INSERT INTO prodotto  VALUES (97, '2020-12-28', NULL , 16, '2022-02-27' , 25  );
INSERT INTO prodotto  VALUES (98, '2021-09-06', NULL , 1, '2022-02-27' , 8  );
INSERT INTO prodotto  VALUES (99, NULL, NULL , 44, '2022-02-27' , 17  );


INSERT INTO appuntamento  VALUES ('2022-03-02 13:46:03', 57,  40 , 'QRTTKJ08H62G021J', 28 );
INSERT INTO turno  VALUES ('2022-03-02 13:46:03' , 'RDSHOU88B20F249W', '2022-03-02 17:46:03', '2022-03-02 13:46:03', NULL, NULL);
INSERT INTO prodotto  VALUES (100, NULL, '2022-03-02 13:46:03' , 48, NULL , 18 );
INSERT INTO prodotto  VALUES (101, '2022-03-28', '2022-03-02 13:46:03' , 2, NULL , 8 );
INSERT INTO prodotto  VALUES (102, NULL, '2022-03-02 13:46:03' , 51, NULL , 29 );
INSERT INTO prodotto  VALUES (103, '2022-03-09', '2022-03-02 13:46:03' , 27, NULL , 27 );
INSERT INTO prodotto  VALUES (104, '2022-03-30', '2022-03-02 13:46:03' , 7, NULL , 0 );
INSERT INTO appuntamento  VALUES ('2022-03-22 15:37:13', 55,  37 , 'FZAZSO49T65F356R', 11 );
INSERT INTO turno  VALUES ('2022-03-22 15:37:13' , 'RJYWVW08R09H369S', '2022-03-22 19:37:13', '2022-03-22 15:37:13', NULL, NULL);
INSERT INTO prodotto  VALUES (105, NULL, '2022-03-22 15:37:13' , 38, NULL , 11 );
INSERT INTO prodotto  VALUES (106, '2022-05-19', '2022-03-22 15:37:13' , 3, NULL , 3 );
INSERT INTO prodotto  VALUES (107, '2022-04-13', '2022-03-22 15:37:13' , 4, NULL , 6 );
INSERT INTO prodotto  VALUES (108, '2022-04-16', '2022-03-22 15:37:13' , 10, NULL , 25 );
INSERT INTO prodotto  VALUES (109, '2022-04-28', '2022-03-22 15:37:13' , 20, NULL , 1 );
INSERT INTO appuntamento  VALUES ('2022-03-12 01:21:19', 44,  25 , 'GYPQTI83L25L778T', 29 );
INSERT INTO turno  VALUES ('2022-03-12 01:21:19' , 'QHMVQT38T55C474V', '2022-03-12 05:21:19', '2022-03-12 01:21:19', NULL, NULL);
INSERT INTO prodotto  VALUES (110, '2022-05-17', '2022-03-12 01:21:19' , 15, NULL , 13 );
INSERT INTO prodotto  VALUES (111, NULL, '2022-03-12 01:21:19' , 38, NULL , 34 );
INSERT INTO prodotto  VALUES (112, '2022-03-25', '2022-03-12 01:21:19' , 36, NULL , 33 );
INSERT INTO prodotto  VALUES (113, '2022-03-15', '2022-03-12 01:21:19' , 20, NULL , 21 );
INSERT INTO prodotto  VALUES (114, NULL, '2022-03-12 01:21:19' , 38, NULL , 7 );
INSERT INTO appuntamento  VALUES ('2022-03-06 05:35:46', 30,  19 , 'XEWPQY42M47D828H', 18 );
INSERT INTO turno  VALUES ('2022-03-06 05:35:46' , 'OZEWES28L52A743T', '2022-03-06 09:35:46', '2022-03-06 05:35:46', NULL, NULL);
INSERT INTO prodotto  VALUES (115, '2022-05-21', '2022-03-06 05:35:46' , 18, NULL , 30 );
INSERT INTO prodotto  VALUES (116, NULL, '2022-03-06 05:35:46' , 49, NULL , 13 );
INSERT INTO prodotto  VALUES (117, '2022-03-25', '2022-03-06 05:35:46' , 30, NULL , 26 );
INSERT INTO prodotto  VALUES (118, '2022-05-12', '2022-03-06 05:35:46' , 26, NULL , 23 );
INSERT INTO prodotto  VALUES (119, NULL, '2022-03-06 05:35:46' , 50, NULL , 8 );
INSERT INTO appuntamento  VALUES ('2022-03-16 18:21:51', 36,  24 , 'SAXPMP04E01L584K', 14 );
INSERT INTO turno  VALUES ('2022-03-16 18:21:51' , 'NFWRTR15H13E251J', '2022-03-16 22:21:51', '2022-03-16 18:21:51', NULL, NULL);
INSERT INTO prodotto  VALUES (120, '2022-05-10', '2022-03-16 18:21:51' , 14, NULL , 32 );
INSERT INTO prodotto  VALUES (121, '2022-03-30', '2022-03-16 18:21:51' , 3, NULL , 19 );
INSERT INTO prodotto  VALUES (122, '2022-05-24', '2022-03-16 18:21:51' , 18, NULL , 32 );
INSERT INTO prodotto  VALUES (123, '2022-05-05', '2022-03-16 18:21:51' , 26, NULL , 17 );
INSERT INTO prodotto  VALUES (124, '2022-03-26', '2022-03-16 18:21:51' , 36, NULL , 13 );
INSERT INTO appuntamento  VALUES ('2022-03-27 12:52:42', 48,  29 , 'OZCDKU61C53C359E', 5 );
INSERT INTO turno  VALUES ('2022-03-27 12:52:42' , 'JRYXEZ83M14M336Y', '2022-03-27 16:52:42', '2022-03-27 12:52:42', NULL, NULL);
INSERT INTO prodotto  VALUES (125, '2022-04-18', '2022-03-27 12:52:42' , 23, NULL , 4 );
INSERT INTO prodotto  VALUES (126, NULL, '2022-03-27 12:52:42' , 49, NULL , 11 );
INSERT INTO prodotto  VALUES (127, '2022-05-05', '2022-03-27 12:52:42' , 4, NULL , 14 );
INSERT INTO prodotto  VALUES (128, '2022-05-22', '2022-03-27 12:52:42' , 5, NULL , 2 );
INSERT INTO prodotto  VALUES (129, NULL, '2022-03-27 12:52:42' , 40, NULL , 14 );
INSERT INTO appuntamento  VALUES ('2022-03-27 03:41:01', 40,  29 , 'IYERTV27E55G510I', 21 );
INSERT INTO turno  VALUES ('2022-03-27 03:41:01' , 'JHZMSB85T48E496S', '2022-03-27 07:41:01', '2022-03-27 03:41:01', NULL, NULL);
INSERT INTO prodotto  VALUES (130, '2022-05-18', '2022-03-27 03:41:01' , 26, NULL , 6 );
INSERT INTO prodotto  VALUES (131, '2022-04-20', '2022-03-27 03:41:01' , 32, NULL , 19 );
INSERT INTO prodotto  VALUES (132, '2022-03-31', '2022-03-27 03:41:01' , 25, NULL , 27 );
INSERT INTO prodotto  VALUES (133, NULL, '2022-03-27 03:41:01' , 43, NULL , 17 );
INSERT INTO prodotto  VALUES (134, '2022-05-30', '2022-03-27 03:41:01' , 15, NULL , 14 );
INSERT INTO appuntamento  VALUES ('2022-03-29 04:09:07', 32,  10 , 'UIVJJY19T21H429W', 25 );
INSERT INTO turno  VALUES ('2022-03-29 04:09:07' , 'VBIRMI09M48G093R', '2022-03-29 08:09:07', '2022-03-29 04:09:07', NULL, NULL);
INSERT INTO prodotto  VALUES (135, NULL, '2022-03-29 04:09:07' , 42, NULL , 19 );
INSERT INTO prodotto  VALUES (136, NULL, '2022-03-29 04:09:07' , 42, NULL , 0 );
INSERT INTO prodotto  VALUES (137, '2022-05-12', '2022-03-29 04:09:07' , 20, NULL , 31 );
INSERT INTO prodotto  VALUES (138, NULL, '2022-03-29 04:09:07' , 44, NULL , 19 );
INSERT INTO prodotto  VALUES (139, '2022-05-18', '2022-03-29 04:09:07' , 17, NULL , 12 );
INSERT INTO appuntamento  VALUES ('2022-03-25 13:42:30', 42,  29 , 'EDRSWH61E02D189Z', 2 );
INSERT INTO turno  VALUES ('2022-03-25 13:42:30' , 'BTIORZ83E14C872D', '2022-03-25 17:42:30', '2022-03-25 13:42:30', NULL, NULL);
INSERT INTO prodotto  VALUES (140, '2022-05-17', '2022-03-25 13:42:30' , 24, NULL , 27 );
INSERT INTO prodotto  VALUES (141, '2022-04-15', '2022-03-25 13:42:30' , 8, NULL , 27 );
INSERT INTO prodotto  VALUES (142, '2022-05-19', '2022-03-25 13:42:30' , 12, NULL , 5 );
INSERT INTO prodotto  VALUES (143, '2022-03-25', '2022-03-25 13:42:30' , 17, NULL , 10 );
INSERT INTO prodotto  VALUES (144, '2022-05-09', '2022-03-25 13:42:30' , 23, NULL , 21 );
INSERT INTO appuntamento  VALUES ('2022-03-04 12:09:03', 48,  33 , 'BGZJEW92R60I220T', 24 );
INSERT INTO turno  VALUES ('2022-03-04 12:09:03' , 'ZPRQSA94C13H221W', '2022-03-04 16:09:03', '2022-03-04 12:09:03', NULL, NULL);
INSERT INTO prodotto  VALUES (145, '2022-03-20', '2022-03-04 12:09:03' , 20, NULL , 4 );
INSERT INTO prodotto  VALUES (146, '2022-03-07', '2022-03-04 12:09:03' , 12, NULL , 3 );
INSERT INTO prodotto  VALUES (147, NULL, '2022-03-04 12:09:03' , 44, NULL , 25 );
INSERT INTO prodotto  VALUES (148, '2022-04-23', '2022-03-04 12:09:03' , 21, NULL , 22 );
INSERT INTO prodotto  VALUES (149, '2022-04-15', '2022-03-04 12:09:03' , 0, NULL , 11 );
INSERT INTO appuntamento  VALUES ('2022-04-08 18:06:56', 35,  23 , 'QSCSQF42L68I154Q', 17 );
INSERT INTO turno  VALUES ('2022-04-08 18:06:56' , 'ZMJASC96C53E349U', '2022-04-08 22:06:56', '2022-04-08 18:06:56', NULL, NULL);
INSERT INTO prodotto  VALUES (150, '2022-04-14', '2022-04-08 18:06:56' , 23, NULL , 19 );
INSERT INTO prodotto  VALUES (151, '2022-04-08', '2022-04-08 18:06:56' , 8, NULL , 19 );
INSERT INTO prodotto  VALUES (152, NULL, '2022-04-08 18:06:56' , 37, NULL , 31 );
INSERT INTO prodotto  VALUES (153, NULL, '2022-04-08 18:06:56' , 44, NULL , 28 );
INSERT INTO prodotto  VALUES (154, '2022-04-24', '2022-04-08 18:06:56' , 33, NULL , 26 );
INSERT INTO appuntamento  VALUES ('2022-04-10 14:45:53', 30,  16 , 'KADCWO20M56H884D', 0 );
INSERT INTO turno  VALUES ('2022-04-10 14:45:53' , 'HLFLJC95S13L355B', '2022-04-10 18:45:53', '2022-04-10 14:45:53', NULL, NULL);
INSERT INTO prodotto  VALUES (155, '2022-05-12', '2022-04-10 14:45:53' , 31, NULL , 18 );
INSERT INTO prodotto  VALUES (156, NULL, '2022-04-10 14:45:53' , 39, NULL , 23 );
INSERT INTO prodotto  VALUES (157, '2022-05-15', '2022-04-10 14:45:53' , 1, NULL , 3 );
INSERT INTO prodotto  VALUES (158, '2022-04-16', '2022-04-10 14:45:53' , 36, NULL , 3 );
INSERT INTO prodotto  VALUES (159, '2022-05-12', '2022-04-10 14:45:53' , 30, NULL , 14 );
INSERT INTO appuntamento  VALUES ('2022-04-08 12:06:55', 35,  25 , 'OAYCKQ36H24M253V', 4 );
INSERT INTO turno  VALUES ('2022-04-08 12:06:55' , 'OZEWES28L52A743T', '2022-04-08 16:06:55', '2022-04-08 12:06:55', NULL, NULL);
INSERT INTO prodotto  VALUES (160, '2022-05-03', '2022-04-08 12:06:55' , 35, NULL , 6 );
INSERT INTO prodotto  VALUES (161, '2022-05-12', '2022-04-08 12:06:55' , 25, NULL , 8 );
INSERT INTO prodotto  VALUES (162, '2022-05-22', '2022-04-08 12:06:55' , 24, NULL , 0 );
INSERT INTO prodotto  VALUES (163, '2022-05-10', '2022-04-08 12:06:55' , 33, NULL , 9 );
INSERT INTO prodotto  VALUES (164, NULL, '2022-04-08 12:06:55' , 38, NULL , 20 );
INSERT INTO appuntamento  VALUES ('2022-04-23 18:07:46', 42,  29 , 'TMZZNM61B65H785E', 2 );
INSERT INTO turno  VALUES ('2022-04-23 18:07:46' , 'UGRQVV15E09C292D', '2022-04-23 22:07:46', '2022-04-23 18:07:46', NULL, NULL);
INSERT INTO prodotto  VALUES (165, '2022-05-10', '2022-04-23 18:07:46' , 8, NULL , 21 );
INSERT INTO prodotto  VALUES (166, NULL, '2022-04-23 18:07:46' , 50, NULL , 25 );
INSERT INTO prodotto  VALUES (167, '2022-05-03', '2022-04-23 18:07:46' , 28, NULL , 34 );
INSERT INTO prodotto  VALUES (168, '2022-04-29', '2022-04-23 18:07:46' , 18, NULL , 22 );
INSERT INTO prodotto  VALUES (169, '2022-05-15', '2022-04-23 18:07:46' , 13, NULL , 9 );
INSERT INTO appuntamento  VALUES ('2022-04-12 23:22:59', 51,  37 , 'KPZYYI73E14D994V', 3 );
INSERT INTO turno  VALUES ('2022-04-12 23:22:59' , 'IDNCHU42R65B044E', '2022-04-13 03:22:59', '2022-04-12 23:22:59', NULL, NULL);
INSERT INTO prodotto  VALUES (170, NULL, '2022-04-12 23:22:59' , 50, NULL , 14 );
INSERT INTO prodotto  VALUES (171, '2022-04-27', '2022-04-12 23:22:59' , 16, NULL , 18 );
INSERT INTO prodotto  VALUES (172, '2022-05-07', '2022-04-12 23:22:59' , 29, NULL , 6 );
INSERT INTO prodotto  VALUES (173, NULL, '2022-04-12 23:22:59' , 47, NULL , 15 );
INSERT INTO prodotto  VALUES (174, '2022-05-18', '2022-04-12 23:22:59' , 1, NULL , 22 );
INSERT INTO appuntamento  VALUES ('2022-04-27 11:00:37', 45,  34 , 'XNTXQP20E11L462M', 1 );
INSERT INTO turno  VALUES ('2022-04-27 11:00:37' , 'UKHVLD62A50I821U', '2022-04-27 15:00:37', '2022-04-27 11:00:37', NULL, NULL);
INSERT INTO prodotto  VALUES (175, '2022-05-07', '2022-04-27 11:00:37' , 13, NULL , 6 );
INSERT INTO prodotto  VALUES (176, '2022-05-09', '2022-04-27 11:00:37' , 8, NULL , 19 );
INSERT INTO prodotto  VALUES (177, '2022-05-05', '2022-04-27 11:00:37' , 11, NULL , 16 );
INSERT INTO prodotto  VALUES (178, '2022-05-20', '2022-04-27 11:00:37' , 35, NULL , 33 );
INSERT INTO prodotto  VALUES (179, '2022-05-30', '2022-04-27 11:00:37' , 35, NULL , 12 );
INSERT INTO appuntamento  VALUES ('2022-04-07 01:08:43', 52,  39 , 'GCSSBO71T09M287A', 22 );
INSERT INTO turno  VALUES ('2022-04-07 01:08:43' , 'HNBHWK12P16C048M', '2022-04-07 05:08:43', '2022-04-07 01:08:43', NULL, NULL);
INSERT INTO prodotto  VALUES (180, NULL, '2022-04-07 01:08:43' , 51, NULL , 5 );
INSERT INTO prodotto  VALUES (181, NULL, '2022-04-07 01:08:43' , 41, NULL , 5 );
INSERT INTO prodotto  VALUES (182, '2022-04-14', '2022-04-07 01:08:43' , 9, NULL , 24 );
INSERT INTO prodotto  VALUES (183, '2022-04-15', '2022-04-07 01:08:43' , 9, NULL , 25 );
INSERT INTO prodotto  VALUES (184, '2022-04-16', '2022-04-07 01:08:43' , 33, NULL , 21 );
INSERT INTO appuntamento  VALUES ('2022-04-21 02:58:47', 48,  35 , 'IZUVCN79T01D702I', 5 );
INSERT INTO turno  VALUES ('2022-04-21 02:58:47' , 'UGRQVV15E09C292D', '2022-04-21 06:58:47', '2022-04-21 02:58:47', NULL, NULL);
INSERT INTO prodotto  VALUES (185, '2022-05-05', '2022-04-21 02:58:47' , 11, NULL , 15 );
INSERT INTO prodotto  VALUES (186, '2022-05-22', '2022-04-21 02:58:47' , 15, NULL , 0 );
INSERT INTO prodotto  VALUES (187, NULL, '2022-04-21 02:58:47' , 40, NULL , 24 );
INSERT INTO prodotto  VALUES (188, '2022-05-07', '2022-04-21 02:58:47' , 26, NULL , 4 );
INSERT INTO prodotto  VALUES (189, NULL, '2022-04-21 02:58:47' , 39, NULL , 6 );
INSERT INTO appuntamento  VALUES ('2022-04-05 07:48:52', 44,  37 , 'LOTITV97M43I885Y', 15 );
INSERT INTO turno  VALUES ('2022-04-05 07:48:52' , 'NCBVYL12L42H286Y', '2022-04-05 11:48:52', '2022-04-05 07:48:52', NULL, NULL);
INSERT INTO prodotto  VALUES (190, '2022-05-10', '2022-04-05 07:48:52' , 10, NULL , 20 );
INSERT INTO prodotto  VALUES (191, NULL, '2022-04-05 07:48:52' , 50, NULL , 14 );
INSERT INTO prodotto  VALUES (192, NULL, '2022-04-05 07:48:52' , 47, NULL , 16 );
INSERT INTO prodotto  VALUES (193, '2022-05-03', '2022-04-05 07:48:52' , 14, NULL , 10 );
INSERT INTO prodotto  VALUES (194, '2022-05-02', '2022-04-05 07:48:52' , 6, NULL , 1 );
INSERT INTO appuntamento  VALUES ('2022-04-02 22:23:49', 32,  16 , 'UIVJJY19T21H429W', 25 );
INSERT INTO turno  VALUES ('2022-04-02 22:23:49' , 'NFWRTR15H13E251J', '2022-04-03 02:23:49', '2022-04-02 22:23:49', NULL, NULL);
INSERT INTO prodotto  VALUES (195, '2022-04-18', '2022-04-02 22:23:49' , 11, NULL , 15 );
INSERT INTO prodotto  VALUES (196, '2022-05-29', '2022-04-02 22:23:49' , 7, NULL , 34 );
INSERT INTO prodotto  VALUES (197, '2022-05-25', '2022-04-02 22:23:49' , 21, NULL , 16 );
INSERT INTO prodotto  VALUES (198, '2022-04-18', '2022-04-02 22:23:49' , 16, NULL , 29 );
INSERT INTO prodotto  VALUES (199, NULL, '2022-04-02 22:23:49' , 41, NULL , 0 );
INSERT INTO appuntamento  VALUES ('2022-05-13 11:44:13', 48,  33 , 'FNQMMT25S22G302Y', 24 );
INSERT INTO turno  VALUES ('2022-05-13 11:44:13' , 'BTIORZ83E14C872D', '2022-05-13 15:44:13', '2022-05-13 11:44:13', NULL, NULL);
INSERT INTO prodotto  VALUES (200, '2022-05-25', '2022-05-13 11:44:13' , 6, NULL , 22 );
INSERT INTO prodotto  VALUES (201, NULL, '2022-05-13 11:44:13' , 46, NULL , 25 );
INSERT INTO prodotto  VALUES (202, '2022-05-23', '2022-05-13 11:44:13' , 16, NULL , 16 );
INSERT INTO prodotto  VALUES (203, '2022-05-18', '2022-05-13 11:44:13' , 29, NULL , 30 );
INSERT INTO prodotto  VALUES (204, NULL, '2022-05-13 11:44:13' , 44, NULL , 0 );
INSERT INTO appuntamento  VALUES ('2022-05-25 08:38:35', 46,  38 , 'WTAWRU35B15G576D', 26 );
INSERT INTO turno  VALUES ('2022-05-25 08:38:35' , 'QBPTDU65R50G437V', '2022-05-25 12:38:35', '2022-05-25 08:38:35', NULL, NULL);
INSERT INTO prodotto  VALUES (205, '2022-05-28', '2022-05-25 08:38:35' , 1, NULL , 10 );
INSERT INTO prodotto  VALUES (206, '2022-05-31', '2022-05-25 08:38:35' , 34, NULL , 33 );
INSERT INTO prodotto  VALUES (207, '2022-05-27', '2022-05-25 08:38:35' , 21, NULL , 34 );
INSERT INTO prodotto  VALUES (208, '2022-05-31', '2022-05-25 08:38:35' , 35, NULL , 23 );
INSERT INTO prodotto  VALUES (209, '2022-05-31', '2022-05-25 08:38:35' , 18, NULL , 22 );
INSERT INTO appuntamento  VALUES ('2022-05-02 19:08:07', 35,  15 , 'OAYCKQ36H24M253V', 4 );
INSERT INTO turno  VALUES ('2022-05-02 19:08:07' , 'NFWRTR15H13E251J', '2022-05-02 23:08:07', '2022-05-02 19:08:07', NULL, NULL);
INSERT INTO prodotto  VALUES (210, '2022-05-19', '2022-05-02 19:08:07' , 36, NULL , 2 );
INSERT INTO prodotto  VALUES (211, '2022-05-25', '2022-05-02 19:08:07' , 3, NULL , 13 );
INSERT INTO prodotto  VALUES (212, '2022-05-17', '2022-05-02 19:08:07' , 24, NULL , 0 );
INSERT INTO prodotto  VALUES (213, '2022-05-15', '2022-05-02 19:08:07' , 34, NULL , 13 );
INSERT INTO prodotto  VALUES (214, '2022-05-16', '2022-05-02 19:08:07' , 30, NULL , 20 );
INSERT INTO appuntamento  VALUES ('2022-05-27 08:49:59', 52,  41 , 'RSPTDH30C03M073E', 22 );
INSERT INTO turno  VALUES ('2022-05-27 08:49:59' , 'IKTPLF21A16A391C', '2022-05-27 12:49:59', '2022-05-27 08:49:59', NULL, NULL);
INSERT INTO prodotto  VALUES (215, '2022-05-31', '2022-05-27 08:49:59' , 1, NULL , 29 );
INSERT INTO prodotto  VALUES (216, '2022-05-29', '2022-05-27 08:49:59' , 30, NULL , 9 );
INSERT INTO prodotto  VALUES (217, '2022-05-30', '2022-05-27 08:49:59' , 33, NULL , 29 );
INSERT INTO prodotto  VALUES (218, NULL, '2022-05-27 08:49:59' , 39, NULL , 28 );
INSERT INTO prodotto  VALUES (219, '2022-05-30', '2022-05-27 08:49:59' , 17, NULL , 18 );
INSERT INTO appuntamento  VALUES ('2022-05-16 21:38:42', 33,  16 , 'URDNJQ22R10B409I', 13 );
INSERT INTO turno  VALUES ('2022-05-16 21:38:42' , 'YGJHZT72D46M338E', '2022-05-17 01:38:42', '2022-05-16 21:38:42', NULL, NULL);
INSERT INTO prodotto  VALUES (220, '2022-05-18', '2022-05-16 21:38:42' , 4, NULL , 30 );
INSERT INTO prodotto  VALUES (221, '2022-05-20', '2022-05-16 21:38:42' , 35, NULL , 10 );
INSERT INTO prodotto  VALUES (222, '2022-05-27', '2022-05-16 21:38:42' , 17, NULL , 3 );
INSERT INTO prodotto  VALUES (223, '2022-05-26', '2022-05-16 21:38:42' , 4, NULL , 4 );
INSERT INTO prodotto  VALUES (224, '2022-05-27', '2022-05-16 21:38:42' , 31, NULL , 20 );
INSERT INTO appuntamento  VALUES ('2022-05-11 11:42:58', 30,  20 , 'GLUUAJ23E54H212R', 18 );
INSERT INTO turno  VALUES ('2022-05-11 11:42:58' , 'HNBHWK12P16C048M', '2022-05-11 15:42:58', '2022-05-11 11:42:58', NULL, NULL);
INSERT INTO prodotto  VALUES (225, NULL, '2022-05-11 11:42:58' , 46, NULL , 25 );
INSERT INTO prodotto  VALUES (226, NULL, '2022-05-11 11:42:58' , 46, NULL , 8 );
INSERT INTO prodotto  VALUES (227, '2022-05-28', '2022-05-11 11:42:58' , 8, NULL , 7 );
INSERT INTO prodotto  VALUES (228, NULL, '2022-05-11 11:42:58' , 49, NULL , 9 );
INSERT INTO prodotto  VALUES (229, '2022-05-20', '2022-05-11 11:42:58' , 7, NULL , 21 );
INSERT INTO appuntamento  VALUES ('2022-05-23 12:43:44', 34,  11 , 'MKMKPP21E14H333T', 27 );
INSERT INTO turno  VALUES ('2022-05-23 12:43:44' , 'QBPTDU65R50G437V', '2022-05-23 16:43:44', '2022-05-23 12:43:44', NULL, NULL);
INSERT INTO prodotto  VALUES (230, '2022-05-29', '2022-05-23 12:43:44' , 29, NULL , 23 );
INSERT INTO prodotto  VALUES (231, NULL, '2022-05-23 12:43:44' , 42, NULL , 5 );
INSERT INTO prodotto  VALUES (232, NULL, '2022-05-23 12:43:44' , 44, NULL , 26 );
INSERT INTO prodotto  VALUES (233, NULL, '2022-05-23 12:43:44' , 51, NULL , 11 );
INSERT INTO prodotto  VALUES (234, NULL, '2022-05-23 12:43:44' , 44, NULL , 10 );
INSERT INTO appuntamento  VALUES ('2022-05-01 10:48:42', 48,  34 , 'IZUVCN79T01D702I', 5 );
INSERT INTO turno  VALUES ('2022-05-01 10:48:42' , 'UKHVLD62A50I821U', '2022-05-01 14:48:42', '2022-05-01 10:48:42', NULL, NULL);
INSERT INTO prodotto  VALUES (235, '2022-05-16', '2022-05-01 10:48:42' , 20, NULL , 32 );
INSERT INTO prodotto  VALUES (236, '2022-05-16', '2022-05-01 10:48:42' , 23, NULL , 30 );
INSERT INTO prodotto  VALUES (237, '2022-05-03', '2022-05-01 10:48:42' , 6, NULL , 4 );
INSERT INTO prodotto  VALUES (238, NULL, '2022-05-01 10:48:42' , 47, NULL , 32 );
INSERT INTO prodotto  VALUES (239, '2022-05-24', '2022-05-01 10:48:42' , 34, NULL , 0 );
INSERT INTO appuntamento  VALUES ('2022-05-17 18:55:47', 44,  30 , 'GYPQTI83L25L778T', 29 );
INSERT INTO turno  VALUES ('2022-05-17 18:55:47' , 'BRPHIC38B59C771L', '2022-05-17 22:55:47', '2022-05-17 18:55:47', NULL, NULL);
INSERT INTO prodotto  VALUES (240, NULL, '2022-05-17 18:55:47' , 42, NULL , 19 );
INSERT INTO prodotto  VALUES (241, '2022-05-20', '2022-05-17 18:55:47' , 12, NULL , 13 );
INSERT INTO prodotto  VALUES (242, '2022-05-29', '2022-05-17 18:55:47' , 14, NULL , 13 );
INSERT INTO prodotto  VALUES (243, '2022-05-21', '2022-05-17 18:55:47' , 32, NULL , 7 );
INSERT INTO prodotto  VALUES (244, '2022-05-18', '2022-05-17 18:55:47' , 10, NULL , 26 );
INSERT INTO appuntamento  VALUES ('2022-05-07 16:29:47', 40,  29 , 'IYERTV27E55G510I', 21 );
INSERT INTO turno  VALUES ('2022-05-07 16:29:47' , 'UMNUKY11S60C203Y', '2022-05-07 20:29:47', '2022-05-07 16:29:47', NULL, NULL);
INSERT INTO prodotto  VALUES (245, '2022-05-25', '2022-05-07 16:29:47' , 36, NULL , 22 );
INSERT INTO prodotto  VALUES (246, '2022-05-14', '2022-05-07 16:29:47' , 14, NULL , 7 );
INSERT INTO prodotto  VALUES (247, '2022-05-21', '2022-05-07 16:29:47' , 8, NULL , 14 );
INSERT INTO prodotto  VALUES (248, '2022-05-23', '2022-05-07 16:29:47' , 35, NULL , 4 );
INSERT INTO prodotto  VALUES (249, NULL, '2022-05-07 16:29:47' , 48, NULL , 2 );
