set search_path to socialMarket;


INSERT INTO ente  VALUES (0 , 'Duse, Salvini e Tutino s.r.l.','Rotonda Tafuri, 74
73038, Spongano (LE)');
INSERT INTO ente  VALUES (1 , 'Udinese Group','Contrada Michelotto, 93 Appartamento 3
60122, Ancona (AN)');
INSERT INTO ente  VALUES (2 , 'Collodi, Meucci e Faranda SPA','Borgo Paloma, 0
20864, Agrate Brianza (MB)');
INSERT INTO ente  VALUES (3 , 'Piccio SPA','Viale Annalisa, 12 Appartamento 5
44041, Casumaro (FE)');
INSERT INTO ente  VALUES (4 , 'Montessori, Zecchini e Barsanti s.r.l.','Canale Basso, 27 Piano 2
56012, Fornacette (PI)');
INSERT INTO ente  VALUES (5 , 'Favata Group','Viale Bragadin, 1 Piano 3
38010, Vigo Di Ton (TN)');
INSERT INTO ente  VALUES (6 , 'Ceri SPA','Strada Gioffre, 615
12083, Frabosa Sottana (CN)');
INSERT INTO ente  VALUES (7 , 'Petrocelli Group','Borgo Puccio, 13
73029, Struda (LE)');
INSERT INTO ente  VALUES (8 , 'Tognazzi, Manunta e Aulenti e figli','Strada Bocelli, 1 Piano 7
57125, Livorno (LI)');
INSERT INTO ente  VALUES (9 , 'Roero-Campise e figli','Contrada Sophia, 8
05024, Giove (TR)');
INSERT INTO ente  VALUES (10 , 'Interminelli, Romano e Campise e figli','Via Caboto, 47 Piano 3
73048, Nardo (LE)');
INSERT INTO ente  VALUES (11 , 'Bombieri SPA','Viale Cicilia, 383 Appartamento 6
20826, Misinto (MB)');
INSERT INTO ente  VALUES (12 , 'Ricciardi-Puccini Group','Viale Mercantini, 866 Piano 6
00142, Roma (RM)');
INSERT INTO ente  VALUES (13 , 'Garrone, Depero e Trotta e figli','Rotonda Lucrezia, 9
28813, Bee (VB)');
INSERT INTO ente  VALUES (14 , 'Duse-Moccia s.r.l.','Canale Roero, 2 Piano 1
51031, San Piero (PT)');
INSERT INTO ente  VALUES (15 , 'Marangoni-Antonioni s.r.l.','Contrada Donna, 1 Appartamento 1
01100, La Quercia (VT)');
INSERT INTO ente  VALUES (16 , 'Biagi-Correr s.r.l.','Vicolo Murialdo, 97
37029, Negarine (VR)');
INSERT INTO ente  VALUES (17 , 'Morabito-Abba SPA','Stretto Zarlino, 8 Piano 2
00015, Monterotondo (RM)');
INSERT INTO ente  VALUES (18 , 'Disdero, Persico e Sauro Group','Canale Cesaroni, 7 Piano 4
25122, Brescia (BS)');
INSERT INTO ente  VALUES (19 , 'Anguillara-Ferragamo Group','Canale Silvio, 7
20154, Milano (MI)');


INSERT INTO volontario  VALUES ('UHOFZH49B28I825U', 'Teresa', 'Malaparte', '1987-04-19', 'Obervintl', '5410721708577', 'M', 'Coupe , SUV' , 'ricezione , trasporto', 'Sabato mattina ' );
INSERT INTO volontario  VALUES ('NOAKQG41E68E116R', 'Enrico', 'Parini', '2001-04-22', 'Senise', '5553641451423', 'Others', NULL , 'ricezione , trasporto , supervisione', NULL );
INSERT INTO volontario  VALUES ('TZUYAG61D59A453A', 'Gianfrancesco', 'Ceci', '1965-02-10', 'San Giorgio Delle Pertiche', '6546712902826', 'F', NULL , 'supervisione , trasporto , ricezione', 'Giovedì mattina  , Martedì mattina ' );
INSERT INTO volontario  VALUES ('OBMEJN07M02I798W', 'Amleto', 'Gentileschi', '1997-05-04', 'Samo', '9742275301807', 'M', NULL , 'trasporto , supervisione', 'Martedì pomeriggio , Venerdì mattina ' );
INSERT INTO volontario  VALUES ('GTELOX58S10E528F', 'Rita', 'Monicelli', '1989-06-28', 'Grezzago', '3769406605617', 'M', NULL , 'supervisione , trasporto , ricezione', NULL );
INSERT INTO volontario  VALUES ('TDYARH41L45A732I', 'Eva', 'Pelli', '1967-09-10', 'SantAndrea Di Sorbello', '5073356578964', 'M', NULL , NULL, NULL );
INSERT INTO volontario  VALUES ('VKSLGU26D19I632T', 'Antonella', 'Bonaventura', '1971-11-24', 'Tor Tre Ponti', '7224500753373', 'F', 'Pickup' , 'supervisione', 'Giovedì pomeriggio , Sabato mattina ' );
INSERT INTO volontario  VALUES ('HZIEPH43E26H019N', 'Valerio', 'Udinesi', '1960-07-14', 'Costa Vescovato', '1854767455820', 'Others', NULL , 'ricezione , supervisione', 'Venerdì pomeriggio' );
INSERT INTO volontario  VALUES ('ESLPFY99S17B015D', 'Liberto', 'Morricone', '1969-01-18', 'Baselice', '1123712682373', 'F', 'Coupe , SUV' , 'supervisione', 'Giovedì pomeriggio' );
INSERT INTO volontario  VALUES ('IMSUUL40B61G594M', 'Giustino', 'Bajamonti', '1994-08-28', 'Carrosio', '1738300301552', 'M', 'Wagon' , 'trasporto , supervisione', 'Mercoledì mattina  , Martedì pomeriggio' );
INSERT INTO volontario  VALUES ('HHMZGA73A06C065K', 'Tonia', 'Esposito', '2001-03-01', 'Novi Di Modena', '8448243475468', 'M', 'Pickup , Coupe' , NULL, 'Lunedì pomeriggio , Martedì mattina ' );
INSERT INTO volontario  VALUES ('IKMZKX85B56D508U', 'Clelia', 'Caccioppoli', '2001-10-22', 'Ferrara', '5331169702769', 'M', NULL , 'supervisione', NULL );
INSERT INTO volontario  VALUES ('YSMHOF97M14D086K', 'Girolamo', 'Giradello', '1986-03-09', 'Cercola', '7059782186348', 'Others', 'MiniVan , SUV' , NULL, NULL );
INSERT INTO volontario  VALUES ('IYKGLN25H63A960G', 'Temistocle', 'Condoleo', '1990-08-04', 'La Salle', '1055534882410', 'Others', 'Coupe , Van' , 'ricezione', NULL );
INSERT INTO volontario  VALUES ('ILGVYL39L03F674I', 'Vincenza', 'Bossi', '1976-02-07', 'Montesano Scalo', '2516122607863', 'Others', 'Coupe' , NULL, 'Lunedì pomeriggio' );
INSERT INTO volontario  VALUES ('PWCOOX83E51I819H', 'Elisa', 'Varano', '1980-04-07', 'San Lorenzo Peveragno', '6355344065356', 'M', 'Wagon' , 'supervisione', 'Venerdì pomeriggio' );
INSERT INTO volontario  VALUES ('WZZLRV23P18B486S', 'Damiano', 'Lanfranchi', '1969-06-20', 'Fiumaretta', '1680813845498', 'M', 'Coupe' , NULL, 'Sabato pomeriggio' );
INSERT INTO volontario  VALUES ('ULOKSU23T07I362P', 'Sergius', 'Bramante', '1995-10-04', 'Potassa', '3174060254322', 'Others', 'Pickup , Van' , 'trasporto', 'Venerdì mattina ' );
INSERT INTO volontario  VALUES ('NNOUUQ09M03H801B', 'Barbara', 'Pareto', '1980-10-08', 'Longastrino', '9524412809990', 'M', NULL , 'supervisione', NULL );
INSERT INTO volontario  VALUES ('VVVEFZ01C45C166A', 'Damiano', 'Badoglio', '2002-06-22', 'Montesano Sulla Marcellana', '2229359203829', 'Others', 'Coupe , Sedan' , 'ricezione , supervisione , trasporto', 'Sabato pomeriggio , Martedì mattina ' );
INSERT INTO volontario  VALUES ('ISOWNP51S58E025T', 'Cesare', 'Onio', '1984-09-24', 'Baia', '8008070352689', 'Others', NULL , 'supervisione', 'Martedì mattina  , Sabato pomeriggio' );
INSERT INTO volontario  VALUES ('UKALQV34B21A519J', 'Virgilio', 'Lombardo', '1976-02-08', 'Isolella', '5761303343711', 'F', 'Sedan' , 'supervisione', 'Giovedì pomeriggio' );
INSERT INTO volontario  VALUES ('EGTVOV19C02G528L', 'Raffaello', 'Savorgnan', '1969-07-19', 'Bolzano Vicentino', '4479326100843', 'M', NULL , 'supervisione , trasporto , ricezione', 'Venerdì pomeriggio , Giovedì pomeriggio' );
INSERT INTO volontario  VALUES ('JQQLGJ65M57F680L', 'Massimo', 'Albertini', '2002-11-10', 'Capalbio', '1065268837038', 'F', NULL , 'trasporto , ricezione', 'Mercoledì pomeriggio' );
INSERT INTO volontario  VALUES ('YXVWFY59C56D045C', 'Pellegrino', 'Gussoni', '1996-07-29', 'Pregnana Milanese', '5738246951009', 'M', 'Van' , 'supervisione , trasporto', 'Martedì pomeriggio , Mercoledì mattina ' );
INSERT INTO volontario  VALUES ('ODSNVH20R18B804O', 'Ferdinando', 'Romano', '1982-01-26', 'Castello Di Fiemme', '1750474687554', 'M', 'Van , Sedan' , NULL, NULL );
INSERT INTO volontario  VALUES ('ZBPSOV86M45C908X', 'Napoleone', 'Pastine', '1964-07-08', 'Noventa Vicentina', '4713222911134', 'Others', 'Coupe , MiniVan' , NULL, 'Lunedì mattina  , Mercoledì mattina ' );
INSERT INTO volontario  VALUES ('UNYCHT40C43C641H', 'Milena', 'Chechi', '2000-11-22', 'Sinio', '2183005412308', 'Others', NULL , 'ricezione , supervisione', 'Lunedì mattina  , Venerdì pomeriggio' );
INSERT INTO volontario  VALUES ('HLEHUB46S67A849Z', 'Puccio', 'Vigliotti', '1981-02-17', 'Mezzolago', '7227426902172', 'M', NULL , NULL, 'Mercoledì pomeriggio' );
INSERT INTO volontario  VALUES ('WKQXER21E41E662G', 'Elvira', 'Moschino', '2003-09-29', 'Saracinesco', '8060418017087', 'F', 'Pickup , SUV' , NULL, 'Mercoledì mattina ' );
INSERT INTO volontario  VALUES ('CCXTFE13L54E314G', 'Vittorio', 'Aloisio', '2001-01-11', 'Cortenova', '2591969206422', 'Others', 'Sedan' , 'trasporto', 'Mercoledì pomeriggio , Mercoledì mattina ' );
INSERT INTO volontario  VALUES ('LOKJTX89A05A725K', 'Nicoletta', 'Barberini', '1960-07-30', 'Fener', '6146728026829', 'F', 'MiniVan' , 'ricezione , trasporto , supervisione', NULL );
INSERT INTO volontario  VALUES ('VBNYWY15S11F233J', 'Cassandra', 'Tagliafierro', '1992-03-31', 'Aurigo', '9398847082662', 'M', 'Coupe , Van' , 'supervisione , ricezione', 'Venerdì pomeriggio' );
INSERT INTO volontario  VALUES ('QSANSG43L15B038G', 'Michelotto', 'Almagià', '1983-11-29', 'San Michele AllAdige', '8893258374644', 'M', 'Sedan , Wagon' , 'trasporto', NULL );
INSERT INTO volontario  VALUES ('WUNOMN22A24A774D', 'Martina', 'Giannuzzi', '1974-05-12', 'Figline Vegliaturo', '3120621856190', 'F', 'SUV , MiniVan' , 'supervisione , trasporto , ricezione', 'Sabato mattina ' );
INSERT INTO volontario  VALUES ('CGYVQF55C63I435G', 'Elena', 'Lupo', '1980-04-08', 'San Valentino In Campo', '7183887697390', 'M', 'Wagon , SUV' , 'ricezione', NULL );
INSERT INTO volontario  VALUES ('IBUPEB53R24H791Z', 'Donato', 'Navarria', '1998-01-03', 'Ronchi', '8703699475925', 'F', 'Coupe' , 'trasporto , ricezione', 'Martedì pomeriggio , Lunedì pomeriggio' );
INSERT INTO volontario  VALUES ('SGCJCP59A24C712H', 'Arnulfo', 'Boccioni', '1973-03-20', 'Isola Della Scala', '5624786732067', 'F', 'Sedan' , 'ricezione , trasporto', NULL );
INSERT INTO volontario  VALUES ('FCQAOD11D20I165V', 'Alessandro', 'Leonardi', '1986-05-08', 'Villnöß', '6635809436437', 'M', 'Wagon , Pickup' , 'ricezione , trasporto', 'Martedì pomeriggio' );
INSERT INTO volontario  VALUES ('MFPNVI18C67G509D', 'Rosa', 'Galtarossa', '1991-09-12', 'Altomonte', '5810353694887', 'M', 'Van , Coupe' , NULL, 'Giovedì mattina  , Giovedì pomeriggio' );
INSERT INTO volontario  VALUES ('EINEWT08D48G432O', 'Pierangelo', 'Corbo', '1977-06-03', 'Istrana', '6849304360234', 'F', 'Van' , 'ricezione , trasporto , supervisione', NULL );
INSERT INTO volontario  VALUES ('EMQUIL57R09C223M', 'Berenice', 'Cilibrasi', '1965-07-16', 'Comelico Superiore', '0615189862639', 'Others', 'Van , Sedan' , 'trasporto', 'Lunedì pomeriggio' );
INSERT INTO volontario  VALUES ('YVSLDO91M64C534P', 'Calcedonio', 'Grisoni', '1986-11-22', 'Spartimento', '6992823026099', 'M', 'Sedan' , 'supervisione', NULL );
INSERT INTO volontario  VALUES ('MOFVAQ34B27G022X', 'Stefania', 'Zoppetto', '1999-09-11', 'Pinzagen', '5343956042320', 'Others', 'Van , SUV' , 'supervisione , ricezione , trasporto', 'Sabato pomeriggio' );
INSERT INTO volontario  VALUES ('CPOVTN77L20D872O', 'Jacopo', 'Doglioni', '1989-05-12', 'SIscala', '6562054304531', 'F', 'Van' , NULL, NULL );
INSERT INTO volontario  VALUES ('RZOFSN67A61H422W', 'Marcello', 'Salvini', '2000-08-29', 'Suvereto', '3907190909936', 'Others', 'Pickup , Van' , 'supervisione , ricezione', NULL );
INSERT INTO volontario  VALUES ('PPXRAH23E60H951V', 'Cipriano', 'Mantegazza', '1998-04-22', 'Mondavio', '8683616205085', 'F', NULL , 'supervisione , trasporto , ricezione', 'Sabato mattina ' );
INSERT INTO volontario  VALUES ('EFDETS02M07G455Y', 'Federico', 'Deledda', '1983-03-08', 'Arta Terme', '4750756840612', 'F', 'Wagon , Sedan' , 'supervisione , trasporto , ricezione', NULL );
INSERT INTO volontario  VALUES ('ZFFFUS90B49G871C', 'Pompeo', 'Barzini', '1966-10-15', 'Cimego', '4597402316590', 'M', 'SUV' , 'supervisione , ricezione', 'Venerdì mattina  , Giovedì mattina ' );
INSERT INTO volontario  VALUES ('NJQLYF44T01B390Q', 'Stella', 'Monduzzi', '1962-09-03', 'SantAndrea Ionio Marina', '0302167452682', 'F', 'MiniVan' , 'ricezione', 'Martedì pomeriggio , Venerdì mattina ' );


INSERT INTO collegato  VALUES (11,'NNOUUQ09M03H801B');
INSERT INTO collegato  VALUES (10,'EINEWT08D48G432O');
INSERT INTO collegato  VALUES (19,'IBUPEB53R24H791Z');
INSERT INTO collegato  VALUES (6,'ZBPSOV86M45C908X');
INSERT INTO collegato  VALUES (4,'NJQLYF44T01B390Q');
INSERT INTO collegato  VALUES (17,'ZFFFUS90B49G871C');
INSERT INTO collegato  VALUES (13,'IYKGLN25H63A960G');
INSERT INTO collegato  VALUES (4,'LOKJTX89A05A725K');
INSERT INTO collegato  VALUES (10,'ISOWNP51S58E025T');
INSERT INTO collegato  VALUES (5,'WZZLRV23P18B486S');
INSERT INTO collegato  VALUES (3,'HZIEPH43E26H019N');
INSERT INTO collegato  VALUES (14,'JQQLGJ65M57F680L');
INSERT INTO collegato  VALUES (14,'CGYVQF55C63I435G');
INSERT INTO collegato  VALUES (0,'EINEWT08D48G432O');
INSERT INTO collegato  VALUES (2,'IBUPEB53R24H791Z');
INSERT INTO collegato  VALUES (3,'EMQUIL57R09C223M');
INSERT INTO collegato  VALUES (6,'ULOKSU23T07I362P');
INSERT INTO collegato  VALUES (13,'MFPNVI18C67G509D');
INSERT INTO collegato  VALUES (9,'CPOVTN77L20D872O');
INSERT INTO collegato  VALUES (5,'ESLPFY99S17B015D');
INSERT INTO collegato  VALUES (15,'SGCJCP59A24C712H');
INSERT INTO collegato  VALUES (9,'JQQLGJ65M57F680L');
INSERT INTO collegato  VALUES (18,'CPOVTN77L20D872O');
INSERT INTO collegato  VALUES (4,'WKQXER21E41E662G');
INSERT INTO collegato  VALUES (0,'TZUYAG61D59A453A');
INSERT INTO collegato  VALUES (16,'VKSLGU26D19I632T');
INSERT INTO collegato  VALUES (1,'PWCOOX83E51I819H');
INSERT INTO collegato  VALUES (4,'YVSLDO91M64C534P');
INSERT INTO collegato  VALUES (3,'ISOWNP51S58E025T');
INSERT INTO collegato  VALUES (15,'IMSUUL40B61G594M');
INSERT INTO collegato  VALUES (17,'GTELOX58S10E528F');
INSERT INTO collegato  VALUES (18,'JQQLGJ65M57F680L');
INSERT INTO collegato  VALUES (15,'TDYARH41L45A732I');
INSERT INTO collegato  VALUES (2,'GTELOX58S10E528F');
INSERT INTO collegato  VALUES (18,'HZIEPH43E26H019N');
INSERT INTO collegato  VALUES (13,'JQQLGJ65M57F680L');
INSERT INTO collegato  VALUES (3,'LOKJTX89A05A725K');
INSERT INTO collegato  VALUES (14,'VBNYWY15S11F233J');
INSERT INTO collegato  VALUES (15,'CCXTFE13L54E314G');
INSERT INTO collegato  VALUES (17,'CPOVTN77L20D872O');
INSERT INTO collegato  VALUES (12,'ODSNVH20R18B804O');
INSERT INTO collegato  VALUES (9,'ZFFFUS90B49G871C');
INSERT INTO collegato  VALUES (2,'CCXTFE13L54E314G');
INSERT INTO collegato  VALUES (12,'ULOKSU23T07I362P');
INSERT INTO collegato  VALUES (11,'NJQLYF44T01B390Q');
INSERT INTO collegato  VALUES (17,'NJQLYF44T01B390Q');
INSERT INTO collegato  VALUES (9,'MOFVAQ34B27G022X');
INSERT INTO collegato  VALUES (8,'VBNYWY15S11F233J');
INSERT INTO collegato  VALUES (14,'ZBPSOV86M45C908X');
INSERT INTO carta_cliente  VALUES (0 , 'PQETXD91L18F569K','129','0', '1', '2');
INSERT INTO familiare  VALUES ('PQETXD91L18F569K','Alfio','Tarantini', '1998-06-15', 'Ramodipalo', '6835652898101', 'M', '0');

INSERT INTO familiare  VALUES ('PROONG94T07E216W','Gustavo','Tarantini', '1936-08-23', 'Viagrande', '0301223408903', 'Others', '0');
INSERT INTO familiare  VALUES ('JXCWEI83C25A375B','Giacomo','Tarantini', '1933-03-22', 'Linate Aeroporto', '6438870539448', 'Others', '0');
INSERT INTO carta_cliente  VALUES (1 , 'DLTLRZ51E45H733U','12','1', '3', '2');
INSERT INTO familiare  VALUES ('DLTLRZ51E45H733U','Piergiorgio','Capuana', '1964-02-09', 'San Pietro Vecchio', '0809410923678', 'F', '1');

INSERT INTO familiare  VALUES ('MUHFAL56S08H882F','Giancarlo','Capuana', '2016-11-16', 'Polegge', '2260361692578', 'M', '1');
INSERT INTO familiare  VALUES ('AASGRH85E56I207N','Paoletta','Capuana', '1958-12-16', 'Noviglio', '8587145896701', 'M', '1');
INSERT INTO familiare  VALUES ('LQFZGG70E42G927E','Lando','Capuana', '1998-04-03', 'Glen', '1381421895381', 'F', '1');
INSERT INTO familiare  VALUES ('KAHHUF88S60D640M','Ramona','Capuana', '1930-02-14', 'San Giovanni La Punta', '6125751455368', 'M', '1');
INSERT INTO familiare  VALUES ('GLRLQI38A51D566N','Gaspare','Capuana', '1934-08-16', 'Bagnaturo', '4819503223690', 'Others', '1');
INSERT INTO carta_cliente  VALUES (2 , 'ALGSOJ12A11I165S','56','0', '7', '0');
INSERT INTO familiare  VALUES ('ALGSOJ12A11I165S','Carmelo','Folliero', '1983-07-02', 'Lentiai', '5120728711769', 'M', '2');

INSERT INTO familiare  VALUES ('ZGPDCT12R10D453R','Victoria','Folliero', '2003-11-13', 'San Gabriele DellAddolorata', '6957028156291', 'Others', '2');
INSERT INTO familiare  VALUES ('QMWZFC66P08D504S','Alfredo','Folliero', '1996-07-04', 'Cornate DAdda', '6585220380875', 'F', '2');
INSERT INTO familiare  VALUES ('EDEACZ89R24C147R','Flora','Folliero', '1980-12-23', 'Campello Sul Clitunno', '6389220066601', 'Others', '2');
INSERT INTO familiare  VALUES ('WHJLNT85R57I537N','Paoletta','Folliero', '1961-01-16', 'Groppello DAdda', '9560167141756', 'Others', '2');
INSERT INTO familiare  VALUES ('LWQQDN05T12F898Q','Dionigi','Folliero', '1980-01-28', 'Quarona', '9523541835840', 'Others', '2');
INSERT INTO familiare  VALUES ('WLGEBU70S05C577X','Gloria','Folliero', '1983-06-21', 'Passopisciaro', '5367208437421', 'Others', '2');
INSERT INTO carta_cliente  VALUES (3 , 'QPHNHE54A04C715C','38','0', '4', '1');
INSERT INTO familiare  VALUES ('QPHNHE54A04C715C','Gino','Baracca', '1982-01-03', 'Vinca', '0666824637502', 'M', '3');

INSERT INTO familiare  VALUES ('ZMAWKS42P57H691P','Loretta','Baracca', '2002-10-22', 'Ceretto Di Carignano', '9871582579930', 'M', '3');
INSERT INTO familiare  VALUES ('VANHWZ97R05F698Z','Santino','Baracca', '1978-08-27', 'Tordinia', '2917397620128', 'M', '3');
INSERT INTO familiare  VALUES ('UKQMPX34D25E270Q','Gianpietro','Baracca', '1991-10-27', 'Villa San Giovanni', '8637854791342', 'Others', '3');
INSERT INTO familiare  VALUES ('VTBULP63C22A263M','Fortunata','Baracca', '1945-01-14', 'Calcinate', '0525263951689', 'F', '3');
INSERT INTO carta_cliente  VALUES (4 , 'GBCNKV17P60E371O','6','2', '1', '1');
INSERT INTO familiare  VALUES ('GBCNKV17P60E371O','Fredo','Serlupi', '1991-11-30', 'Campogrande', '7130197619971', 'Others', '4');

INSERT INTO familiare  VALUES ('VPFDSU86S02C640H','Patrizia','Serlupi', '2010-11-12', 'Strada San Zeno', '0423082680193', 'Others', '4');
INSERT INTO familiare  VALUES ('GEGREJ12M45A062O','Amico','Serlupi', '2010-09-10', 'San Marco Evangelista', '3977665739975', 'Others', '4');
INSERT INTO familiare  VALUES ('AQVCKI22T04G875K','Tonino','Serlupi', '1933-06-01', 'Gioiella', '3051499233461', 'Others', '4');
INSERT INTO carta_cliente  VALUES (5 , 'CXCNUL92C68B879S','92','0', '1', '5');
INSERT INTO familiare  VALUES ('CXCNUL92C68B879S','Franco','Giusti', '1999-08-30', 'Fiano', '7288308180959', 'M', '5');

INSERT INTO familiare  VALUES ('FMFEHO52D62A117U','Pasqual','Giusti', '1948-06-30', 'San Martino Di Venezze', '5194424957347', 'Others', '5');
INSERT INTO familiare  VALUES ('UEPSVG28H20I451I','Liberto','Giusti', '1936-05-15', 'Pessina Cremonese', '4234051900172', 'F', '5');
INSERT INTO familiare  VALUES ('EZQINS36E05L656L','Renata','Giusti', '1946-04-02', 'Nomaglio', '6900475124667', 'Others', '5');
INSERT INTO familiare  VALUES ('FDSONV18P55I929I','Graziella','Giusti', '1932-02-09', 'Sergnano', '1002555280560', 'Others', '5');
INSERT INTO familiare  VALUES ('YPCUKF05C46M324B','Gianfrancesco','Giusti', '1949-11-24', 'Gambulaga', '5151913530647', 'Others', '5');
INSERT INTO carta_cliente  VALUES (6 , 'XMIBZQ63L42B959T','0','1', '2', '2');
INSERT INTO familiare  VALUES ('XMIBZQ63L42B959T','Rosaria','Gullotta', '1981-09-08', 'Reggiolo', '1816978891830', 'F', '6');

INSERT INTO familiare  VALUES ('NSEFOZ40M41B084I','Gilberto','Gullotta', '2015-09-19', 'Occhiobello', '6474955880096', 'F', '6');
INSERT INTO familiare  VALUES ('XESNJM71R16F070N','Graziella','Gullotta', '1984-06-17', 'Baldaria', '9892221635487', 'Others', '6');
INSERT INTO familiare  VALUES ('BGBBSY13E42E078R','Pompeo','Gullotta', '1938-08-08', 'Senna Comasco', '4971435644407', 'F', '6');
INSERT INTO familiare  VALUES ('LQNYOT89B56G594X','Flora','Gullotta', '1938-03-13', 'Saltino', '4304282756243', 'Others', '6');
INSERT INTO carta_cliente  VALUES (7 , 'QVEHWY26H67G839H','57','0', '1', '2');
INSERT INTO familiare  VALUES ('QVEHWY26H67G839H','Isa','Lancisi', '1974-01-08', 'Rilievo', '3139263798350', 'Others', '7');

INSERT INTO familiare  VALUES ('ARWPLD41B65M119V','Caterina','Lancisi', '1937-07-23', 'San Piero A Sieve', '5185944937567', 'F', '7');
INSERT INTO familiare  VALUES ('ONCWYT54T45A465O','Caterina','Lancisi', '1938-05-04', 'Ponte A Serraglio', '4754784392284', 'M', '7');
INSERT INTO carta_cliente  VALUES (8 , 'BHDSCK53R42F721A','5','0', '1', '1');
INSERT INTO familiare  VALUES ('BHDSCK53R42F721A','Letizia','Fabbri', '1960-07-21', 'Caluso', '5204497551721', 'M', '8');

INSERT INTO familiare  VALUES ('ISPOUC56C55I634T','Marina','Fabbri', '1952-09-30', 'La Saxe', '4895418734488', 'M', '8');
INSERT INTO carta_cliente  VALUES (9 , 'ZDXVZW68S04E571D','115','0', '1', '3');
INSERT INTO familiare  VALUES ('ZDXVZW68S04E571D','Annunziata','Casagrande', '1986-09-06', 'Roveredo', '8777442539793', 'Others', '9');

INSERT INTO familiare  VALUES ('IYCTTU09T66H897Q','Beppe','Casagrande', '1932-07-26', 'Fara Olivana', '4161644501177', 'Others', '9');
INSERT INTO familiare  VALUES ('DLQMIV80A24B691C','Bernardo','Casagrande', '1948-03-31', 'Santa Maria Del Taro', '0092016262116', 'M', '9');
INSERT INTO familiare  VALUES ('RPAIQT81B06E795F','Flora','Casagrande', '1929-05-30', 'Celle', '4846509629120', 'M', '9');
INSERT INTO carta_cliente  VALUES (10 , 'HKHFIT43L47H334U','59','0', '2', '1');
INSERT INTO familiare  VALUES ('HKHFIT43L47H334U','Maurizio','Paruta', '1993-07-06', 'Wolfsgruben', '0556848450565', 'M', '10');

INSERT INTO familiare  VALUES ('LYJPHQ91B20L885R','Francesco','Paruta', '1968-07-14', 'Lacco', '9340366472944', 'Others', '10');
INSERT INTO familiare  VALUES ('FDFAYM11A45I483M','Federigo','Paruta', '1942-06-10', 'La Corte', '8043724956780', 'F', '10');
INSERT INTO carta_cliente  VALUES (11 , 'EXTGMZ43C49A172T','127','0', '2', '2');
INSERT INTO familiare  VALUES ('EXTGMZ43C49A172T','Sandra','Notarbartolo', '1994-09-15', 'Cortina Sulla Strada Del Vino', '3015361004368', 'M', '11');

INSERT INTO familiare  VALUES ('HCNVCN72R27G653B','Paolo','Notarbartolo', '1965-04-01', 'Avise', '5778754487601', 'F', '11');
INSERT INTO familiare  VALUES ('EVVRTI10M05H982V','Iolanda','Notarbartolo', '1945-04-26', 'Campo Imperatore', '8727822943680', 'M', '11');
INSERT INTO familiare  VALUES ('RSSREH87P04E230S','Gioachino','Notarbartolo', '1944-11-02', 'Pieve Al Bagnoro', '9087695899316', 'M', '11');
INSERT INTO carta_cliente  VALUES (12 , 'YDTLFH03P53B120R','97','1', '3', '1');
INSERT INTO familiare  VALUES ('YDTLFH03P53B120R','Gianmarco','Scotto', '1974-01-05', 'Torre Maura', '4274865439449', 'M', '12');

INSERT INTO familiare  VALUES ('GQHSCV71A28G009E','Tiziana','Scotto', '2008-07-23', 'Borgo Val Di Taro', '0608841177980', 'M', '12');
INSERT INTO familiare  VALUES ('NTUEHR95P55A700C','Carlo','Scotto', '1977-11-07', 'Teglio', '7734193117513', 'F', '12');
INSERT INTO familiare  VALUES ('ICFKYZ33E56D869Z','Guarino','Scotto', '1970-03-09', 'Monte Oliveto Maggiore', '7210567726678', 'M', '12');
INSERT INTO familiare  VALUES ('EZMHPS39R47D582Y','Ornella','Scotto', '1947-10-16', 'Calasetta', '6483440215144', 'F', '12');
INSERT INTO carta_cliente  VALUES (13 , 'BGKVCP58D02I028I','120','0', '5', '1');
INSERT INTO familiare  VALUES ('BGKVCP58D02I028I','Paoletta','Tognazzi', '1972-12-08', 'Villa Di Tirano', '6344530777955', 'Others', '13');

INSERT INTO familiare  VALUES ('VPENBM88C64I389U','Tiziana','Tognazzi', '1958-10-12', 'Urbino', '0581261461402', 'Others', '13');
INSERT INTO familiare  VALUES ('TPISMO36E20B294R','Victoria','Tognazzi', '1985-01-26', 'La Valle', '7373639295354', 'M', '13');
INSERT INTO familiare  VALUES ('YDSXSM41L21L985Z','Maria','Tognazzi', '1986-07-22', 'Scurcola Marsicana', '8780121324859', 'M', '13');
INSERT INTO familiare  VALUES ('YXKRCN67D21B917Z','Giosuè','Tognazzi', '1960-08-07', 'Doria', '0672252809899', 'F', '13');
INSERT INTO familiare  VALUES ('PCENBT11H51G625B','Benito','Tognazzi', '1934-06-07', 'Camerata Picena', '0794158642306', 'Others', '13');
INSERT INTO carta_cliente  VALUES (14 , 'VBFUQY53E52C746R','52','0', '1', '2');
INSERT INTO familiare  VALUES ('VBFUQY53E52C746R','Paride','Guariento', '1986-07-23', 'Levice', '0940191406267', 'Others', '14');

INSERT INTO familiare  VALUES ('GVDEJW80S04D784L','Giacobbe','Guariento', '1934-10-16', 'Ornago', '7879257298210', 'Others', '14');
INSERT INTO familiare  VALUES ('TTKLBS57T06A017C','Emma','Guariento', '1948-11-21', 'Centrale', '6706834895784', 'M', '14');
INSERT INTO carta_cliente  VALUES (15 , 'JUFDHJ62C16H285Y','84','4', '1', '1');
INSERT INTO familiare  VALUES ('JUFDHJ62C16H285Y','Loretta','Oscuro', '1973-10-14', 'Casatenovo', '0264828576056', 'M', '15');

INSERT INTO familiare  VALUES ('VUMIWV60D08L883D','Ugo','Oscuro', '2014-08-27', 'Murgetta', '4334163533133', 'F', '15');
INSERT INTO familiare  VALUES ('BGCSPP14M19B028K','Adriana','Oscuro', '2020-04-04', 'Marmorta', '3624293743297', 'Others', '15');
INSERT INTO familiare  VALUES ('UUQOFL11R54D811W','Etta','Oscuro', '2013-12-18', 'San Vittore Olona', '6993459513845', 'M', '15');
INSERT INTO familiare  VALUES ('OCLTEL24D49G054O','Raffaele','Oscuro', '2009-07-04', 'Vaccarezza', '2643630306874', 'F', '15');
INSERT INTO familiare  VALUES ('KBBOFX19S42E420V','Puccio','Oscuro', '1943-02-01', 'Santa Domenica Vittoria', '5597665976925', 'Others', '15');
INSERT INTO carta_cliente  VALUES (16 , 'RYBGYD76P17H311U','112','0', '2', '0');
INSERT INTO familiare  VALUES ('RYBGYD76P17H311U','Patrizio','Argento', '2002-08-11', 'Villagrazia Di Carini', '5697754497049', 'Others', '16');

INSERT INTO familiare  VALUES ('CNJZJG27S15M083B','Antonello','Argento', '1972-08-29', 'Andria', '3905530841114', 'F', '16');
INSERT INTO carta_cliente  VALUES (17 , 'JEURPY20D08A158K','99','0', '4', '2');
INSERT INTO familiare  VALUES ('JEURPY20D08A158K','Erika','Cerutti', '2002-12-22', 'Geromina', '7095952174848', 'M', '17');

INSERT INTO familiare  VALUES ('DVSJSS03E63L216H','Gianmarco','Cerutti', '1996-12-20', 'Stazzona', '4734704960204', 'M', '17');
INSERT INTO familiare  VALUES ('JYUVZB16S18A502G','Marina','Cerutti', '1974-10-04', 'Vellau', '4129512354615', 'Others', '17');
INSERT INTO familiare  VALUES ('TEYXCB69B56L489I','Ippazio','Cerutti', '1960-04-13', 'Tione Di Trento', '9275535082030', 'Others', '17');
INSERT INTO familiare  VALUES ('KTDIKE74A44G333W','Carla','Cerutti', '1949-06-14', 'Lama Dei Peligni', '9053356218333', 'M', '17');
INSERT INTO familiare  VALUES ('XETCFD16A08C494M','Alina','Cerutti', '1943-11-22', 'Piovera', '4179604966257', 'Others', '17');
INSERT INTO carta_cliente  VALUES (18 , 'JFSUDF31D53D117O','97','1', '1', '1');
INSERT INTO familiare  VALUES ('JFSUDF31D53D117O','Elisa','Comolli', '1983-04-22', 'Torre Pellice', '1521307304353', 'Others', '18');

INSERT INTO familiare  VALUES ('SFDFOI10L51E779C','Nicolò','Comolli', '2013-09-11', 'Sa Rocca Tunda', '8128738693988', 'M', '18');
INSERT INTO familiare  VALUES ('RGJXPO34M45C053G','Nina','Comolli', '1938-05-05', 'Vara', '1804095845158', 'M', '18');
INSERT INTO carta_cliente  VALUES (19 , 'FSHLUY32P11I921N','91','0', '1', '2');
INSERT INTO familiare  VALUES ('FSHLUY32P11I921N','Ernesto','Camuccini', '1995-03-06', 'Lozzolo', '4522155135860', 'Others', '19');

INSERT INTO familiare  VALUES ('UXWZBD34D18E431N','Maurizio','Camuccini', '1941-03-02', 'Anguillara Veneta', '8207891874676', 'F', '19');
INSERT INTO familiare  VALUES ('DXOFPI54T53E360O','Sole','Camuccini', '1930-06-06', 'Ospedaletto Di Rimini', '7003056332483', 'F', '19');
INSERT INTO carta_cliente  VALUES (20 , 'ATKIRZ87S44A757X','118','0', '3', '3');
INSERT INTO familiare  VALUES ('ATKIRZ87S44A757X','Mariana','Michelangeli', '1979-04-29', 'Longarone', '9296582322726', 'M', '20');

INSERT INTO familiare  VALUES ('OVRYYD20L28M284Z','Panfilo','Michelangeli', '1980-05-21', 'Muccia', '0957907121050', 'Others', '20');
INSERT INTO familiare  VALUES ('XPWGMN01B60L978K','Chiara','Michelangeli', '1990-10-30', 'Paluzza', '3008705471042', 'M', '20');
INSERT INTO familiare  VALUES ('DMSXRB09P61C689Y','Serena','Michelangeli', '1951-06-03', 'Frascaro', '0825347468868', 'Others', '20');
INSERT INTO familiare  VALUES ('ZHGULI68C59L176I','Tonino','Michelangeli', '1936-07-19', 'Carugate', '2596215736766', 'M', '20');
INSERT INTO familiare  VALUES ('KLCYYL23H59E870D','Antonino','Michelangeli', '1939-05-25', 'Borgo Annunziata', '3419455966217', 'Others', '20');
INSERT INTO carta_cliente  VALUES (21 , 'UNMRRC03S41F831R','64','0', '2', '1');
INSERT INTO familiare  VALUES ('UNMRRC03S41F831R','Melina','Dibiasi', '1959-05-11', 'La Caletta', '0225766010511', 'M', '21');

INSERT INTO familiare  VALUES ('HUWUEP49M25L787Z','Giustino','Dibiasi', '1963-07-07', 'Castellone', '5914200263339', 'Others', '21');
INSERT INTO familiare  VALUES ('ZOYPFX10C12F020C','Napoleone','Dibiasi', '1941-10-06', 'Arpinova', '7217944661332', 'Others', '21');
INSERT INTO carta_cliente  VALUES (22 , 'ZYKPWL65H19F152P','133','0', '2', '1');
INSERT INTO familiare  VALUES ('ZYKPWL65H19F152P','Dario','Canali', '1985-06-06', 'Brivio', '4416682977511', 'Others', '22');

INSERT INTO familiare  VALUES ('TSDCZK66E54A815V','Alberto','Canali', '1959-09-11', 'Untergsies', '5094679654872', 'M', '22');
INSERT INTO familiare  VALUES ('WGQLLS98L02I880L','Iolanda','Canali', '1937-04-02', 'Ceramida', '5937540265239', 'F', '22');
INSERT INTO carta_cliente  VALUES (23 , 'JJQZPX02B27D879D','41','2', '1', '1');
INSERT INTO familiare  VALUES ('JJQZPX02B27D879D','Angelo','Travia', '2003-09-04', 'Selva Del Bocchetto', '1337892447409', 'F', '23');

INSERT INTO familiare  VALUES ('WPZUUU49L47F168H','Renzo','Travia', '2015-08-15', 'Lizzano', '6490849255996', 'Others', '23');
INSERT INTO familiare  VALUES ('DGRQRH81A06G968K','Olga','Travia', '2018-06-22', 'Candiolo', '0388466612274', 'F', '23');
INSERT INTO familiare  VALUES ('VNORZU81D46H870S','Tina','Travia', '1931-05-31', 'Portacomaro Stazione', '6301444024866', 'Others', '23');
INSERT INTO carta_cliente  VALUES (24 , 'KUELQF51S07G317X','123','0', '4', '0');
INSERT INTO familiare  VALUES ('KUELQF51S07G317X','Durante','Barcella', '1970-05-24', 'Badiola', '3064402594797', 'F', '24');

INSERT INTO familiare  VALUES ('NNOKOH50R05E330R','Sandro','Barcella', '2001-10-21', 'Tarsogno', '2830349714340', 'F', '24');
INSERT INTO familiare  VALUES ('NUOBQV50E54I651N','Benvenuto','Barcella', '1968-09-25', 'Premariacco', '9397980874528', 'F', '24');
INSERT INTO familiare  VALUES ('ASFBBS88R09D917T','Danilo','Barcella', '1995-11-02', 'Badia A Settimo', '0585687174546', 'M', '24');
INSERT INTO carta_cliente  VALUES (25 , 'RBKURU83C13L737M','136','0', '2', '3');
INSERT INTO familiare  VALUES ('RBKURU83C13L737M','Carlo','Rastelli', '1979-09-26', 'Casape', '9840060598422', 'M', '25');

INSERT INTO familiare  VALUES ('YZUICK26D52M017R','Vanessa','Rastelli', '1988-11-11', 'Torricella Sicura', '0046984417955', 'Others', '25');
INSERT INTO familiare  VALUES ('QMLGCV08R47G025K','Sandro','Rastelli', '1950-07-28', 'Marsiliana', '2957951112943', 'M', '25');
INSERT INTO familiare  VALUES ('UQXUBC96E49I282K','Gemma','Rastelli', '1950-03-06', 'Pila', '1632549593973', 'M', '25');
INSERT INTO familiare  VALUES ('XCJVTZ32P54A421P','Marcello','Rastelli', '1935-09-10', 'Galleriano', '9987617009779', 'M', '25');
INSERT INTO carta_cliente  VALUES (26 , 'NNSTLG95E22D105C','63','0', '3', '0');
INSERT INTO familiare  VALUES ('NNSTLG95E22D105C','Sylvia','Spadafora', '2004-09-12', 'San Casciano In Val Di Pesa', '7165379571367', 'M', '26');

INSERT INTO familiare  VALUES ('NXMHGT40T03B662D','Loredana','Spadafora', '1968-01-27', 'Callabiana', '7075763807601', 'F', '26');
INSERT INTO familiare  VALUES ('HTIHJO10T58M431D','Liberto','Spadafora', '1978-01-27', 'Alleghe', '5480977803189', 'Others', '26');
INSERT INTO carta_cliente  VALUES (27 , 'YCZRHB62S66E127B','88','2', '2', '0');
INSERT INTO familiare  VALUES ('YCZRHB62S66E127B','Arnaldo','Legnante', '1976-11-25', 'SantApollinare Con Selva', '1532798201117', 'Others', '27');

INSERT INTO familiare  VALUES ('CBNKEI80T59A788A','Giuseppina','Legnante', '2015-10-02', 'Portovenere', '5837782880043', 'M', '27');
INSERT INTO familiare  VALUES ('TNUAZY43C61F570J','Giulietta','Legnante', '2016-09-23', 'Pieve Modolena', '4426845444247', 'Others', '27');
INSERT INTO familiare  VALUES ('WDEVQZ24A41F576K','Marcella','Legnante', '1961-08-04', 'Soncino', '2777269269633', 'F', '27');
INSERT INTO carta_cliente  VALUES (28 , 'WEOJIG57L55I187Q','139','3', '3', '1');
INSERT INTO familiare  VALUES ('WEOJIG57L55I187Q','Mattia','Pedroni', '1983-09-07', 'Vobbia', '6291518907193', 'F', '28');

INSERT INTO familiare  VALUES ('CUSKZP83T47G559F','Piergiorgio','Pedroni', '2010-09-25', 'Monterocchetta', '6733752963898', 'Others', '28');
INSERT INTO familiare  VALUES ('FTXDSV21M59F098V','Loredana','Pedroni', '2006-06-05', 'Aurelia Di Civitavecchia', '8916562228378', 'F', '28');
INSERT INTO familiare  VALUES ('EQTBJX29S27D804E','Rembrandt','Pedroni', '2011-10-22', 'Negrisia', '3331352790309', 'M', '28');
INSERT INTO familiare  VALUES ('YHXWXZ16L11I662R','Ivan','Pedroni', '1964-08-18', 'San Vito Dei Normanni', '0418405119425', 'F', '28');
INSERT INTO familiare  VALUES ('DXABCF15D51B203U','Biagio','Pedroni', '1974-07-22', 'Spina', '7255133135712', 'F', '28');
INSERT INTO familiare  VALUES ('JOEMUZ34H25G282I','Pasqual','Pedroni', '1936-05-30', 'Altavilla Monferrato', '4972778193541', 'Others', '28');
INSERT INTO carta_cliente  VALUES (29 , 'MBZPVC61M41I242Z','104','0', '2', '1');
INSERT INTO familiare  VALUES ('MBZPVC61M41I242Z','Fiamma','Federici', '1989-11-16', 'Racconigi', '8068680986399', 'Others', '29');

INSERT INTO familiare  VALUES ('OJDVHT07R61B651X','Lauretta','Federici', '1989-04-03', 'Pandola', '9090903182996', 'Others', '29');
INSERT INTO familiare  VALUES ('XZCRVZ41S04G920M','Isabella','Federici', '1953-04-14', 'Bruino', '7135888636896', 'M', '29');


INSERT INTO autorizza VALUES (11, 0, 48, '2022-03-11');
INSERT INTO autorizza VALUES (6, 1, 51, '2022-02-27');
INSERT INTO autorizza VALUES (17, 2, 38, '2022-04-24');
INSERT INTO autorizza VALUES (18, 3, 45, '2022-04-23');
INSERT INTO autorizza VALUES (15, 4, 47, '2022-04-22');
INSERT INTO autorizza VALUES (17, 5, 38, '2022-05-29');
INSERT INTO autorizza VALUES (8, 6, 54, '2022-02-27');
INSERT INTO autorizza VALUES (7, 7, 41, '2022-04-05');
INSERT INTO autorizza VALUES (4, 8, 45, '2022-04-16');
INSERT INTO autorizza VALUES (2, 9, 35, '2022-04-04');
INSERT INTO autorizza VALUES (18, 10, 38, '2022-04-23');
INSERT INTO autorizza VALUES (13, 11, 40, '2022-03-17');
INSERT INTO autorizza VALUES (3, 12, 45, '2022-03-21');
INSERT INTO autorizza VALUES (18, 13, 46, '2022-03-11');
INSERT INTO autorizza VALUES (11, 14, 33, '2022-03-05');
INSERT INTO autorizza VALUES (0, 15, 50, '2022-03-02');
INSERT INTO autorizza VALUES (15, 16, 35, '2022-03-20');
INSERT INTO autorizza VALUES (3, 17, 39, '2022-02-21');
INSERT INTO autorizza VALUES (0, 18, 55, '2022-03-14');
INSERT INTO autorizza VALUES (12, 19, 49, '2022-04-19');
INSERT INTO autorizza VALUES (2, 20, 44, '2022-03-02');
INSERT INTO autorizza VALUES (7, 21, 43, '2022-02-17');
INSERT INTO autorizza VALUES (1, 22, 58, '2022-03-01');
INSERT INTO autorizza VALUES (10, 23, 48, '2022-05-26');
INSERT INTO autorizza VALUES (12, 24, 31, '2022-02-25');
INSERT INTO autorizza VALUES (1, 25, 56, '2022-05-28');
INSERT INTO autorizza VALUES (0, 26, 47, '2022-03-30');
INSERT INTO autorizza VALUES (2, 27, 41, '2022-05-12');
INSERT INTO autorizza VALUES (3, 28, 45, '2022-04-04');
INSERT INTO autorizza VALUES (8, 29, 46, '2022-05-21');


INSERT INTO donatore VALUES ('AZIBUA79L21C969O','4635932941873','Ciro','Pucci');
INSERT INTO donatore VALUES ('GPBPBF93B50G535L','1151987713428','Costanzo','Procacci');
INSERT INTO donatore VALUES ('XHFCPX42M26C420D','5703440609108','Ubaldo','Ungaretti');
INSERT INTO donatore VALUES ('PYJCYC43A04D205P','6003795241153','Gritti-Borromini SPA',NULL);
INSERT INTO donatore VALUES ('LMQOSG35E46L270O','4414060352333','Sante','Lippomano');
INSERT INTO donatore VALUES ('LRFFRC46C09D331Z','8889853938737','Luigi','Ferrari');
INSERT INTO donatore VALUES ('MZTDTJ40C13H484I','6401397302371','Iacovelli-Ughi e figli',NULL);
INSERT INTO donatore VALUES ('JPJHMS53M67A495G','0292311518310','Mazzeo s.r.l.',NULL);
INSERT INTO donatore VALUES ('HACSJO51T02L172B','2647175350492','Granatelli, Luna e Collina Gro',NULL);
INSERT INTO donatore VALUES ('TJPKEI77L22C749C','6080927850523','Terragni Group',NULL);
INSERT INTO donatore VALUES ('KZOWJI92M07F503Q','9462376302159','Tresoldi SPA',NULL);
INSERT INTO donatore VALUES ('CROLJQ85L63L284Z','1708392187716','Dina','Gaggini');
INSERT INTO donatore VALUES ('SFNIEM27H28L769P','8502871402106','Elisa','Morucci');
INSERT INTO donatore VALUES ('AAGMKG21M48F497T','4275995760442','Girolamo','Bocelli');
INSERT INTO donatore VALUES ('BKNDMG89B15D819N','2873688466847','Molesini-Comencini e figli',NULL);
INSERT INTO donatore VALUES ('VQNPUB09C10F311E','4476214717786','Mirko','Vespucci');
INSERT INTO donatore VALUES ('BEGZSS62D12M055F','4603368112627','Faugno e figli',NULL);
INSERT INTO donatore VALUES ('EMQOYD45L45I876W','6173280829097','Civaschi, Lombardi e Ferrucci ',NULL);
INSERT INTO donatore VALUES ('KLYHXE09S53H850J','3123931077964','Boiardo, Correr e Guarato s.r.',NULL);
INSERT INTO donatore VALUES ('XXWERN51H44G834U','1221765430498','Fogazzaro-Ottino SPA',NULL);
INSERT INTO donatore VALUES ('BLWFHC99C62C153N','4176350917464','Pontecorvo Group',NULL);
INSERT INTO donatore VALUES ('SXKEJS73T04L281R','1958172993850','Gino','Angiolello');
INSERT INTO donatore VALUES ('SUOWGG80C18F664J','5846012199989','Ferragni-Tedesco SPA',NULL);
INSERT INTO donatore VALUES ('GZWPEL31R64B762B','7604765019388','Emilio','Emo');
INSERT INTO donatore VALUES ('GIDBVX14H64G591Y','0683547278109','Ruberto-Pontecorvo Group',NULL);
INSERT INTO donatore VALUES ('HRJHDN80E43E997Q','0515409501505','Fiorino','Giammusso');
INSERT INTO donatore VALUES ('DMRAAV96M50C253P','5028212759754','Marini, Salandra e Tonisto s.r',NULL);
INSERT INTO donatore VALUES ('GONUIK39C04B671V','8518494019116','Forza e figli',NULL);
INSERT INTO donatore VALUES ('JZGTWN06C66B145K','5014675195972','Sabatini-Armellini e figli',NULL);
INSERT INTO donatore VALUES ('XQCUDI63E64A481K','8875848138308','Sandro','Borroni');


INSERT INTO ricezione  VALUES (0, '2022-04-06 01:02:29', '2022-04-06 02:02:29');
INSERT INTO trasporto  VALUES (0, '2022-04-05 23:02:29', '2022-04-06 01:02:29', 1, 'Vicolo Maggioli, 174', 0);
INSERT INTO turno  VALUES ('2022-04-05 23:02:29' , 'RZOFSN67A61H422W', '2022-04-06 03:02:29', NULL, 0, NULL);
INSERT INTO turno  VALUES ('2022-04-05 23:02:29' , 'IBUPEB53R24H791Z', '2022-04-06 03:02:29', NULL, 0, 0);
INSERT INTO turno  VALUES ('2022-04-05 23:02:29' , 'CCXTFE13L54E314G', '2022-04-06 03:02:29', NULL, NULL, 0);
INSERT INTO ricezione  VALUES (1, '2022-03-20 17:19:09', '2022-03-20 18:19:09');
INSERT INTO trasporto  VALUES (1, '2022-03-20 15:19:09', '2022-03-20 17:19:09', 3, 'Via Foscari, 40', 1);
INSERT INTO turno  VALUES ('2022-03-20 15:19:09' , 'IYKGLN25H63A960G', '2022-03-20 19:19:09', NULL, 1, NULL);
INSERT INTO turno  VALUES ('2022-03-20 15:19:09' , 'ESLPFY99S17B015D', '2022-03-20 19:19:09', NULL, 1, 1);
INSERT INTO turno  VALUES ('2022-03-20 15:19:09' , 'UHOFZH49B28I825U', '2022-03-20 19:19:09', NULL, NULL, 1);
INSERT INTO ricezione  VALUES (2, '2022-04-26 00:23:10', '2022-04-26 01:23:10');
INSERT INTO trasporto  VALUES (2, '2022-04-25 22:23:10', '2022-04-26 00:23:10', 16, 'Via Luisa, 4', 2);
INSERT INTO turno  VALUES ('2022-04-25 22:23:10' , 'TZUYAG61D59A453A', '2022-04-26 02:23:10', NULL, 2, NULL);
INSERT INTO turno  VALUES ('2022-04-25 22:23:10' , 'UHOFZH49B28I825U', '2022-04-26 02:23:10', NULL, 2, 2);
INSERT INTO turno  VALUES ('2022-04-25 22:23:10' , 'EFDETS02M07G455Y', '2022-04-26 02:23:10', NULL, NULL, 2);
INSERT INTO ricezione  VALUES (3, '2022-05-16 23:21:36', '2022-05-17 00:21:36');
INSERT INTO trasporto  VALUES (3, '2022-05-16 21:21:36', '2022-05-16 23:21:36', 4, 'Strada Teresa, 67 Appartamento 3', 3);
INSERT INTO turno  VALUES ('2022-05-16 21:21:36' , 'WZZLRV23P18B486S', '2022-05-17 01:21:36', NULL, 3, NULL);
INSERT INTO turno  VALUES ('2022-05-16 21:21:36' , 'MOFVAQ34B27G022X', '2022-05-17 01:21:36', NULL, 3, 3);
INSERT INTO turno  VALUES ('2022-05-16 21:21:36' , 'ISOWNP51S58E025T', '2022-05-17 01:21:36', NULL, NULL, 3);
INSERT INTO ricezione  VALUES (4, '2022-05-31 03:29:33', '2022-05-31 04:29:33');
INSERT INTO trasporto  VALUES (4, '2022-05-31 01:29:33', '2022-05-31 03:29:33', 16, 'Strada Iacobucci, 5 Appartamento 69', 4);
INSERT INTO turno  VALUES ('2022-05-31 01:29:33' , 'ISOWNP51S58E025T', '2022-05-31 05:29:33', NULL, 4, NULL);
INSERT INTO turno  VALUES ('2022-05-31 01:29:33' , 'GTELOX58S10E528F', '2022-05-31 05:29:33', NULL, 4, 4);
INSERT INTO turno  VALUES ('2022-05-31 01:29:33' , 'YXVWFY59C56D045C', '2022-05-31 05:29:33', NULL, NULL, 4);
INSERT INTO ricezione  VALUES (5, '2022-02-22 20:54:36', '2022-02-22 21:54:36');
INSERT INTO trasporto  VALUES (5, '2022-02-22 18:54:36', '2022-02-22 20:54:36', 17, 'Piazza Visconti, 193 Piano 4', 5);
INSERT INTO turno  VALUES ('2022-02-22 18:54:36' , 'TZUYAG61D59A453A', '2022-02-22 22:54:36', NULL, 5, NULL);
INSERT INTO turno  VALUES ('2022-02-22 18:54:36' , 'EMQUIL57R09C223M', '2022-02-22 22:54:36', NULL, 5, 5);
INSERT INTO turno  VALUES ('2022-02-22 18:54:36' , 'YSMHOF97M14D086K', '2022-02-22 22:54:36', NULL, NULL, 5);
INSERT INTO ricezione  VALUES (6, '2022-04-17 15:42:26', '2022-04-17 16:42:26');
INSERT INTO trasporto  VALUES (6, '2022-04-17 13:42:26', '2022-04-17 15:42:26', 4, 'Piazza Fuseli, 36 Appartamento 31', 6);
INSERT INTO turno  VALUES ('2022-04-17 13:42:26' , 'ESLPFY99S17B015D', '2022-04-17 17:42:26', NULL, 6, NULL);
INSERT INTO turno  VALUES ('2022-04-17 13:42:26' , 'UNYCHT40C43C641H', '2022-04-17 17:42:26', NULL, 6, 6);
INSERT INTO turno  VALUES ('2022-04-17 13:42:26' , 'ILGVYL39L03F674I', '2022-04-17 17:42:26', NULL, NULL, 6);
INSERT INTO ricezione  VALUES (7, '2022-02-22 14:44:06', '2022-02-22 15:44:06');
INSERT INTO trasporto  VALUES (7, '2022-02-22 12:44:06', '2022-02-22 14:44:06', 12, 'Piazza Nicolucci, 3 Appartamento 1', 7);
INSERT INTO turno  VALUES ('2022-02-22 12:44:06' , 'IMSUUL40B61G594M', '2022-02-22 16:44:06', NULL, 7, NULL);
INSERT INTO turno  VALUES ('2022-02-22 12:44:06' , 'UHOFZH49B28I825U', '2022-02-22 16:44:06', NULL, 7, 7);
INSERT INTO turno  VALUES ('2022-02-22 12:44:06' , 'CGYVQF55C63I435G', '2022-02-22 16:44:06', NULL, NULL, 7);
INSERT INTO ricezione  VALUES (8, '2022-04-01 05:38:05', '2022-04-01 06:38:05');
INSERT INTO trasporto  VALUES (8, '2022-04-01 03:38:05', '2022-04-01 05:38:05', 9, 'Viale Canevascini, 76 Piano 2', 8);
INSERT INTO turno  VALUES ('2022-04-01 03:38:05' , 'WUNOMN22A24A774D', '2022-04-01 07:38:05', NULL, 8, NULL);
INSERT INTO turno  VALUES ('2022-04-01 03:38:05' , 'ESLPFY99S17B015D', '2022-04-01 07:38:05', NULL, 8, 8);
INSERT INTO turno  VALUES ('2022-04-01 03:38:05' , 'EFDETS02M07G455Y', '2022-04-01 07:38:05', NULL, NULL, 8);
INSERT INTO ricezione  VALUES (9, '2022-05-11 00:09:03', '2022-05-11 01:09:03');
INSERT INTO trasporto  VALUES (9, '2022-05-10 22:09:03', '2022-05-11 00:09:03', 3, 'Viale Vincenza, 0', 9);
INSERT INTO turno  VALUES ('2022-05-10 22:09:03' , 'CCXTFE13L54E314G', '2022-05-11 02:09:03', NULL, 9, NULL);
INSERT INTO turno  VALUES ('2022-05-10 22:09:03' , 'NJQLYF44T01B390Q', '2022-05-11 02:09:03', NULL, 9, 9);
INSERT INTO turno  VALUES ('2022-05-10 22:09:03' , 'HLEHUB46S67A849Z', '2022-05-11 02:09:03', NULL, NULL, 9);
INSERT INTO ricezione  VALUES (10, '2022-06-01 23:24:32', '2022-06-02 00:24:32');
INSERT INTO trasporto  VALUES (10, '2022-06-01 21:24:32', '2022-06-01 23:24:32', 6, 'Stretto Micheletto, 58 Piano 8', 10);
INSERT INTO turno  VALUES ('2022-06-01 21:24:32' , 'HLEHUB46S67A849Z', '2022-06-02 01:24:32', NULL, 10, NULL);
INSERT INTO turno  VALUES ('2022-06-01 21:24:32' , 'VKSLGU26D19I632T', '2022-06-02 01:24:32', NULL, 10, 10);
INSERT INTO turno  VALUES ('2022-06-01 21:24:32' , 'ILGVYL39L03F674I', '2022-06-02 01:24:32', NULL, NULL, 10);
INSERT INTO ricezione  VALUES (11, '2022-04-22 21:24:31', '2022-04-22 22:24:31');
INSERT INTO trasporto  VALUES (11, '2022-04-22 19:24:31', '2022-04-22 21:24:31', 3, 'Contrada Monduzzi, 7 Piano 9', 11);
INSERT INTO turno  VALUES ('2022-04-22 19:24:31' , 'LOKJTX89A05A725K', '2022-04-22 23:24:31', NULL, 11, NULL);
INSERT INTO turno  VALUES ('2022-04-22 19:24:31' , 'RZOFSN67A61H422W', '2022-04-22 23:24:31', NULL, 11, 11);
INSERT INTO turno  VALUES ('2022-04-22 19:24:31' , 'EFDETS02M07G455Y', '2022-04-22 23:24:31', NULL, NULL, 11);
INSERT INTO ricezione  VALUES (12, '2022-05-03 14:49:03', '2022-05-03 15:49:03');
INSERT INTO trasporto  VALUES (12, '2022-05-03 12:49:03', '2022-05-03 14:49:03', 9, 'Incrocio Gino, 43', 12);
INSERT INTO turno  VALUES ('2022-05-03 12:49:03' , 'MFPNVI18C67G509D', '2022-05-03 16:49:03', NULL, 12, NULL);
INSERT INTO turno  VALUES ('2022-05-03 12:49:03' , 'ESLPFY99S17B015D', '2022-05-03 16:49:03', NULL, 12, 12);
INSERT INTO turno  VALUES ('2022-05-03 12:49:03' , 'WUNOMN22A24A774D', '2022-05-03 16:49:03', NULL, NULL, 12);
INSERT INTO ricezione  VALUES (13, '2022-04-26 01:57:23', '2022-04-26 02:57:23');
INSERT INTO trasporto  VALUES (13, '2022-04-25 23:57:23', '2022-04-26 01:57:23', 16, 'Canale Raffaellino, 249', 13);
INSERT INTO turno  VALUES ('2022-04-25 23:57:23' , 'CCXTFE13L54E314G', '2022-04-26 03:57:23', NULL, 13, NULL);
INSERT INTO turno  VALUES ('2022-04-25 23:57:23' , 'EMQUIL57R09C223M', '2022-04-26 03:57:23', NULL, 13, 13);
INSERT INTO turno  VALUES ('2022-04-25 23:57:23' , 'EFDETS02M07G455Y', '2022-04-26 03:57:23', NULL, NULL, 13);
INSERT INTO ricezione  VALUES (14, '2022-02-23 14:51:14', '2022-02-23 15:51:14');
INSERT INTO trasporto  VALUES (14, '2022-02-23 12:51:14', '2022-02-23 14:51:14', 10, 'Borgo Savorgnan, 8', 14);
INSERT INTO turno  VALUES ('2022-02-23 12:51:14' , 'FCQAOD11D20I165V', '2022-02-23 16:51:14', NULL, 14, NULL);
INSERT INTO turno  VALUES ('2022-02-23 12:51:14' , 'ESLPFY99S17B015D', '2022-02-23 16:51:14', NULL, 14, 14);
INSERT INTO turno  VALUES ('2022-02-23 12:51:14' , 'QSANSG43L15B038G', '2022-02-23 16:51:14', NULL, NULL, 14);
INSERT INTO ricezione  VALUES (15, '2022-05-29 11:59:01', '2022-05-29 12:59:01');
INSERT INTO trasporto  VALUES (15, '2022-05-29 09:59:01', '2022-05-29 11:59:01', 9, 'Piazza Benito, 2', 15);
INSERT INTO turno  VALUES ('2022-05-29 09:59:01' , 'WUNOMN22A24A774D', '2022-05-29 13:59:01', NULL, 15, NULL);
INSERT INTO turno  VALUES ('2022-05-29 09:59:01' , 'IBUPEB53R24H791Z', '2022-05-29 13:59:01', NULL, 15, 15);
INSERT INTO turno  VALUES ('2022-05-29 09:59:01' , 'ZBPSOV86M45C908X', '2022-05-29 13:59:01', NULL, NULL, 15);
INSERT INTO ricezione  VALUES (16, '2022-05-04 03:31:55', '2022-05-04 04:31:55');
INSERT INTO trasporto  VALUES (16, '2022-05-04 01:31:55', '2022-05-04 03:31:55', 13, 'Rotonda Morrocco, 34', 16);
INSERT INTO turno  VALUES ('2022-05-04 01:31:55' , 'CCXTFE13L54E314G', '2022-05-04 05:31:55', NULL, 16, NULL);
INSERT INTO turno  VALUES ('2022-05-04 01:31:55' , 'MFPNVI18C67G509D', '2022-05-04 05:31:55', NULL, 16, 16);
INSERT INTO turno  VALUES ('2022-05-04 01:31:55' , 'LOKJTX89A05A725K', '2022-05-04 05:31:55', NULL, NULL, 16);
INSERT INTO ricezione  VALUES (17, '2022-06-05 11:28:33', '2022-06-05 12:28:33');
INSERT INTO trasporto  VALUES (17, '2022-06-05 09:28:33', '2022-06-05 11:28:33', 2, 'Stretto Zaira, 496', 17);
INSERT INTO turno  VALUES ('2022-06-05 09:28:33' , 'IYKGLN25H63A960G', '2022-06-05 13:28:33', NULL, 17, NULL);
INSERT INTO turno  VALUES ('2022-06-05 09:28:33' , 'HZIEPH43E26H019N', '2022-06-05 13:28:33', NULL, 17, 17);
INSERT INTO turno  VALUES ('2022-06-05 09:28:33' , 'VKSLGU26D19I632T', '2022-06-05 13:28:33', NULL, NULL, 17);
INSERT INTO ricezione  VALUES (18, '2022-04-27 22:30:46', '2022-04-27 23:30:46');
INSERT INTO trasporto  VALUES (18, '2022-04-27 20:30:46', '2022-04-27 22:30:46', 13, 'Borgo Gino, 39', 18);
INSERT INTO turno  VALUES ('2022-04-27 20:30:46' , 'TDYARH41L45A732I', '2022-04-28 00:30:46', NULL, 18, NULL);
INSERT INTO turno  VALUES ('2022-04-27 20:30:46' , 'TZUYAG61D59A453A', '2022-04-28 00:30:46', NULL, 18, 18);
INSERT INTO turno  VALUES ('2022-04-27 20:30:46' , 'IBUPEB53R24H791Z', '2022-04-28 00:30:46', NULL, NULL, 18);
INSERT INTO ricezione  VALUES (19, '2022-04-24 12:04:54', '2022-04-24 13:04:54');
INSERT INTO trasporto  VALUES (19, '2022-04-24 10:04:54', '2022-04-24 12:04:54', 5, 'Canale Valmarana, 38 Appartamento 5', 19);
INSERT INTO turno  VALUES ('2022-04-24 10:04:54' , 'TZUYAG61D59A453A', '2022-04-24 14:04:54', NULL, 19, NULL);
INSERT INTO turno  VALUES ('2022-04-24 10:04:54' , 'EINEWT08D48G432O', '2022-04-24 14:04:54', NULL, 19, 19);
INSERT INTO turno  VALUES ('2022-04-24 10:04:54' , 'WZZLRV23P18B486S', '2022-04-24 14:04:54', NULL, NULL, 19);
INSERT INTO ricezione  VALUES (20, '2022-04-18 07:51:59', '2022-04-18 08:51:59');
INSERT INTO trasporto  VALUES (20, '2022-04-18 05:51:59', '2022-04-18 07:51:59', 20, 'Viale Nicolò, 8 Piano 8', 20);
INSERT INTO turno  VALUES ('2022-04-18 05:51:59' , 'VKSLGU26D19I632T', '2022-04-18 09:51:59', NULL, 20, NULL);
INSERT INTO turno  VALUES ('2022-04-18 05:51:59' , 'PWCOOX83E51I819H', '2022-04-18 09:51:59', NULL, 20, 20);
INSERT INTO turno  VALUES ('2022-04-18 05:51:59' , 'IKMZKX85B56D508U', '2022-04-18 09:51:59', NULL, NULL, 20);
INSERT INTO ricezione  VALUES (21, '2022-04-17 19:03:45', '2022-04-17 20:03:45');
INSERT INTO trasporto  VALUES (21, '2022-04-17 17:03:45', '2022-04-17 19:03:45', 5, 'Via Gualtieri, 8', 21);
INSERT INTO turno  VALUES ('2022-04-17 17:03:45' , 'EINEWT08D48G432O', '2022-04-17 21:03:45', NULL, 21, NULL);
INSERT INTO turno  VALUES ('2022-04-17 17:03:45' , 'NOAKQG41E68E116R', '2022-04-17 21:03:45', NULL, 21, 21);
INSERT INTO turno  VALUES ('2022-04-17 17:03:45' , 'SGCJCP59A24C712H', '2022-04-17 21:03:45', NULL, NULL, 21);
INSERT INTO ricezione  VALUES (22, '2022-04-24 16:57:10', '2022-04-24 17:57:10');
INSERT INTO trasporto  VALUES (22, '2022-04-24 14:57:10', '2022-04-24 16:57:10', 1, 'Rotonda Pellegrino, 7 Appartamento 91', 22);
INSERT INTO turno  VALUES ('2022-04-24 14:57:10' , 'HLEHUB46S67A849Z', '2022-04-24 18:57:10', NULL, 22, NULL);
INSERT INTO turno  VALUES ('2022-04-24 14:57:10' , 'HZIEPH43E26H019N', '2022-04-24 18:57:10', NULL, 22, 22);
INSERT INTO turno  VALUES ('2022-04-24 14:57:10' , 'RZOFSN67A61H422W', '2022-04-24 18:57:10', NULL, NULL, 22);
INSERT INTO ricezione  VALUES (23, '2022-03-10 00:37:57', '2022-03-10 01:37:57');
INSERT INTO trasporto  VALUES (23, '2022-03-09 22:37:57', '2022-03-10 00:37:57', 9, 'Piazza Marcantonio, 84', 23);
INSERT INTO turno  VALUES ('2022-03-09 22:37:57' , 'NNOUUQ09M03H801B', '2022-03-10 02:37:57', NULL, 23, NULL);
INSERT INTO turno  VALUES ('2022-03-09 22:37:57' , 'ZBPSOV86M45C908X', '2022-03-10 02:37:57', NULL, 23, 23);
INSERT INTO turno  VALUES ('2022-03-09 22:37:57' , 'EINEWT08D48G432O', '2022-03-10 02:37:57', NULL, NULL, 23);
INSERT INTO ricezione  VALUES (24, '2022-04-12 18:57:43', '2022-04-12 19:57:43');
INSERT INTO trasporto  VALUES (24, '2022-04-12 16:57:43', '2022-04-12 18:57:43', 7, 'Viale Daria, 43', 24);
INSERT INTO turno  VALUES ('2022-04-12 16:57:43' , 'TDYARH41L45A732I', '2022-04-12 20:57:43', NULL, 24, NULL);
INSERT INTO turno  VALUES ('2022-04-12 16:57:43' , 'PWCOOX83E51I819H', '2022-04-12 20:57:43', NULL, 24, 24);
INSERT INTO turno  VALUES ('2022-04-12 16:57:43' , 'IKMZKX85B56D508U', '2022-04-12 20:57:43', NULL, NULL, 24);
INSERT INTO ricezione  VALUES (25, '2022-02-17 13:37:22', '2022-02-17 14:37:22');
INSERT INTO trasporto  VALUES (25, '2022-02-17 11:37:22', '2022-02-17 13:37:22', 3, 'Piazza Victoria, 64', 25);
INSERT INTO turno  VALUES ('2022-02-17 11:37:22' , 'ULOKSU23T07I362P', '2022-02-17 15:37:22', NULL, 25, NULL);
INSERT INTO turno  VALUES ('2022-02-17 11:37:22' , 'IMSUUL40B61G594M', '2022-02-17 15:37:22', NULL, 25, 25);
INSERT INTO turno  VALUES ('2022-02-17 11:37:22' , 'CPOVTN77L20D872O', '2022-02-17 15:37:22', NULL, NULL, 25);
INSERT INTO ricezione  VALUES (26, '2022-05-26 18:12:57', '2022-05-26 19:12:57');
INSERT INTO trasporto  VALUES (26, '2022-05-26 16:12:57', '2022-05-26 18:12:57', 13, 'Contrada Pedersoli, 13 Appartamento 73', 26);
INSERT INTO turno  VALUES ('2022-05-26 16:12:57' , 'HZIEPH43E26H019N', '2022-05-26 20:12:57', NULL, 26, NULL);
INSERT INTO turno  VALUES ('2022-05-26 16:12:57' , 'LOKJTX89A05A725K', '2022-05-26 20:12:57', NULL, 26, 26);
INSERT INTO turno  VALUES ('2022-05-26 16:12:57' , 'IMSUUL40B61G594M', '2022-05-26 20:12:57', NULL, NULL, 26);
INSERT INTO ricezione  VALUES (27, '2022-05-25 05:24:44', '2022-05-25 06:24:44');
INSERT INTO trasporto  VALUES (27, '2022-05-25 03:24:44', '2022-05-25 05:24:44', 15, 'Via Milena, 4 Appartamento 61', 27);
INSERT INTO turno  VALUES ('2022-05-25 03:24:44' , 'EFDETS02M07G455Y', '2022-05-25 07:24:44', NULL, 27, NULL);
INSERT INTO turno  VALUES ('2022-05-25 03:24:44' , 'UNYCHT40C43C641H', '2022-05-25 07:24:44', NULL, 27, 27);
INSERT INTO turno  VALUES ('2022-05-25 03:24:44' , 'PPXRAH23E60H951V', '2022-05-25 07:24:44', NULL, NULL, 27);
INSERT INTO ricezione  VALUES (28, '2022-05-18 14:41:26', '2022-05-18 15:41:26');
INSERT INTO trasporto  VALUES (28, '2022-05-18 12:41:26', '2022-05-18 14:41:26', 17, 'Incrocio Lilla, 41', 28);
INSERT INTO turno  VALUES ('2022-05-18 12:41:26' , 'UKALQV34B21A519J', '2022-05-18 16:41:26', NULL, 28, NULL);
INSERT INTO turno  VALUES ('2022-05-18 12:41:26' , 'WUNOMN22A24A774D', '2022-05-18 16:41:26', NULL, 28, 28);
INSERT INTO turno  VALUES ('2022-05-18 12:41:26' , 'UHOFZH49B28I825U', '2022-05-18 16:41:26', NULL, NULL, 28);
INSERT INTO ricezione  VALUES (29, '2022-02-18 11:09:51', '2022-02-18 12:09:51');
INSERT INTO trasporto  VALUES (29, '2022-02-18 09:09:51', '2022-02-18 11:09:51', 9, 'Rotonda Marrone, 4', 29);
INSERT INTO turno  VALUES ('2022-02-18 09:09:51' , 'ZFFFUS90B49G871C', '2022-02-18 13:09:51', NULL, 29, NULL);
INSERT INTO turno  VALUES ('2022-02-18 09:09:51' , 'QSANSG43L15B038G', '2022-02-18 13:09:51', NULL, 29, 29);
INSERT INTO turno  VALUES ('2022-02-18 09:09:51' , 'LOKJTX89A05A725K', '2022-02-18 13:09:51', NULL, NULL, 29);


INSERT INTO spesa  VALUES (0, 17);
INSERT INTO donazione  VALUES (0, '2022-05-05 17:17:30', 17, NULL, 'TJPKEI77L22C749C' , NULL);
INSERT INTO donazione  VALUES (1, '2021-12-19', NULL , 29, NULL, 0);
INSERT INTO spesa  VALUES (1, 42);
INSERT INTO donazione  VALUES (2, '2022-01-18 18:28:10', 42, NULL, 'SUOWGG80C18F664J' , NULL);
INSERT INTO donazione  VALUES (3, '2022-02-03', NULL , 0, NULL, 1);
INSERT INTO spesa  VALUES (2, 78);
INSERT INTO donazione  VALUES (4, '2022-04-26 04:37:35', 78, NULL, 'GIDBVX14H64G591Y' , NULL);
INSERT INTO donazione  VALUES (5, '2021-12-27', NULL , 0, NULL, 2);
INSERT INTO spesa  VALUES (3, 21);
INSERT INTO donazione  VALUES (6, '2022-01-17 06:50:32', 21, NULL, 'BLWFHC99C62C153N' , NULL);
INSERT INTO donazione  VALUES (7, '2021-12-28', NULL , 13, NULL, 3);
INSERT INTO spesa  VALUES (4, 65);
INSERT INTO donazione  VALUES (8, '2022-06-10 08:25:28', 65, NULL, 'LRFFRC46C09D331Z' , NULL);
INSERT INTO donazione  VALUES (9, '2022-03-07', NULL , 23, NULL, 4);
INSERT INTO spesa  VALUES (5, 59);
INSERT INTO donazione  VALUES (10, '2022-04-02 11:41:37', 59, NULL, 'BKNDMG89B15D819N' , NULL);
INSERT INTO donazione  VALUES (11, '2022-03-28', NULL , 4, NULL, 5);
INSERT INTO spesa  VALUES (6, 97);
INSERT INTO donazione  VALUES (12, '2022-06-09 13:23:17', 97, NULL, 'JZGTWN06C66B145K' , NULL);
INSERT INTO donazione  VALUES (13, '2022-01-01', NULL , 25, NULL, 6);
INSERT INTO spesa  VALUES (7, 20);
INSERT INTO donazione  VALUES (14, '2022-05-14 23:36:32', 20, NULL, 'HACSJO51T02L172B' , NULL);
INSERT INTO donazione  VALUES (15, '2022-02-02', NULL , 0, NULL, 7);
INSERT INTO spesa  VALUES (8, 47);
INSERT INTO donazione  VALUES (16, '2022-06-18 14:36:06', 47, NULL, 'KZOWJI92M07F503Q' , NULL);
INSERT INTO donazione  VALUES (17, '2022-02-23', NULL , 11, NULL, 8);
INSERT INTO spesa  VALUES (9, 94);
INSERT INTO donazione  VALUES (18, '2022-03-01 05:57:07', 94, NULL, 'KLYHXE09S53H850J' , NULL);
INSERT INTO donazione  VALUES (19, '2022-01-10', NULL , 5, NULL, 9);


INSERT INTO donazione  VALUES (20, '2022-04-07', NULL , 20, 'JZGTWN06C66B145K' , NULL );
INSERT INTO donazione  VALUES (21, '2022-05-19', NULL , 15, 'AAGMKG21M48F497T' , NULL );
INSERT INTO donazione  VALUES (22, '2021-12-22', NULL , 20, 'XHFCPX42M26C420D' , NULL );
INSERT INTO donazione  VALUES (23, '2022-01-27', NULL , 5, 'VQNPUB09C10F311E' , NULL );
INSERT INTO donazione  VALUES (24, '2022-04-09', NULL , 9, 'KLYHXE09S53H850J' , NULL );
INSERT INTO donazione  VALUES (25, '2022-01-24', NULL , 29, 'SUOWGG80C18F664J' , NULL );
INSERT INTO donazione  VALUES (26, '2022-03-06', NULL , 10, 'KLYHXE09S53H850J' , NULL );
INSERT INTO donazione  VALUES (27, '2022-04-19', NULL , 9, 'HRJHDN80E43E997Q' , NULL );
INSERT INTO donazione  VALUES (28, '2022-02-22', NULL , 21, 'KZOWJI92M07F503Q' , NULL );
INSERT INTO donazione  VALUES (29, '2022-03-05', NULL , 21, 'KZOWJI92M07F503Q' , NULL );
INSERT INTO donazione  VALUES (30, '2022-05-29', NULL , 10, 'MZTDTJ40C13H484I' , NULL );
INSERT INTO donazione  VALUES (31, '2022-01-19', NULL , 14, 'GONUIK39C04B671V' , NULL );
INSERT INTO donazione  VALUES (32, '2022-03-01', NULL , 24, 'HRJHDN80E43E997Q' , NULL );
INSERT INTO donazione  VALUES (33, '2022-01-10', NULL , 24, 'BLWFHC99C62C153N' , NULL );
INSERT INTO donazione  VALUES (34, '2022-03-03', NULL , 17, 'KZOWJI92M07F503Q' , NULL );


INSERT INTO inventario  VALUES (0, 0, 'pasta', 'penne Barilla', 1 , '10' );
INSERT INTO inventario  VALUES (1, 0, 'pasta', 'fusilli DeCecco', 4 , '10' );
INSERT INTO inventario  VALUES (2, 0, 'pasta', 'farfalle Barilla', 5 , '10' );
INSERT INTO inventario  VALUES (3, 0, 'pasta', 'spaghetti Barilla', 2 , '10' );
INSERT INTO inventario  VALUES (4, 0, 'pasta', 'cannelloni DeCecco', 1 , '10' );
INSERT INTO inventario  VALUES (5, 0, 'riso', 'riso Scotti', 4 , '9' );
INSERT INTO inventario  VALUES (6, 0, 'riso', 'riso Scotti basmati', 2 , '9' );
INSERT INTO inventario  VALUES (7, 0, 'riso', 'riso Gallo', 3 , '9' );
INSERT INTO inventario  VALUES (8, 0, 'latte', 'Parmalat scremato', 1 , NULL );
INSERT INTO inventario  VALUES (9, 0, 'latte', 'Parmalat intero', 2 , NULL );
INSERT INTO inventario  VALUES (10, 0, 'latte', 'latte Tiguglio', 1 , NULL );
INSERT INTO inventario  VALUES (11, 0, 'latte', 'Latte di Soia', 5 , NULL );
INSERT INTO inventario  VALUES (12, 0, 'latte', 'Latte di Mandorla', 1 , NULL );
INSERT INTO inventario  VALUES (13, 0, 'formaggi', 'Parmigiano Reggiano', 1 , NULL );
INSERT INTO inventario  VALUES (14, 0, 'formaggi', 'Asiago', 1 , NULL );
INSERT INTO inventario  VALUES (15, 0, 'formaggi', 'Mozzarella', 2 , NULL );
INSERT INTO inventario  VALUES (16, 0, 'formaggi', 'Caciotto', 1 , NULL );
INSERT INTO inventario  VALUES (17, 0, 'formaggi', 'Stracchino', 5 , NULL );
INSERT INTO inventario  VALUES (18, 0, 'formaggi', 'Gorgonzola', 2 , NULL );
INSERT INTO inventario  VALUES (19, 0, 'yogurt', 'Muller yogurt frutta', 3 , NULL );
INSERT INTO inventario  VALUES (20, 0, 'yogurt', 'Muller yogurt bianco', 2 , NULL );
INSERT INTO inventario  VALUES (21, 0, 'yogurt', 'Activia yogurt', 1 , NULL );
INSERT INTO inventario  VALUES (22, 0, 'yogurt', 'yogurt greco', 4 , NULL );
INSERT INTO inventario  VALUES (23, 0, 'olio', 'Olio oliva Carli', 4 , '12' );
INSERT INTO inventario  VALUES (24, 0, 'olio', 'Olio oliva Fabbri', 1 , '12' );
INSERT INTO inventario  VALUES (25, 0, 'olio', 'Olio di semi', 5 , '12' );
INSERT INTO inventario  VALUES (26, 0, 'olio', 'Olio di palma', 3 , '12' );
INSERT INTO inventario  VALUES (27, 0, 'salse', 'pesto Barilla', 3 , '5' );
INSERT INTO inventario  VALUES (28, 0, 'salse', 'sugo Barilla', 1 , '5' );
INSERT INTO inventario  VALUES (29, 0, 'salse', 'ketchapp', 4 , '5' );
INSERT INTO inventario  VALUES (30, 0, 'salse', 'maionese', 5 , '5' );
INSERT INTO inventario  VALUES (31, 0, 'salse', 'senape', 1 , '5' );
INSERT INTO inventario  VALUES (32, 0, 'salse', 'aceto balsamico', 2 , '5' );
INSERT INTO inventario  VALUES (33, 0, 'caffe', 'Lavazza arabico', 2 , '6' );
INSERT INTO inventario  VALUES (34, 0, 'caffe', 'Lavazza rossa', 4 , '6' );
INSERT INTO inventario  VALUES (35, 0, 'caffe', 'Lavazza gold', 2 , '6' );
INSERT INTO inventario  VALUES (36, 0, 'caffe', 'Illy classico', 1 , '6' );
INSERT INTO inventario  VALUES (37, 0, 'igene', 'Carta Igenica', 5 , NULL );
INSERT INTO inventario  VALUES (38, 0, 'igene', 'Sapone neutro', 2 , NULL );
INSERT INTO inventario  VALUES (39, 0, 'igene', 'Amuchina', 2 , NULL );
INSERT INTO inventario  VALUES (40, 0, 'igene', 'Shampoo', 3 , NULL );
INSERT INTO inventario  VALUES (41, 0, 'igene', 'DocciaSchiuma', 3 , NULL );
INSERT INTO inventario  VALUES (42, 0, 'igene', 'deodorante', 5 , NULL );
INSERT INTO inventario  VALUES (43, 0, 'igene', 'sgrassatore', 2 , NULL );
INSERT INTO inventario  VALUES (44, 0, 'igene', 'candeggina', 2 , NULL );
INSERT INTO inventario  VALUES (45, 0, 'igene', 'spugna', 5 , NULL );
INSERT INTO inventario  VALUES (46, 0, 'bibite', 'Acqua Eva', 1 , NULL );
INSERT INTO inventario  VALUES (47, 0, 'bibite', 'SantAnna', 4 , NULL );
INSERT INTO inventario  VALUES (48, 0, 'bibite', 'Acqua Simply', 1 , NULL );
INSERT INTO inventario  VALUES (49, 0, 'bibite', 'CocaCola', 1 , NULL );
INSERT INTO inventario  VALUES (50, 0, 'bibite', 'Pepsi', 5 , NULL );
INSERT INTO inventario  VALUES (51, 0, 'bibite', 'Fanta', 2 , NULL );


CREATE OR REPLACE FUNCTION funIncr() RETURNS trigger AS
$$
BEGIN
	UPDATE Inventario
	SET quantità = quantità+1
	WHERE codProdotto = NEW.codProdotto;
	RETURN NEW;
END;
$$ LANGUAGE plpgsql;

CREATE OR REPLACE TRIGGER incrQnt
AFTER INSERT ON Prodotto
FOR EACH ROW
EXECUTE FUNCTION funIncr();


INSERT INTO scarico VALUES ('2022-04-24' );
INSERT INTO prodotto  VALUES (0, '2021-04-26', NULL , 25, '2022-04-24' , 17  );
INSERT INTO prodotto  VALUES (1, '2021-06-01', NULL , 20, '2022-04-24' , 1  );
INSERT INTO prodotto  VALUES (2, NULL, NULL , 42, '2022-04-24' , 25  );
INSERT INTO prodotto  VALUES (3, '2021-01-17', NULL , 15, '2022-04-24' , 11  );
INSERT INTO prodotto  VALUES (4, '2021-11-09', NULL , 10, '2022-04-24' , 8  );
INSERT INTO prodotto  VALUES (5, '2021-08-15', NULL , 16, '2022-04-24' , 34  );
INSERT INTO prodotto  VALUES (6, '2021-09-21', NULL , 25, '2022-04-24' , 13  );
INSERT INTO prodotto  VALUES (7, NULL, NULL , 44, '2022-04-24' , 14  );
INSERT INTO prodotto  VALUES (8, '2021-07-02', NULL , 12, '2022-04-24' , 14  );
INSERT INTO prodotto  VALUES (9, '2021-06-10', NULL , 13, '2022-04-24' , 9  );
INSERT INTO scarico VALUES ('2022-02-12' );
INSERT INTO prodotto  VALUES (10, NULL, NULL , 37, '2022-02-12' , 1  );
INSERT INTO prodotto  VALUES (11, NULL, NULL , 39, '2022-02-12' , 1  );
INSERT INTO prodotto  VALUES (12, '2021-11-08', NULL , 5, '2022-02-12' , 17  );
INSERT INTO prodotto  VALUES (13, '2021-12-19', NULL , 5, '2022-02-12' , 20  );
INSERT INTO prodotto  VALUES (14, '2020-12-30', NULL , 23, '2022-02-12' , 12  );
INSERT INTO prodotto  VALUES (15, NULL, NULL , 41, '2022-02-12' , 4  );
INSERT INTO prodotto  VALUES (16, NULL, NULL , 47, '2022-02-12' , 18  );
INSERT INTO prodotto  VALUES (17, '2021-09-24', NULL , 24, '2022-02-12' , 18  );
INSERT INTO prodotto  VALUES (18, NULL, NULL , 42, '2022-02-12' , 24  );
INSERT INTO prodotto  VALUES (19, NULL, NULL , 42, '2022-02-12' , 22  );
INSERT INTO scarico VALUES ('2022-01-16' );
INSERT INTO prodotto  VALUES (20, '2021-04-04', NULL , 31, '2022-01-16' , 15  );
INSERT INTO prodotto  VALUES (21, '2022-01-04', NULL , 0, '2022-01-16' , 8  );
INSERT INTO prodotto  VALUES (22, '2021-01-11', NULL , 18, '2022-01-16' , 17  );
INSERT INTO prodotto  VALUES (23, NULL, NULL , 44, '2022-01-16' , 29  );
INSERT INTO prodotto  VALUES (24, '2021-10-01', NULL , 5, '2022-01-16' , 3  );
INSERT INTO prodotto  VALUES (25, '2021-08-10', NULL , 13, '2022-01-16' , 21  );
INSERT INTO prodotto  VALUES (26, '2021-07-13', NULL , 8, '2022-01-16' , 31  );
INSERT INTO prodotto  VALUES (27, '2021-09-21', NULL , 31, '2022-01-16' , 3  );
INSERT INTO prodotto  VALUES (28, '2021-04-28', NULL , 29, '2022-01-16' , 8  );
INSERT INTO prodotto  VALUES (29, NULL, NULL , 37, '2022-01-16' , 28  );
INSERT INTO scarico VALUES ('2022-03-21' );
INSERT INTO prodotto  VALUES (30, '2021-10-23', NULL , 9, '2022-03-21' , 4  );
INSERT INTO prodotto  VALUES (31, '2021-03-25', NULL , 27, '2022-03-21' , 7  );
INSERT INTO prodotto  VALUES (32, '2022-01-22', NULL , 20, '2022-03-21' , 14  );
INSERT INTO prodotto  VALUES (33, '2021-06-02', NULL , 12, '2022-03-21' , 15  );
INSERT INTO prodotto  VALUES (34, '2021-01-14', NULL , 28, '2022-03-21' , 12  );
INSERT INTO prodotto  VALUES (35, NULL, NULL , 39, '2022-03-21' , 14  );
INSERT INTO prodotto  VALUES (36, '2021-08-26', NULL , 9, '2022-03-21' , 32  );
INSERT INTO prodotto  VALUES (37, '2021-11-12', NULL , 17, '2022-03-21' , 4  );
INSERT INTO prodotto  VALUES (38, '2022-01-14', NULL , 2, '2022-03-21' , 31  );
INSERT INTO prodotto  VALUES (39, '2021-03-12', NULL , 6, '2022-03-21' , 10  );
INSERT INTO scarico VALUES ('2022-01-02' );
INSERT INTO prodotto  VALUES (40, '2021-01-02', NULL , 35, '2022-01-02' , 24  );
INSERT INTO prodotto  VALUES (41, '2021-11-10', NULL , 17, '2022-01-02' , 13  );
INSERT INTO prodotto  VALUES (42, '2022-01-01', NULL , 36, '2022-01-02' , 4  );
INSERT INTO prodotto  VALUES (43, '2021-05-19', NULL , 4, '2022-01-02' , 26  );
INSERT INTO prodotto  VALUES (44, '2021-11-02', NULL , 8, '2022-01-02' , 31  );
INSERT INTO prodotto  VALUES (45, NULL, NULL , 49, '2022-01-02' , 19  );
INSERT INTO prodotto  VALUES (46, '2021-10-29', NULL , 33, '2022-01-02' , 8  );
INSERT INTO prodotto  VALUES (47, '2021-07-11', NULL , 8, '2022-01-02' , 26  );
INSERT INTO prodotto  VALUES (48, '2021-09-25', NULL , 24, '2022-01-02' , 11  );
INSERT INTO prodotto  VALUES (49, '2021-11-20', NULL , 18, '2022-01-02' , 15  );
INSERT INTO scarico VALUES ('2022-03-18' );
INSERT INTO prodotto  VALUES (50, '2021-05-08', NULL , 22, '2022-03-18' , 33  );
INSERT INTO prodotto  VALUES (51, '2021-09-17', NULL , 3, '2022-03-18' , 33  );
INSERT INTO prodotto  VALUES (52, '2021-03-16', NULL , 13, '2022-03-18' , 25  );
INSERT INTO prodotto  VALUES (53, NULL, NULL , 50, '2022-03-18' , 30  );
INSERT INTO prodotto  VALUES (54, '2021-06-13', NULL , 31, '2022-03-18' , 11  );
INSERT INTO prodotto  VALUES (55, NULL, NULL , 37, '2022-03-18' , 3  );
INSERT INTO prodotto  VALUES (56, '2021-04-27', NULL , 32, '2022-03-18' , 32  );
INSERT INTO prodotto  VALUES (57, '2021-02-07', NULL , 5, '2022-03-18' , 3  );
INSERT INTO prodotto  VALUES (58, '2021-12-22', NULL , 30, '2022-03-18' , 18  );
INSERT INTO prodotto  VALUES (59, NULL, NULL , 48, '2022-03-18' , 0  );
INSERT INTO scarico VALUES ('2022-06-06' );
INSERT INTO prodotto  VALUES (60, '2021-12-30', NULL , 20, '2022-06-06' , 20  );
INSERT INTO prodotto  VALUES (61, '2022-04-23', NULL , 19, '2022-06-06' , 23  );
INSERT INTO prodotto  VALUES (62, '2021-09-15', NULL , 14, '2022-06-06' , 28  );
INSERT INTO prodotto  VALUES (63, '2022-05-19', NULL , 7, '2022-06-06' , 12  );
INSERT INTO prodotto  VALUES (64, '2022-02-05', NULL , 9, '2022-06-06' , 23  );
INSERT INTO prodotto  VALUES (65, NULL, NULL , 44, '2022-06-06' , 33  );
INSERT INTO prodotto  VALUES (66, '2021-08-18', NULL , 20, '2022-06-06' , 19  );
INSERT INTO prodotto  VALUES (67, NULL, NULL , 47, '2022-06-06' , 2  );
INSERT INTO prodotto  VALUES (68, NULL, NULL , 47, '2022-06-06' , 16  );
INSERT INTO prodotto  VALUES (69, NULL, NULL , 37, '2022-06-06' , 18  );
INSERT INTO scarico VALUES ('2022-03-17' );
INSERT INTO prodotto  VALUES (70, '2021-02-24', NULL , 1, '2022-03-17' , 26  );
INSERT INTO prodotto  VALUES (71, NULL, NULL , 40, '2022-03-17' , 10  );
INSERT INTO prodotto  VALUES (72, NULL, NULL , 49, '2022-03-17' , 25  );
INSERT INTO prodotto  VALUES (73, '2021-11-29', NULL , 31, '2022-03-17' , 17  );
INSERT INTO prodotto  VALUES (74, '2021-03-12', NULL , 10, '2022-03-17' , 13  );
INSERT INTO prodotto  VALUES (75, '2021-09-07', NULL , 22, '2022-03-17' , 4  );
INSERT INTO prodotto  VALUES (76, NULL, NULL , 39, '2022-03-17' , 13  );
INSERT INTO prodotto  VALUES (77, '2021-07-22', NULL , 14, '2022-03-17' , 34  );
INSERT INTO prodotto  VALUES (78, '2021-09-19', NULL , 24, '2022-03-17' , 2  );
INSERT INTO prodotto  VALUES (79, '2022-02-17', NULL , 13, '2022-03-17' , 2  );
INSERT INTO scarico VALUES ('2022-03-07' );
INSERT INTO prodotto  VALUES (80, '2021-12-25', NULL , 4, '2022-03-07' , 9  );
INSERT INTO prodotto  VALUES (81, NULL, NULL , 44, '2022-03-07' , 31  );
INSERT INTO prodotto  VALUES (82, NULL, NULL , 44, '2022-03-07' , 16  );
INSERT INTO prodotto  VALUES (83, '2020-12-29', NULL , 7, '2022-03-07' , 4  );
INSERT INTO prodotto  VALUES (84, NULL, NULL , 40, '2022-03-07' , 6  );
INSERT INTO prodotto  VALUES (85, NULL, NULL , 51, '2022-03-07' , 34  );
INSERT INTO prodotto  VALUES (86, '2022-01-07', NULL , 18, '2022-03-07' , 16  );
INSERT INTO prodotto  VALUES (87, '2021-07-29', NULL , 27, '2022-03-07' , 12  );
INSERT INTO prodotto  VALUES (88, '2021-10-09', NULL , 5, '2022-03-07' , 34  );
INSERT INTO prodotto  VALUES (89, '2021-10-19', NULL , 17, '2022-03-07' , 9  );
INSERT INTO scarico VALUES ('2022-04-27' );
INSERT INTO prodotto  VALUES (90, '2022-03-22', NULL , 7, '2022-04-27' , 29  );
INSERT INTO prodotto  VALUES (91, '2021-08-24', NULL , 13, '2022-04-27' , 30  );
INSERT INTO prodotto  VALUES (92, '2021-04-01', NULL , 28, '2022-04-27' , 6  );
INSERT INTO prodotto  VALUES (93, '2022-03-18', NULL , 8, '2022-04-27' , 7  );
INSERT INTO prodotto  VALUES (94, '2022-02-12', NULL , 6, '2022-04-27' , 14  );
INSERT INTO prodotto  VALUES (95, '2021-09-01', NULL , 30, '2022-04-27' , 3  );
INSERT INTO prodotto  VALUES (96, '2021-04-25', NULL , 25, '2022-04-27' , 12  );
INSERT INTO prodotto  VALUES (97, '2021-09-21', NULL , 8, '2022-04-27' , 28  );
INSERT INTO prodotto  VALUES (98, NULL, NULL , 50, '2022-04-27' , 13  );
INSERT INTO prodotto  VALUES (99, NULL, NULL , 49, '2022-04-27' , 28  );


INSERT INTO appuntamento  VALUES ('2022-03-23 05:25:49', 35,  -2 , 'IYCTTU09T66H897Q', 9 );
INSERT INTO turno  VALUES ('2022-03-23 05:25:49' , 'QSANSG43L15B038G', '2022-03-23 09:25:49', '2022-03-23 05:25:49', NULL, NULL);
INSERT INTO prodotto  VALUES (100, '2022-03-26', '2022-03-23 05:25:49' , 35, NULL , 14 );
INSERT INTO prodotto  VALUES (101, NULL, '2022-03-23 05:25:49' , 43, NULL , 25 );
INSERT INTO prodotto  VALUES (102, '2022-05-07', '2022-03-23 05:25:49' , 5, NULL , 14 );
INSERT INTO prodotto  VALUES (103, '2022-04-06', '2022-03-23 05:25:49' , 23, NULL , 24 );
INSERT INTO prodotto  VALUES (104, '2022-05-15', '2022-03-23 05:25:49' , 24, NULL , 22 );
INSERT INTO prodotto  VALUES (105, '2022-03-28', '2022-03-23 05:25:49' , 31, NULL , 15 );
INSERT INTO prodotto  VALUES (106, '2022-04-06', '2022-03-23 05:25:49' , 5, NULL , 6 );
INSERT INTO prodotto  VALUES (107, NULL, '2022-03-23 05:25:49' , 39, NULL , 29 );
INSERT INTO prodotto  VALUES (108, '2022-05-22', '2022-03-23 05:25:49' , 24, NULL , 30 );
INSERT INTO prodotto  VALUES (109, '2022-04-09', '2022-03-23 05:25:49' , 18, NULL , 5 );
INSERT INTO prodotto  VALUES (110, '2022-05-25', '2022-03-23 05:25:49' , 32, NULL , 7 );
INSERT INTO prodotto  VALUES (111, '2022-05-29', '2022-03-23 05:25:49' , 1, NULL , 34 );
INSERT INTO prodotto  VALUES (112, '2022-04-15', '2022-03-23 05:25:49' , 33, NULL , 3 );
INSERT INTO prodotto  VALUES (113, '2022-05-12', '2022-03-23 05:25:49' , 2, NULL , 15 );
INSERT INTO prodotto  VALUES (114, '2022-04-18', '2022-03-23 05:25:49' , 0, NULL , 17 );
INSERT INTO appuntamento  VALUES ('2022-03-24 14:19:36', 38,  -6 , 'WHJLNT85R57I537N', 2 );
INSERT INTO turno  VALUES ('2022-03-24 14:19:36' , 'CGYVQF55C63I435G', '2022-03-24 18:19:36', '2022-03-24 14:19:36', NULL, NULL);
INSERT INTO prodotto  VALUES (115, '2022-04-10', '2022-03-24 14:19:36' , 11, NULL , 29 );
INSERT INTO prodotto  VALUES (116, '2022-03-31', '2022-03-24 14:19:36' , 30, NULL , 8 );
INSERT INTO prodotto  VALUES (117, NULL, '2022-03-24 14:19:36' , 48, NULL , 7 );
INSERT INTO prodotto  VALUES (118, '2022-04-19', '2022-03-24 14:19:36' , 27, NULL , 16 );
INSERT INTO prodotto  VALUES (119, NULL, '2022-03-24 14:19:36' , 50, NULL , 12 );
INSERT INTO prodotto  VALUES (120, NULL, '2022-03-24 14:19:36' , 40, NULL , 8 );
INSERT INTO prodotto  VALUES (121, NULL, '2022-03-24 14:19:36' , 45, NULL , 20 );
INSERT INTO prodotto  VALUES (122, '2022-04-12', '2022-03-24 14:19:36' , 36, NULL , 19 );
INSERT INTO prodotto  VALUES (123, NULL, '2022-03-24 14:19:36' , 45, NULL , 1 );
INSERT INTO prodotto  VALUES (124, NULL, '2022-03-24 14:19:36' , 49, NULL , 8 );
INSERT INTO prodotto  VALUES (125, NULL, '2022-03-24 14:19:36' , 41, NULL , 8 );
INSERT INTO prodotto  VALUES (126, '2022-05-21', '2022-03-24 14:19:36' , 31, NULL , 25 );
INSERT INTO prodotto  VALUES (127, NULL, '2022-03-24 14:19:36' , 38, NULL , 30 );
INSERT INTO prodotto  VALUES (128, '2022-05-09', '2022-03-24 14:19:36' , 18, NULL , 17 );
INSERT INTO prodotto  VALUES (129, NULL, '2022-03-24 14:19:36' , 44, NULL , 7 );
INSERT INTO appuntamento  VALUES ('2022-03-10 04:36:50', 47,  7 , 'NNSTLG95E22D105C', 26 );
INSERT INTO turno  VALUES ('2022-03-10 04:36:50' , 'MFPNVI18C67G509D', '2022-03-10 08:36:50', '2022-03-10 04:36:50', NULL, NULL);
INSERT INTO prodotto  VALUES (130, '2022-05-31', '2022-03-10 04:36:50' , 15, NULL , 10 );
INSERT INTO prodotto  VALUES (131, '2022-05-14', '2022-03-10 04:36:50' , 15, NULL , 30 );
INSERT INTO prodotto  VALUES (132, '2022-04-27', '2022-03-10 04:36:50' , 34, NULL , 3 );
INSERT INTO prodotto  VALUES (133, '2022-04-20', '2022-03-10 04:36:50' , 13, NULL , 2 );
INSERT INTO prodotto  VALUES (134, '2022-04-05', '2022-03-10 04:36:50' , 22, NULL , 9 );
INSERT INTO prodotto  VALUES (135, '2022-03-23', '2022-03-10 04:36:50' , 30, NULL , 8 );
INSERT INTO prodotto  VALUES (136, '2022-04-01', '2022-03-10 04:36:50' , 15, NULL , 27 );
INSERT INTO prodotto  VALUES (137, '2022-05-09', '2022-03-10 04:36:50' , 14, NULL , 8 );
INSERT INTO prodotto  VALUES (138, '2022-03-21', '2022-03-10 04:36:50' , 11, NULL , 26 );
INSERT INTO prodotto  VALUES (139, '2022-04-04', '2022-03-10 04:36:50' , 9, NULL , 8 );
INSERT INTO prodotto  VALUES (140, NULL, '2022-03-10 04:36:50' , 37, NULL , 10 );
INSERT INTO prodotto  VALUES (141, '2022-05-19', '2022-03-10 04:36:50' , 36, NULL , 17 );
INSERT INTO prodotto  VALUES (142, '2022-05-07', '2022-03-10 04:36:50' , 27, NULL , 16 );
INSERT INTO prodotto  VALUES (143, '2022-05-22', '2022-03-10 04:36:50' , 3, NULL , 27 );
INSERT INTO prodotto  VALUES (144, NULL, '2022-03-10 04:36:50' , 48, NULL , 27 );
INSERT INTO appuntamento  VALUES ('2022-03-11 01:01:47', 39,  -5 , 'TEYXCB69B56L489I', 17 );
INSERT INTO turno  VALUES ('2022-03-11 01:01:47' , 'YVSLDO91M64C534P', '2022-03-11 05:01:47', '2022-03-11 01:01:47', NULL, NULL);
INSERT INTO prodotto  VALUES (145, '2022-04-27', '2022-03-11 01:01:47' , 22, NULL , 6 );
INSERT INTO prodotto  VALUES (146, '2022-05-30', '2022-03-11 01:01:47' , 1, NULL , 1 );
INSERT INTO prodotto  VALUES (147, '2022-03-13', '2022-03-11 01:01:47' , 4, NULL , 31 );
INSERT INTO prodotto  VALUES (148, '2022-04-02', '2022-03-11 01:01:47' , 24, NULL , 6 );
INSERT INTO prodotto  VALUES (149, '2022-03-19', '2022-03-11 01:01:47' , 15, NULL , 31 );
INSERT INTO prodotto  VALUES (150, '2022-04-07', '2022-03-11 01:01:47' , 29, NULL , 21 );
INSERT INTO prodotto  VALUES (151, '2022-04-02', '2022-03-11 01:01:47' , 8, NULL , 27 );
INSERT INTO prodotto  VALUES (152, NULL, '2022-03-11 01:01:47' , 39, NULL , 6 );
INSERT INTO prodotto  VALUES (153, '2022-03-11', '2022-03-11 01:01:47' , 30, NULL , 12 );
INSERT INTO prodotto  VALUES (154, NULL, '2022-03-11 01:01:47' , 51, NULL , 23 );
INSERT INTO prodotto  VALUES (155, '2022-04-07', '2022-03-11 01:01:47' , 1, NULL , 25 );
INSERT INTO prodotto  VALUES (156, '2022-04-22', '2022-03-11 01:01:47' , 6, NULL , 19 );
INSERT INTO prodotto  VALUES (157, NULL, '2022-03-11 01:01:47' , 39, NULL , 16 );
INSERT INTO prodotto  VALUES (158, '2022-03-30', '2022-03-11 01:01:47' , 30, NULL , 21 );
INSERT INTO prodotto  VALUES (159, '2022-03-16', '2022-03-11 01:01:47' , 30, NULL , 6 );
INSERT INTO appuntamento  VALUES ('2022-03-24 00:33:36', 41,  5 , 'YCZRHB62S66E127B', 27 );
INSERT INTO turno  VALUES ('2022-03-24 00:33:36' , 'GTELOX58S10E528F', '2022-03-24 04:33:36', '2022-03-24 00:33:36', NULL, NULL);
INSERT INTO prodotto  VALUES (160, '2022-05-06', '2022-03-24 00:33:36' , 9, NULL , 27 );
INSERT INTO prodotto  VALUES (161, '2022-05-09', '2022-03-24 00:33:36' , 36, NULL , 3 );
INSERT INTO prodotto  VALUES (162, '2022-04-27', '2022-03-24 00:33:36' , 19, NULL , 34 );
INSERT INTO prodotto  VALUES (163, '2022-04-24', '2022-03-24 00:33:36' , 35, NULL , 16 );
INSERT INTO prodotto  VALUES (164, '2022-05-29', '2022-03-24 00:33:36' , 9, NULL , 24 );
INSERT INTO prodotto  VALUES (165, NULL, '2022-03-24 00:33:36' , 44, NULL , 27 );
INSERT INTO prodotto  VALUES (166, '2022-04-08', '2022-03-24 00:33:36' , 13, NULL , 18 );
INSERT INTO prodotto  VALUES (167, '2022-04-11', '2022-03-24 00:33:36' , 11, NULL , 2 );
INSERT INTO prodotto  VALUES (168, NULL, '2022-03-24 00:33:36' , 45, NULL , 13 );
INSERT INTO prodotto  VALUES (169, '2022-04-08', '2022-03-24 00:33:36' , 8, NULL , 5 );
INSERT INTO prodotto  VALUES (170, '2022-05-20', '2022-03-24 00:33:36' , 34, NULL , 0 );
INSERT INTO prodotto  VALUES (171, '2022-05-27', '2022-03-24 00:33:36' , 10, NULL , 16 );
INSERT INTO prodotto  VALUES (172, NULL, '2022-03-24 00:33:36' , 51, NULL , 13 );
INSERT INTO prodotto  VALUES (173, '2022-05-27', '2022-03-24 00:33:36' , 22, NULL , 29 );
INSERT INTO prodotto  VALUES (174, '2022-05-09', '2022-03-24 00:33:36' , 12, NULL , 27 );
INSERT INTO appuntamento  VALUES ('2022-03-14 12:52:04', 31,  -9 , 'NNOKOH50R05E330R', 24 );
INSERT INTO turno  VALUES ('2022-03-14 12:52:04' , 'IKMZKX85B56D508U', '2022-03-14 16:52:04', '2022-03-14 12:52:04', NULL, NULL);
INSERT INTO prodotto  VALUES (175, '2022-04-06', '2022-03-14 12:52:04' , 32, NULL , 25 );
INSERT INTO prodotto  VALUES (176, '2022-04-03', '2022-03-14 12:52:04' , 5, NULL , 1 );
INSERT INTO prodotto  VALUES (177, '2022-05-05', '2022-03-14 12:52:04' , 16, NULL , 7 );
INSERT INTO prodotto  VALUES (178, '2022-05-07', '2022-03-14 12:52:04' , 16, NULL , 32 );
INSERT INTO prodotto  VALUES (179, NULL, '2022-03-14 12:52:04' , 43, NULL , 26 );
INSERT INTO prodotto  VALUES (180, NULL, '2022-03-14 12:52:04' , 44, NULL , 9 );
INSERT INTO prodotto  VALUES (181, '2022-05-23', '2022-03-14 12:52:04' , 11, NULL , 19 );
INSERT INTO prodotto  VALUES (182, NULL, '2022-03-14 12:52:04' , 44, NULL , 26 );
INSERT INTO prodotto  VALUES (183, '2022-05-23', '2022-03-14 12:52:04' , 14, NULL , 9 );
INSERT INTO prodotto  VALUES (184, '2022-04-14', '2022-03-14 12:52:04' , 18, NULL , 9 );
INSERT INTO prodotto  VALUES (185, NULL, '2022-03-14 12:52:04' , 47, NULL , 1 );
INSERT INTO prodotto  VALUES (186, NULL, '2022-03-14 12:52:04' , 50, NULL , 0 );
INSERT INTO prodotto  VALUES (187, NULL, '2022-03-14 12:52:04' , 37, NULL , 34 );
INSERT INTO prodotto  VALUES (188, '2022-04-29', '2022-03-14 12:52:04' , 27, NULL , 9 );
INSERT INTO prodotto  VALUES (189, '2022-05-05', '2022-03-14 12:52:04' , 12, NULL , 28 );
INSERT INTO appuntamento  VALUES ('2022-03-17 04:54:55', 48,  0 , 'JXCWEI83C25A375B', 0 );
INSERT INTO turno  VALUES ('2022-03-17 04:54:55' , 'LOKJTX89A05A725K', '2022-03-17 08:54:55', '2022-03-17 04:54:55', NULL, NULL);
INSERT INTO prodotto  VALUES (190, NULL, '2022-03-17 04:54:55' , 51, NULL , 32 );
INSERT INTO prodotto  VALUES (191, NULL, '2022-03-17 04:54:55' , 42, NULL , 34 );
INSERT INTO prodotto  VALUES (192, '2022-05-05', '2022-03-17 04:54:55' , 36, NULL , 23 );
INSERT INTO prodotto  VALUES (193, NULL, '2022-03-17 04:54:55' , 45, NULL , 4 );
INSERT INTO prodotto  VALUES (194, '2022-04-22', '2022-03-17 04:54:55' , 20, NULL , 18 );
INSERT INTO prodotto  VALUES (195, '2022-05-28', '2022-03-17 04:54:55' , 25, NULL , 21 );
INSERT INTO prodotto  VALUES (196, NULL, '2022-03-17 04:54:55' , 45, NULL , 13 );
INSERT INTO prodotto  VALUES (197, '2022-05-10', '2022-03-17 04:54:55' , 30, NULL , 31 );
INSERT INTO prodotto  VALUES (198, NULL, '2022-03-17 04:54:55' , 39, NULL , 12 );
INSERT INTO prodotto  VALUES (199, '2022-05-19', '2022-03-17 04:54:55' , 34, NULL , 2 );
INSERT INTO prodotto  VALUES (200, '2022-03-23', '2022-03-17 04:54:55' , 7, NULL , 17 );
INSERT INTO prodotto  VALUES (201, '2022-05-14', '2022-03-17 04:54:55' , 23, NULL , 7 );
INSERT INTO prodotto  VALUES (202, '2022-04-22', '2022-03-17 04:54:55' , 16, NULL , 26 );
INSERT INTO prodotto  VALUES (203, '2022-04-19', '2022-03-17 04:54:55' , 13, NULL , 2 );
INSERT INTO prodotto  VALUES (204, NULL, '2022-03-17 04:54:55' , 41, NULL , 0 );
INSERT INTO appuntamento  VALUES ('2022-03-06 06:21:10', 44,  1 , 'ZHGULI68C59L176I', 20 );
INSERT INTO turno  VALUES ('2022-03-06 06:21:10' , 'CGYVQF55C63I435G', '2022-03-06 10:21:10', '2022-03-06 06:21:10', NULL, NULL);
INSERT INTO prodotto  VALUES (205, NULL, '2022-03-06 06:21:10' , 43, NULL , 23 );
INSERT INTO prodotto  VALUES (206, '2022-04-21', '2022-03-06 06:21:10' , 23, NULL , 8 );
INSERT INTO prodotto  VALUES (207, NULL, '2022-03-06 06:21:10' , 38, NULL , 32 );
INSERT INTO prodotto  VALUES (208, '2022-05-06', '2022-03-06 06:21:10' , 9, NULL , 4 );
INSERT INTO prodotto  VALUES (209, NULL, '2022-03-06 06:21:10' , 44, NULL , 33 );
INSERT INTO prodotto  VALUES (210, '2022-03-25', '2022-03-06 06:21:10' , 23, NULL , 16 );
INSERT INTO prodotto  VALUES (211, '2022-05-06', '2022-03-06 06:21:10' , 19, NULL , 2 );
INSERT INTO prodotto  VALUES (212, '2022-05-31', '2022-03-06 06:21:10' , 29, NULL , 16 );
INSERT INTO prodotto  VALUES (213, '2022-05-29', '2022-03-06 06:21:10' , 15, NULL , 2 );
INSERT INTO prodotto  VALUES (214, NULL, '2022-03-06 06:21:10' , 39, NULL , 6 );
INSERT INTO prodotto  VALUES (215, NULL, '2022-03-06 06:21:10' , 42, NULL , 20 );
INSERT INTO prodotto  VALUES (216, NULL, '2022-03-06 06:21:10' , 40, NULL , 30 );
INSERT INTO prodotto  VALUES (217, NULL, '2022-03-06 06:21:10' , 41, NULL , 30 );
INSERT INTO prodotto  VALUES (218, '2022-03-23', '2022-03-06 06:21:10' , 1, NULL , 6 );
INSERT INTO prodotto  VALUES (219, '2022-05-23', '2022-03-06 06:21:10' , 36, NULL , 3 );
INSERT INTO appuntamento  VALUES ('2022-03-24 09:23:47', 45,  4 , 'ICFKYZ33E56D869Z', 12 );
INSERT INTO turno  VALUES ('2022-03-24 09:23:47' , 'EGTVOV19C02G528L', '2022-03-24 13:23:47', '2022-03-24 09:23:47', NULL, NULL);
INSERT INTO prodotto  VALUES (220, '2022-05-22', '2022-03-24 09:23:47' , 19, NULL , 21 );
INSERT INTO prodotto  VALUES (221, '2022-04-08', '2022-03-24 09:23:47' , 6, NULL , 21 );
INSERT INTO prodotto  VALUES (222, '2022-04-28', '2022-03-24 09:23:47' , 8, NULL , 8 );
INSERT INTO prodotto  VALUES (223, '2022-05-28', '2022-03-24 09:23:47' , 31, NULL , 21 );
INSERT INTO prodotto  VALUES (224, '2022-04-24', '2022-03-24 09:23:47' , 26, NULL , 15 );
INSERT INTO prodotto  VALUES (225, '2022-04-16', '2022-03-24 09:23:47' , 17, NULL , 9 );
INSERT INTO prodotto  VALUES (226, '2022-05-27', '2022-03-24 09:23:47' , 16, NULL , 23 );
INSERT INTO prodotto  VALUES (227, NULL, '2022-03-24 09:23:47' , 42, NULL , 11 );
INSERT INTO prodotto  VALUES (228, '2022-05-10', '2022-03-24 09:23:47' , 36, NULL , 20 );
INSERT INTO prodotto  VALUES (229, '2022-04-19', '2022-03-24 09:23:47' , 30, NULL , 19 );
INSERT INTO prodotto  VALUES (230, '2022-05-05', '2022-03-24 09:23:47' , 21, NULL , 21 );
INSERT INTO prodotto  VALUES (231, '2022-04-20', '2022-03-24 09:23:47' , 13, NULL , 0 );
INSERT INTO prodotto  VALUES (232, '2022-05-01', '2022-03-24 09:23:47' , 11, NULL , 0 );
INSERT INTO prodotto  VALUES (233, '2022-04-18', '2022-03-24 09:23:47' , 11, NULL , 29 );
INSERT INTO prodotto  VALUES (234, '2022-05-27', '2022-03-24 09:23:47' , 20, NULL , 34 );
INSERT INTO appuntamento  VALUES ('2022-03-18 16:40:03', 47,  19 , 'GBCNKV17P60E371O', 4 );
INSERT INTO turno  VALUES ('2022-03-18 16:40:03' , 'IMSUUL40B61G594M', '2022-03-18 20:40:03', '2022-03-18 16:40:03', NULL, NULL);
INSERT INTO prodotto  VALUES (235, NULL, '2022-03-18 16:40:03' , 48, NULL , 3 );
INSERT INTO prodotto  VALUES (236, NULL, '2022-03-18 16:40:03' , 46, NULL , 9 );
INSERT INTO prodotto  VALUES (237, '2022-05-26', '2022-03-18 16:40:03' , 16, NULL , 9 );
INSERT INTO prodotto  VALUES (238, NULL, '2022-03-18 16:40:03' , 39, NULL , 25 );
INSERT INTO prodotto  VALUES (239, NULL, '2022-03-18 16:40:03' , 47, NULL , 22 );
INSERT INTO prodotto  VALUES (240, '2022-04-05', '2022-03-18 16:40:03' , 3, NULL , 17 );
INSERT INTO prodotto  VALUES (241, NULL, '2022-03-18 16:40:03' , 40, NULL , 12 );
INSERT INTO prodotto  VALUES (242, '2022-03-26', '2022-03-18 16:40:03' , 12, NULL , 6 );
INSERT INTO prodotto  VALUES (243, '2022-04-22', '2022-03-18 16:40:03' , 12, NULL , 13 );
INSERT INTO prodotto  VALUES (244, '2022-04-08', '2022-03-18 16:40:03' , 9, NULL , 31 );
INSERT INTO prodotto  VALUES (245, '2022-04-02', '2022-03-18 16:40:03' , 8, NULL , 23 );
INSERT INTO prodotto  VALUES (246, '2022-05-30', '2022-03-18 16:40:03' , 34, NULL , 21 );
INSERT INTO prodotto  VALUES (247, NULL, '2022-03-18 16:40:03' , 41, NULL , 14 );
INSERT INTO prodotto  VALUES (248, '2022-04-10', '2022-03-18 16:40:03' , 8, NULL , 14 );
INSERT INTO prodotto  VALUES (249, '2022-04-11', '2022-03-18 16:40:03' , 14, NULL , 17 );
INSERT INTO appuntamento  VALUES ('2022-03-18 06:20:32', 51,  9 , 'DLTLRZ51E45H733U', 1 );
INSERT INTO turno  VALUES ('2022-03-18 06:20:32' , 'YVSLDO91M64C534P', '2022-03-18 10:20:32', '2022-03-18 06:20:32', NULL, NULL);
INSERT INTO prodotto  VALUES (250, NULL, '2022-03-18 06:20:32' , 50, NULL , 22 );
INSERT INTO prodotto  VALUES (251, '2022-04-12', '2022-03-18 06:20:32' , 3, NULL , 34 );
INSERT INTO prodotto  VALUES (252, NULL, '2022-03-18 06:20:32' , 48, NULL , 15 );
INSERT INTO prodotto  VALUES (253, '2022-04-04', '2022-03-18 06:20:32' , 8, NULL , 28 );
INSERT INTO prodotto  VALUES (254, '2022-04-20', '2022-03-18 06:20:32' , 9, NULL , 5 );
INSERT INTO prodotto  VALUES (255, NULL, '2022-03-18 06:20:32' , 38, NULL , 5 );
INSERT INTO prodotto  VALUES (256, '2022-05-18', '2022-03-18 06:20:32' , 10, NULL , 4 );
INSERT INTO prodotto  VALUES (257, '2022-04-23', '2022-03-18 06:20:32' , 3, NULL , 25 );
INSERT INTO prodotto  VALUES (258, NULL, '2022-03-18 06:20:32' , 37, NULL , 15 );
INSERT INTO prodotto  VALUES (259, NULL, '2022-03-18 06:20:32' , 50, NULL , 34 );
INSERT INTO prodotto  VALUES (260, '2022-05-26', '2022-03-18 06:20:32' , 23, NULL , 30 );
INSERT INTO prodotto  VALUES (261, NULL, '2022-03-18 06:20:32' , 50, NULL , 25 );
INSERT INTO prodotto  VALUES (262, '2022-04-03', '2022-03-18 06:20:32' , 35, NULL , 18 );
INSERT INTO prodotto  VALUES (263, '2022-04-10', '2022-03-18 06:20:32' , 19, NULL , 18 );
INSERT INTO prodotto  VALUES (264, '2022-04-29', '2022-03-18 06:20:32' , 3, NULL , 18 );
INSERT INTO appuntamento  VALUES ('2022-03-20 07:23:03', 46,  2 , 'XZCRVZ41S04G920M', 29 );
INSERT INTO turno  VALUES ('2022-03-20 07:23:03' , 'CPOVTN77L20D872O', '2022-03-20 11:23:03', '2022-03-20 07:23:03', NULL, NULL);
INSERT INTO prodotto  VALUES (265, NULL, '2022-03-20 07:23:03' , 37, NULL , 23 );
INSERT INTO prodotto  VALUES (266, '2022-05-29', '2022-03-20 07:23:03' , 11, NULL , 33 );
INSERT INTO prodotto  VALUES (267, '2022-04-04', '2022-03-20 07:23:03' , 8, NULL , 9 );
INSERT INTO prodotto  VALUES (268, NULL, '2022-03-20 07:23:03' , 50, NULL , 28 );
INSERT INTO prodotto  VALUES (269, '2022-05-18', '2022-03-20 07:23:03' , 33, NULL , 26 );
INSERT INTO prodotto  VALUES (270, '2022-03-28', '2022-03-20 07:23:03' , 28, NULL , 34 );
INSERT INTO prodotto  VALUES (271, '2022-05-06', '2022-03-20 07:23:03' , 36, NULL , 12 );
INSERT INTO prodotto  VALUES (272, '2022-05-12', '2022-03-20 07:23:03' , 29, NULL , 18 );
INSERT INTO prodotto  VALUES (273, '2022-04-24', '2022-03-20 07:23:03' , 11, NULL , 12 );
INSERT INTO prodotto  VALUES (274, '2022-05-01', '2022-03-20 07:23:03' , 19, NULL , 5 );
INSERT INTO prodotto  VALUES (275, '2022-03-25', '2022-03-20 07:23:03' , 27, NULL , 33 );
INSERT INTO prodotto  VALUES (276, '2022-05-05', '2022-03-20 07:23:03' , 12, NULL , 28 );
INSERT INTO prodotto  VALUES (277, '2022-03-30', '2022-03-20 07:23:03' , 27, NULL , 21 );
INSERT INTO prodotto  VALUES (278, '2022-05-10', '2022-03-20 07:23:03' , 3, NULL , 22 );
INSERT INTO prodotto  VALUES (279, '2022-05-14', '2022-03-20 07:23:03' , 19, NULL , 13 );
INSERT INTO appuntamento  VALUES ('2022-03-21 11:51:35', 54,  13 , 'XMIBZQ63L42B959T', 6 );
INSERT INTO turno  VALUES ('2022-03-21 11:51:35' , 'IKMZKX85B56D508U', '2022-03-21 15:51:35', '2022-03-21 11:51:35', NULL, NULL);
INSERT INTO prodotto  VALUES (280, '2022-05-17', '2022-03-21 11:51:35' , 19, NULL , 9 );
INSERT INTO prodotto  VALUES (281, '2022-04-30', '2022-03-21 11:51:35' , 18, NULL , 11 );
INSERT INTO prodotto  VALUES (282, '2022-05-25', '2022-03-21 11:51:35' , 34, NULL , 5 );
INSERT INTO prodotto  VALUES (283, '2022-04-22', '2022-03-21 11:51:35' , 6, NULL , 17 );
INSERT INTO prodotto  VALUES (284, NULL, '2022-03-21 11:51:35' , 47, NULL , 2 );
INSERT INTO prodotto  VALUES (285, NULL, '2022-03-21 11:51:35' , 44, NULL , 14 );
INSERT INTO prodotto  VALUES (286, '2022-03-22', '2022-03-21 11:51:35' , 9, NULL , 11 );
INSERT INTO prodotto  VALUES (287, '2022-04-22', '2022-03-21 11:51:35' , 23, NULL , 6 );
INSERT INTO prodotto  VALUES (288, NULL, '2022-03-21 11:51:35' , 44, NULL , 3 );
INSERT INTO prodotto  VALUES (289, NULL, '2022-03-21 11:51:35' , 51, NULL , 4 );
INSERT INTO prodotto  VALUES (290, '2022-04-18', '2022-03-21 11:51:35' , 8, NULL , 34 );
INSERT INTO prodotto  VALUES (291, '2022-04-13', '2022-03-21 11:51:35' , 5, NULL , 26 );
INSERT INTO prodotto  VALUES (292, '2022-04-11', '2022-03-21 11:51:35' , 19, NULL , 30 );
INSERT INTO prodotto  VALUES (293, '2022-03-24', '2022-03-21 11:51:35' , 5, NULL , 3 );
INSERT INTO prodotto  VALUES (294, NULL, '2022-03-21 11:51:35' , 38, NULL , 11 );
INSERT INTO appuntamento  VALUES ('2022-03-11 00:52:33', 55,  16 , 'RGJXPO34M45C053G', 18 );
INSERT INTO turno  VALUES ('2022-03-11 00:52:33' , 'VVVEFZ01C45C166A', '2022-03-11 04:52:33', '2022-03-11 00:52:33', NULL, NULL);
INSERT INTO prodotto  VALUES (295, '2022-04-21', '2022-03-11 00:52:33' , 20, NULL , 3 );
INSERT INTO prodotto  VALUES (296, NULL, '2022-03-11 00:52:33' , 39, NULL , 21 );
INSERT INTO prodotto  VALUES (297, NULL, '2022-03-11 00:52:33' , 38, NULL , 26 );
INSERT INTO prodotto  VALUES (298, NULL, '2022-03-11 00:52:33' , 44, NULL , 8 );
INSERT INTO prodotto  VALUES (299, '2022-03-30', '2022-03-11 00:52:33' , 6, NULL , 20 );
INSERT INTO prodotto  VALUES (300, '2022-03-25', '2022-03-11 00:52:33' , 29, NULL , 20 );
INSERT INTO prodotto  VALUES (301, '2022-05-26', '2022-03-11 00:52:33' , 35, NULL , 2 );
INSERT INTO prodotto  VALUES (302, '2022-05-07', '2022-03-11 00:52:33' , 8, NULL , 21 );
INSERT INTO prodotto  VALUES (303, NULL, '2022-03-11 00:52:33' , 50, NULL , 3 );
INSERT INTO prodotto  VALUES (304, '2022-04-09', '2022-03-11 00:52:33' , 13, NULL , 11 );
INSERT INTO prodotto  VALUES (305, '2022-05-31', '2022-03-11 00:52:33' , 23, NULL , 12 );
INSERT INTO prodotto  VALUES (306, '2022-03-30', '2022-03-11 00:52:33' , 10, NULL , 18 );
INSERT INTO prodotto  VALUES (307, '2022-03-17', '2022-03-11 00:52:33' , 25, NULL , 26 );
INSERT INTO prodotto  VALUES (308, '2022-05-24', '2022-03-11 00:52:33' , 23, NULL , 18 );
INSERT INTO prodotto  VALUES (309, '2022-05-18', '2022-03-11 00:52:33' , 33, NULL , 18 );
INSERT INTO appuntamento  VALUES ('2022-03-04 17:30:36', 45,  7 , 'ISPOUC56C55I634T', 8 );
INSERT INTO turno  VALUES ('2022-03-04 17:30:36' , 'FCQAOD11D20I165V', '2022-03-04 21:30:36', '2022-03-04 17:30:36', NULL, NULL);
INSERT INTO prodotto  VALUES (310, NULL, '2022-03-04 17:30:36' , 42, NULL , 33 );
INSERT INTO prodotto  VALUES (311, '2022-04-04', '2022-03-04 17:30:36' , 23, NULL , 22 );
INSERT INTO prodotto  VALUES (312, NULL, '2022-03-04 17:30:36' , 41, NULL , 33 );
INSERT INTO prodotto  VALUES (313, '2022-05-20', '2022-03-04 17:30:36' , 25, NULL , 24 );
INSERT INTO prodotto  VALUES (314, '2022-03-28', '2022-03-04 17:30:36' , 0, NULL , 12 );
INSERT INTO prodotto  VALUES (315, '2022-04-08', '2022-03-04 17:30:36' , 28, NULL , 32 );
INSERT INTO prodotto  VALUES (316, '2022-03-28', '2022-03-04 17:30:36' , 0, NULL , 18 );
INSERT INTO prodotto  VALUES (317, '2022-03-15', '2022-03-04 17:30:36' , 9, NULL , 34 );
INSERT INTO prodotto  VALUES (318, NULL, '2022-03-04 17:30:36' , 48, NULL , 24 );
INSERT INTO prodotto  VALUES (319, '2022-04-09', '2022-03-04 17:30:36' , 6, NULL , 1 );
INSERT INTO prodotto  VALUES (320, '2022-03-15', '2022-03-04 17:30:36' , 15, NULL , 24 );
INSERT INTO prodotto  VALUES (321, '2022-03-09', '2022-03-04 17:30:36' , 13, NULL , 23 );
INSERT INTO prodotto  VALUES (322, '2022-03-13', '2022-03-04 17:30:36' , 30, NULL , 29 );
INSERT INTO prodotto  VALUES (323, '2022-05-24', '2022-03-04 17:30:36' , 1, NULL , 11 );
INSERT INTO prodotto  VALUES (324, '2022-05-19', '2022-03-04 17:30:36' , 28, NULL , 3 );
INSERT INTO appuntamento  VALUES ('2022-04-10 21:21:08', 56,  19 , 'YZUICK26D52M017R', 25 );
INSERT INTO turno  VALUES ('2022-04-10 21:21:08' , 'QSANSG43L15B038G', '2022-04-11 01:21:08', '2022-04-10 21:21:08', NULL, NULL);
INSERT INTO prodotto  VALUES (325, '2022-04-30', '2022-04-10 21:21:08' , 3, NULL , 4 );
INSERT INTO prodotto  VALUES (326, NULL, '2022-04-10 21:21:08' , 40, NULL , 2 );
INSERT INTO prodotto  VALUES (327, '2022-04-23', '2022-04-10 21:21:08' , 19, NULL , 30 );
INSERT INTO prodotto  VALUES (328, '2022-05-27', '2022-04-10 21:21:08' , 36, NULL , 5 );
INSERT INTO prodotto  VALUES (329, NULL, '2022-04-10 21:21:08' , 49, NULL , 4 );
INSERT INTO prodotto  VALUES (330, NULL, '2022-04-10 21:21:08' , 48, NULL , 8 );
INSERT INTO prodotto  VALUES (331, NULL, '2022-04-10 21:21:08' , 50, NULL , 4 );
INSERT INTO prodotto  VALUES (332, NULL, '2022-04-10 21:21:08' , 42, NULL , 23 );
INSERT INTO prodotto  VALUES (333, NULL, '2022-04-10 21:21:08' , 37, NULL , 3 );
INSERT INTO prodotto  VALUES (334, '2022-04-14', '2022-04-10 21:21:08' , 12, NULL , 28 );
INSERT INTO prodotto  VALUES (335, NULL, '2022-04-10 21:21:08' , 39, NULL , 11 );
INSERT INTO prodotto  VALUES (336, '2022-05-11', '2022-04-10 21:21:08' , 4, NULL , 19 );
INSERT INTO prodotto  VALUES (337, '2022-05-16', '2022-04-10 21:21:08' , 29, NULL , 17 );
INSERT INTO prodotto  VALUES (338, NULL, '2022-04-10 21:21:08' , 38, NULL , 5 );
INSERT INTO prodotto  VALUES (339, '2022-05-13', '2022-04-10 21:21:08' , 31, NULL , 30 );
INSERT INTO appuntamento  VALUES ('2022-04-06 00:07:09', 48,  5 , 'JXCWEI83C25A375B', 0 );
INSERT INTO turno  VALUES ('2022-04-06 00:07:09' , 'QSANSG43L15B038G', '2022-04-06 04:07:09', '2022-04-06 00:07:09', NULL, NULL);
INSERT INTO prodotto  VALUES (340, '2022-05-04', '2022-04-06 00:07:09' , 35, NULL , 0 );
INSERT INTO prodotto  VALUES (341, '2022-04-07', '2022-04-06 00:07:09' , 25, NULL , 28 );
INSERT INTO prodotto  VALUES (342, '2022-04-10', '2022-04-06 00:07:09' , 16, NULL , 29 );
INSERT INTO prodotto  VALUES (343, NULL, '2022-04-06 00:07:09' , 44, NULL , 0 );
INSERT INTO prodotto  VALUES (344, '2022-04-22', '2022-04-06 00:07:09' , 0, NULL , 19 );
INSERT INTO prodotto  VALUES (345, '2022-04-16', '2022-04-06 00:07:09' , 28, NULL , 8 );
INSERT INTO prodotto  VALUES (346, '2022-04-06', '2022-04-06 00:07:09' , 30, NULL , 8 );
INSERT INTO prodotto  VALUES (347, NULL, '2022-04-06 00:07:09' , 37, NULL , 23 );
INSERT INTO prodotto  VALUES (348, NULL, '2022-04-06 00:07:09' , 50, NULL , 3 );
INSERT INTO prodotto  VALUES (349, '2022-05-10', '2022-04-06 00:07:09' , 4, NULL , 29 );
INSERT INTO prodotto  VALUES (350, '2022-04-20', '2022-04-06 00:07:09' , 3, NULL , 27 );
INSERT INTO prodotto  VALUES (351, '2022-05-11', '2022-04-06 00:07:09' , 3, NULL , 7 );
INSERT INTO prodotto  VALUES (352, '2022-05-18', '2022-04-06 00:07:09' , 12, NULL , 29 );
INSERT INTO prodotto  VALUES (353, '2022-04-30', '2022-04-06 00:07:09' , 30, NULL , 28 );
INSERT INTO prodotto  VALUES (354, NULL, '2022-04-06 00:07:09' , 42, NULL , 18 );
INSERT INTO appuntamento  VALUES ('2022-04-13 18:25:32', 45,  4 , 'NTUEHR95P55A700C', 12 );
INSERT INTO turno  VALUES ('2022-04-13 18:25:32' , 'HLEHUB46S67A849Z', '2022-04-13 22:25:32', '2022-04-13 18:25:32', NULL, NULL);
INSERT INTO prodotto  VALUES (355, '2022-05-01', '2022-04-13 18:25:32' , 4, NULL , 25 );
INSERT INTO prodotto  VALUES (356, '2022-04-20', '2022-04-13 18:25:32' , 23, NULL , 26 );
INSERT INTO prodotto  VALUES (357, '2022-04-27', '2022-04-13 18:25:32' , 25, NULL , 20 );
INSERT INTO prodotto  VALUES (358, '2022-05-08', '2022-04-13 18:25:32' , 19, NULL , 28 );
INSERT INTO prodotto  VALUES (359, NULL, '2022-04-13 18:25:32' , 40, NULL , 14 );
INSERT INTO prodotto  VALUES (360, NULL, '2022-04-13 18:25:32' , 37, NULL , 0 );
INSERT INTO prodotto  VALUES (361, NULL, '2022-04-13 18:25:32' , 37, NULL , 5 );
INSERT INTO prodotto  VALUES (362, NULL, '2022-04-13 18:25:32' , 51, NULL , 12 );
INSERT INTO prodotto  VALUES (363, '2022-05-19', '2022-04-13 18:25:32' , 35, NULL , 0 );
INSERT INTO prodotto  VALUES (364, '2022-05-31', '2022-04-13 18:25:32' , 16, NULL , 6 );
INSERT INTO prodotto  VALUES (365, NULL, '2022-04-13 18:25:32' , 37, NULL , 2 );
INSERT INTO prodotto  VALUES (366, '2022-04-17', '2022-04-13 18:25:32' , 12, NULL , 9 );
INSERT INTO prodotto  VALUES (367, NULL, '2022-04-13 18:25:32' , 51, NULL , 5 );
INSERT INTO prodotto  VALUES (368, NULL, '2022-04-13 18:25:32' , 48, NULL , 27 );
INSERT INTO prodotto  VALUES (369, NULL, '2022-04-13 18:25:32' , 46, NULL , 16 );
INSERT INTO appuntamento  VALUES ('2022-04-23 00:35:47', 31,  -10 , 'NUOBQV50E54I651N', 24 );
INSERT INTO turno  VALUES ('2022-04-23 00:35:47' , 'FCQAOD11D20I165V', '2022-04-23 04:35:47', '2022-04-23 00:35:47', NULL, NULL);
INSERT INTO prodotto  VALUES (370, '2022-05-28', '2022-04-23 00:35:47' , 4, NULL , 12 );
INSERT INTO prodotto  VALUES (371, '2022-05-09', '2022-04-23 00:35:47' , 26, NULL , 9 );
INSERT INTO prodotto  VALUES (372, NULL, '2022-04-23 00:35:47' , 47, NULL , 11 );
INSERT INTO prodotto  VALUES (373, NULL, '2022-04-23 00:35:47' , 39, NULL , 14 );
INSERT INTO prodotto  VALUES (374, '2022-05-20', '2022-04-23 00:35:47' , 34, NULL , 4 );
INSERT INTO prodotto  VALUES (375, NULL, '2022-04-23 00:35:47' , 45, NULL , 30 );
INSERT INTO prodotto  VALUES (376, '2022-04-30', '2022-04-23 00:35:47' , 16, NULL , 28 );
INSERT INTO prodotto  VALUES (377, '2022-05-25', '2022-04-23 00:35:47' , 36, NULL , 7 );
INSERT INTO prodotto  VALUES (378, '2022-05-16', '2022-04-23 00:35:47' , 32, NULL , 34 );
INSERT INTO prodotto  VALUES (379, '2022-05-21', '2022-04-23 00:35:47' , 25, NULL , 13 );
INSERT INTO prodotto  VALUES (380, '2022-04-30', '2022-04-23 00:35:47' , 24, NULL , 23 );
INSERT INTO prodotto  VALUES (381, NULL, '2022-04-23 00:35:47' , 41, NULL , 32 );
INSERT INTO prodotto  VALUES (382, '2022-04-23', '2022-04-23 00:35:47' , 35, NULL , 21 );
INSERT INTO prodotto  VALUES (383, NULL, '2022-04-23 00:35:47' , 50, NULL , 25 );
INSERT INTO prodotto  VALUES (384, NULL, '2022-04-23 00:35:47' , 44, NULL , 3 );
INSERT INTO appuntamento  VALUES ('2022-04-15 14:56:40', 50,  6 , 'KBBOFX19S42E420V', 15 );
INSERT INTO turno  VALUES ('2022-04-15 14:56:40' , 'EGTVOV19C02G528L', '2022-04-15 18:56:40', '2022-04-15 14:56:40', NULL, NULL);
INSERT INTO prodotto  VALUES (385, '2022-05-29', '2022-04-15 14:56:40' , 29, NULL , 29 );
INSERT INTO prodotto  VALUES (386, '2022-05-02', '2022-04-15 14:56:40' , 20, NULL , 16 );
INSERT INTO prodotto  VALUES (387, '2022-05-26', '2022-04-15 14:56:40' , 26, NULL , 24 );
INSERT INTO prodotto  VALUES (388, '2022-05-11', '2022-04-15 14:56:40' , 18, NULL , 17 );
INSERT INTO prodotto  VALUES (389, '2022-05-07', '2022-04-15 14:56:40' , 33, NULL , 26 );
INSERT INTO prodotto  VALUES (390, '2022-04-21', '2022-04-15 14:56:40' , 15, NULL , 13 );
INSERT INTO prodotto  VALUES (391, '2022-04-29', '2022-04-15 14:56:40' , 26, NULL , 26 );
INSERT INTO prodotto  VALUES (392, '2022-04-15', '2022-04-15 14:56:40' , 3, NULL , 7 );
INSERT INTO prodotto  VALUES (393, '2022-04-19', '2022-04-15 14:56:40' , 28, NULL , 31 );
INSERT INTO prodotto  VALUES (394, NULL, '2022-04-15 14:56:40' , 37, NULL , 9 );
INSERT INTO prodotto  VALUES (395, '2022-04-20', '2022-04-15 14:56:40' , 25, NULL , 26 );
INSERT INTO prodotto  VALUES (396, '2022-05-20', '2022-04-15 14:56:40' , 22, NULL , 4 );
INSERT INTO prodotto  VALUES (397, NULL, '2022-04-15 14:56:40' , 51, NULL , 3 );
INSERT INTO prodotto  VALUES (398, '2022-05-30', '2022-04-15 14:56:40' , 30, NULL , 18 );
INSERT INTO prodotto  VALUES (399, '2022-04-15', '2022-04-15 14:56:40' , 33, NULL , 25 );
INSERT INTO appuntamento  VALUES ('2022-04-24 16:43:05', 47,  2 , 'AQVCKI22T04G875K', 4 );
INSERT INTO turno  VALUES ('2022-04-24 16:43:05' , 'WUNOMN22A24A774D', '2022-04-24 20:43:05', '2022-04-24 16:43:05', NULL, NULL);
INSERT INTO prodotto  VALUES (400, '2022-05-07', '2022-04-24 16:43:05' , 9, NULL , 10 );
INSERT INTO prodotto  VALUES (401, '2022-05-18', '2022-04-24 16:43:05' , 28, NULL , 32 );
INSERT INTO prodotto  VALUES (402, NULL, '2022-04-24 16:43:05' , 42, NULL , 33 );
INSERT INTO prodotto  VALUES (403, NULL, '2022-04-24 16:43:05' , 37, NULL , 6 );
INSERT INTO prodotto  VALUES (404, NULL, '2022-04-24 16:43:05' , 46, NULL , 11 );
INSERT INTO prodotto  VALUES (405, '2022-05-16', '2022-04-24 16:43:05' , 18, NULL , 29 );
INSERT INTO prodotto  VALUES (406, '2022-04-27', '2022-04-24 16:43:05' , 26, NULL , 20 );
INSERT INTO prodotto  VALUES (407, '2022-05-16', '2022-04-24 16:43:05' , 30, NULL , 11 );
INSERT INTO prodotto  VALUES (408, '2022-05-30', '2022-04-24 16:43:05' , 5, NULL , 4 );
INSERT INTO prodotto  VALUES (409, '2022-05-17', '2022-04-24 16:43:05' , 11, NULL , 31 );
INSERT INTO prodotto  VALUES (410, '2022-05-18', '2022-04-24 16:43:05' , 17, NULL , 15 );
INSERT INTO prodotto  VALUES (411, NULL, '2022-04-24 16:43:05' , 38, NULL , 24 );
INSERT INTO prodotto  VALUES (412, '2022-05-21', '2022-04-24 16:43:05' , 20, NULL , 5 );
INSERT INTO prodotto  VALUES (413, NULL, '2022-04-24 16:43:05' , 48, NULL , 33 );
INSERT INTO prodotto  VALUES (414, NULL, '2022-04-24 16:43:05' , 38, NULL , 28 );
INSERT INTO appuntamento  VALUES ('2022-04-14 00:17:37', 38,  1 , 'YPCUKF05C46M324B', 5 );
INSERT INTO turno  VALUES ('2022-04-14 00:17:37' , 'LOKJTX89A05A725K', '2022-04-14 04:17:37', '2022-04-14 00:17:37', NULL, NULL);
INSERT INTO prodotto  VALUES (415, '2022-04-29', '2022-04-14 00:17:37' , 26, NULL , 1 );
INSERT INTO prodotto  VALUES (416, '2022-05-09', '2022-04-14 00:17:37' , 3, NULL , 1 );
INSERT INTO prodotto  VALUES (417, '2022-05-06', '2022-04-14 00:17:37' , 17, NULL , 8 );
INSERT INTO prodotto  VALUES (418, '2022-05-03', '2022-04-14 00:17:37' , 9, NULL , 17 );
INSERT INTO prodotto  VALUES (419, '2022-04-22', '2022-04-14 00:17:37' , 22, NULL , 18 );
INSERT INTO prodotto  VALUES (420, '2022-05-21', '2022-04-14 00:17:37' , 16, NULL , 21 );
INSERT INTO prodotto  VALUES (421, '2022-05-31', '2022-04-14 00:17:37' , 16, NULL , 4 );
INSERT INTO prodotto  VALUES (422, NULL, '2022-04-14 00:17:37' , 45, NULL , 5 );
INSERT INTO prodotto  VALUES (423, '2022-04-22', '2022-04-14 00:17:37' , 31, NULL , 32 );
INSERT INTO prodotto  VALUES (424, NULL, '2022-04-14 00:17:37' , 43, NULL , 20 );
INSERT INTO prodotto  VALUES (425, NULL, '2022-04-14 00:17:37' , 39, NULL , 32 );
INSERT INTO prodotto  VALUES (426, '2022-05-01', '2022-04-14 00:17:37' , 14, NULL , 24 );
INSERT INTO prodotto  VALUES (427, NULL, '2022-04-14 00:17:37' , 49, NULL , 30 );
INSERT INTO prodotto  VALUES (428, '2022-05-24', '2022-04-14 00:17:37' , 9, NULL , 25 );
INSERT INTO prodotto  VALUES (429, '2022-05-04', '2022-04-14 00:17:37' , 17, NULL , 19 );
INSERT INTO appuntamento  VALUES ('2022-04-18 21:21:00', 51,  16 , 'GLRLQI38A51D566N', 1 );
INSERT INTO turno  VALUES ('2022-04-18 21:21:00' , 'UHOFZH49B28I825U', '2022-04-19 01:21:00', '2022-04-18 21:21:00', NULL, NULL);
INSERT INTO prodotto  VALUES (430, '2022-05-04', '2022-04-18 21:21:00' , 23, NULL , 8 );
INSERT INTO prodotto  VALUES (431, '2022-05-24', '2022-04-18 21:21:00' , 29, NULL , 5 );
INSERT INTO prodotto  VALUES (432, '2022-05-11', '2022-04-18 21:21:00' , 36, NULL , 25 );
INSERT INTO prodotto  VALUES (433, '2022-05-30', '2022-04-18 21:21:00' , 10, NULL , 27 );
INSERT INTO prodotto  VALUES (434, '2022-05-11', '2022-04-18 21:21:00' , 2, NULL , 28 );
INSERT INTO prodotto  VALUES (435, '2022-05-12', '2022-04-18 21:21:00' , 31, NULL , 24 );
INSERT INTO prodotto  VALUES (436, '2022-05-27', '2022-04-18 21:21:00' , 11, NULL , 6 );
INSERT INTO prodotto  VALUES (437, NULL, '2022-04-18 21:21:00' , 40, NULL , 22 );
INSERT INTO prodotto  VALUES (438, NULL, '2022-04-18 21:21:00' , 39, NULL , 15 );
INSERT INTO prodotto  VALUES (439, '2022-05-17', '2022-04-18 21:21:00' , 13, NULL , 13 );
INSERT INTO prodotto  VALUES (440, '2022-05-10', '2022-04-18 21:21:00' , 36, NULL , 12 );
INSERT INTO prodotto  VALUES (441, '2022-04-30', '2022-04-18 21:21:00' , 14, NULL , 3 );
INSERT INTO prodotto  VALUES (442, '2022-04-20', '2022-04-18 21:21:00' , 33, NULL , 16 );
INSERT INTO prodotto  VALUES (443, '2022-05-31', '2022-04-18 21:21:00' , 36, NULL , 23 );
INSERT INTO prodotto  VALUES (444, '2022-05-25', '2022-04-18 21:21:00' , 26, NULL , 6 );
INSERT INTO appuntamento  VALUES ('2022-04-27 14:00:28', 58,  21 , 'WGQLLS98L02I880L', 22 );
INSERT INTO turno  VALUES ('2022-04-27 14:00:28' , 'WKQXER21E41E662G', '2022-04-27 18:00:28', '2022-04-27 14:00:28', NULL, NULL);
INSERT INTO prodotto  VALUES (445, '2022-05-03', '2022-04-27 14:00:28' , 27, NULL , 0 );
INSERT INTO prodotto  VALUES (446, NULL, '2022-04-27 14:00:28' , 48, NULL , 29 );
INSERT INTO prodotto  VALUES (447, '2022-05-31', '2022-04-27 14:00:28' , 28, NULL , 14 );
INSERT INTO prodotto  VALUES (448, '2022-05-28', '2022-04-27 14:00:28' , 18, NULL , 28 );
INSERT INTO prodotto  VALUES (449, '2022-05-24', '2022-04-27 14:00:28' , 15, NULL , 19 );
INSERT INTO prodotto  VALUES (450, NULL, '2022-04-27 14:00:28' , 49, NULL , 13 );
INSERT INTO prodotto  VALUES (451, NULL, '2022-04-27 14:00:28' , 38, NULL , 6 );
INSERT INTO prodotto  VALUES (452, '2022-05-16', '2022-04-27 14:00:28' , 33, NULL , 26 );
INSERT INTO prodotto  VALUES (453, '2022-05-21', '2022-04-27 14:00:28' , 4, NULL , 16 );
INSERT INTO prodotto  VALUES (454, '2022-05-24', '2022-04-27 14:00:28' , 30, NULL , 13 );
INSERT INTO prodotto  VALUES (455, '2022-05-21', '2022-04-27 14:00:28' , 4, NULL , 23 );
INSERT INTO prodotto  VALUES (456, NULL, '2022-04-27 14:00:28' , 48, NULL , 22 );
INSERT INTO prodotto  VALUES (457, NULL, '2022-04-27 14:00:28' , 50, NULL , 31 );
INSERT INTO prodotto  VALUES (458, NULL, '2022-04-27 14:00:28' , 37, NULL , 3 );
INSERT INTO prodotto  VALUES (459, '2022-05-01', '2022-04-27 14:00:28' , 2, NULL , 9 );
INSERT INTO appuntamento  VALUES ('2022-04-19 15:46:32', 54,  8 , 'LQNYOT89B56G594X', 6 );
INSERT INTO turno  VALUES ('2022-04-19 15:46:32' , 'IKMZKX85B56D508U', '2022-04-19 19:46:32', '2022-04-19 15:46:32', NULL, NULL);
INSERT INTO prodotto  VALUES (460, '2022-04-23', '2022-04-19 15:46:32' , 7, NULL , 33 );
INSERT INTO prodotto  VALUES (461, NULL, '2022-04-19 15:46:32' , 45, NULL , 24 );
INSERT INTO prodotto  VALUES (462, NULL, '2022-04-19 15:46:32' , 41, NULL , 26 );
INSERT INTO prodotto  VALUES (463, '2022-04-25', '2022-04-19 15:46:32' , 5, NULL , 22 );
INSERT INTO prodotto  VALUES (464, NULL, '2022-04-19 15:46:32' , 41, NULL , 26 );
INSERT INTO prodotto  VALUES (465, '2022-05-16', '2022-04-19 15:46:32' , 32, NULL , 28 );
INSERT INTO prodotto  VALUES (466, '2022-05-21', '2022-04-19 15:46:32' , 11, NULL , 11 );
INSERT INTO prodotto  VALUES (467, '2022-05-19', '2022-04-19 15:46:32' , 9, NULL , 6 );
INSERT INTO prodotto  VALUES (468, NULL, '2022-04-19 15:46:32' , 50, NULL , 16 );
INSERT INTO prodotto  VALUES (469, NULL, '2022-04-19 15:46:32' , 48, NULL , 29 );
INSERT INTO prodotto  VALUES (470, '2022-05-07', '2022-04-19 15:46:32' , 32, NULL , 6 );
INSERT INTO prodotto  VALUES (471, NULL, '2022-04-19 15:46:32' , 48, NULL , 7 );
INSERT INTO prodotto  VALUES (472, '2022-05-07', '2022-04-19 15:46:32' , 19, NULL , 16 );
INSERT INTO prodotto  VALUES (473, NULL, '2022-04-19 15:46:32' , 47, NULL , 32 );
INSERT INTO prodotto  VALUES (474, '2022-05-23', '2022-04-19 15:46:32' , 19, NULL , 8 );
INSERT INTO appuntamento  VALUES ('2022-04-12 03:27:40', 35,  -1 , 'CNJZJG27S15M083B', 16 );
INSERT INTO turno  VALUES ('2022-04-12 03:27:40' , 'CPOVTN77L20D872O', '2022-04-12 07:27:40', '2022-04-12 03:27:40', NULL, NULL);
INSERT INTO prodotto  VALUES (475, NULL, '2022-04-12 03:27:40' , 42, NULL , 26 );
INSERT INTO prodotto  VALUES (476, '2022-05-26', '2022-04-12 03:27:40' , 6, NULL , 14 );
INSERT INTO prodotto  VALUES (477, '2022-05-30', '2022-04-12 03:27:40' , 35, NULL , 33 );
INSERT INTO prodotto  VALUES (478, NULL, '2022-04-12 03:27:40' , 39, NULL , 4 );
INSERT INTO prodotto  VALUES (479, '2022-04-25', '2022-04-12 03:27:40' , 20, NULL , 4 );
INSERT INTO prodotto  VALUES (480, '2022-05-24', '2022-04-12 03:27:40' , 15, NULL , 22 );
INSERT INTO prodotto  VALUES (481, '2022-04-25', '2022-04-12 03:27:40' , 26, NULL , 18 );
INSERT INTO prodotto  VALUES (482, '2022-04-18', '2022-04-12 03:27:40' , 6, NULL , 8 );
INSERT INTO prodotto  VALUES (483, '2022-05-15', '2022-04-12 03:27:40' , 12, NULL , 14 );
INSERT INTO prodotto  VALUES (484, '2022-04-24', '2022-04-12 03:27:40' , 15, NULL , 27 );
INSERT INTO prodotto  VALUES (485, '2022-05-21', '2022-04-12 03:27:40' , 29, NULL , 20 );
INSERT INTO prodotto  VALUES (486, '2022-05-02', '2022-04-12 03:27:40' , 26, NULL , 23 );
INSERT INTO prodotto  VALUES (487, '2022-05-08', '2022-04-12 03:27:40' , 8, NULL , 5 );
INSERT INTO prodotto  VALUES (488, '2022-05-26', '2022-04-12 03:27:40' , 34, NULL , 26 );
INSERT INTO prodotto  VALUES (489, NULL, '2022-04-12 03:27:40' , 46, NULL , 0 );
INSERT INTO appuntamento  VALUES ('2022-04-08 04:59:21', 41,  -3 , 'WDEVQZ24A41F576K', 27 );
INSERT INTO turno  VALUES ('2022-04-08 04:59:21' , 'ULOKSU23T07I362P', '2022-04-08 08:59:21', '2022-04-08 04:59:21', NULL, NULL);
INSERT INTO prodotto  VALUES (490, NULL, '2022-04-08 04:59:21' , 37, NULL , 6 );
INSERT INTO prodotto  VALUES (491, '2022-04-09', '2022-04-08 04:59:21' , 25, NULL , 5 );
INSERT INTO prodotto  VALUES (492, '2022-04-26', '2022-04-08 04:59:21' , 31, NULL , 7 );
INSERT INTO prodotto  VALUES (493, '2022-04-12', '2022-04-08 04:59:21' , 7, NULL , 29 );
INSERT INTO prodotto  VALUES (494, '2022-04-23', '2022-04-08 04:59:21' , 11, NULL , 5 );
INSERT INTO prodotto  VALUES (495, '2022-05-13', '2022-04-08 04:59:21' , 5, NULL , 34 );
INSERT INTO prodotto  VALUES (496, NULL, '2022-04-08 04:59:21' , 39, NULL , 4 );
INSERT INTO prodotto  VALUES (497, '2022-05-15', '2022-04-08 04:59:21' , 24, NULL , 1 );
INSERT INTO prodotto  VALUES (498, NULL, '2022-04-08 04:59:21' , 48, NULL , 8 );
INSERT INTO prodotto  VALUES (499, '2022-05-02', '2022-04-08 04:59:21' , 29, NULL , 1 );
INSERT INTO prodotto  VALUES (500, '2022-04-17', '2022-04-08 04:59:21' , 34, NULL , 32 );
INSERT INTO prodotto  VALUES (501, '2022-04-09', '2022-04-08 04:59:21' , 0, NULL , 20 );
INSERT INTO prodotto  VALUES (502, '2022-04-29', '2022-04-08 04:59:21' , 3, NULL , 29 );
INSERT INTO prodotto  VALUES (503, '2022-05-29', '2022-04-08 04:59:21' , 34, NULL , 7 );
INSERT INTO prodotto  VALUES (504, '2022-05-02', '2022-04-08 04:59:21' , 9, NULL , 6 );
INSERT INTO appuntamento  VALUES ('2022-04-13 15:20:14', 44,  7 , 'OVRYYD20L28M284Z', 20 );
INSERT INTO turno  VALUES ('2022-04-13 15:20:14' , 'IMSUUL40B61G594M', '2022-04-13 19:20:14', '2022-04-13 15:20:14', NULL, NULL);
INSERT INTO prodotto  VALUES (505, '2022-05-10', '2022-04-13 15:20:14' , 18, NULL , 2 );
INSERT INTO prodotto  VALUES (506, NULL, '2022-04-13 15:20:14' , 40, NULL , 22 );
INSERT INTO prodotto  VALUES (507, '2022-05-04', '2022-04-13 15:20:14' , 26, NULL , 22 );
INSERT INTO prodotto  VALUES (508, NULL, '2022-04-13 15:20:14' , 48, NULL , 20 );
INSERT INTO prodotto  VALUES (509, '2022-05-08', '2022-04-13 15:20:14' , 13, NULL , 13 );
INSERT INTO prodotto  VALUES (510, '2022-05-18', '2022-04-13 15:20:14' , 31, NULL , 34 );
INSERT INTO prodotto  VALUES (511, '2022-05-01', '2022-04-13 15:20:14' , 1, NULL , 23 );
INSERT INTO prodotto  VALUES (512, '2022-05-23', '2022-04-13 15:20:14' , 32, NULL , 0 );
INSERT INTO prodotto  VALUES (513, NULL, '2022-04-13 15:20:14' , 39, NULL , 18 );
INSERT INTO prodotto  VALUES (514, '2022-04-26', '2022-04-13 15:20:14' , 11, NULL , 31 );
INSERT INTO prodotto  VALUES (515, '2022-04-13', '2022-04-13 15:20:14' , 31, NULL , 18 );
INSERT INTO prodotto  VALUES (516, '2022-05-31', '2022-04-13 15:20:14' , 17, NULL , 1 );
INSERT INTO prodotto  VALUES (517, '2022-05-20', '2022-04-13 15:20:14' , 13, NULL , 30 );
INSERT INTO prodotto  VALUES (518, NULL, '2022-04-13 15:20:14' , 39, NULL , 2 );
INSERT INTO prodotto  VALUES (519, '2022-04-16', '2022-04-13 15:20:14' , 22, NULL , 31 );
INSERT INTO appuntamento  VALUES ('2022-04-15 00:37:28', 49,  8 , 'UXWZBD34D18E431N', 19 );
INSERT INTO turno  VALUES ('2022-04-15 00:37:28' , 'NOAKQG41E68E116R', '2022-04-15 04:37:28', '2022-04-15 00:37:28', NULL, NULL);
INSERT INTO prodotto  VALUES (520, '2022-04-24', '2022-04-15 00:37:28' , 33, NULL , 8 );
INSERT INTO prodotto  VALUES (521, NULL, '2022-04-15 00:37:28' , 44, NULL , 7 );
INSERT INTO prodotto  VALUES (522, '2022-04-23', '2022-04-15 00:37:28' , 26, NULL , 33 );
INSERT INTO prodotto  VALUES (523, '2022-05-27', '2022-04-15 00:37:28' , 25, NULL , 17 );
INSERT INTO prodotto  VALUES (524, '2022-05-03', '2022-04-15 00:37:28' , 5, NULL , 15 );
INSERT INTO prodotto  VALUES (525, '2022-05-01', '2022-04-15 00:37:28' , 15, NULL , 12 );
INSERT INTO prodotto  VALUES (526, '2022-05-12', '2022-04-15 00:37:28' , 8, NULL , 2 );
INSERT INTO prodotto  VALUES (527, '2022-05-17', '2022-04-15 00:37:28' , 10, NULL , 20 );
INSERT INTO prodotto  VALUES (528, '2022-04-25', '2022-04-15 00:37:28' , 35, NULL , 14 );
INSERT INTO prodotto  VALUES (529, '2022-04-15', '2022-04-15 00:37:28' , 27, NULL , 27 );
INSERT INTO prodotto  VALUES (530, '2022-05-20', '2022-04-15 00:37:28' , 25, NULL , 21 );
INSERT INTO prodotto  VALUES (531, '2022-05-06', '2022-04-15 00:37:28' , 29, NULL , 22 );
INSERT INTO prodotto  VALUES (532, NULL, '2022-04-15 00:37:28' , 48, NULL , 9 );
INSERT INTO prodotto  VALUES (533, '2022-04-20', '2022-04-15 00:37:28' , 19, NULL , 5 );
INSERT INTO prodotto  VALUES (534, NULL, '2022-04-15 00:37:28' , 40, NULL , 18 );
INSERT INTO appuntamento  VALUES ('2022-04-20 12:10:22', 40,  4 , 'EVVRTI10M05H982V', 11 );
INSERT INTO turno  VALUES ('2022-04-20 12:10:22' , 'IYKGLN25H63A960G', '2022-04-20 16:10:22', '2022-04-20 12:10:22', NULL, NULL);
INSERT INTO prodotto  VALUES (535, NULL, '2022-04-20 12:10:22' , 42, NULL , 9 );
INSERT INTO prodotto  VALUES (536, '2022-05-02', '2022-04-20 12:10:22' , 11, NULL , 28 );
INSERT INTO prodotto  VALUES (537, '2022-04-30', '2022-04-20 12:10:22' , 26, NULL , 27 );
INSERT INTO prodotto  VALUES (538, '2022-05-27', '2022-04-20 12:10:22' , 9, NULL , 25 );
INSERT INTO prodotto  VALUES (539, '2022-04-30', '2022-04-20 12:10:22' , 17, NULL , 24 );
INSERT INTO prodotto  VALUES (540, '2022-05-29', '2022-04-20 12:10:22' , 12, NULL , 10 );
INSERT INTO prodotto  VALUES (541, '2022-05-12', '2022-04-20 12:10:22' , 21, NULL , 7 );
INSERT INTO prodotto  VALUES (542, '2022-05-30', '2022-04-20 12:10:22' , 26, NULL , 2 );
INSERT INTO prodotto  VALUES (543, '2022-05-13', '2022-04-20 12:10:22' , 28, NULL , 30 );
INSERT INTO prodotto  VALUES (544, NULL, '2022-04-20 12:10:22' , 51, NULL , 22 );
INSERT INTO prodotto  VALUES (545, '2022-05-09', '2022-04-20 12:10:22' , 21, NULL , 29 );
INSERT INTO prodotto  VALUES (546, '2022-05-23', '2022-04-20 12:10:22' , 15, NULL , 30 );
INSERT INTO prodotto  VALUES (547, '2022-04-29', '2022-04-20 12:10:22' , 9, NULL , 12 );
INSERT INTO prodotto  VALUES (548, NULL, '2022-04-20 12:10:22' , 44, NULL , 5 );
INSERT INTO prodotto  VALUES (549, '2022-05-22', '2022-04-20 12:10:22' , 14, NULL , 19 );
INSERT INTO appuntamento  VALUES ('2022-05-06 14:30:42', 45,  3 , 'VANHWZ97R05F698Z', 3 );
INSERT INTO turno  VALUES ('2022-05-06 14:30:42' , 'SGCJCP59A24C712H', '2022-05-06 18:30:42', '2022-05-06 14:30:42', NULL, NULL);
INSERT INTO prodotto  VALUES (550, '2022-05-19', '2022-05-06 14:30:42' , 7, NULL , 29 );
INSERT INTO prodotto  VALUES (551, NULL, '2022-05-06 14:30:42' , 50, NULL , 2 );
INSERT INTO prodotto  VALUES (552, NULL, '2022-05-06 14:30:42' , 39, NULL , 34 );
INSERT INTO prodotto  VALUES (553, NULL, '2022-05-06 14:30:42' , 39, NULL , 18 );
INSERT INTO prodotto  VALUES (554, '2022-05-14', '2022-05-06 14:30:42' , 19, NULL , 25 );
INSERT INTO prodotto  VALUES (555, '2022-05-15', '2022-05-06 14:30:42' , 33, NULL , 9 );
INSERT INTO prodotto  VALUES (556, '2022-05-07', '2022-05-06 14:30:42' , 23, NULL , 11 );
INSERT INTO prodotto  VALUES (557, '2022-05-21', '2022-05-06 14:30:42' , 21, NULL , 26 );
INSERT INTO prodotto  VALUES (558, '2022-05-09', '2022-05-06 14:30:42' , 10, NULL , 22 );
INSERT INTO prodotto  VALUES (559, '2022-05-28', '2022-05-06 14:30:42' , 4, NULL , 29 );
INSERT INTO prodotto  VALUES (560, '2022-05-09', '2022-05-06 14:30:42' , 1, NULL , 17 );
INSERT INTO prodotto  VALUES (561, '2022-05-21', '2022-05-06 14:30:42' , 1, NULL , 30 );
INSERT INTO prodotto  VALUES (562, '2022-05-14', '2022-05-06 14:30:42' , 5, NULL , 14 );
INSERT INTO prodotto  VALUES (563, '2022-05-19', '2022-05-06 14:30:42' , 9, NULL , 21 );
INSERT INTO prodotto  VALUES (564, '2022-05-25', '2022-05-06 14:30:42' , 5, NULL , 29 );
INSERT INTO appuntamento  VALUES ('2022-05-03 19:29:15', 47,  16 , 'GBCNKV17P60E371O', 4 );
INSERT INTO turno  VALUES ('2022-05-03 19:29:15' , 'VKSLGU26D19I632T', '2022-05-03 23:29:15', '2022-05-03 19:29:15', NULL, NULL);
INSERT INTO prodotto  VALUES (565, '2022-05-17', '2022-05-03 19:29:15' , 35, NULL , 17 );
INSERT INTO prodotto  VALUES (566, '2022-05-15', '2022-05-03 19:29:15' , 36, NULL , 16 );
INSERT INTO prodotto  VALUES (567, NULL, '2022-05-03 19:29:15' , 49, NULL , 9 );
INSERT INTO prodotto  VALUES (568, NULL, '2022-05-03 19:29:15' , 40, NULL , 25 );
INSERT INTO prodotto  VALUES (569, NULL, '2022-05-03 19:29:15' , 51, NULL , 0 );
INSERT INTO prodotto  VALUES (570, NULL, '2022-05-03 19:29:15' , 41, NULL , 28 );
INSERT INTO prodotto  VALUES (571, '2022-05-07', '2022-05-03 19:29:15' , 8, NULL , 6 );
INSERT INTO prodotto  VALUES (572, '2022-05-14', '2022-05-03 19:29:15' , 36, NULL , 32 );
INSERT INTO prodotto  VALUES (573, '2022-05-18', '2022-05-03 19:29:15' , 28, NULL , 22 );
INSERT INTO prodotto  VALUES (574, NULL, '2022-05-03 19:29:15' , 40, NULL , 20 );
INSERT INTO prodotto  VALUES (575, NULL, '2022-05-03 19:29:15' , 44, NULL , 3 );
INSERT INTO prodotto  VALUES (576, '2022-05-30', '2022-05-03 19:29:15' , 22, NULL , 21 );
INSERT INTO prodotto  VALUES (577, '2022-05-31', '2022-05-03 19:29:15' , 20, NULL , 29 );
INSERT INTO prodotto  VALUES (578, '2022-05-16', '2022-05-03 19:29:15' , 7, NULL , 0 );
INSERT INTO prodotto  VALUES (579, '2022-05-20', '2022-05-03 19:29:15' , 15, NULL , 11 );
INSERT INTO appuntamento  VALUES ('2022-05-13 16:03:36', 51,  10 , 'AASGRH85E56I207N', 1 );
INSERT INTO turno  VALUES ('2022-05-13 16:03:36' , 'YVSLDO91M64C534P', '2022-05-13 20:03:36', '2022-05-13 16:03:36', NULL, NULL);
INSERT INTO prodotto  VALUES (580, '2022-05-21', '2022-05-13 16:03:36' , 21, NULL , 13 );
INSERT INTO prodotto  VALUES (581, '2022-05-19', '2022-05-13 16:03:36' , 21, NULL , 26 );
INSERT INTO prodotto  VALUES (582, '2022-05-26', '2022-05-13 16:03:36' , 20, NULL , 31 );
INSERT INTO prodotto  VALUES (583, '2022-05-19', '2022-05-13 16:03:36' , 29, NULL , 32 );
INSERT INTO prodotto  VALUES (584, NULL, '2022-05-13 16:03:36' , 50, NULL , 18 );
INSERT INTO prodotto  VALUES (585, '2022-05-13', '2022-05-13 16:03:36' , 34, NULL , 20 );
INSERT INTO prodotto  VALUES (586, NULL, '2022-05-13 16:03:36' , 45, NULL , 8 );
INSERT INTO prodotto  VALUES (587, '2022-05-22', '2022-05-13 16:03:36' , 17, NULL , 20 );
INSERT INTO prodotto  VALUES (588, NULL, '2022-05-13 16:03:36' , 38, NULL , 23 );
INSERT INTO prodotto  VALUES (589, '2022-05-30', '2022-05-13 16:03:36' , 33, NULL , 1 );
INSERT INTO prodotto  VALUES (590, NULL, '2022-05-13 16:03:36' , 38, NULL , 12 );
INSERT INTO prodotto  VALUES (591, '2022-05-31', '2022-05-13 16:03:36' , 19, NULL , 13 );
INSERT INTO prodotto  VALUES (592, NULL, '2022-05-13 16:03:36' , 39, NULL , 12 );
INSERT INTO prodotto  VALUES (593, '2022-05-22', '2022-05-13 16:03:36' , 8, NULL , 8 );
INSERT INTO prodotto  VALUES (594, '2022-05-25', '2022-05-13 16:03:36' , 35, NULL , 2 );
INSERT INTO appuntamento  VALUES ('2022-05-11 23:27:19', 48,  3 , 'PQETXD91L18F569K', 0 );
INSERT INTO turno  VALUES ('2022-05-11 23:27:19' , 'HZIEPH43E26H019N', '2022-05-12 03:27:19', '2022-05-11 23:27:19', NULL, NULL);
INSERT INTO prodotto  VALUES (595, '2022-05-29', '2022-05-11 23:27:19' , 2, NULL , 20 );
INSERT INTO prodotto  VALUES (596, NULL, '2022-05-11 23:27:19' , 38, NULL , 12 );
INSERT INTO prodotto  VALUES (597, '2022-05-19', '2022-05-11 23:27:19' , 23, NULL , 6 );
INSERT INTO prodotto  VALUES (598, NULL, '2022-05-11 23:27:19' , 48, NULL , 25 );
INSERT INTO prodotto  VALUES (599, '2022-05-29', '2022-05-11 23:27:19' , 34, NULL , 29 );
INSERT INTO prodotto  VALUES (600, '2022-05-14', '2022-05-11 23:27:19' , 17, NULL , 8 );
INSERT INTO prodotto  VALUES (601, '2022-05-27', '2022-05-11 23:27:19' , 0, NULL , 23 );
INSERT INTO prodotto  VALUES (602, '2022-05-19', '2022-05-11 23:27:19' , 30, NULL , 26 );
INSERT INTO prodotto  VALUES (603, '2022-05-16', '2022-05-11 23:27:19' , 8, NULL , 12 );
INSERT INTO prodotto  VALUES (604, NULL, '2022-05-11 23:27:19' , 39, NULL , 31 );
INSERT INTO prodotto  VALUES (605, '2022-05-23', '2022-05-11 23:27:19' , 5, NULL , 21 );
INSERT INTO prodotto  VALUES (606, '2022-05-26', '2022-05-11 23:27:19' , 30, NULL , 24 );
INSERT INTO prodotto  VALUES (607, '2022-05-31', '2022-05-11 23:27:19' , 4, NULL , 18 );
INSERT INTO prodotto  VALUES (608, '2022-05-23', '2022-05-11 23:27:19' , 28, NULL , 26 );
INSERT INTO prodotto  VALUES (609, NULL, '2022-05-11 23:27:19' , 47, NULL , 1 );
INSERT INTO appuntamento  VALUES ('2022-05-09 19:15:37', 35,  -8 , 'IYCTTU09T66H897Q', 9 );
INSERT INTO turno  VALUES ('2022-05-09 19:15:37' , 'VBNYWY15S11F233J', '2022-05-09 23:15:37', '2022-05-09 19:15:37', NULL, NULL);
INSERT INTO prodotto  VALUES (610, NULL, '2022-05-09 19:15:37' , 49, NULL , 0 );
INSERT INTO prodotto  VALUES (611, NULL, '2022-05-09 19:15:37' , 41, NULL , 4 );
INSERT INTO prodotto  VALUES (612, '2022-05-12', '2022-05-09 19:15:37' , 1, NULL , 22 );
INSERT INTO prodotto  VALUES (613, NULL, '2022-05-09 19:15:37' , 49, NULL , 22 );
INSERT INTO prodotto  VALUES (614, '2022-05-31', '2022-05-09 19:15:37' , 22, NULL , 21 );
INSERT INTO prodotto  VALUES (615, NULL, '2022-05-09 19:15:37' , 41, NULL , 28 );
INSERT INTO prodotto  VALUES (616, '2022-05-25', '2022-05-09 19:15:37' , 2, NULL , 5 );
INSERT INTO prodotto  VALUES (617, NULL, '2022-05-09 19:15:37' , 38, NULL , 5 );
INSERT INTO prodotto  VALUES (618, NULL, '2022-05-09 19:15:37' , 45, NULL , 17 );
INSERT INTO prodotto  VALUES (619, NULL, '2022-05-09 19:15:37' , 48, NULL , 22 );
INSERT INTO prodotto  VALUES (620, '2022-05-12', '2022-05-09 19:15:37' , 27, NULL , 24 );
INSERT INTO prodotto  VALUES (621, '2022-05-17', '2022-05-09 19:15:37' , 9, NULL , 1 );
INSERT INTO prodotto  VALUES (622, '2022-05-26', '2022-05-09 19:15:37' , 30, NULL , 28 );
INSERT INTO prodotto  VALUES (623, '2022-05-29', '2022-05-09 19:15:37' , 32, NULL , 9 );
INSERT INTO prodotto  VALUES (624, '2022-05-17', '2022-05-09 19:15:37' , 32, NULL , 31 );
INSERT INTO appuntamento  VALUES ('2022-05-26 08:17:26', 35,  -9 , 'CNJZJG27S15M083B', 16 );
INSERT INTO turno  VALUES ('2022-05-26 08:17:26' , 'PWCOOX83E51I819H', '2022-05-26 12:17:26', '2022-05-26 08:17:26', NULL, NULL);
INSERT INTO prodotto  VALUES (625, '2022-05-27', '2022-05-26 08:17:26' , 12, NULL , 16 );
INSERT INTO prodotto  VALUES (626, '2022-05-28', '2022-05-26 08:17:26' , 28, NULL , 6 );
INSERT INTO prodotto  VALUES (627, NULL, '2022-05-26 08:17:26' , 49, NULL , 10 );
INSERT INTO prodotto  VALUES (628, '2022-05-31', '2022-05-26 08:17:26' , 29, NULL , 11 );
INSERT INTO prodotto  VALUES (629, NULL, '2022-05-26 08:17:26' , 47, NULL , 25 );
INSERT INTO prodotto  VALUES (630, NULL, '2022-05-26 08:17:26' , 41, NULL , 29 );
INSERT INTO prodotto  VALUES (631, '2022-05-29', '2022-05-26 08:17:26' , 26, NULL , 28 );
INSERT INTO prodotto  VALUES (632, NULL, '2022-05-26 08:17:26' , 50, NULL , 31 );
INSERT INTO prodotto  VALUES (633, '2022-05-28', '2022-05-26 08:17:26' , 23, NULL , 17 );
INSERT INTO prodotto  VALUES (634, '2022-05-29', '2022-05-26 08:17:26' , 6, NULL , 7 );
INSERT INTO prodotto  VALUES (635, NULL, '2022-05-26 08:17:26' , 45, NULL , 12 );
INSERT INTO prodotto  VALUES (636, '2022-05-27', '2022-05-26 08:17:26' , 25, NULL , 30 );
INSERT INTO prodotto  VALUES (637, '2022-05-26', '2022-05-26 08:17:26' , 16, NULL , 8 );
INSERT INTO prodotto  VALUES (638, '2022-05-30', '2022-05-26 08:17:26' , 19, NULL , 32 );
INSERT INTO prodotto  VALUES (639, '2022-05-28', '2022-05-26 08:17:26' , 3, NULL , 17 );
INSERT INTO appuntamento  VALUES ('2022-05-06 18:37:12', 41,  -5 , 'YCZRHB62S66E127B', 27 );
INSERT INTO turno  VALUES ('2022-05-06 18:37:12' , 'IMSUUL40B61G594M', '2022-05-06 22:37:12', '2022-05-06 18:37:12', NULL, NULL);
INSERT INTO prodotto  VALUES (640, NULL, '2022-05-06 18:37:12' , 41, NULL , 7 );
INSERT INTO prodotto  VALUES (641, '2022-05-19', '2022-05-06 18:37:12' , 9, NULL , 12 );
INSERT INTO prodotto  VALUES (642, '2022-05-23', '2022-05-06 18:37:12' , 9, NULL , 21 );
INSERT INTO prodotto  VALUES (643, '2022-05-12', '2022-05-06 18:37:12' , 23, NULL , 5 );
INSERT INTO prodotto  VALUES (644, '2022-05-10', '2022-05-06 18:37:12' , 16, NULL , 28 );
INSERT INTO prodotto  VALUES (645, '2022-05-13', '2022-05-06 18:37:12' , 34, NULL , 21 );
INSERT INTO prodotto  VALUES (646, NULL, '2022-05-06 18:37:12' , 49, NULL , 23 );
INSERT INTO prodotto  VALUES (647, '2022-05-30', '2022-05-06 18:37:12' , 25, NULL , 33 );
INSERT INTO prodotto  VALUES (648, NULL, '2022-05-06 18:37:12' , 49, NULL , 13 );
INSERT INTO prodotto  VALUES (649, '2022-05-30', '2022-05-06 18:37:12' , 6, NULL , 11 );
INSERT INTO prodotto  VALUES (650, '2022-05-13', '2022-05-06 18:37:12' , 17, NULL , 1 );
INSERT INTO prodotto  VALUES (651, '2022-05-10', '2022-05-06 18:37:12' , 30, NULL , 32 );
INSERT INTO prodotto  VALUES (652, '2022-05-27', '2022-05-06 18:37:12' , 23, NULL , 3 );
INSERT INTO prodotto  VALUES (653, NULL, '2022-05-06 18:37:12' , 39, NULL , 8 );
INSERT INTO prodotto  VALUES (654, NULL, '2022-05-06 18:37:12' , 50, NULL , 23 );
INSERT INTO appuntamento  VALUES ('2022-05-24 11:18:17', 56,  26 , 'QMLGCV08R47G025K', 25 );
INSERT INTO turno  VALUES ('2022-05-24 11:18:17' , 'GTELOX58S10E528F', '2022-05-24 15:18:17', '2022-05-24 11:18:17', NULL, NULL);
INSERT INTO prodotto  VALUES (655, NULL, '2022-05-24 11:18:17' , 49, NULL , 32 );
INSERT INTO prodotto  VALUES (656, NULL, '2022-05-24 11:18:17' , 39, NULL , 9 );
INSERT INTO prodotto  VALUES (657, '2022-05-29', '2022-05-24 11:18:17' , 28, NULL , 32 );
INSERT INTO prodotto  VALUES (658, '2022-05-25', '2022-05-24 11:18:17' , 17, NULL , 32 );
INSERT INTO prodotto  VALUES (659, '2022-05-24', '2022-05-24 11:18:17' , 35, NULL , 22 );
INSERT INTO prodotto  VALUES (660, NULL, '2022-05-24 11:18:17' , 39, NULL , 16 );
INSERT INTO prodotto  VALUES (661, NULL, '2022-05-24 11:18:17' , 38, NULL , 17 );
INSERT INTO prodotto  VALUES (662, NULL, '2022-05-24 11:18:17' , 37, NULL , 4 );
INSERT INTO prodotto  VALUES (663, NULL, '2022-05-24 11:18:17' , 39, NULL , 32 );
INSERT INTO prodotto  VALUES (664, '2022-05-29', '2022-05-24 11:18:17' , 12, NULL , 18 );
INSERT INTO prodotto  VALUES (665, '2022-05-31', '2022-05-24 11:18:17' , 14, NULL , 32 );
INSERT INTO prodotto  VALUES (666, '2022-05-26', '2022-05-24 11:18:17' , 20, NULL , 19 );
INSERT INTO prodotto  VALUES (667, '2022-05-28', '2022-05-24 11:18:17' , 20, NULL , 13 );
INSERT INTO prodotto  VALUES (668, '2022-05-26', '2022-05-24 11:18:17' , 8, NULL , 12 );
INSERT INTO prodotto  VALUES (669, '2022-05-25', '2022-05-24 11:18:17' , 0, NULL , 0 );
INSERT INTO appuntamento  VALUES ('2022-05-08 00:18:41', 47,  6 , 'NNSTLG95E22D105C', 26 );
INSERT INTO turno  VALUES ('2022-05-08 00:18:41' , 'YSMHOF97M14D086K', '2022-05-08 04:18:41', '2022-05-08 00:18:41', NULL, NULL);
INSERT INTO prodotto  VALUES (670, '2022-05-27', '2022-05-08 00:18:41' , 7, NULL , 14 );
INSERT INTO prodotto  VALUES (671, NULL, '2022-05-08 00:18:41' , 40, NULL , 16 );
INSERT INTO prodotto  VALUES (672, NULL, '2022-05-08 00:18:41' , 46, NULL , 33 );
INSERT INTO prodotto  VALUES (673, '2022-05-13', '2022-05-08 00:18:41' , 36, NULL , 2 );
INSERT INTO prodotto  VALUES (674, '2022-05-14', '2022-05-08 00:18:41' , 15, NULL , 18 );
INSERT INTO prodotto  VALUES (675, NULL, '2022-05-08 00:18:41' , 39, NULL , 33 );
INSERT INTO prodotto  VALUES (676, '2022-05-08', '2022-05-08 00:18:41' , 30, NULL , 29 );
INSERT INTO prodotto  VALUES (677, '2022-05-18', '2022-05-08 00:18:41' , 19, NULL , 8 );
INSERT INTO prodotto  VALUES (678, '2022-05-24', '2022-05-08 00:18:41' , 13, NULL , 23 );
INSERT INTO prodotto  VALUES (679, '2022-05-12', '2022-05-08 00:18:41' , 32, NULL , 18 );
INSERT INTO prodotto  VALUES (680, NULL, '2022-05-08 00:18:41' , 42, NULL , 6 );
INSERT INTO prodotto  VALUES (681, '2022-05-19', '2022-05-08 00:18:41' , 4, NULL , 28 );
INSERT INTO prodotto  VALUES (682, '2022-05-09', '2022-05-08 00:18:41' , 2, NULL , 13 );
INSERT INTO prodotto  VALUES (683, '2022-05-17', '2022-05-08 00:18:41' , 15, NULL , 27 );
INSERT INTO prodotto  VALUES (684, NULL, '2022-05-08 00:18:41' , 45, NULL , 34 );
INSERT INTO appuntamento  VALUES ('2022-05-17 10:15:11', 44,  -2 , 'KLCYYL23H59E870D', 20 );
INSERT INTO turno  VALUES ('2022-05-17 10:15:11' , 'TDYARH41L45A732I', '2022-05-17 14:15:11', '2022-05-17 10:15:11', NULL, NULL);
INSERT INTO prodotto  VALUES (685, '2022-05-18', '2022-05-17 10:15:11' , 1, NULL , 17 );
INSERT INTO prodotto  VALUES (686, '2022-05-30', '2022-05-17 10:15:11' , 27, NULL , 15 );
INSERT INTO prodotto  VALUES (687, '2022-05-24', '2022-05-17 10:15:11' , 25, NULL , 3 );
INSERT INTO prodotto  VALUES (688, NULL, '2022-05-17 10:15:11' , 44, NULL , 1 );
INSERT INTO prodotto  VALUES (689, '2022-05-18', '2022-05-17 10:15:11' , 11, NULL , 6 );
INSERT INTO prodotto  VALUES (690, NULL, '2022-05-17 10:15:11' , 40, NULL , 4 );
INSERT INTO prodotto  VALUES (691, '2022-05-27', '2022-05-17 10:15:11' , 32, NULL , 14 );
INSERT INTO prodotto  VALUES (692, '2022-05-22', '2022-05-17 10:15:11' , 23, NULL , 32 );
INSERT INTO prodotto  VALUES (693, NULL, '2022-05-17 10:15:11' , 38, NULL , 12 );
INSERT INTO prodotto  VALUES (694, NULL, '2022-05-17 10:15:11' , 40, NULL , 19 );
INSERT INTO prodotto  VALUES (695, '2022-05-28', '2022-05-17 10:15:11' , 11, NULL , 7 );
INSERT INTO prodotto  VALUES (696, '2022-05-21', '2022-05-17 10:15:11' , 8, NULL , 15 );
INSERT INTO prodotto  VALUES (697, '2022-05-18', '2022-05-17 10:15:11' , 14, NULL , 31 );
INSERT INTO prodotto  VALUES (698, '2022-05-21', '2022-05-17 10:15:11' , 17, NULL , 23 );
INSERT INTO prodotto  VALUES (699, NULL, '2022-05-17 10:15:11' , 46, NULL , 29 );
INSERT INTO appuntamento  VALUES ('2022-05-26 02:07:37', 50,  5 , 'JUFDHJ62C16H285Y', 15 );
INSERT INTO turno  VALUES ('2022-05-26 02:07:37' , 'OBMEJN07M02I798W', '2022-05-26 06:07:37', '2022-05-26 02:07:37', NULL, NULL);
INSERT INTO prodotto  VALUES (700, '2022-05-27', '2022-05-26 02:07:37' , 6, NULL , 25 );
INSERT INTO prodotto  VALUES (701, '2022-05-29', '2022-05-26 02:07:37' , 30, NULL , 16 );
INSERT INTO prodotto  VALUES (702, '2022-05-26', '2022-05-26 02:07:37' , 34, NULL , 3 );
INSERT INTO prodotto  VALUES (703, '2022-05-27', '2022-05-26 02:07:37' , 21, NULL , 18 );
INSERT INTO prodotto  VALUES (704, '2022-05-30', '2022-05-26 02:07:37' , 7, NULL , 13 );
INSERT INTO prodotto  VALUES (705, '2022-05-30', '2022-05-26 02:07:37' , 15, NULL , 13 );
INSERT INTO prodotto  VALUES (706, '2022-05-30', '2022-05-26 02:07:37' , 33, NULL , 33 );
INSERT INTO prodotto  VALUES (707, '2022-05-26', '2022-05-26 02:07:37' , 5, NULL , 2 );
INSERT INTO prodotto  VALUES (708, '2022-05-27', '2022-05-26 02:07:37' , 2, NULL , 29 );
INSERT INTO prodotto  VALUES (709, '2022-05-27', '2022-05-26 02:07:37' , 0, NULL , 2 );
INSERT INTO prodotto  VALUES (710, '2022-05-27', '2022-05-26 02:07:37' , 25, NULL , 33 );
INSERT INTO prodotto  VALUES (711, '2022-05-28', '2022-05-26 02:07:37' , 31, NULL , 5 );
INSERT INTO prodotto  VALUES (712, NULL, '2022-05-26 02:07:37' , 41, NULL , 23 );
INSERT INTO prodotto  VALUES (713, '2022-05-29', '2022-05-26 02:07:37' , 19, NULL , 2 );
INSERT INTO prodotto  VALUES (714, NULL, '2022-05-26 02:07:37' , 47, NULL , 18 );
INSERT INTO appuntamento  VALUES ('2022-05-12 09:12:55', 54,  14 , 'XMIBZQ63L42B959T', 6 );
INSERT INTO turno  VALUES ('2022-05-12 09:12:55' , 'HZIEPH43E26H019N', '2022-05-12 13:12:55', '2022-05-12 09:12:55', NULL, NULL);
INSERT INTO prodotto  VALUES (715, NULL, '2022-05-12 09:12:55' , 51, NULL , 31 );
INSERT INTO prodotto  VALUES (716, NULL, '2022-05-12 09:12:55' , 37, NULL , 9 );
INSERT INTO prodotto  VALUES (717, '2022-05-18', '2022-05-12 09:12:55' , 14, NULL , 19 );
INSERT INTO prodotto  VALUES (718, NULL, '2022-05-12 09:12:55' , 38, NULL , 14 );
INSERT INTO prodotto  VALUES (719, '2022-05-26', '2022-05-12 09:12:55' , 31, NULL , 21 );
INSERT INTO prodotto  VALUES (720, '2022-05-31', '2022-05-12 09:12:55' , 33, NULL , 2 );
INSERT INTO prodotto  VALUES (721, '2022-05-20', '2022-05-12 09:12:55' , 2, NULL , 10 );
INSERT INTO prodotto  VALUES (722, '2022-05-18', '2022-05-12 09:12:55' , 5, NULL , 14 );
INSERT INTO prodotto  VALUES (723, '2022-05-23', '2022-05-12 09:12:55' , 17, NULL , 14 );
INSERT INTO prodotto  VALUES (724, NULL, '2022-05-12 09:12:55' , 49, NULL , 23 );
INSERT INTO prodotto  VALUES (725, '2022-05-18', '2022-05-12 09:12:55' , 7, NULL , 34 );
INSERT INTO prodotto  VALUES (726, '2022-05-28', '2022-05-12 09:12:55' , 18, NULL , 29 );
INSERT INTO prodotto  VALUES (727, '2022-05-24', '2022-05-12 09:12:55' , 7, NULL , 30 );
INSERT INTO prodotto  VALUES (728, '2022-05-30', '2022-05-12 09:12:55' , 6, NULL , 25 );
INSERT INTO prodotto  VALUES (729, '2022-05-31', '2022-05-12 09:12:55' , 6, NULL , 6 );
INSERT INTO appuntamento  VALUES ('2022-05-09 12:21:17', 43,  12 , 'ZOYPFX10C12F020C', 21 );
INSERT INTO turno  VALUES ('2022-05-09 12:21:17' , 'WUNOMN22A24A774D', '2022-05-09 16:21:17', '2022-05-09 12:21:17', NULL, NULL);
INSERT INTO prodotto  VALUES (730, '2022-05-11', '2022-05-09 12:21:17' , 16, NULL , 19 );
INSERT INTO prodotto  VALUES (731, NULL, '2022-05-09 12:21:17' , 50, NULL , 9 );
INSERT INTO prodotto  VALUES (732, '2022-05-14', '2022-05-09 12:21:17' , 32, NULL , 9 );
INSERT INTO prodotto  VALUES (733, '2022-05-28', '2022-05-09 12:21:17' , 32, NULL , 20 );
INSERT INTO prodotto  VALUES (734, '2022-05-30', '2022-05-09 12:21:17' , 8, NULL , 20 );
INSERT INTO prodotto  VALUES (735, '2022-05-23', '2022-05-09 12:21:17' , 2, NULL , 13 );
INSERT INTO prodotto  VALUES (736, '2022-05-19', '2022-05-09 12:21:17' , 27, NULL , 27 );
INSERT INTO prodotto  VALUES (737, NULL, '2022-05-09 12:21:17' , 43, NULL , 15 );
INSERT INTO prodotto  VALUES (738, '2022-05-20', '2022-05-09 12:21:17' , 36, NULL , 12 );
INSERT INTO prodotto  VALUES (739, NULL, '2022-05-09 12:21:17' , 39, NULL , 8 );
INSERT INTO prodotto  VALUES (740, '2022-05-31', '2022-05-09 12:21:17' , 0, NULL , 13 );
INSERT INTO prodotto  VALUES (741, NULL, '2022-05-09 12:21:17' , 40, NULL , 30 );
INSERT INTO prodotto  VALUES (742, '2022-05-22', '2022-05-09 12:21:17' , 4, NULL , 14 );
INSERT INTO prodotto  VALUES (743, '2022-05-24', '2022-05-09 12:21:17' , 24, NULL , 18 );
INSERT INTO prodotto  VALUES (744, '2022-05-09', '2022-05-09 12:21:17' , 13, NULL , 0 );
INSERT INTO appuntamento  VALUES ('2022-05-12 16:44:18', 38,  -3 , 'QMWZFC66P08D504S', 2 );
INSERT INTO turno  VALUES ('2022-05-12 16:44:18' , 'IYKGLN25H63A960G', '2022-05-12 20:44:18', '2022-05-12 16:44:18', NULL, NULL);
INSERT INTO prodotto  VALUES (745, '2022-05-14', '2022-05-12 16:44:18' , 7, NULL , 14 );
INSERT INTO prodotto  VALUES (746, '2022-05-19', '2022-05-12 16:44:18' , 16, NULL , 31 );
INSERT INTO prodotto  VALUES (747, NULL, '2022-05-12 16:44:18' , 45, NULL , 13 );
INSERT INTO prodotto  VALUES (748, '2022-05-24', '2022-05-12 16:44:18' , 24, NULL , 13 );
INSERT INTO prodotto  VALUES (749, '2022-05-31', '2022-05-12 16:44:18' , 27, NULL , 22 );
INSERT INTO prodotto  VALUES (750, '2022-05-25', '2022-05-12 16:44:18' , 4, NULL , 29 );
INSERT INTO prodotto  VALUES (751, '2022-05-29', '2022-05-12 16:44:18' , 2, NULL , 24 );
INSERT INTO prodotto  VALUES (752, NULL, '2022-05-12 16:44:18' , 40, NULL , 17 );
INSERT INTO prodotto  VALUES (753, NULL, '2022-05-12 16:44:18' , 42, NULL , 19 );
INSERT INTO prodotto  VALUES (754, '2022-05-14', '2022-05-12 16:44:18' , 18, NULL , 25 );
INSERT INTO prodotto  VALUES (755, '2022-05-18', '2022-05-12 16:44:18' , 29, NULL , 19 );
INSERT INTO prodotto  VALUES (756, '2022-05-17', '2022-05-12 16:44:18' , 18, NULL , 16 );
INSERT INTO prodotto  VALUES (757, '2022-05-16', '2022-05-12 16:44:18' , 36, NULL , 24 );
INSERT INTO prodotto  VALUES (758, NULL, '2022-05-12 16:44:18' , 51, NULL , 30 );
INSERT INTO prodotto  VALUES (759, NULL, '2022-05-12 16:44:18' , 40, NULL , 1 );
INSERT INTO appuntamento  VALUES ('2022-05-24 13:52:31', 45,  6 , 'YDTLFH03P53B120R', 12 );
INSERT INTO turno  VALUES ('2022-05-24 13:52:31' , 'ZBPSOV86M45C908X', '2022-05-24 17:52:31', '2022-05-24 13:52:31', NULL, NULL);
INSERT INTO prodotto  VALUES (760, '2022-05-29', '2022-05-24 13:52:31' , 26, NULL , 0 );
INSERT INTO prodotto  VALUES (761, '2022-05-31', '2022-05-24 13:52:31' , 25, NULL , 3 );
INSERT INTO prodotto  VALUES (762, NULL, '2022-05-24 13:52:31' , 42, NULL , 10 );
INSERT INTO prodotto  VALUES (763, '2022-05-26', '2022-05-24 13:52:31' , 1, NULL , 25 );
INSERT INTO prodotto  VALUES (764, '2022-05-31', '2022-05-24 13:52:31' , 19, NULL , 31 );
INSERT INTO prodotto  VALUES (765, '2022-05-27', '2022-05-24 13:52:31' , 20, NULL , 1 );
INSERT INTO prodotto  VALUES (766, '2022-05-26', '2022-05-24 13:52:31' , 3, NULL , 32 );
INSERT INTO prodotto  VALUES (767, NULL, '2022-05-24 13:52:31' , 41, NULL , 30 );
INSERT INTO prodotto  VALUES (768, '2022-05-31', '2022-05-24 13:52:31' , 28, NULL , 9 );
INSERT INTO prodotto  VALUES (769, '2022-05-27', '2022-05-24 13:52:31' , 15, NULL , 34 );
INSERT INTO prodotto  VALUES (770, '2022-05-29', '2022-05-24 13:52:31' , 10, NULL , 28 );
INSERT INTO prodotto  VALUES (771, NULL, '2022-05-24 13:52:31' , 39, NULL , 12 );
INSERT INTO prodotto  VALUES (772, '2022-05-26', '2022-05-24 13:52:31' , 27, NULL , 23 );
INSERT INTO prodotto  VALUES (773, NULL, '2022-05-24 13:52:31' , 39, NULL , 16 );
INSERT INTO prodotto  VALUES (774, '2022-05-28', '2022-05-24 13:52:31' , 0, NULL , 18 );
