set search_path to socialMarket;


INSERT INTO ente  VALUES (0 , 'Cristoforetti SPA','Stretto Ravaglioli, 63
89040, Cimina (RC)');
INSERT INTO ente  VALUES (1 , 'Pennetta-Versace s.r.l.','Stretto Mariana, 87 Piano 4
63826, Moresco (FM)');
INSERT INTO ente  VALUES (2 , 'Guicciardini, Poerio e Mastandrea Group','Rotonda Boldù, 151
87044, Cerisano (CS)');
INSERT INTO ente  VALUES (3 , 'Salata, Colletti e Cantimori s.r.l.','Contrada Romolo, 91
28824, Gonte (VB)');
INSERT INTO ente  VALUES (4 , 'Treccani s.r.l.','Piazza Mondaini, 3
56011, Montemagno (PI)');
INSERT INTO ente  VALUES (5 , 'Cuomo, Borroni e Zichichi Group','Contrada Scarlatti, 13
95125, Barriera Del Bosco (CT)');
INSERT INTO ente  VALUES (6 , 'Pedroni, Gaggini e Trevisani e figli','Via Fredo, 713
08035, Nurri (CA)');
INSERT INTO ente  VALUES (7 , 'Ariasso, Fornaciari e Camilleri s.r.l.','Canale Montalti, 59 Piano 3
86085, Pietrabbondante (IS)');
INSERT INTO ente  VALUES (8 , 'Casagrande, Palmisano e Nolcini s.r.l.','Vicolo Milena, 80
07033, Santa Vittoria (SS)');
INSERT INTO ente  VALUES (9 , 'Endrizzi, Ruberto e Borzomì s.r.l.','Via Antonia, 86
32041, Auronzo Di Cadore (BL)');
INSERT INTO ente  VALUES (10 , 'Nonis-Sermonti Group','Viale Scalfaro, 121 Piano 0
88813, Ciro (KR)');
INSERT INTO ente  VALUES (11 , 'Pennetta-Venditti Group','Viale Montanari, 211 Appartamento 28
28816, Intragna (VB)');
INSERT INTO ente  VALUES (12 , 'Federico-Vittadello s.r.l.','Vicolo Raffaella, 576
84042, Acerno (SA)');
INSERT INTO ente  VALUES (13 , 'Malpighi-Collodi SPA','Contrada Etta, 47
42027, Montecchio Emilia (RE)');
INSERT INTO ente  VALUES (14 , 'Ferrari s.r.l.','Vicolo Marcello, 47
84086, Casali Di Roccapiemonte (SA)');
INSERT INTO ente  VALUES (15 , 'Galtarossa, Chiappetta e Petrassi e figl','Viale Teresa, 26 Piano 1
71037, Monte SantAngelo (FG)');
INSERT INTO ente  VALUES (16 , 'Bassi Group','Rotonda Callegaro, 5
98153, Messina (ME)');
INSERT INTO ente  VALUES (17 , 'Badoglio, Govoni e Guarneri s.r.l.','Viale Conti, 37
71026, Deliceto (FG)');
INSERT INTO ente  VALUES (18 , 'Polizzi, Boito e Pederiva s.r.l.','Via Flora, 495 Appartamento 74
81021, Arienzo (CE)');
INSERT INTO ente  VALUES (19 , 'Bernini-Tamborini SPA','Via Querini, 80 Appartamento 0
36024, Mossano (VI)');


INSERT INTO volontario  VALUES ('BCRVAC07C51F101F', 'Dante', 'Barese', '1997-07-02', 'Macerata Feltria', '1443754661350', 'Others', NULL , 'trasporto , ricezione', 'Venerdì mattina ' );
INSERT INTO volontario  VALUES ('JDUIBS32S58L613P', 'Eliana', 'Micca', '1975-12-28', 'Terricciola', '0208855819686', 'F', NULL , 'supervisione , trasporto , ricezione', NULL );
INSERT INTO volontario  VALUES ('DQDSSE01A04L484J', 'Pompeo', 'Martucci', '1960-04-26', 'Rivarola', '5049174325086', 'Others', NULL , 'ricezione , trasporto , supervisione', NULL );
INSERT INTO volontario  VALUES ('FMZUMA57C42H588L', 'Chiara', 'Pincherle', '1959-07-15', 'Pagani', '5923344998863', 'M', 'Wagon , Pickup' , NULL, NULL );
INSERT INTO volontario  VALUES ('TXJEZP07T60H314X', 'Vanessa', 'Brunello', '1962-08-25', 'Granaglione', '9663955455838', 'Others', NULL , 'supervisione , trasporto', NULL );
INSERT INTO volontario  VALUES ('NAEGBH95P41B282Q', 'Isa', 'Tamburello', '2000-06-15', 'Supersano', '5363253750955', 'F', NULL , 'supervisione', NULL );
INSERT INTO volontario  VALUES ('WVUPDI33A22C494G', 'Adriana', 'Giolitti', '1975-08-19', 'Arten', '7623564618237', 'Others', 'Coupe , SUV' , NULL, NULL );
INSERT INTO volontario  VALUES ('TSUUWR79M04C354B', 'Filippo', 'Anguillara', '2002-12-20', 'Collina Santa Maria Nuova', '9602949736821', 'Others', 'Pickup' , NULL, NULL );
INSERT INTO volontario  VALUES ('GLBXZN18S43B720H', 'Benvenuto', 'Duodo', '1982-10-11', 'Valgioie', '8222028972271', 'Others', 'Pickup , Sedan' , NULL, 'Martedì mattina  , Lunedì pomeriggio' );
INSERT INTO volontario  VALUES ('WSPTTO56B51L784D', 'Simonetta', 'Brugnaro', '1992-09-11', 'Filogaso', '4457256216007', 'F', 'Wagon' , 'ricezione', NULL );
INSERT INTO volontario  VALUES ('WYAEYP24C23D416L', 'Tiziana', 'Interminelli', '2000-09-21', 'Chiusa Di San Michele', '9073081336652', 'F', 'Wagon' , 'supervisione', NULL );
INSERT INTO volontario  VALUES ('QTYFDR66E09A811T', 'Flavia', 'Surian', '1990-09-22', 'Torre A Mare', '3314710223382', 'M', 'MiniVan , Pickup' , NULL, 'Lunedì pomeriggio , Mercoledì mattina ' );
INSERT INTO volontario  VALUES ('MZVEMM11C02B203H', 'Gianmarco', 'Bernardi', '1987-09-11', 'Arce', '9432983516084', 'M', 'Sedan' , 'supervisione , trasporto , ricezione', 'Giovedì mattina ' );
INSERT INTO volontario  VALUES ('OIVNYL39L23M290D', 'Morena', 'Ughi', '1998-08-10', 'Vas', '4188172296927', 'M', 'Wagon , Coupe' , 'supervisione , trasporto', NULL );
INSERT INTO volontario  VALUES ('WZGYXD31L65H566E', 'Anita', 'Santoro', '1970-09-24', 'Cirie', '8855722656306', 'F', 'MiniVan , Sedan' , 'ricezione , supervisione', NULL );
INSERT INTO volontario  VALUES ('NZIQGP41H19F987C', 'Gino', 'Pietrangeli', '2000-07-05', 'Mompantero', '5034387653970', 'Others', NULL , 'ricezione , trasporto', NULL );
INSERT INTO volontario  VALUES ('TTQEJU73H01L199G', 'Annibale', 'Rubbia', '1970-05-27', 'Peschiera Borromeo', '5894928419976', 'M', NULL , 'supervisione , ricezione', 'Mercoledì pomeriggio' );
INSERT INTO volontario  VALUES ('NYACBS53A53A303E', 'Costantino', 'Serlupi', '1993-04-05', 'Bersone', '5266144849096', 'Others', 'Pickup' , 'trasporto , ricezione', 'Sabato mattina  , Mercoledì pomeriggio' );
INSERT INTO volontario  VALUES ('WSYCKC85S14H795G', 'Martina', 'Taccola', '1959-05-13', 'Molinaccio', '3689837293968', 'Others', 'Coupe' , NULL, 'Martedì mattina  , Sabato mattina ' );
INSERT INTO volontario  VALUES ('BWHWYG86S10H427J', 'Raffaellino', 'Guariento', '1994-12-12', 'Badia Calavena', '0989228918125', 'Others', 'Van' , 'ricezione , supervisione', 'Martedì pomeriggio , Giovedì pomeriggio' );
INSERT INTO volontario  VALUES ('ILYHTB65A25H030U', 'Gemma', 'Brancaccio', '1968-06-20', 'Mormorola', '5449353269215', 'F', NULL , 'ricezione', NULL );
INSERT INTO volontario  VALUES ('WGLAYO82D58I582A', 'Lauretta', 'Tornatore', '1966-03-28', 'Ranzano', '6004530622287', 'M', 'MiniVan' , 'ricezione', NULL );
INSERT INTO volontario  VALUES ('ULKUBL65B18G364Y', 'Gioacchino', 'Venditti', '2001-10-07', 'Castelletto Sopra Ticino', '5131056521933', 'F', 'Van , Wagon' , 'trasporto', 'Sabato mattina  , Giovedì pomeriggio' );
INSERT INTO volontario  VALUES ('HCOTPT91B11M103J', 'Roberta', 'Morandini', '1962-12-13', 'Cola Di Lazise', '6697930781862', 'F', 'MiniVan , Van' , 'supervisione , trasporto , ricezione', NULL );
INSERT INTO volontario  VALUES ('YITVMW42P46L144I', 'Roberta', 'Iacovelli', '1976-01-23', 'Chiarano', '4563564008115', 'M', NULL , 'supervisione , trasporto , ricezione', NULL );
INSERT INTO volontario  VALUES ('TYFHWX68H59I376Y', 'Emilio', 'Vitturi', '1978-08-05', 'Banzano', '3039759008316', 'F', 'Wagon' , 'supervisione , ricezione , trasporto', 'Martedì mattina ' );
INSERT INTO volontario  VALUES ('HWJOVR88A05B889J', 'Michele', 'Borsellino', '2000-01-19', 'Nizza Di Sicilia', '3860913568918', 'F', 'Van' , 'ricezione', NULL );
INSERT INTO volontario  VALUES ('NNRRVM80B09G131Z', 'Berenice', 'Pavone', '2000-06-06', 'Arlena Di Castro', '4867282930807', 'M', 'Coupe , MiniVan' , NULL, NULL );
INSERT INTO volontario  VALUES ('QHPHWD98A10E437J', 'Pomponio', 'Littizzetto', '1959-06-20', 'Villanova Santa Margherita', '6444650422974', 'Others', 'SUV , Pickup' , 'ricezione', 'Sabato mattina  , Lunedì pomeriggio' );
INSERT INTO volontario  VALUES ('NWVKWU40L46E685U', 'Alberto', 'Curci', '1990-03-05', 'Monteciccardo', '7263638516298', 'Others', NULL , NULL, NULL );
INSERT INTO volontario  VALUES ('JWPWLZ36R08L259X', 'Monica', 'Beffa', '1998-10-04', 'Madonna Di Pugliano', '4842934184414', 'M', NULL , 'ricezione', 'Giovedì mattina  , Martedì mattina ' );
INSERT INTO volontario  VALUES ('GWJMNR18B02A159Q', 'Caterina', 'Vespa', '1997-12-19', 'San Giovanni Ilarione', '9256008599392', 'Others', NULL , NULL, 'Mercoledì mattina  , Martedì mattina ' );
INSERT INTO volontario  VALUES ('BVWFFU13E06B696S', 'Gianpietro', 'Cuda', '1985-03-23', 'San Martino Di Lupari', '6000138662860', 'F', NULL , 'supervisione , trasporto', 'Sabato mattina  , Mercoledì mattina ' );
INSERT INTO volontario  VALUES ('JJGPGW62L62M354G', 'Donna', 'Platini', '1970-07-21', 'Selvena', '6773460553841', 'Others', 'SUV' , 'supervisione , trasporto , ricezione', NULL );
INSERT INTO volontario  VALUES ('XOPSQY08H05I143S', 'Tullio', 'Moretti', '1986-01-06', 'Mezzano Superiore', '7303541122881', 'F', 'Van' , NULL, 'Mercoledì pomeriggio , Lunedì mattina ' );
INSERT INTO volontario  VALUES ('RWQFCG75A16L881Z', 'Aria', 'Alfonsi', '1966-07-14', 'Arigliano', '4302468712077', 'M', NULL , 'trasporto , supervisione', 'Lunedì pomeriggio , Martedì pomeriggio' );
INSERT INTO volontario  VALUES ('OGLIHZ13P46E391M', 'Nino', 'Ruggeri', '1965-01-13', 'San Marcello', '1339304408638', 'F', NULL , NULL, 'Mercoledì pomeriggio' );
INSERT INTO volontario  VALUES ('VDZDOX55R02E809S', 'Donatello', 'Trapani', '2001-10-03', 'San Michele', '1487940065096', 'Others', NULL , 'ricezione , supervisione', 'Lunedì pomeriggio' );
INSERT INTO volontario  VALUES ('SWBFVR36T50F904E', 'Laura', 'Fieramosca', '1968-06-17', 'Rose', '1395463542871', 'M', 'Pickup' , 'supervisione , ricezione', 'Mercoledì pomeriggio' );
INSERT INTO volontario  VALUES ('XBJDBY24P56B306Z', 'Romeo', 'Gaiatto', '1989-04-08', 'Torrio Sopra', '8808963196180', 'Others', 'Pickup' , 'supervisione , trasporto , ricezione', NULL );
INSERT INTO volontario  VALUES ('JXLGLZ15E17I390K', 'Alfio', 'Treves', '1969-08-17', 'SantOlcese', '1691715384142', 'M', 'Pickup' , NULL, 'Venerdì mattina  , Sabato mattina ' );
INSERT INTO volontario  VALUES ('DMUIKA41R68E410Z', 'Santino', 'Vigliotti', '1997-08-13', 'Cistio', '8730812523481', 'M', 'Wagon' , NULL, 'Lunedì pomeriggio , Venerdì pomeriggio' );
INSERT INTO volontario  VALUES ('JWTVJM40H01A528P', 'Mauro', 'Botta', '1992-09-02', 'Ca Della Terra', '3569014733352', 'Others', 'Sedan , SUV' , 'supervisione , ricezione', NULL );
INSERT INTO volontario  VALUES ('WTJODF94R03E240M', 'Stefano', 'Raimondi', '1970-03-05', 'Condofuri Marina', '9682187505448', 'Others', 'Sedan' , 'trasporto', 'Sabato pomeriggio , Venerdì mattina ' );
INSERT INTO volontario  VALUES ('FIRQCO50L54F543U', 'Santino', 'Interiano', '1959-08-09', 'Cartoceto', '0988124540236', 'M', 'MiniVan' , 'trasporto , supervisione', NULL );
INSERT INTO volontario  VALUES ('KBZWWF13H08G487Y', 'Giuseppina', 'Antonacci', '1995-12-24', 'Vagli Sopra', '1990191761060', 'Others', 'Wagon , Sedan' , 'trasporto , supervisione , ricezione', 'Venerdì mattina ' );
INSERT INTO volontario  VALUES ('TSYFSM17D49L097G', 'Oreste', 'Sanudo', '1964-11-01', 'Gardone Val Trompia', '4934018844756', 'Others', 'Van , MiniVan' , 'ricezione', 'Venerdì pomeriggio , Sabato pomeriggio' );
INSERT INTO volontario  VALUES ('DMRAWX61L08H087O', 'Enrico', 'Errani', '1965-09-15', 'Borgo Gesso', '4701412467704', 'Others', NULL , 'supervisione', 'Lunedì mattina ' );
INSERT INTO volontario  VALUES ('CYCPWW99R28G676N', 'Giovanni', 'Grimani', '1978-03-09', 'Avatanei', '2365315597447', 'F', 'Van' , NULL, NULL );
INSERT INTO volontario  VALUES ('SFNCKC70S42M369X', 'Paloma', 'Filippini', '1998-09-03', 'Finale', '2344385044053', 'F', NULL , 'trasporto , supervisione', 'Lunedì mattina ' );


INSERT INTO collegato  VALUES (19,'OIVNYL39L23M290D');
INSERT INTO collegato  VALUES (16,'TXJEZP07T60H314X');
INSERT INTO collegato  VALUES (18,'QTYFDR66E09A811T');
INSERT INTO collegato  VALUES (0,'OGLIHZ13P46E391M');
INSERT INTO collegato  VALUES (2,'WSYCKC85S14H795G');
INSERT INTO collegato  VALUES (5,'JWTVJM40H01A528P');
INSERT INTO collegato  VALUES (2,'ULKUBL65B18G364Y');
INSERT INTO collegato  VALUES (0,'TXJEZP07T60H314X');
INSERT INTO collegato  VALUES (11,'TYFHWX68H59I376Y');
INSERT INTO collegato  VALUES (19,'DQDSSE01A04L484J');
INSERT INTO collegato  VALUES (0,'TSUUWR79M04C354B');
INSERT INTO collegato  VALUES (6,'DMRAWX61L08H087O');
INSERT INTO collegato  VALUES (14,'BCRVAC07C51F101F');
INSERT INTO collegato  VALUES (12,'CYCPWW99R28G676N');
INSERT INTO collegato  VALUES (1,'KBZWWF13H08G487Y');
INSERT INTO collegato  VALUES (17,'SFNCKC70S42M369X');
INSERT INTO collegato  VALUES (6,'QTYFDR66E09A811T');
INSERT INTO collegato  VALUES (13,'WVUPDI33A22C494G');
INSERT INTO collegato  VALUES (14,'WVUPDI33A22C494G');
INSERT INTO collegato  VALUES (6,'ULKUBL65B18G364Y');
INSERT INTO collegato  VALUES (1,'JWTVJM40H01A528P');
INSERT INTO collegato  VALUES (19,'HCOTPT91B11M103J');
INSERT INTO collegato  VALUES (18,'QHPHWD98A10E437J');
INSERT INTO collegato  VALUES (2,'VDZDOX55R02E809S');
INSERT INTO collegato  VALUES (9,'HWJOVR88A05B889J');
INSERT INTO collegato  VALUES (12,'RWQFCG75A16L881Z');
INSERT INTO collegato  VALUES (17,'YITVMW42P46L144I');
INSERT INTO collegato  VALUES (6,'SFNCKC70S42M369X');
INSERT INTO collegato  VALUES (18,'WZGYXD31L65H566E');
INSERT INTO collegato  VALUES (0,'BWHWYG86S10H427J');
INSERT INTO collegato  VALUES (5,'NZIQGP41H19F987C');
INSERT INTO collegato  VALUES (0,'WTJODF94R03E240M');
INSERT INTO collegato  VALUES (12,'KBZWWF13H08G487Y');
INSERT INTO collegato  VALUES (14,'BWHWYG86S10H427J');
INSERT INTO collegato  VALUES (13,'OGLIHZ13P46E391M');
INSERT INTO collegato  VALUES (17,'GWJMNR18B02A159Q');
INSERT INTO collegato  VALUES (15,'QTYFDR66E09A811T');
INSERT INTO collegato  VALUES (5,'WVUPDI33A22C494G');
INSERT INTO collegato  VALUES (2,'HCOTPT91B11M103J');
INSERT INTO collegato  VALUES (7,'XOPSQY08H05I143S');
INSERT INTO collegato  VALUES (10,'ILYHTB65A25H030U');
INSERT INTO collegato  VALUES (17,'WGLAYO82D58I582A');
INSERT INTO collegato  VALUES (6,'CYCPWW99R28G676N');
INSERT INTO collegato  VALUES (7,'QTYFDR66E09A811T');
INSERT INTO collegato  VALUES (6,'WTJODF94R03E240M');
INSERT INTO collegato  VALUES (9,'JWTVJM40H01A528P');
INSERT INTO collegato  VALUES (5,'XOPSQY08H05I143S');
INSERT INTO collegato  VALUES (3,'WSYCKC85S14H795G');
INSERT INTO collegato  VALUES (15,'RWQFCG75A16L881Z');
INSERT INTO collegato  VALUES (2,'YITVMW42P46L144I');


BEGIN;
INSERT INTO carta_cliente  VALUES (0 , 'VTRWJS69B55G972X','44','2', '1', '2');
INSERT INTO familiare  VALUES ('VTRWJS69B55G972X','Vincenza','Pirandello', '1985-12-10', 'Pantelleria', '1561762146666', 'Others', '0');
INSERT INTO familiare  VALUES ('TUICJC50A06A651X','Enrico','Pirandello', '2012-10-18', 'Usseglio', '5753883186445', 'F', '0');
INSERT INTO familiare  VALUES ('MXMBYZ82P28I532B','Enzio','Pirandello', '2014-04-01', 'Montebuono', '3995209130532', 'F', '0');
INSERT INTO familiare  VALUES ('UULCUH66E59M052O','Vincentio','Pirandello', '1943-07-15', 'Piansano', '6102550101146', 'M', '0');
INSERT INTO familiare  VALUES ('QXCDEQ73B61I921P','Geronimo','Pirandello', '1930-01-25', 'Fematre', '0793052025163', 'Others', '0');
COMMIT;

BEGIN;
INSERT INTO carta_cliente  VALUES (1 , 'RHUBTO80A65D711Q','4','0', '2', '0');
INSERT INTO familiare  VALUES ('RHUBTO80A65D711Q','Lolita','Borromini', '1986-11-18', 'Faro Superiore', '3194185134100', 'F', '1');
INSERT INTO familiare  VALUES ('KSEVSZ36D04I484U','Germana','Borromini', '1958-12-12', 'Pastorello', '6285289432520', 'Others', '1');
COMMIT;

BEGIN;
INSERT INTO carta_cliente  VALUES (2 , 'ESPTQA72R15L588R','1','0', '1', '6');
INSERT INTO familiare  VALUES ('ESPTQA72R15L588R','Dolores','Borzomì', '1985-01-25', 'Crispano', '9866286273653', 'F', '2');
INSERT INTO familiare  VALUES ('JWXBBV26M42I953N','Bettina','Borzomì', '1947-03-14', 'Messignadi', '6526858370263', 'M', '2');
INSERT INTO familiare  VALUES ('DBDCNQ65B50M315I','Nicola','Borzomì', '1938-09-25', 'San Bartolomeo Val Cavargna', '9439327202423', 'F', '2');
INSERT INTO familiare  VALUES ('DTDRIG54H48H195F','Marcella','Borzomì', '1945-11-24', 'San Giorio', '5359972231910', 'F', '2');
INSERT INTO familiare  VALUES ('GOECCC99D02D123X','Francesca','Borzomì', '1931-11-10', 'Casellina', '1141807659355', 'F', '2');
INSERT INTO familiare  VALUES ('PJEBIG94B03G632E','Raffaella','Borzomì', '1954-11-04', 'San Benedetto Del Tronto', '0484738708870', 'Others', '2');
INSERT INTO familiare  VALUES ('FISQVU69M09E219R','Vincenzo','Borzomì', '1929-12-10', 'Vodo Cadore', '3507421874885', 'M', '2');
COMMIT;

BEGIN;
INSERT INTO carta_cliente  VALUES (3 , 'YSXYEP94E45I350F','47','1', '2', '3');
INSERT INTO familiare  VALUES ('YSXYEP94E45I350F','Piersanti','Falloppio', '1970-02-03', 'Ortignano Raggiolo', '4957146380651', 'Others', '3');
INSERT INTO familiare  VALUES ('OVOUBN50C08H122X','Paolo','Falloppio', '2015-07-22', 'Urbania', '9606855810647', 'M', '3');
INSERT INTO familiare  VALUES ('ZKDGDQ33T10B741N','Raimondo','Falloppio', '1990-03-10', 'SantAndrea Di Conza', '2837566592012', 'Others', '3');
INSERT INTO familiare  VALUES ('SUUWRT85P51G843J','Marisa','Falloppio', '1956-08-21', 'San Leonardo In Passiria', '5111907023582', 'F', '3');
INSERT INTO familiare  VALUES ('BHVMVI04H03L335G','Cipriano','Falloppio', '1955-11-14', 'Cignone', '3231860700287', 'M', '3');
INSERT INTO familiare  VALUES ('IUXWBQ16P09F889D','Giampiero','Falloppio', '1930-05-15', 'San Mauro A Signa', '6816252413491', 'Others', '3');
COMMIT;

BEGIN;
INSERT INTO carta_cliente  VALUES (4 , 'ZQTPTW75A10F312R','22','1', '3', '0');
INSERT INTO familiare  VALUES ('ZQTPTW75A10F312R','Ranieri','Nitto', '1999-07-02', 'Monte Antico', '5502525992094', 'M', '4');
INSERT INTO familiare  VALUES ('HMRBMX98D19E134X','Dino','Nitto', '2018-06-18', 'Emarese', '2584203784934', 'M', '4');
INSERT INTO familiare  VALUES ('KUHYFK19S25G786M','Lamberto','Nitto', '1985-05-04', 'Lajen', '8487871022408', 'M', '4');
INSERT INTO familiare  VALUES ('ESTYIX31D44F382E','Giovanna','Nitto', '1996-06-10', 'Gualdo Cattaneo', '1152560597069', 'Others', '4');
COMMIT;

BEGIN;
INSERT INTO carta_cliente  VALUES (5 , 'OXDTOM78A68E753L','36','3', '3', '1');
INSERT INTO familiare  VALUES ('OXDTOM78A68E753L','Lando','Nugnes', '1988-05-28', 'San Vito Dei Lombardi', '7696238348965', 'M', '5');
INSERT INTO familiare  VALUES ('CZFFRD31B55M141X','Rodolfo','Nugnes', '2006-07-01', 'Grancia', '5269363011475', 'Others', '5');
INSERT INTO familiare  VALUES ('DAZIOZ83S48A708L','Rocco','Nugnes', '2015-09-14', 'Piscina', '6391496514748', 'M', '5');
INSERT INTO familiare  VALUES ('OJZQNC79E42I720X','Isa','Nugnes', '2013-10-09', 'Casavecchia', '0116588564450', 'Others', '5');
INSERT INTO familiare  VALUES ('JSREIF71R59H891G','Elvira','Nugnes', '1985-02-08', 'Mandia Di Ascea', '1803067235350', 'F', '5');
INSERT INTO familiare  VALUES ('DZLOYH83T67E868G','Massimiliano','Nugnes', '1970-01-24', 'Venezia', '2457351796199', 'Others', '5');
INSERT INTO familiare  VALUES ('IHEOYD41H18F566G','Gilberto','Nugnes', '1947-03-22', 'Limana', '8069765334299', 'Others', '5');
COMMIT;

BEGIN;
INSERT INTO carta_cliente  VALUES (6 , 'LTLZOX91H09D229V','24','1', '1', '1');
INSERT INTO familiare  VALUES ('LTLZOX91H09D229V','Giada','Ginesio', '1969-11-21', 'Rivello', '1205362134948', 'Others', '6');
INSERT INTO familiare  VALUES ('PGKVYP02M56E288S','Renata','Ginesio', '2016-01-07', 'Roure', '9679306007849', 'Others', '6');
INSERT INTO familiare  VALUES ('SYRLXZ59H13H230M','Cecilia','Ginesio', '1934-04-25', 'Santa Lucia In Consilvano', '5035679816810', 'M', '6');
COMMIT;

BEGIN;
INSERT INTO carta_cliente  VALUES (7 , 'EQKIGI98T03I073B','11','3', '1', '1');
INSERT INTO familiare  VALUES ('EQKIGI98T03I073B','Etta','Bottaro', '1995-01-30', 'Ca Raffaello', '9887805443723', 'F', '7');
INSERT INTO familiare  VALUES ('ZIRCDB05M21E769T','Tonia','Bottaro', '2015-11-13', 'Cursi', '1725723626078', 'M', '7');
INSERT INTO familiare  VALUES ('TBOFSA24R03I361K','Tiziana','Bottaro', '2011-01-10', 'Quarto DAltino', '5975476369701', 'M', '7');
INSERT INTO familiare  VALUES ('XMMNGI74S52B648R','Giulietta','Bottaro', '2011-06-26', 'Cossignano', '5499550668848', 'Others', '7');
INSERT INTO familiare  VALUES ('NPAZRJ59B06M196V','Giancarlo','Bottaro', '1942-10-13', 'Montefalcone Nel Sannio', '2123542328199', 'Others', '7');
COMMIT;

BEGIN;
INSERT INTO carta_cliente  VALUES (8 , 'CASAWE20H13G202L','16','0', '2', '1');
INSERT INTO familiare  VALUES ('CASAWE20H13G202L','Antonino','Scarpa', '1977-07-29', 'Germasino', '0165311276614', 'M', '8');
INSERT INTO familiare  VALUES ('JGBQCR63L28L605R','Priscilla','Scarpa', '1981-08-22', 'Torre A Mare', '6721611619220', 'M', '8');
INSERT INTO familiare  VALUES ('OAIOHP38M14D731M','Veronica','Scarpa', '1937-09-07', 'Regina', '4635428132329', 'Others', '8');
COMMIT;

BEGIN;
INSERT INTO carta_cliente  VALUES (9 , 'DKMDLC56R23F747T','6','2', '1', '1');
INSERT INTO familiare  VALUES ('DKMDLC56R23F747T','Pompeo','Mocenigo', '2002-02-18', 'San Nicolo LArena', '6908034808324', 'F', '9');
INSERT INTO familiare  VALUES ('VWKAIE69R03L298K','Tonino','Mocenigo', '2012-01-06', 'Villaberza', '6891655950335', 'M', '9');
INSERT INTO familiare  VALUES ('OBMDYS17A66M421X','Alfredo','Mocenigo', '2012-06-08', 'Murgetta', '5318428740727', 'M', '9');
INSERT INTO familiare  VALUES ('XGEYQV47R03B676E','Aria','Mocenigo', '1931-12-06', 'Bundschen', '8650311677495', 'F', '9');
COMMIT;

BEGIN;
INSERT INTO carta_cliente  VALUES (10 , 'SYXPJC99M51H507H','14','0', '3', '0');
INSERT INTO familiare  VALUES ('SYXPJC99M51H507H','Rosina','Raurica', '1993-11-22', 'Pichl', '9058645089888', 'Others', '10');
INSERT INTO familiare  VALUES ('SHPYOW08L63D661Z','Gioffre','Raurica', '1984-04-03', 'Gasponi', '9716987040113', 'F', '10');
INSERT INTO familiare  VALUES ('HUNSAF17R18I800O','Allegra','Raurica', '2004-03-30', 'Musestre', '7444896396002', 'F', '10');
COMMIT;

BEGIN;
INSERT INTO carta_cliente  VALUES (11 , 'WLCZQC48E04D103M','22','0', '5', '0');
INSERT INTO familiare  VALUES ('WLCZQC48E04D103M','Orlando','Volta', '1961-10-06', 'Barbian', '5663239357187', 'M', '11');
INSERT INTO familiare  VALUES ('XATYTX78S22I721P','Pina','Volta', '1959-10-01', 'Sano', '3947880656948', 'F', '11');
INSERT INTO familiare  VALUES ('IKNYFV09T10E488R','Marcella','Volta', '2002-04-01', 'Merici', '3436418956881', 'F', '11');
INSERT INTO familiare  VALUES ('NFXMLY13S67B389J','Gioacchino','Volta', '1970-02-18', 'Beaulard', '9709040854845', 'Others', '11');
INSERT INTO familiare  VALUES ('HMTQHQ09H42I878Z','Sole','Volta', '1982-12-06', 'Giuncarico', '7883638385267', 'F', '11');
COMMIT;

BEGIN;
INSERT INTO carta_cliente  VALUES (12 , 'OKJTFO10T52I486W','60','0', '2', '1');
INSERT INTO familiare  VALUES ('OKJTFO10T52I486W','Luca','Barcella', '1959-07-28', 'Ponteceno', '3921144071469', 'F', '12');
INSERT INTO familiare  VALUES ('XMOUPH48H66L267Q','Gaspare','Barcella', '1986-10-21', 'SantAngelo A Cancelli', '1268543650057', 'Others', '12');
INSERT INTO familiare  VALUES ('VKQFWO43M28C606U','Mariano','Barcella', '1944-03-16', 'Costa Vescovato', '4814349519709', 'F', '12');
COMMIT;

BEGIN;
INSERT INTO carta_cliente  VALUES (13 , 'BQPOAT84S57B978C','23','5', '2', '0');
INSERT INTO familiare  VALUES ('BQPOAT84S57B978C','Gianpietro','Cicala', '1987-07-18', 'Guardia Sanframondi', '7416639202403', 'Others', '13');
INSERT INTO familiare  VALUES ('CJIMEW54C60E116V','Erika','Cicala', '2018-12-06', 'Cola', '1858216979355', 'M', '13');
INSERT INTO familiare  VALUES ('RVZSIC39H47C050Y','Lisa','Cicala', '2013-08-28', 'Lascari Scalo', '7305342395111', 'M', '13');
INSERT INTO familiare  VALUES ('FZLVNF97B11I367Z','Simone','Cicala', '2009-02-02', 'Oricola', '2436424382625', 'M', '13');
INSERT INTO familiare  VALUES ('VDQVNC72L19A346D','Lucio','Cicala', '2015-02-19', 'Scandicci', '2765159593241', 'Others', '13');
INSERT INTO familiare  VALUES ('ETTVWY40P04H046B','Beatrice','Cicala', '2007-12-13', 'Serra SantAbbondio', '3041660334170', 'M', '13');
INSERT INTO familiare  VALUES ('GTSPSM43H10A988I','Liliana','Cicala', '1969-08-17', 'Bibbona', '4472095708212', 'M', '13');
COMMIT;

BEGIN;
INSERT INTO carta_cliente  VALUES (14 , 'JZBWYN03S68H674C','54','0', '2', '0');
INSERT INTO familiare  VALUES ('JZBWYN03S68H674C','Mattia','Monte', '1984-04-29', 'Divieto', '6202279071815', 'F', '14');
INSERT INTO familiare  VALUES ('TKTEWM46E06L308W','Bruno','Monte', '1991-02-20', 'Centallo', '4634558077324', 'Others', '14');
COMMIT;

BEGIN;
INSERT INTO carta_cliente  VALUES (15 , 'AWRUQZ12S03M214A','4','2', '1', '1');
INSERT INTO familiare  VALUES ('AWRUQZ12S03M214A','Temistocle','Ubaldi', '2004-06-18', 'Moerna', '8802695380700', 'F', '15');
INSERT INTO familiare  VALUES ('MYAJBD65A08B112Y','Fiamma','Ubaldi', '2016-06-29', 'SantElia Fiumerapido', '4816333699510', 'Others', '15');
INSERT INTO familiare  VALUES ('UZQZKK09E24A112Q','Virginia','Ubaldi', '2006-08-17', 'Santa Valburga Ultimo', '8521711590372', 'F', '15');
INSERT INTO familiare  VALUES ('ZUPHEU48H51B963A','Dario','Ubaldi', '1952-02-15', 'Casier', '6745439779134', 'F', '15');
COMMIT;

BEGIN;
INSERT INTO carta_cliente  VALUES (16 , 'VTKDML27A23E136D','35','1', '2', '0');
INSERT INTO familiare  VALUES ('VTKDML27A23E136D','Ermes','Canova', '1987-04-20', 'Monte San Vigilio', '6377673848100', 'Others', '16');
INSERT INTO familiare  VALUES ('XCFBBS16A28E654Q','Ezio','Canova', '2015-04-30', 'Tolentino', '4252179064221', 'Others', '16');
INSERT INTO familiare  VALUES ('UCYQVM78E60F149V','Milena','Canova', '1976-09-15', 'Camoneone', '2605302589242', 'Others', '16');
COMMIT;

BEGIN;
INSERT INTO carta_cliente  VALUES (17 , 'IXSGKL90T18I152Q','11','1', '1', '5');
INSERT INTO familiare  VALUES ('IXSGKL90T18I152Q','Marissa','Piazzi', '1976-07-30', 'Ripapersico', '9230527648933', 'F', '17');
INSERT INTO familiare  VALUES ('HDFQRZ88S51F927P','Armando','Piazzi', '2009-11-08', 'Vallemaio', '2059301017962', 'F', '17');
INSERT INTO familiare  VALUES ('TRUBPQ07E41H013A','Paola','Piazzi', '1955-10-27', 'Cogolonchio', '4688797283625', 'M', '17');
INSERT INTO familiare  VALUES ('UQCNEH96H28D683I','Flavia','Piazzi', '1939-06-04', 'Cene', '0243380540550', 'M', '17');
INSERT INTO familiare  VALUES ('UIXUQQ70A41G371D','Carlo','Piazzi', '1944-09-11', 'In Via Gioiamia', '2353851842922', 'F', '17');
INSERT INTO familiare  VALUES ('VRYCMN03H20G076H','Patrizio','Piazzi', '1929-12-22', 'Santa Cristina', '8578682599674', 'M', '17');
INSERT INTO familiare  VALUES ('ZDKVQU52P27B346J','Lucrezia','Piazzi', '1933-12-16', 'Crosano', '0244545888756', 'F', '17');
COMMIT;

BEGIN;
INSERT INTO carta_cliente  VALUES (18 , 'HZDENR87H44G290L','19','1', '3', '1');
INSERT INTO familiare  VALUES ('HZDENR87H44G290L','Azeglio','Cendron', '1986-07-15', 'Mileo', '4625047015508', 'M', '18');
INSERT INTO familiare  VALUES ('RWDQMV27B55F443R','Elmo','Cendron', '2006-10-07', 'Zanano', '5145585662328', 'M', '18');
INSERT INTO familiare  VALUES ('OWTYIV50S26D222M','Melissa','Cendron', '2000-01-04', 'Tossignano', '2243448858948', 'Others', '18');
INSERT INTO familiare  VALUES ('DFXVVL31L02L570Y','Pierpaolo','Cendron', '2002-02-02', 'Bellante', '6311618573262', 'F', '18');
INSERT INTO familiare  VALUES ('YRIDHF95B62C853Z','Alderano','Cendron', '1940-09-18', 'Piazza Di Pandola', '1007905653787', 'Others', '18');
COMMIT;

BEGIN;
INSERT INTO carta_cliente  VALUES (19 , 'PDEKKL35S47E660F','10','2', '2', '0');
INSERT INTO familiare  VALUES ('PDEKKL35S47E660F','Valerio','Zola', '2001-11-18', 'Casali DAschi', '7689695182539', 'Others', '19');
INSERT INTO familiare  VALUES ('BQGLGZ97R66G459Y','Biagio','Zola', '2015-06-11', 'San Lorenzitto', '3080652026909', 'Others', '19');
INSERT INTO familiare  VALUES ('XFNMBJ53P05I743J','Pasquale','Zola', '2006-11-21', 'Altipiani Di Arcinazzo', '2226804981440', 'M', '19');
INSERT INTO familiare  VALUES ('ZGDJAL56M15A184V','Mercedes','Zola', '1979-04-30', 'Piavola', '9068926314717', 'Others', '19');
COMMIT;

BEGIN;
INSERT INTO carta_cliente  VALUES (20 , 'FEPRGJ32E46C521L','13','1', '6', '0');
INSERT INTO familiare  VALUES ('FEPRGJ32E46C521L','Domenico','Aulenti', '2004-06-10', 'Vermegliano', '7202965012313', 'Others', '20');
INSERT INTO familiare  VALUES ('NPGONL94S42A288R','Costantino','Aulenti', '2007-06-26', 'Bastia Mondovi', '3611956611044', 'F', '20');
INSERT INTO familiare  VALUES ('CROASX07H17C726R','Uberto','Aulenti', '1967-08-29', 'Cingia De Botti', '7061681971533', 'M', '20');
INSERT INTO familiare  VALUES ('RYQZJG01H19I151O','Sebastiano','Aulenti', '1959-02-06', 'Saletto', '4657896207401', 'M', '20');
INSERT INTO familiare  VALUES ('JQHHRP12A43H584F','Liliana','Aulenti', '1972-03-29', 'Camnago', '1758051182452', 'M', '20');
INSERT INTO familiare  VALUES ('SDYMCT27D53E134S','Ronaldo','Aulenti', '1963-08-13', 'Aurano', '1220485883989', 'F', '20');
INSERT INTO familiare  VALUES ('WSOBRZ20L68B631I','Tatiana','Aulenti', '1993-02-25', 'Su Linalvu', '2103935311954', 'Others', '20');
COMMIT;

BEGIN;
INSERT INTO carta_cliente  VALUES (21 , 'IVUFIA29E47H446D','45','2', '4', '0');
INSERT INTO familiare  VALUES ('IVUFIA29E47H446D','Sabatino','Goldstein', '1995-02-06', 'Colle Sestriere', '1599354819042', 'F', '21');
INSERT INTO familiare  VALUES ('SXAMMK79C49D499S','Girolamo','Goldstein', '2017-12-01', 'Borzonasca', '2551113280881', 'Others', '21');
INSERT INTO familiare  VALUES ('WDINQX44L12H096L','Emma','Goldstein', '2017-11-10', 'Rutigliano', '6911149646027', 'Others', '21');
INSERT INTO familiare  VALUES ('EBZVPY82C25D260H','Antonietta','Goldstein', '1990-07-14', 'Bibiana', '5960607107438', 'Others', '21');
INSERT INTO familiare  VALUES ('WXZHIS15E12C107V','Erika','Goldstein', '2004-10-05', 'Lu Impostu', '3650595605337', 'F', '21');
INSERT INTO familiare  VALUES ('UYRJRT93R13A809I','Bettina','Goldstein', '1961-12-27', 'Poppino', '0229314157088', 'F', '21');
COMMIT;

BEGIN;
INSERT INTO carta_cliente  VALUES (22 , 'LYWPBS25M22A466S','47','0', '3', '4');
INSERT INTO familiare  VALUES ('LYWPBS25M22A466S','Cesare','Muratori', '1989-07-29', 'Cicagna', '0625405517866', 'Others', '22');
INSERT INTO familiare  VALUES ('XFXDYY74P66G535E','Licia','Muratori', '1962-07-03', 'CastellAlfero', '8347613556275', 'F', '22');
INSERT INTO familiare  VALUES ('JCAZJH64M13L565J','Melina','Muratori', '1963-02-20', 'Roe Volciano', '5966716047979', 'M', '22');
INSERT INTO familiare  VALUES ('IWXORF97R41E381W','Luigina','Muratori', '1939-11-14', 'Scala Coeli', '2442753781703', 'F', '22');
INSERT INTO familiare  VALUES ('OPWTCX17E17C778S','Bruno','Muratori', '1943-09-09', 'Avasinis', '9188219994813', 'Others', '22');
INSERT INTO familiare  VALUES ('CAATAD95T45C770J','Gianluca','Muratori', '1956-08-12', 'SantAgata Di Militello', '0944901457719', 'F', '22');
INSERT INTO familiare  VALUES ('CDIMHF42L57E122F','Fedele','Muratori', '1943-11-08', 'Villamagna', '6859181359817', 'M', '22');
COMMIT;

BEGIN;
INSERT INTO carta_cliente  VALUES (23 , 'TMPFUV28M63I262J','24','1', '1', '4');
INSERT INTO familiare  VALUES ('TMPFUV28M63I262J','Hugo','Mondaini', '2000-06-12', 'Klerant', '6652841559914', 'M', '23');
INSERT INTO familiare  VALUES ('WWRSCL52E53A053F','Donna','Mondaini', '2015-12-30', 'Pantianicco', '0217939503030', 'Others', '23');
INSERT INTO familiare  VALUES ('RHZPRX33C18B681N','Marco','Mondaini', '1946-09-07', 'Golferenzo', '3824970574993', 'Others', '23');
INSERT INTO familiare  VALUES ('YSKQUI62L15A167M','Tatiana','Mondaini', '1947-11-05', 'Borgo Appio', '6287989978490', 'M', '23');
INSERT INTO familiare  VALUES ('DCVMJV49R66A440E','Michelotto','Mondaini', '1937-08-26', 'Castelgomberto', '5931327763140', 'F', '23');
INSERT INTO familiare  VALUES ('SEGELJ63T15F867L','Donatello','Mondaini', '1939-04-24', 'Villa Rovere', '4492260412009', 'M', '23');
COMMIT;

BEGIN;
INSERT INTO carta_cliente  VALUES (24 , 'DMWPSY03B55G943W','7','1', '1', '4');
INSERT INTO familiare  VALUES ('DMWPSY03B55G943W','Fedele','Dallapé', '2002-06-17', 'St.Nikolau', '6944458167457', 'M', '24');
INSERT INTO familiare  VALUES ('LAXNMY66P54B507X','Fabia','Dallapé', '2016-11-26', 'Borgaro Torinese', '6381895023464', 'Others', '24');
INSERT INTO familiare  VALUES ('HCVJAO76C08D587L','Ansaldo','Dallapé', '1944-02-12', 'Netro', '2233894371487', 'F', '24');
INSERT INTO familiare  VALUES ('FVSOFR85L57G137K','Sandra','Dallapé', '1946-05-06', 'Petrizia', '1972625601924', 'Others', '24');
INSERT INTO familiare  VALUES ('BFHGIX23T16E873P','Mirko','Dallapé', '1940-01-27', 'Tabellano', '0615252398205', 'Others', '24');
INSERT INTO familiare  VALUES ('FHIDYG99P17C927J','Laura','Dallapé', '1944-09-03', 'Dont', '6418677662169', 'F', '24');
COMMIT;

BEGIN;
INSERT INTO carta_cliente  VALUES (25 , 'JCBCDP62T58A102D','39','4', '2', '0');
INSERT INTO familiare  VALUES ('JCBCDP62T58A102D','Sophia','Camuccini', '1987-10-13', 'Pallio', '3503462645561', 'M', '25');
INSERT INTO familiare  VALUES ('JNCHXP01A09L214G','Fiorenzo','Camuccini', '2018-01-15', 'Campo Di Pietra Di Salgareda', '5616838259629', 'M', '25');
INSERT INTO familiare  VALUES ('AITVLH40C27I589I','Salvatore','Camuccini', '2019-01-05', 'Casarza Ligure', '6951380001092', 'M', '25');
INSERT INTO familiare  VALUES ('DYMRMK27S60L419L','Milena','Camuccini', '2012-02-13', 'Campedello', '3324571341723', 'Others', '25');
INSERT INTO familiare  VALUES ('HRVKWP90C24D121D','Gustavo','Camuccini', '2014-02-10', 'Breo', '1609192831734', 'F', '25');
INSERT INTO familiare  VALUES ('ZJZCMH15H06M210I','Arsenio','Camuccini', '1975-12-31', 'Rovereto Sulla Secchia', '9650734041409', 'Others', '25');
COMMIT;

BEGIN;
INSERT INTO carta_cliente  VALUES (26 , 'BVRGPR89C55E078H','31','4', '2', '0');
INSERT INTO familiare  VALUES ('BVRGPR89C55E078H','Loretta','Lippomano', '1983-02-02', 'Lodrone', '3585348416125', 'M', '26');
INSERT INTO familiare  VALUES ('WJXRCK78B56H204Y','Cesare','Lippomano', '2014-08-22', 'Tonnara Di Bonagia', '0311902384405', 'M', '26');
INSERT INTO familiare  VALUES ('SIEIFX62B65A059G','Panfilo','Lippomano', '2019-10-10', 'Ceggia', '9473777134135', 'M', '26');
INSERT INTO familiare  VALUES ('UGDGQP78R05H156Z','Alderano','Lippomano', '2019-07-02', 'Spresiano', '8346312027914', 'F', '26');
INSERT INTO familiare  VALUES ('BLRGBT40H50D836M','Antonino','Lippomano', '2014-04-11', 'Monsampolo Del Tronto', '5176514702497', 'Others', '26');
INSERT INTO familiare  VALUES ('AJYSPF45L58F004N','Pomponio','Lippomano', '1983-11-16', 'Cella Dati', '4751311950830', 'F', '26');
COMMIT;

BEGIN;
INSERT INTO carta_cliente  VALUES (27 , 'ZNEZXX41A20C749U','49','4', '2', '0');
INSERT INTO familiare  VALUES ('ZNEZXX41A20C749U','Ettore','Babati', '1964-07-05', 'Nave San Rocco', '7494882666339', 'Others', '27');
INSERT INTO familiare  VALUES ('OOSPUU36H08E467R','Silvia','Babati', '2017-02-21', 'Alpepiana', '4614255388080', 'M', '27');
INSERT INTO familiare  VALUES ('TEZKVC12E68G753E','Annalisa','Babati', '2008-10-16', 'Belmonte Calabro', '1501288877446', 'M', '27');
INSERT INTO familiare  VALUES ('PBQIDI55C58F515I','Valeria','Babati', '2006-05-09', 'Moresco', '8943241251214', 'F', '27');
INSERT INTO familiare  VALUES ('CPPXJP47T52F661S','Chiara','Babati', '2017-10-02', 'Luson', '0270397793684', 'F', '27');
INSERT INTO familiare  VALUES ('NBTSJH37P16F003X','Puccio','Babati', '2000-10-24', 'Cantalupo Ligure', '4235044049669', 'Others', '27');
COMMIT;

BEGIN;
INSERT INTO carta_cliente  VALUES (28 , 'TADIMS70R54B105O','29','4', '1', '1');
INSERT INTO familiare  VALUES ('TADIMS70R54B105O','Viridiana','Pelli', '1983-12-14', 'Borgo Perrone', '1040726498269', 'F', '28');
INSERT INTO familiare  VALUES ('RXWLAW30D64H402H','Silvio','Pelli', '2007-10-24', 'Camerlata', '6460396523763', 'M', '28');
INSERT INTO familiare  VALUES ('JKGTFV05L67F972O','Giancarlo','Pelli', '2019-01-16', 'Zampine', '3685603138012', 'Others', '28');
INSERT INTO familiare  VALUES ('XMUWYM13H54B447U','Federigo','Pelli', '2018-11-04', 'San Giorgio Di Piano', '0233808275246', 'F', '28');
INSERT INTO familiare  VALUES ('ZOUXWO37P02B097G','Orlando','Pelli', '2016-02-02', 'Putignano', '6531384575095', 'F', '28');
INSERT INTO familiare  VALUES ('DSVHXH87B18H161D','Adriana','Pelli', '1944-04-23', 'Baronissi', '9894504526799', 'Others', '28');
COMMIT;

BEGIN;
INSERT INTO carta_cliente  VALUES (29 , 'HLXUNI03T02I139A','15','0', '2', '0');
INSERT INTO familiare  VALUES ('HLXUNI03T02I139A','Giuliano','Cerquiglini', '1979-11-13', 'Cesio', '0761863209051', 'F', '29');
INSERT INTO familiare  VALUES ('XWRGPN75R68F051N','Paoletta','Cerquiglini', '1975-08-11', 'Castellace', '0001874005100', 'F', '29');
COMMIT;



INSERT INTO autorizza VALUES (11, 0, 55, '2022-03-18');
INSERT INTO autorizza VALUES (16, 1, 37, '2022-04-28');
INSERT INTO autorizza VALUES (1, 2, 50, '2022-03-03');
INSERT INTO autorizza VALUES (13, 3, 32, '2022-04-29');
INSERT INTO autorizza VALUES (17, 4, 36, '2022-06-05');
INSERT INTO autorizza VALUES (13, 5, 60, '2022-03-23');
INSERT INTO autorizza VALUES (15, 6, 55, '2022-05-14');
INSERT INTO autorizza VALUES (8, 7, 54, '2022-04-17');
INSERT INTO autorizza VALUES (13, 8, 50, '2022-03-15');
INSERT INTO autorizza VALUES (19, 9, 52, '2022-05-28');
INSERT INTO autorizza VALUES (8, 10, 59, '2022-04-05');
INSERT INTO autorizza VALUES (10, 11, 38, '2022-05-13');
INSERT INTO autorizza VALUES (7, 12, 50, '2022-03-04');
INSERT INTO autorizza VALUES (14, 13, 59, '2022-03-09');
INSERT INTO autorizza VALUES (19, 14, 40, '2022-05-09');
INSERT INTO autorizza VALUES (12, 15, 39, '2022-05-17');
INSERT INTO autorizza VALUES (11, 16, 48, '2022-06-03');
INSERT INTO autorizza VALUES (4, 17, 51, '2022-05-15');
INSERT INTO autorizza VALUES (9, 18, 30, '2022-06-04');
INSERT INTO autorizza VALUES (2, 19, 60, '2022-04-11');
INSERT INTO autorizza VALUES (14, 20, 55, '2022-03-27');
INSERT INTO autorizza VALUES (13, 21, 52, '2022-05-24');
INSERT INTO autorizza VALUES (3, 22, 47, '2022-04-18');
INSERT INTO autorizza VALUES (8, 23, 54, '2022-03-17');
INSERT INTO autorizza VALUES (16, 24, 31, '2022-04-15');
INSERT INTO autorizza VALUES (0, 25, 56, '2022-03-31');
INSERT INTO autorizza VALUES (12, 26, 34, '2022-05-20');
INSERT INTO autorizza VALUES (13, 27, 30, '2022-04-18');
INSERT INTO autorizza VALUES (6, 28, 54, '2022-05-24');
INSERT INTO autorizza VALUES (19, 29, 42, '2022-05-20');


INSERT INTO donatore VALUES ('VTERCE19A52C466M','2490079948415','Matteo','Bova');
INSERT INTO donatore VALUES ('EFFBPB71L11I140Q','3533433882740','Enzio','Ungaretti');
INSERT INTO donatore VALUES ('RPGZFD88D21B305G','7172114373383','Ettore','Scandone');
INSERT INTO donatore VALUES ('TLCYEF13S02L007N','2890067252600','Nitti, Armellini e Bixio Group',NULL);
INSERT INTO donatore VALUES ('FCZVVF14T03H777R','7018727878369','Orazio','Orlando');
INSERT INTO donatore VALUES ('JVSQJH42C01G697F','8852543757434','Ermes','Altera');
INSERT INTO donatore VALUES ('WETPXC70M47G359V','0028506658315','Virgilio SPA',NULL);
INSERT INTO donatore VALUES ('GEFZUX20E61H509B','3785845033050','Virginia','Romano');
INSERT INTO donatore VALUES ('XEPGRJ59D05I861A','4242338189103','Beatrice','Vercelloni');
INSERT INTO donatore VALUES ('DYBFDZ38B47L425J','3097189269556','Fabrizia','Parri');
INSERT INTO donatore VALUES ('UXDKNZ75R43E862U','3736336531901','Pincherle SPA',NULL);
INSERT INTO donatore VALUES ('ICFHTY16T50C911Z','5443149618574','Fausto','Villadicani');
INSERT INTO donatore VALUES ('FOPQZW99S18D639N','6070353066912','Bartolomeo','Molesini');
INSERT INTO donatore VALUES ('JLNXNJ40A44E843F','4834102945949','Paloma','Prati');
INSERT INTO donatore VALUES ('RRJXGS75C20H173X','8989481538773','Pina','Govoni');
INSERT INTO donatore VALUES ('NGWYRC70M49L928N','5836429682058','Tomasini e figli',NULL);
INSERT INTO donatore VALUES ('OLSOJR64M59D037R','8157679521004','Viridiana','Pizzetti');
INSERT INTO donatore VALUES ('SFSSKM12T41E161N','1481027136244','Spinelli-Anastasi Group',NULL);
INSERT INTO donatore VALUES ('OEGDUF32C10D613S','7117338630521','Paoletta','Lovato');
INSERT INTO donatore VALUES ('KHRXMW16P26B949X','9379967151574','Giampiero','Nolcini');
INSERT INTO donatore VALUES ('DAQUJP74P16D749Y','4266572511296','Ilaria','Castioni');
INSERT INTO donatore VALUES ('XJMBUW67E27C615Q','6976329022987','Atenulf','Pacetti');
INSERT INTO donatore VALUES ('WFSULH15P53E163D','5364092891969','Fiorucci, Tencalla e Samele s.',NULL);
INSERT INTO donatore VALUES ('QTVHEA91E47F494F','4983947361702','Virgilio e figli',NULL);
INSERT INTO donatore VALUES ('SZSOOU68H03C637W','3753016340331','Piero','Staglieno');
INSERT INTO donatore VALUES ('BESDMG14M52H087E','7623769494127','Greco','Verdi');
INSERT INTO donatore VALUES ('NMGGBA99P52C952Z','0117831800745','Eleanora','Sforza');
INSERT INTO donatore VALUES ('EMFBYP95D47B171G','3437305118426','Vincenzo','Mascagni');
INSERT INTO donatore VALUES ('UAGZGQ61L11B555K','2256693438180','Morgagni, Cassarà e Segrè Grou',NULL);
INSERT INTO donatore VALUES ('YEBIFG22H09E265Y','9765237068041','Rocco','Cardano');


--INZIO TRIGGER A
CREATE OR REPLACE FUNCTION checkTurniInsertFun() RETURNS trigger AS 
$$ 
BEGIN
    IF((
        SELECT COUNT(dataOra)
        FROM Turno T
        WHERE T.cf = NEW.cf AND (T.turnoInizio,T.turnoFine) OVERLAPS (NEW.turnoInizio, new.TurnoFine)
       ) > 0)
    THEN 
        RAISE EXCEPTION 'Il volontario ha già un turno tra questi orari';  
    ELSE
        RETURN NEW; 
    END IF;
       
END; 
$$ LANGUAGE plpgsql;

CREATE TRIGGER checkTurni 
BEFORE INSERT ON turno 
FOR EACH ROW 
EXECUTE FUNCTION checkTurniInsertFun(); 


CREATE OR REPLACE FUNCTION checkTurniUpdateFun() RETURNS trigger AS 
$$
DECLARE
riceveStart timestamp;
riceveEnd timestamp;
ric boolean;

traspStart timestamp;
traspEnd timestamp;
tr boolean;

appStart timestamp;
appEnd timestamp;
app boolean;
BEGIN
    -- prima verifica
    IF(NEW.turnoInizio <> OLD.turnoInizio OR NEW.turnoFine <> OLD.turnoFine)
    THEN
        IF((
            SELECT COUNT(dataOra)
            FROM Turno T
            WHERE T.cf = NEW.cf AND (T.turnoInizio,T.turnoFine) OVERLAPS (NEW.turnoInizio, new.TurnoFine)
            ) > 0)
        THEN 
            RAISE EXCEPTION 'Il volontario ha già un turno tra questi orari';  
        END IF;
    END IF;
    
    
    -- seconda verifica
    IF(NEW.codRiceve is not null)
    THEN
        SELECT riceveInizio,riceveFine INTO riceveStart,riceveEnd
        FROM Ricezione
        WHERE Ricezione.codRiceve = NEW.codRiceve;
        ric  := true;  
        
        IF(not (riceveStart >= NEW.turnoInizio  and riceveEnd <= NEW.turnoFine))
        THEN
            RAISE EXCEPTION 'Ricezione va fuori dal turno'; 
        END iF;
        
    ELSE
        ric := false;
    END IF; 
    
    IF(NEW.codTrasporto is not null)
    THEN
        SELECT rtrasportoInizio,trasportoFine INTO traspStart,traspEnd
        FROM Trasportp
        WHERE Trasporto.codRiceve = NEW.codTrasporto;
        tr  := true;
        
        IF(not (traspStart >= NEW.turnoInizio  and traspEnd <= NEW.turnoFine))
        THEN
            RAISE EXCEPTION 'Trasporto va fuori dal turno'; 
        END iF;
    ELSE
        tr := false;
    END IF;
    
    IF(NEW.dataOra is not null)
    THEN
        appStart := dataOra;
        appEnd := dataOra + (20 * interval '1 minute');
        app  := true;
        
        IF(not (appStart >= NEW.turnoInizio  and appEnd <= NEW.turnoFine))
        THEN
            RAISE EXCEPTION 'Appuntamento va fuori dal turno'; 
        END iF;
    ELSE
        app := false;
    END IF;
    
    
    IF(app)
    THEN
        IF(tr)
        THEN
            IF(ric)
            THEN
                -- app ric tr
                IF( ((riceveStart,riceveEnd) OVERLAPS (traspStar,traspEnd))  or OVERLAPS ((appStart,appEnd) OVERLAPS (traspStar,traspEnd))
                or OVERLAPS ((appStart,appEnd) OVERLAPS (riceveStar,riceveEnd))
                  )
                THEN 
                   RAISE EXCEPTION 'Il volontario ha attivà sovrapposte come orari'; 
                ELSE
                    RETURN NEW;
                END IF;

            ELSE
                -- app tr
                IF((appStart,appEnd) OVERLAPS (traspStar,traspEnd))
                THEN 
                   RAISE EXCEPTION 'Il volontario ha attivà sovrapposte come orari'; 
                ELSE
                    RETURN NEW;
                END IF;
            END IF;
        ELSE
            IF(ric)
            THEN
                -- app ric
                IF( (appStart,appEnd) OVERLAPS (riceveStar,riceveEnd))
                THEN 
                   RAISE EXCEPTION 'Il volontario ha attivà sovrapposte come orari'; 
                ELSE
                    RETURN NEW;
                END IF;

            ELSE
               -- app
               RETURN NEW;
            END IF;     
        END IF;
        
    ELSE
        IF(tr)
        THEN
            IF(ric)
            THEN
                -- ric tr
                IF( (riceveStart,riceveEnd) OVERLAPS (traspStar,traspEnd) )
                THEN 
                   RAISE EXCEPTION 'Il volontario ha attivà sovrapposte come orari'; 
                ELSE
                    RETURN NEW;
                END IF;

            ELSE
                -- tr
                RETURN NEW;
            END IF;
        ELSE
            RETURN NEW;

        END IF;
    END IF;
        
END; 
$$ LANGUAGE plpgsql;

CREATE OR REPLACE TRIGGER checkTurni 
BEFORE UPDATE ON turno 
FOR EACH ROW 
EXECUTE FUNCTION checkTurniUpdateFun();



--INZIO TRIGGER B
CREATE OR REPLACE FUNCTION funIncr() RETURNS trigger AS
$$
BEGIN
    IF (NEW.dataOra is null AND NEW.dataScarico is null) 
    THEN
        UPDATE Inventario
        SET quantità = quantità+1
        WHERE codProdotto = NEW.codProdotto;
    END IF;
    RETURN NEW;
END;
$$ LANGUAGE plpgsql;

CREATE OR REPLACE TRIGGER incrQnt
AFTER INSERT ON Prodotto
FOR EACH ROW
EXECUTE FUNCTION funIncr();


CREATE OR REPLACE FUNCTION funDecr() RETURNS trigger AS
$$
BEGIN
    IF (OLD.dataOra is null AND OLD.dataScarico is null)
    THEN
        UPDATE Inventario
        SET quantità = quantità-1
        WHERE codProdotto = OLD.codProdotto;
    END IF;
    RETURN NEW;
END;
$$ LANGUAGE plpgsql;

CREATE OR REPLACE TRIGGER decrQnt
AFTER DELETE ON Prodotto
FOR EACH ROW
EXECUTE FUNCTION funDecr();


CREATE OR REPLACE FUNCTION funUpdateQnt() RETURNS trigger AS
$$
BEGIN
    IF(NEW.codProdotto <> OLD.codProdotto and (NEW.dataOra is null AND NEW.dataScarico is null))
    THEN
        UPDATE Inventario
	    SET quantità = quantità-1
	    WHERE codProdotto = OLD.codProdotto;
        
        UPDATE Inventario
        SET quantità = quantità+1
        WHERE codProdotto = NEW.codProdotto;
    END IF;
    IF( (OLD.dataOra is null AND OLD.dataScarico is null) and (NEW.dataOra is not null OR NEW.dataScarico is not null) )
    THEN
        UPDATE Inventario
	    SET quantità = quantità-1
	    WHERE codProdotto = OLD.codProdotto;

    END IF;
    
    RETURN NEW;
END;
$$ LANGUAGE plpgsql;


CREATE OR REPLACE TRIGGER updateQnt
AFTER UPDATE ON Prodotto
FOR EACH ROW
EXECUTE FUNCTION funUpdateQnt();



INSERT INTO ricezione  VALUES (0, '2022-02-19 03:39:16', '2022-02-19 04:39:16');
INSERT INTO trasporto  VALUES (0, '2022-02-19 01:39:16', '2022-02-19 03:39:16', 13, 'Viale Sauro, 1', 0);
INSERT INTO turno  VALUES ('2022-02-19 01:39:16' , 'CYCPWW99R28G676N', '2022-02-19 05:39:16', NULL, 0, NULL);
INSERT INTO turno  VALUES ('2022-02-19 01:39:16' , 'WTJODF94R03E240M', '2022-02-19 05:39:16', NULL, 0, 0);
INSERT INTO turno  VALUES ('2022-02-19 01:39:16' , 'OIVNYL39L23M290D', '2022-02-19 05:39:16', NULL, NULL, 0);
INSERT INTO ricezione  VALUES (1, '2022-04-10 14:37:49', '2022-04-10 15:37:49');
INSERT INTO trasporto  VALUES (1, '2022-04-10 12:37:49', '2022-04-10 14:37:49', 9, 'Borgo Saraceno, 63', 1);
INSERT INTO turno  VALUES ('2022-04-10 12:37:49' , 'TSUUWR79M04C354B', '2022-04-10 16:37:49', NULL, 1, NULL);
INSERT INTO turno  VALUES ('2022-04-10 12:37:49' , 'JWPWLZ36R08L259X', '2022-04-10 16:37:49', NULL, 1, 1);
INSERT INTO turno  VALUES ('2022-04-10 12:37:49' , 'KBZWWF13H08G487Y', '2022-04-10 16:37:49', NULL, NULL, 1);
INSERT INTO ricezione  VALUES (2, '2022-03-23 17:19:50', '2022-03-23 18:19:50');
INSERT INTO trasporto  VALUES (2, '2022-03-23 15:19:50', '2022-03-23 17:19:50', 20, 'Viale Rienzo, 71', 2);
INSERT INTO turno  VALUES ('2022-03-23 15:19:50' , 'NNRRVM80B09G131Z', '2022-03-23 19:19:50', NULL, 2, NULL);
INSERT INTO turno  VALUES ('2022-03-23 15:19:50' , 'JXLGLZ15E17I390K', '2022-03-23 19:19:50', NULL, 2, 2);
INSERT INTO turno  VALUES ('2022-03-23 15:19:50' , 'TSUUWR79M04C354B', '2022-03-23 19:19:50', NULL, NULL, 2);
INSERT INTO ricezione  VALUES (3, '2022-05-17 12:31:37', '2022-05-17 13:31:37');
INSERT INTO trasporto  VALUES (3, '2022-05-17 10:31:37', '2022-05-17 12:31:37', 14, 'Stretto Maglio, 479 Appartamento 9', 3);
INSERT INTO turno  VALUES ('2022-05-17 10:31:37' , 'TSUUWR79M04C354B', '2022-05-17 14:31:37', NULL, 3, NULL);
INSERT INTO turno  VALUES ('2022-05-17 10:31:37' , 'DMUIKA41R68E410Z', '2022-05-17 14:31:37', NULL, 3, 3);
INSERT INTO turno  VALUES ('2022-05-17 10:31:37' , 'XOPSQY08H05I143S', '2022-05-17 14:31:37', NULL, NULL, 3);
INSERT INTO ricezione  VALUES (4, '2022-05-29 12:29:08', '2022-05-29 13:29:08');
INSERT INTO trasporto  VALUES (4, '2022-05-29 10:29:08', '2022-05-29 12:29:08', 7, 'Stretto Falier, 46', 4);
INSERT INTO turno  VALUES ('2022-05-29 10:29:08' , 'WYAEYP24C23D416L', '2022-05-29 14:29:08', NULL, 4, NULL);
INSERT INTO turno  VALUES ('2022-05-29 10:29:08' , 'BCRVAC07C51F101F', '2022-05-29 14:29:08', NULL, 4, 4);
INSERT INTO turno  VALUES ('2022-05-29 10:29:08' , 'DMUIKA41R68E410Z', '2022-05-29 14:29:08', NULL, NULL, 4);
INSERT INTO ricezione  VALUES (5, '2022-05-23 14:00:00', '2022-05-23 15:00:00');
INSERT INTO trasporto  VALUES (5, '2022-05-23 12:00:00', '2022-05-23 14:00:00', 15, 'Strada Boccioni, 5', 5);
INSERT INTO turno  VALUES ('2022-05-23 12:00:00' , 'JWTVJM40H01A528P', '2022-05-23 16:00:00', NULL, 5, NULL);
INSERT INTO turno  VALUES ('2022-05-23 12:00:00' , 'SFNCKC70S42M369X', '2022-05-23 16:00:00', NULL, 5, 5);
INSERT INTO turno  VALUES ('2022-05-23 12:00:00' , 'FIRQCO50L54F543U', '2022-05-23 16:00:00', NULL, NULL, 5);
INSERT INTO ricezione  VALUES (6, '2022-05-28 10:47:20', '2022-05-28 11:47:20');
INSERT INTO trasporto  VALUES (6, '2022-05-28 08:47:20', '2022-05-28 10:47:20', 5, 'Piazza Adriana, 57', 6);
INSERT INTO turno  VALUES ('2022-05-28 08:47:20' , 'BWHWYG86S10H427J', '2022-05-28 12:47:20', NULL, 6, NULL);
INSERT INTO turno  VALUES ('2022-05-28 08:47:20' , 'BVWFFU13E06B696S', '2022-05-28 12:47:20', NULL, 6, 6);
INSERT INTO turno  VALUES ('2022-05-28 08:47:20' , 'NAEGBH95P41B282Q', '2022-05-28 12:47:20', NULL, NULL, 6);
INSERT INTO ricezione  VALUES (7, '2022-03-10 21:08:45', '2022-03-10 22:08:45');
INSERT INTO trasporto  VALUES (7, '2022-03-10 19:08:45', '2022-03-10 21:08:45', 12, 'Via Diana, 915 Piano 3', 7);
INSERT INTO turno  VALUES ('2022-03-10 19:08:45' , 'TXJEZP07T60H314X', '2022-03-10 23:08:45', NULL, 7, NULL);
INSERT INTO turno  VALUES ('2022-03-10 19:08:45' , 'JXLGLZ15E17I390K', '2022-03-10 23:08:45', NULL, 7, 7);
INSERT INTO turno  VALUES ('2022-03-10 19:08:45' , 'XOPSQY08H05I143S', '2022-03-10 23:08:45', NULL, NULL, 7);
INSERT INTO ricezione  VALUES (8, '2022-05-30 05:40:39', '2022-05-30 06:40:39');
INSERT INTO trasporto  VALUES (8, '2022-05-30 03:40:39', '2022-05-30 05:40:39', 12, 'Via Mazzeo, 812', 8);
INSERT INTO turno  VALUES ('2022-05-30 03:40:39' , 'NYACBS53A53A303E', '2022-05-30 07:40:39', NULL, 8, NULL);
INSERT INTO turno  VALUES ('2022-05-30 03:40:39' , 'CYCPWW99R28G676N', '2022-05-30 07:40:39', NULL, 8, 8);
INSERT INTO turno  VALUES ('2022-05-30 03:40:39' , 'NZIQGP41H19F987C', '2022-05-30 07:40:39', NULL, NULL, 8);
INSERT INTO ricezione  VALUES (9, '2022-04-01 02:49:05', '2022-04-01 03:49:05');
INSERT INTO trasporto  VALUES (9, '2022-04-01 00:49:05', '2022-04-01 02:49:05', 5, 'Via Malacarne, 21 Appartamento 95', 9);
INSERT INTO turno  VALUES ('2022-04-01 00:49:05' , 'XOPSQY08H05I143S', '2022-04-01 04:49:05', NULL, 9, NULL);
INSERT INTO turno  VALUES ('2022-04-01 00:49:05' , 'XBJDBY24P56B306Z', '2022-04-01 04:49:05', NULL, 9, 9);
INSERT INTO turno  VALUES ('2022-04-01 00:49:05' , 'VDZDOX55R02E809S', '2022-04-01 04:49:05', NULL, NULL, 9);
INSERT INTO ricezione  VALUES (10, '2022-04-02 08:13:23', '2022-04-02 09:13:23');
INSERT INTO trasporto  VALUES (10, '2022-04-02 06:13:23', '2022-04-02 08:13:23', 6, 'Stretto Michela, 735', 10);
INSERT INTO turno  VALUES ('2022-04-02 06:13:23' , 'TTQEJU73H01L199G', '2022-04-02 10:13:23', NULL, 10, NULL);
INSERT INTO turno  VALUES ('2022-04-02 06:13:23' , 'DQDSSE01A04L484J', '2022-04-02 10:13:23', NULL, 10, 10);
INSERT INTO turno  VALUES ('2022-04-02 06:13:23' , 'NZIQGP41H19F987C', '2022-04-02 10:13:23', NULL, NULL, 10);
INSERT INTO ricezione  VALUES (11, '2022-03-30 03:36:40', '2022-03-30 04:36:40');
INSERT INTO trasporto  VALUES (11, '2022-03-30 01:36:40', '2022-03-30 03:36:40', 8, 'Stretto Pacetti, 43', 11);
INSERT INTO turno  VALUES ('2022-03-30 01:36:40' , 'VDZDOX55R02E809S', '2022-03-30 05:36:40', NULL, 11, NULL);
INSERT INTO turno  VALUES ('2022-03-30 01:36:40' , 'SFNCKC70S42M369X', '2022-03-30 05:36:40', NULL, 11, 11);
INSERT INTO turno  VALUES ('2022-03-30 01:36:40' , 'WYAEYP24C23D416L', '2022-03-30 05:36:40', NULL, NULL, 11);
INSERT INTO ricezione  VALUES (12, '2022-05-25 09:39:57', '2022-05-25 10:39:57');
INSERT INTO trasporto  VALUES (12, '2022-05-25 07:39:57', '2022-05-25 09:39:57', 19, 'Borgo Raffaellino, 37 Appartamento 75', 12);
INSERT INTO turno  VALUES ('2022-05-25 07:39:57' , 'VDZDOX55R02E809S', '2022-05-25 11:39:57', NULL, 12, NULL);
INSERT INTO turno  VALUES ('2022-05-25 07:39:57' , 'ULKUBL65B18G364Y', '2022-05-25 11:39:57', NULL, 12, 12);
INSERT INTO turno  VALUES ('2022-05-25 07:39:57' , 'TSYFSM17D49L097G', '2022-05-25 11:39:57', NULL, NULL, 12);
INSERT INTO ricezione  VALUES (13, '2022-02-21 03:33:10', '2022-02-21 04:33:10');
INSERT INTO trasporto  VALUES (13, '2022-02-21 01:33:10', '2022-02-21 03:33:10', 4, 'Viale Desio, 48 Appartamento 61', 13);
INSERT INTO turno  VALUES ('2022-02-21 01:33:10' , 'OIVNYL39L23M290D', '2022-02-21 05:33:10', NULL, 13, NULL);
INSERT INTO turno  VALUES ('2022-02-21 01:33:10' , 'WZGYXD31L65H566E', '2022-02-21 05:33:10', NULL, 13, 13);
INSERT INTO turno  VALUES ('2022-02-21 01:33:10' , 'JWTVJM40H01A528P', '2022-02-21 05:33:10', NULL, NULL, 13);
INSERT INTO ricezione  VALUES (14, '2022-04-13 04:27:39', '2022-04-13 05:27:39');
INSERT INTO trasporto  VALUES (14, '2022-04-13 02:27:39', '2022-04-13 04:27:39', 2, 'Rotonda Roth, 247 Appartamento 20', 14);
INSERT INTO turno  VALUES ('2022-04-13 02:27:39' , 'NNRRVM80B09G131Z', '2022-04-13 06:27:39', NULL, 14, NULL);
INSERT INTO turno  VALUES ('2022-04-13 02:27:39' , 'HWJOVR88A05B889J', '2022-04-13 06:27:39', NULL, 14, 14);
INSERT INTO turno  VALUES ('2022-04-13 02:27:39' , 'NWVKWU40L46E685U', '2022-04-13 06:27:39', NULL, NULL, 14);
INSERT INTO ricezione  VALUES (15, '2022-02-26 16:38:06', '2022-02-26 17:38:06');
INSERT INTO trasporto  VALUES (15, '2022-02-26 14:38:06', '2022-02-26 16:38:06', 6, 'Contrada Ammaniti, 35', 15);
INSERT INTO turno  VALUES ('2022-02-26 14:38:06' , 'DMRAWX61L08H087O', '2022-02-26 18:38:06', NULL, 15, NULL);
INSERT INTO turno  VALUES ('2022-02-26 14:38:06' , 'YITVMW42P46L144I', '2022-02-26 18:38:06', NULL, 15, 15);
INSERT INTO turno  VALUES ('2022-02-26 14:38:06' , 'WTJODF94R03E240M', '2022-02-26 18:38:06', NULL, NULL, 15);
INSERT INTO ricezione  VALUES (16, '2022-03-10 22:55:23', '2022-03-10 23:55:23');
INSERT INTO trasporto  VALUES (16, '2022-03-10 20:55:23', '2022-03-10 22:55:23', 4, 'Stretto Sgalambro, 720', 16);
INSERT INTO turno  VALUES ('2022-03-10 20:55:23' , 'WTJODF94R03E240M', '2022-03-11 00:55:23', NULL, 16, NULL);
INSERT INTO turno  VALUES ('2022-03-10 20:55:23' , 'TTQEJU73H01L199G', '2022-03-11 00:55:23', NULL, 16, 16);
INSERT INTO turno  VALUES ('2022-03-10 20:55:23' , 'OIVNYL39L23M290D', '2022-03-11 00:55:23', NULL, NULL, 16);
INSERT INTO ricezione  VALUES (17, '2022-05-08 16:36:52', '2022-05-08 17:36:52');
INSERT INTO trasporto  VALUES (17, '2022-05-08 14:36:52', '2022-05-08 16:36:52', 20, 'Canale Abba, 69', 17);
INSERT INTO turno  VALUES ('2022-05-08 14:36:52' , 'TTQEJU73H01L199G', '2022-05-08 18:36:52', NULL, 17, NULL);
INSERT INTO turno  VALUES ('2022-05-08 14:36:52' , 'KBZWWF13H08G487Y', '2022-05-08 18:36:52', NULL, 17, 17);
INSERT INTO turno  VALUES ('2022-05-08 14:36:52' , 'DMRAWX61L08H087O', '2022-05-08 18:36:52', NULL, NULL, 17);
INSERT INTO ricezione  VALUES (18, '2022-05-18 02:10:20', '2022-05-18 03:10:20');
INSERT INTO trasporto  VALUES (18, '2022-05-18 00:10:20', '2022-05-18 02:10:20', 5, 'Stretto Niscoromni, 2', 18);
INSERT INTO turno  VALUES ('2022-05-18 00:10:20' , 'TSUUWR79M04C354B', '2022-05-18 04:10:20', NULL, 18, NULL);
INSERT INTO turno  VALUES ('2022-05-18 00:10:20' , 'VDZDOX55R02E809S', '2022-05-18 04:10:20', NULL, 18, 18);
INSERT INTO turno  VALUES ('2022-05-18 00:10:20' , 'DMUIKA41R68E410Z', '2022-05-18 04:10:20', NULL, NULL, 18);
INSERT INTO ricezione  VALUES (19, '2022-05-29 04:51:12', '2022-05-29 05:51:12');
INSERT INTO trasporto  VALUES (19, '2022-05-29 02:51:12', '2022-05-29 04:51:12', 1, 'Rotonda Malatesta, 3 Piano 2', 19);
INSERT INTO turno  VALUES ('2022-05-29 02:51:12' , 'TSYFSM17D49L097G', '2022-05-29 06:51:12', NULL, 19, NULL);
INSERT INTO turno  VALUES ('2022-05-29 02:51:12' , 'WYAEYP24C23D416L', '2022-05-29 06:51:12', NULL, 19, 19);
INSERT INTO turno  VALUES ('2022-05-29 02:51:12' , 'DQDSSE01A04L484J', '2022-05-29 06:51:12', NULL, NULL, 19);
INSERT INTO ricezione  VALUES (20, '2022-03-09 17:16:56', '2022-03-09 18:16:56');
INSERT INTO trasporto  VALUES (20, '2022-03-09 15:16:56', '2022-03-09 17:16:56', 15, 'Rotonda Gagliardi, 9', 20);
INSERT INTO turno  VALUES ('2022-03-09 15:16:56' , 'TXJEZP07T60H314X', '2022-03-09 19:16:56', NULL, 20, NULL);
INSERT INTO turno  VALUES ('2022-03-09 15:16:56' , 'TTQEJU73H01L199G', '2022-03-09 19:16:56', NULL, 20, 20);
INSERT INTO turno  VALUES ('2022-03-09 15:16:56' , 'XBJDBY24P56B306Z', '2022-03-09 19:16:56', NULL, NULL, 20);
INSERT INTO ricezione  VALUES (21, '2022-03-31 14:31:44', '2022-03-31 15:31:44');
INSERT INTO trasporto  VALUES (21, '2022-03-31 12:31:44', '2022-03-31 14:31:44', 8, 'Strada Cristina, 921', 21);
INSERT INTO turno  VALUES ('2022-03-31 12:31:44' , 'QHPHWD98A10E437J', '2022-03-31 16:31:44', NULL, 21, NULL);
INSERT INTO turno  VALUES ('2022-03-31 12:31:44' , 'NAEGBH95P41B282Q', '2022-03-31 16:31:44', NULL, 21, 21);
INSERT INTO turno  VALUES ('2022-03-31 12:31:44' , 'SFNCKC70S42M369X', '2022-03-31 16:31:44', NULL, NULL, 21);
INSERT INTO ricezione  VALUES (22, '2022-03-09 20:31:49', '2022-03-09 21:31:49');
INSERT INTO trasporto  VALUES (22, '2022-03-09 18:31:49', '2022-03-09 20:31:49', 6, 'Vicolo Mercedes, 96 Appartamento 8', 22);
INSERT INTO turno  VALUES ('2022-03-09 18:31:49' , 'XBJDBY24P56B306Z', '2022-03-09 22:31:49', NULL, 22, NULL);
INSERT INTO turno  VALUES ('2022-03-09 18:31:49' , 'VDZDOX55R02E809S', '2022-03-09 22:31:49', NULL, 22, 22);
INSERT INTO turno  VALUES ('2022-03-09 18:31:49' , 'WVUPDI33A22C494G', '2022-03-09 22:31:49', NULL, NULL, 22);
INSERT INTO ricezione  VALUES (23, '2022-05-24 23:46:05', '2022-05-25 00:46:05');
INSERT INTO trasporto  VALUES (23, '2022-05-24 21:46:05', '2022-05-24 23:46:05', 5, 'Incrocio Tiepolo, 73 Appartamento 70', 23);
INSERT INTO turno  VALUES ('2022-05-24 21:46:05' , 'OGLIHZ13P46E391M', '2022-05-25 01:46:05', NULL, 23, NULL);
INSERT INTO turno  VALUES ('2022-05-24 21:46:05' , 'NNRRVM80B09G131Z', '2022-05-25 01:46:05', NULL, 23, 23);
INSERT INTO turno  VALUES ('2022-05-24 21:46:05' , 'WSYCKC85S14H795G', '2022-05-25 01:46:05', NULL, NULL, 23);
INSERT INTO ricezione  VALUES (24, '2022-03-09 00:35:19', '2022-03-09 01:35:19');
INSERT INTO trasporto  VALUES (24, '2022-03-08 22:35:19', '2022-03-09 00:35:19', 3, 'Vicolo Cutuli, 349 Appartamento 22', 24);
INSERT INTO turno  VALUES ('2022-03-08 22:35:19' , 'HWJOVR88A05B889J', '2022-03-09 02:35:19', NULL, 24, NULL);
INSERT INTO turno  VALUES ('2022-03-08 22:35:19' , 'DMRAWX61L08H087O', '2022-03-09 02:35:19', NULL, 24, 24);
INSERT INTO turno  VALUES ('2022-03-08 22:35:19' , 'OIVNYL39L23M290D', '2022-03-09 02:35:19', NULL, NULL, 24);
INSERT INTO ricezione  VALUES (25, '2022-04-09 05:36:57', '2022-04-09 06:36:57');
INSERT INTO trasporto  VALUES (25, '2022-04-09 03:36:57', '2022-04-09 05:36:57', 13, 'Contrada Gregori, 97', 25);
INSERT INTO turno  VALUES ('2022-04-09 03:36:57' , 'GWJMNR18B02A159Q', '2022-04-09 07:36:57', NULL, 25, NULL);
INSERT INTO turno  VALUES ('2022-04-09 03:36:57' , 'JWPWLZ36R08L259X', '2022-04-09 07:36:57', NULL, 25, 25);
INSERT INTO turno  VALUES ('2022-04-09 03:36:57' , 'RWQFCG75A16L881Z', '2022-04-09 07:36:57', NULL, NULL, 25);
INSERT INTO ricezione  VALUES (26, '2022-05-28 09:18:48', '2022-05-28 10:18:48');
INSERT INTO trasporto  VALUES (26, '2022-05-28 07:18:48', '2022-05-28 09:18:48', 2, 'Vicolo Alina, 9', 26);
INSERT INTO turno  VALUES ('2022-05-28 07:18:48' , 'GWJMNR18B02A159Q', '2022-05-28 11:18:48', NULL, 26, NULL);
INSERT INTO turno  VALUES ('2022-05-28 07:18:48' , 'NYACBS53A53A303E', '2022-05-28 11:18:48', NULL, 26, 26);
INSERT INTO turno  VALUES ('2022-05-28 07:18:48' , 'NZIQGP41H19F987C', '2022-05-28 11:18:48', NULL, NULL, 26);
INSERT INTO ricezione  VALUES (27, '2022-05-26 19:32:02', '2022-05-26 20:32:02');
INSERT INTO trasporto  VALUES (27, '2022-05-26 17:32:02', '2022-05-26 19:32:02', 14, 'Incrocio Roberto, 44', 27);
INSERT INTO turno  VALUES ('2022-05-26 17:32:02' , 'JXLGLZ15E17I390K', '2022-05-26 21:32:02', NULL, 27, NULL);
INSERT INTO turno  VALUES ('2022-05-26 17:32:02' , 'QTYFDR66E09A811T', '2022-05-26 21:32:02', NULL, 27, 27);
INSERT INTO turno  VALUES ('2022-05-26 17:32:02' , 'TSUUWR79M04C354B', '2022-05-26 21:32:02', NULL, NULL, 27);
INSERT INTO ricezione  VALUES (28, '2022-02-27 15:57:05', '2022-02-27 16:57:05');
INSERT INTO trasporto  VALUES (28, '2022-02-27 13:57:05', '2022-02-27 15:57:05', 1, 'Via Babbo, 8', 28);
INSERT INTO turno  VALUES ('2022-02-27 13:57:05' , 'JJGPGW62L62M354G', '2022-02-27 17:57:05', NULL, 28, NULL);
INSERT INTO turno  VALUES ('2022-02-27 13:57:05' , 'NYACBS53A53A303E', '2022-02-27 17:57:05', NULL, 28, 28);
INSERT INTO turno  VALUES ('2022-02-27 13:57:05' , 'BCRVAC07C51F101F', '2022-02-27 17:57:05', NULL, NULL, 28);
INSERT INTO ricezione  VALUES (29, '2022-03-31 23:01:13', '2022-04-01 00:01:13');
INSERT INTO trasporto  VALUES (29, '2022-03-31 21:01:13', '2022-03-31 23:01:13', 9, 'Incrocio Necci, 72', 29);
INSERT INTO turno  VALUES ('2022-03-31 21:01:13' , 'ILYHTB65A25H030U', '2022-04-01 01:01:13', NULL, 29, NULL);
INSERT INTO turno  VALUES ('2022-03-31 21:01:13' , 'VDZDOX55R02E809S', '2022-04-01 01:01:13', NULL, 29, 29);
INSERT INTO turno  VALUES ('2022-03-31 21:01:13' , 'OIVNYL39L23M290D', '2022-04-01 01:01:13', NULL, NULL, 29);


INSERT INTO spesa  VALUES (0, 58);
INSERT INTO donazione  VALUES (0, '2022-01-09 14:15:30', 58, NULL, 'NGWYRC70M49L928N' , NULL);
INSERT INTO donazione  VALUES (1, '2022-03-16', NULL , 25, NULL, 0);
INSERT INTO spesa  VALUES (1, 79);
INSERT INTO donazione  VALUES (2, '2022-01-03 13:45:52', 79, NULL, 'NMGGBA99P52C952Z' , NULL);
INSERT INTO donazione  VALUES (3, '2022-02-16', NULL , 15, NULL, 1);
INSERT INTO spesa  VALUES (2, 92);
INSERT INTO donazione  VALUES (4, '2022-05-14 13:49:06', 92, NULL, 'WETPXC70M47G359V' , NULL);
INSERT INTO donazione  VALUES (5, '2022-03-11', NULL , 25, NULL, 2);
INSERT INTO spesa  VALUES (3, 45);
INSERT INTO donazione  VALUES (6, '2022-01-03 20:35:42', 45, NULL, 'ICFHTY16T50C911Z' , NULL);
INSERT INTO donazione  VALUES (7, '2022-01-28', NULL , 15, NULL, 3);
INSERT INTO spesa  VALUES (4, 99);
INSERT INTO donazione  VALUES (8, '2022-06-13 21:38:57', 99, NULL, 'FCZVVF14T03H777R' , NULL);
INSERT INTO donazione  VALUES (9, '2021-12-18', NULL , 14, NULL, 4);
INSERT INTO spesa  VALUES (5, 96);
INSERT INTO donazione  VALUES (10, '2022-02-13 08:35:40', 96, NULL, 'DAQUJP74P16D749Y' , NULL);
INSERT INTO donazione  VALUES (11, '2021-12-26', NULL , 15, NULL, 5);
INSERT INTO spesa  VALUES (6, 60);
INSERT INTO donazione  VALUES (12, '2022-01-31 21:36:34', 60, NULL, 'OLSOJR64M59D037R' , NULL);
INSERT INTO donazione  VALUES (13, '2022-04-25', NULL , 23, NULL, 6);
INSERT INTO spesa  VALUES (7, 43);
INSERT INTO donazione  VALUES (14, '2022-01-26 09:46:11', 43, NULL, 'WETPXC70M47G359V' , NULL);
INSERT INTO donazione  VALUES (15, '2021-12-25', NULL , 0, NULL, 7);
INSERT INTO spesa  VALUES (8, 97);
INSERT INTO donazione  VALUES (16, '2022-05-28 02:23:55', 97, NULL, 'TLCYEF13S02L007N' , NULL);
INSERT INTO donazione  VALUES (17, '2021-12-28', NULL , 29, NULL, 8);
INSERT INTO spesa  VALUES (9, 23);
INSERT INTO donazione  VALUES (18, '2022-01-10 13:56:53', 23, NULL, 'EMFBYP95D47B171G' , NULL);
INSERT INTO donazione  VALUES (19, '2022-01-16', NULL , 16, NULL, 9);


INSERT INTO donazione  VALUES (20, '2022-01-26', NULL , 16, 'NGWYRC70M49L928N' , NULL );
INSERT INTO donazione  VALUES (21, '2022-01-18', NULL , 17, 'UXDKNZ75R43E862U' , NULL );
INSERT INTO donazione  VALUES (22, '2021-12-27', NULL , 22, 'DYBFDZ38B47L425J' , NULL );
INSERT INTO donazione  VALUES (23, '2022-01-05', NULL , 19, 'EMFBYP95D47B171G' , NULL );
INSERT INTO donazione  VALUES (24, '2022-02-10', NULL , 13, 'EMFBYP95D47B171G' , NULL );
INSERT INTO donazione  VALUES (25, '2022-02-15', NULL , 20, 'WETPXC70M47G359V' , NULL );
INSERT INTO donazione  VALUES (26, '2022-02-25', NULL , 21, 'NGWYRC70M49L928N' , NULL );
INSERT INTO donazione  VALUES (27, '2022-03-01', NULL , 6, 'UAGZGQ61L11B555K' , NULL );
INSERT INTO donazione  VALUES (28, '2022-01-05', NULL , 17, 'EMFBYP95D47B171G' , NULL );
INSERT INTO donazione  VALUES (29, '2022-01-31', NULL , 10, 'FOPQZW99S18D639N' , NULL );
INSERT INTO donazione  VALUES (30, '2022-01-15', NULL , 3, 'GEFZUX20E61H509B' , NULL );
INSERT INTO donazione  VALUES (31, '2022-01-11', NULL , 2, 'OLSOJR64M59D037R' , NULL );
INSERT INTO donazione  VALUES (32, '2022-02-08', NULL , 29, 'FCZVVF14T03H777R' , NULL );
INSERT INTO donazione  VALUES (33, '2022-01-08', NULL , 18, 'WETPXC70M47G359V' , NULL );
INSERT INTO donazione  VALUES (34, '2022-01-31', NULL , 9, 'OLSOJR64M59D037R' , NULL );


INSERT INTO inventario  VALUES (0, 0, 'pasta', 'penne Barilla', 4 , '10' );
INSERT INTO inventario  VALUES (1, 0, 'pasta', 'fusilli DeCecco', 3 , '10' );
INSERT INTO inventario  VALUES (2, 0, 'pasta', 'farfalle Barilla', 2 , '10' );
INSERT INTO inventario  VALUES (3, 0, 'pasta', 'spaghetti Barilla', 2 , '10' );
INSERT INTO inventario  VALUES (4, 0, 'pasta', 'cannelloni DeCecco', 2 , '10' );
INSERT INTO inventario  VALUES (5, 0, 'riso', 'riso Scotti', 4 , '9' );
INSERT INTO inventario  VALUES (6, 0, 'riso', 'riso Scotti basmati', 3 , '9' );
INSERT INTO inventario  VALUES (7, 0, 'riso', 'riso Gallo', 1 , '9' );
INSERT INTO inventario  VALUES (8, 0, 'latte', 'Parmalat scremato', 3 , NULL );
INSERT INTO inventario  VALUES (9, 0, 'latte', 'Parmalat intero', 3 , NULL );
INSERT INTO inventario  VALUES (10, 0, 'latte', 'latte Tiguglio', 2 , NULL );
INSERT INTO inventario  VALUES (11, 0, 'latte', 'Latte di Soia', 3 , NULL );
INSERT INTO inventario  VALUES (12, 0, 'latte', 'Latte di Mandorla', 1 , NULL );
INSERT INTO inventario  VALUES (13, 0, 'formaggi', 'Parmigiano Reggiano', 2 , NULL );
INSERT INTO inventario  VALUES (14, 0, 'formaggi', 'Asiago', 2 , NULL );
INSERT INTO inventario  VALUES (15, 0, 'formaggi', 'Mozzarella', 2 , NULL );
INSERT INTO inventario  VALUES (16, 0, 'formaggi', 'Caciotto', 4 , NULL );
INSERT INTO inventario  VALUES (17, 0, 'formaggi', 'Stracchino', 1 , NULL );
INSERT INTO inventario  VALUES (18, 0, 'formaggi', 'Gorgonzola', 3 , NULL );
INSERT INTO inventario  VALUES (19, 0, 'yogurt', 'Muller yogurt frutta', 2 , NULL );
INSERT INTO inventario  VALUES (20, 0, 'yogurt', 'Muller yogurt bianco', 2 , NULL );
INSERT INTO inventario  VALUES (21, 0, 'yogurt', 'Activia yogurt', 5 , NULL );
INSERT INTO inventario  VALUES (22, 0, 'yogurt', 'yogurt greco', 5 , NULL );
INSERT INTO inventario  VALUES (23, 0, 'olio', 'Olio oliva Carli', 5 , '12' );
INSERT INTO inventario  VALUES (24, 0, 'olio', 'Olio oliva Fabbri', 1 , '12' );
INSERT INTO inventario  VALUES (25, 0, 'olio', 'Olio di semi', 4 , '12' );
INSERT INTO inventario  VALUES (26, 0, 'olio', 'Olio di palma', 3 , '12' );
INSERT INTO inventario  VALUES (27, 0, 'salse', 'pesto Barilla', 5 , '5' );
INSERT INTO inventario  VALUES (28, 0, 'salse', 'sugo Barilla', 5 , '5' );
INSERT INTO inventario  VALUES (29, 0, 'salse', 'ketchapp', 3 , '5' );
INSERT INTO inventario  VALUES (30, 0, 'salse', 'maionese', 4 , '5' );
INSERT INTO inventario  VALUES (31, 0, 'salse', 'senape', 5 , '5' );
INSERT INTO inventario  VALUES (32, 0, 'salse', 'aceto balsamico', 2 , '5' );
INSERT INTO inventario  VALUES (33, 0, 'caffe', 'Lavazza arabico', 3 , '6' );
INSERT INTO inventario  VALUES (34, 0, 'caffe', 'Lavazza rossa', 3 , '6' );
INSERT INTO inventario  VALUES (35, 0, 'caffe', 'Lavazza gold', 2 , '6' );
INSERT INTO inventario  VALUES (36, 0, 'caffe', 'Illy classico', 5 , '6' );
INSERT INTO inventario  VALUES (37, 0, 'igene', 'Carta Igenica', 5 , NULL );
INSERT INTO inventario  VALUES (38, 0, 'igene', 'Sapone neutro', 3 , NULL );
INSERT INTO inventario  VALUES (39, 0, 'igene', 'Amuchina', 3 , NULL );
INSERT INTO inventario  VALUES (40, 0, 'igene', 'Shampoo', 4 , NULL );
INSERT INTO inventario  VALUES (41, 0, 'igene', 'DocciaSchiuma', 1 , NULL );
INSERT INTO inventario  VALUES (42, 0, 'igene', 'deodorante', 4 , NULL );
INSERT INTO inventario  VALUES (43, 0, 'igene', 'sgrassatore', 5 , NULL );
INSERT INTO inventario  VALUES (44, 0, 'igene', 'candeggina', 5 , NULL );
INSERT INTO inventario  VALUES (45, 0, 'igene', 'spugna', 1 , NULL );
INSERT INTO inventario  VALUES (46, 0, 'bibite', 'Acqua Eva', 5 , NULL );
INSERT INTO inventario  VALUES (47, 0, 'bibite', 'SantAnna', 4 , NULL );
INSERT INTO inventario  VALUES (48, 0, 'bibite', 'Acqua Simply', 1 , NULL );
INSERT INTO inventario  VALUES (49, 0, 'bibite', 'CocaCola', 1 , NULL );
INSERT INTO inventario  VALUES (50, 0, 'bibite', 'Pepsi', 1 , NULL );
INSERT INTO inventario  VALUES (51, 0, 'bibite', 'Fanta', 4 , NULL );


INSERT INTO scarico VALUES ('2022-02-08' );
INSERT INTO prodotto  VALUES (0, NULL, NULL , 42, '2022-02-08' , 15  );
INSERT INTO prodotto  VALUES (1, '2021-06-18', NULL , 7, '2022-02-08' , 15  );
INSERT INTO prodotto  VALUES (2, '2021-12-31', NULL , 22, '2022-02-08' , 2  );
INSERT INTO prodotto  VALUES (3, '2021-09-04', NULL , 2, '2022-02-08' , 18  );
INSERT INTO prodotto  VALUES (4, '2021-03-09', NULL , 27, '2022-02-08' , 7  );
INSERT INTO prodotto  VALUES (5, '2021-08-11', NULL , 21, '2022-02-08' , 0  );
INSERT INTO prodotto  VALUES (6, '2021-03-10', NULL , 16, '2022-02-08' , 15  );
INSERT INTO prodotto  VALUES (7, '2022-01-20', NULL , 9, '2022-02-08' , 16  );
INSERT INTO prodotto  VALUES (8, '2021-04-26', NULL , 19, '2022-02-08' , 16  );
INSERT INTO prodotto  VALUES (9, '2021-02-24', NULL , 6, '2022-02-08' , 0  );
INSERT INTO scarico VALUES ('2022-04-30' );
INSERT INTO prodotto  VALUES (10, '2021-12-15', NULL , 36, '2022-04-30' , 22  );
INSERT INTO prodotto  VALUES (11, '2022-03-13', NULL , 27, '2022-04-30' , 33  );
INSERT INTO prodotto  VALUES (12, '2020-12-25', NULL , 33, '2022-04-30' , 8  );
INSERT INTO prodotto  VALUES (13, '2021-12-09', NULL , 4, '2022-04-30' , 15  );
INSERT INTO prodotto  VALUES (14, '2021-10-27', NULL , 19, '2022-04-30' , 10  );
INSERT INTO prodotto  VALUES (15, NULL, NULL , 42, '2022-04-30' , 13  );
INSERT INTO prodotto  VALUES (16, '2022-01-12', NULL , 24, '2022-04-30' , 11  );
INSERT INTO prodotto  VALUES (17, '2021-07-03', NULL , 14, '2022-04-30' , 14  );
INSERT INTO prodotto  VALUES (18, '2021-09-07', NULL , 35, '2022-04-30' , 24  );
INSERT INTO prodotto  VALUES (19, '2021-08-10', NULL , 26, '2022-04-30' , 24  );
INSERT INTO scarico VALUES ('2022-04-19' );
INSERT INTO prodotto  VALUES (20, '2021-02-22', NULL , 20, '2022-04-19' , 23  );
INSERT INTO prodotto  VALUES (21, NULL, NULL , 51, '2022-04-19' , 7  );
INSERT INTO prodotto  VALUES (22, NULL, NULL , 42, '2022-04-19' , 17  );
INSERT INTO prodotto  VALUES (23, '2021-09-14', NULL , 6, '2022-04-19' , 5  );
INSERT INTO prodotto  VALUES (24, '2021-11-28', NULL , 35, '2022-04-19' , 14  );
INSERT INTO prodotto  VALUES (25, '2021-05-12', NULL , 9, '2022-04-19' , 26  );
INSERT INTO prodotto  VALUES (26, '2021-07-23', NULL , 28, '2022-04-19' , 33  );
INSERT INTO prodotto  VALUES (27, '2021-07-09', NULL , 36, '2022-04-19' , 24  );
INSERT INTO prodotto  VALUES (28, NULL, NULL , 50, '2022-04-19' , 25  );
INSERT INTO prodotto  VALUES (29, NULL, NULL , 49, '2022-04-19' , 1  );
INSERT INTO scarico VALUES ('2022-03-29' );
INSERT INTO prodotto  VALUES (30, '2021-11-10', NULL , 31, '2022-03-29' , 30  );
INSERT INTO prodotto  VALUES (31, '2021-09-29', NULL , 30, '2022-03-29' , 4  );
INSERT INTO prodotto  VALUES (32, '2022-01-06', NULL , 4, '2022-03-29' , 30  );
INSERT INTO prodotto  VALUES (33, '2021-06-28', NULL , 10, '2022-03-29' , 15  );
INSERT INTO prodotto  VALUES (34, '2021-03-29', NULL , 27, '2022-03-29' , 28  );
INSERT INTO prodotto  VALUES (35, NULL, NULL , 43, '2022-03-29' , 10  );
INSERT INTO prodotto  VALUES (36, NULL, NULL , 51, '2022-03-29' , 4  );
INSERT INTO prodotto  VALUES (37, NULL, NULL , 46, '2022-03-29' , 0  );
INSERT INTO prodotto  VALUES (38, '2021-03-29', NULL , 5, '2022-03-29' , 23  );
INSERT INTO prodotto  VALUES (39, '2022-03-14', NULL , 9, '2022-03-29' , 7  );
INSERT INTO scarico VALUES ('2022-06-03' );
INSERT INTO prodotto  VALUES (40, NULL, NULL , 38, '2022-06-03' , 17  );
INSERT INTO prodotto  VALUES (41, '2021-03-07', NULL , 14, '2022-06-03' , 26  );
INSERT INTO prodotto  VALUES (42, '2020-12-24', NULL , 0, '2022-06-03' , 14  );
INSERT INTO prodotto  VALUES (43, NULL, NULL , 38, '2022-06-03' , 10  );
INSERT INTO prodotto  VALUES (44, '2022-03-10', NULL , 32, '2022-06-03' , 33  );
INSERT INTO prodotto  VALUES (45, NULL, NULL , 39, '2022-06-03' , 32  );
INSERT INTO prodotto  VALUES (46, '2021-10-25', NULL , 32, '2022-06-03' , 8  );
INSERT INTO prodotto  VALUES (47, '2021-08-04', NULL , 36, '2022-06-03' , 11  );
INSERT INTO prodotto  VALUES (48, '2021-04-28', NULL , 7, '2022-06-03' , 2  );
INSERT INTO prodotto  VALUES (49, NULL, NULL , 51, '2022-06-03' , 25  );
INSERT INTO scarico VALUES ('2022-04-13' );
INSERT INTO prodotto  VALUES (50, '2021-06-07', NULL , 1, '2022-04-13' , 23  );
INSERT INTO prodotto  VALUES (51, '2021-02-18', NULL , 35, '2022-04-13' , 7  );
INSERT INTO prodotto  VALUES (52, '2022-04-05', NULL , 5, '2022-04-13' , 6  );
INSERT INTO prodotto  VALUES (53, '2020-12-17', NULL , 15, '2022-04-13' , 31  );
INSERT INTO prodotto  VALUES (54, '2021-03-11', NULL , 0, '2022-04-13' , 10  );
INSERT INTO prodotto  VALUES (55, NULL, NULL , 47, '2022-04-13' , 30  );
INSERT INTO prodotto  VALUES (56, '2021-04-13', NULL , 14, '2022-04-13' , 19  );
INSERT INTO prodotto  VALUES (57, '2021-11-29', NULL , 3, '2022-04-13' , 15  );
INSERT INTO prodotto  VALUES (58, '2021-02-21', NULL , 20, '2022-04-13' , 9  );
INSERT INTO prodotto  VALUES (59, '2021-03-11', NULL , 25, '2022-04-13' , 22  );
INSERT INTO scarico VALUES ('2022-03-07' );
INSERT INTO prodotto  VALUES (60, NULL, NULL , 40, '2022-03-07' , 9  );
INSERT INTO prodotto  VALUES (61, '2021-04-06', NULL , 8, '2022-03-07' , 10  );
INSERT INTO prodotto  VALUES (62, '2021-08-15', NULL , 15, '2022-03-07' , 4  );
INSERT INTO prodotto  VALUES (63, NULL, NULL , 48, '2022-03-07' , 28  );
INSERT INTO prodotto  VALUES (64, '2021-10-05', NULL , 1, '2022-03-07' , 16  );
INSERT INTO prodotto  VALUES (65, NULL, NULL , 44, '2022-03-07' , 18  );
INSERT INTO prodotto  VALUES (66, '2020-12-30', NULL , 22, '2022-03-07' , 2  );
INSERT INTO prodotto  VALUES (67, NULL, NULL , 40, '2022-03-07' , 29  );
INSERT INTO prodotto  VALUES (68, '2022-01-31', NULL , 27, '2022-03-07' , 23  );
INSERT INTO prodotto  VALUES (69, '2021-11-21', NULL , 30, '2022-03-07' , 11  );
INSERT INTO scarico VALUES ('2022-01-03' );
INSERT INTO prodotto  VALUES (70, NULL, NULL , 37, '2022-01-03' , 29  );
INSERT INTO prodotto  VALUES (71, '2021-10-16', NULL , 6, '2022-01-03' , 21  );
INSERT INTO prodotto  VALUES (72, '2021-01-02', NULL , 20, '2022-01-03' , 18  );
INSERT INTO prodotto  VALUES (73, '2021-08-29', NULL , 9, '2022-01-03' , 29  );
INSERT INTO prodotto  VALUES (74, '2021-02-07', NULL , 29, '2022-01-03' , 30  );
INSERT INTO prodotto  VALUES (75, '2021-09-07', NULL , 19, '2022-01-03' , 13  );
INSERT INTO prodotto  VALUES (76, '2021-02-09', NULL , 1, '2022-01-03' , 13  );
INSERT INTO prodotto  VALUES (77, '2021-06-19', NULL , 20, '2022-01-03' , 13  );
INSERT INTO prodotto  VALUES (78, NULL, NULL , 42, '2022-01-03' , 31  );
INSERT INTO prodotto  VALUES (79, '2021-01-13', NULL , 25, '2022-01-03' , 7  );
INSERT INTO scarico VALUES ('2022-05-09' );
INSERT INTO prodotto  VALUES (80, '2021-01-18', NULL , 30, '2022-05-09' , 11  );
INSERT INTO prodotto  VALUES (81, '2022-01-22', NULL , 6, '2022-05-09' , 3  );
INSERT INTO prodotto  VALUES (82, '2021-05-31', NULL , 26, '2022-05-09' , 17  );
INSERT INTO prodotto  VALUES (83, NULL, NULL , 46, '2022-05-09' , 4  );
INSERT INTO prodotto  VALUES (84, '2022-03-28', NULL , 31, '2022-05-09' , 27  );
INSERT INTO prodotto  VALUES (85, '2021-08-13', NULL , 36, '2022-05-09' , 24  );
INSERT INTO prodotto  VALUES (86, NULL, NULL , 42, '2022-05-09' , 19  );
INSERT INTO prodotto  VALUES (87, '2021-06-28', NULL , 11, '2022-05-09' , 16  );
INSERT INTO prodotto  VALUES (88, '2021-01-28', NULL , 2, '2022-05-09' , 33  );
INSERT INTO prodotto  VALUES (89, NULL, NULL , 37, '2022-05-09' , 24  );
INSERT INTO scarico VALUES ('2022-03-06' );
INSERT INTO prodotto  VALUES (90, '2021-02-14', NULL , 23, '2022-03-06' , 3  );
INSERT INTO prodotto  VALUES (91, '2021-05-28', NULL , 10, '2022-03-06' , 24  );
INSERT INTO prodotto  VALUES (92, '2021-06-08', NULL , 1, '2022-03-06' , 17  );
INSERT INTO prodotto  VALUES (93, '2021-11-08', NULL , 9, '2022-03-06' , 20  );
INSERT INTO prodotto  VALUES (94, '2021-06-12', NULL , 2, '2022-03-06' , 16  );
INSERT INTO prodotto  VALUES (95, '2021-05-31', NULL , 14, '2022-03-06' , 15  );
INSERT INTO prodotto  VALUES (96, '2021-12-09', NULL , 6, '2022-03-06' , 4  );
INSERT INTO prodotto  VALUES (97, NULL, NULL , 43, '2022-03-06' , 27  );
INSERT INTO prodotto  VALUES (98, '2021-03-15', NULL , 22, '2022-03-06' , 10  );
INSERT INTO prodotto  VALUES (99, '2022-02-07', NULL , 20, '2022-03-06' , 20  );


INSERT INTO appuntamento  VALUES ('2022-03-25 11:14:13', 51,  0 , 'UIXUQQ70A41G371D', 17 );
INSERT INTO turno  VALUES ('2022-03-25 11:14:13' , 'DMRAWX61L08H087O', '2022-03-25 15:14:13', '2022-03-25 11:14:13', NULL, NULL);
INSERT INTO prodotto  VALUES (100, '2022-04-23', '2022-03-25 11:14:13' , 28, NULL , 5 );
INSERT INTO prodotto  VALUES (101, NULL, '2022-03-25 11:14:13' , 49, NULL , 22 );
INSERT INTO prodotto  VALUES (102, '2022-05-13', '2022-03-25 11:14:13' , 22, NULL , 33 );
INSERT INTO prodotto  VALUES (103, '2022-04-11', '2022-03-25 11:14:13' , 17, NULL , 23 );
INSERT INTO prodotto  VALUES (104, NULL, '2022-03-25 11:14:13' , 37, NULL , 25 );
INSERT INTO prodotto  VALUES (105, '2022-04-25', '2022-03-25 11:14:13' , 6, NULL , 21 );
INSERT INTO prodotto  VALUES (106, NULL, '2022-03-25 11:14:13' , 44, NULL , 11 );
INSERT INTO prodotto  VALUES (107, NULL, '2022-03-25 11:14:13' , 43, NULL , 20 );
INSERT INTO prodotto  VALUES (108, '2022-04-02', '2022-03-25 11:14:13' , 36, NULL , 28 );
INSERT INTO prodotto  VALUES (109, '2022-05-25', '2022-03-25 11:14:13' , 8, NULL , 17 );
INSERT INTO prodotto  VALUES (110, '2022-05-22', '2022-03-25 11:14:13' , 4, NULL , 30 );
INSERT INTO prodotto  VALUES (111, NULL, '2022-03-25 11:14:13' , 45, NULL , 11 );
INSERT INTO prodotto  VALUES (112, '2022-04-01', '2022-03-25 11:14:13' , 5, NULL , 17 );
INSERT INTO prodotto  VALUES (113, '2022-03-29', '2022-03-25 11:14:13' , 24, NULL , 31 );
INSERT INTO prodotto  VALUES (114, '2022-05-02', '2022-03-25 11:14:13' , 21, NULL , 25 );
INSERT INTO appuntamento  VALUES ('2022-03-18 10:19:38', 52,  1 , 'IVUFIA29E47H446D', 21 );
INSERT INTO turno  VALUES ('2022-03-18 10:19:38' , 'NZIQGP41H19F987C', '2022-03-18 14:19:38', '2022-03-18 10:19:38', NULL, NULL);
INSERT INTO prodotto  VALUES (115, '2022-05-20', '2022-03-18 10:19:38' , 20, NULL , 15 );
INSERT INTO prodotto  VALUES (116, '2022-04-17', '2022-03-18 10:19:38' , 21, NULL , 20 );
INSERT INTO prodotto  VALUES (117, '2022-05-16', '2022-03-18 10:19:38' , 2, NULL , 20 );
INSERT INTO prodotto  VALUES (118, NULL, '2022-03-18 10:19:38' , 37, NULL , 25 );
INSERT INTO prodotto  VALUES (119, '2022-05-11', '2022-03-18 10:19:38' , 25, NULL , 22 );
INSERT INTO prodotto  VALUES (120, '2022-04-01', '2022-03-18 10:19:38' , 23, NULL , 15 );
INSERT INTO prodotto  VALUES (121, NULL, '2022-03-18 10:19:38' , 47, NULL , 6 );
INSERT INTO prodotto  VALUES (122, NULL, '2022-03-18 10:19:38' , 40, NULL , 1 );
INSERT INTO prodotto  VALUES (123, '2022-03-21', '2022-03-18 10:19:38' , 31, NULL , 33 );
INSERT INTO prodotto  VALUES (124, NULL, '2022-03-18 10:19:38' , 37, NULL , 21 );
INSERT INTO prodotto  VALUES (125, '2022-03-30', '2022-03-18 10:19:38' , 34, NULL , 9 );
INSERT INTO prodotto  VALUES (126, '2022-04-30', '2022-03-18 10:19:38' , 12, NULL , 9 );
INSERT INTO prodotto  VALUES (127, '2022-05-31', '2022-03-18 10:19:38' , 18, NULL , 5 );
INSERT INTO prodotto  VALUES (128, NULL, '2022-03-18 10:19:38' , 38, NULL , 2 );
INSERT INTO appuntamento  VALUES ('2022-03-08 23:09:45', 40,  1 , 'JZBWYN03S68H674C', 14 );
INSERT INTO turno  VALUES ('2022-03-08 23:09:45' , 'FMZUMA57C42H588L', '2022-03-09 03:09:45', '2022-03-08 23:09:45', NULL, NULL);
INSERT INTO prodotto  VALUES (129, '2022-03-20', '2022-03-08 23:09:45' , 12, NULL , 19 );
INSERT INTO prodotto  VALUES (130, NULL, '2022-03-08 23:09:45' , 43, NULL , 5 );
INSERT INTO prodotto  VALUES (131, '2022-04-30', '2022-03-08 23:09:45' , 35, NULL , 25 );
INSERT INTO prodotto  VALUES (132, NULL, '2022-03-08 23:09:45' , 47, NULL , 21 );
INSERT INTO prodotto  VALUES (133, '2022-05-14', '2022-03-08 23:09:45' , 29, NULL , 25 );
INSERT INTO prodotto  VALUES (134, '2022-05-27', '2022-03-08 23:09:45' , 0, NULL , 32 );
INSERT INTO prodotto  VALUES (135, NULL, '2022-03-08 23:09:45' , 49, NULL , 23 );
INSERT INTO prodotto  VALUES (136, NULL, '2022-03-08 23:09:45' , 38, NULL , 18 );
INSERT INTO prodotto  VALUES (137, '2022-04-02', '2022-03-08 23:09:45' , 12, NULL , 18 );
INSERT INTO prodotto  VALUES (138, NULL, '2022-03-08 23:09:45' , 48, NULL , 29 );
INSERT INTO prodotto  VALUES (139, '2022-05-28', '2022-03-08 23:09:45' , 3, NULL , 25 );
INSERT INTO prodotto  VALUES (140, '2022-03-22', '2022-03-08 23:09:45' , 28, NULL , 31 );
INSERT INTO prodotto  VALUES (141, '2022-04-15', '2022-03-08 23:09:45' , 25, NULL , 34 );
INSERT INTO prodotto  VALUES (142, NULL, '2022-03-08 23:09:45' , 39, NULL , 25 );
INSERT INTO appuntamento  VALUES ('2022-03-08 20:21:24', 37,  2 , 'RHUBTO80A65D711Q', 1 );
INSERT INTO turno  VALUES ('2022-03-08 20:21:24' , 'WGLAYO82D58I582A', '2022-03-09 00:21:24', '2022-03-08 20:21:24', NULL, NULL);
INSERT INTO prodotto  VALUES (143, '2022-04-29', '2022-03-08 20:21:24' , 19, NULL , 13 );
INSERT INTO prodotto  VALUES (144, '2022-05-05', '2022-03-08 20:21:24' , 4, NULL , 26 );
INSERT INTO prodotto  VALUES (145, NULL, '2022-03-08 20:21:24' , 38, NULL , 34 );
INSERT INTO prodotto  VALUES (146, '2022-03-14', '2022-03-08 20:21:24' , 4, NULL , 2 );
INSERT INTO prodotto  VALUES (147, '2022-05-15', '2022-03-08 20:21:24' , 29, NULL , 31 );
INSERT INTO prodotto  VALUES (148, '2022-04-02', '2022-03-08 20:21:24' , 1, NULL , 26 );
INSERT INTO prodotto  VALUES (149, '2022-04-30', '2022-03-08 20:21:24' , 29, NULL , 3 );
INSERT INTO prodotto  VALUES (150, '2022-04-28', '2022-03-08 20:21:24' , 34, NULL , 0 );
INSERT INTO prodotto  VALUES (151, '2022-04-12', '2022-03-08 20:21:24' , 0, NULL , 3 );
INSERT INTO prodotto  VALUES (152, NULL, '2022-03-08 20:21:24' , 43, NULL , 33 );
INSERT INTO prodotto  VALUES (153, NULL, '2022-03-08 20:21:24' , 43, NULL , 28 );
INSERT INTO appuntamento  VALUES ('2022-03-21 15:55:25', 55,  18 , 'WSOBRZ20L68B631I', 20 );
INSERT INTO turno  VALUES ('2022-03-21 15:55:25' , 'BWHWYG86S10H427J', '2022-03-21 19:55:25', '2022-03-21 15:55:25', NULL, NULL);
INSERT INTO prodotto  VALUES (154, '2022-05-11', '2022-03-21 15:55:25' , 29, NULL , 4 );
INSERT INTO prodotto  VALUES (155, '2022-04-11', '2022-03-21 15:55:25' , 7, NULL , 1 );
INSERT INTO prodotto  VALUES (156, '2022-05-28', '2022-03-21 15:55:25' , 22, NULL , 4 );
INSERT INTO prodotto  VALUES (157, '2022-05-15', '2022-03-21 15:55:25' , 6, NULL , 25 );
INSERT INTO prodotto  VALUES (158, '2022-03-31', '2022-03-21 15:55:25' , 15, NULL , 7 );
INSERT INTO prodotto  VALUES (159, '2022-03-24', '2022-03-21 15:55:25' , 7, NULL , 15 );
INSERT INTO prodotto  VALUES (160, NULL, '2022-03-21 15:55:25' , 50, NULL , 4 );
INSERT INTO prodotto  VALUES (161, NULL, '2022-03-21 15:55:25' , 45, NULL , 1 );
INSERT INTO prodotto  VALUES (162, '2022-05-15', '2022-03-21 15:55:25' , 23, NULL , 1 );
INSERT INTO prodotto  VALUES (163, '2022-04-15', '2022-03-21 15:55:25' , 17, NULL , 21 );
INSERT INTO prodotto  VALUES (164, NULL, '2022-03-21 15:55:25' , 49, NULL , 11 );
INSERT INTO prodotto  VALUES (165, '2022-04-28', '2022-03-21 15:55:25' , 9, NULL , 32 );
INSERT INTO prodotto  VALUES (166, '2022-05-11', '2022-03-21 15:55:25' , 6, NULL , 31 );
INSERT INTO prodotto  VALUES (167, '2022-04-09', '2022-03-21 15:55:25' , 3, NULL , 9 );
INSERT INTO prodotto  VALUES (168, '2022-05-25', '2022-03-21 15:55:25' , 23, NULL , 7 );
INSERT INTO appuntamento  VALUES ('2022-03-01 14:09:16', 47,  7 , 'IWXORF97R41E381W', 22 );
INSERT INTO turno  VALUES ('2022-03-01 14:09:16' , 'TXJEZP07T60H314X', '2022-03-01 18:09:16', '2022-03-01 14:09:16', NULL, NULL);
INSERT INTO prodotto  VALUES (169, '2022-05-08', '2022-03-01 14:09:16' , 16, NULL , 30 );
INSERT INTO prodotto  VALUES (170, '2022-03-03', '2022-03-01 14:09:16' , 1, NULL , 28 );
INSERT INTO prodotto  VALUES (171, '2022-03-03', '2022-03-01 14:09:16' , 18, NULL , 14 );
INSERT INTO prodotto  VALUES (172, '2022-05-09', '2022-03-01 14:09:16' , 10, NULL , 19 );
INSERT INTO prodotto  VALUES (173, '2022-03-14', '2022-03-01 14:09:16' , 2, NULL , 30 );
INSERT INTO prodotto  VALUES (174, '2022-03-14', '2022-03-01 14:09:16' , 24, NULL , 16 );
INSERT INTO prodotto  VALUES (175, NULL, '2022-03-01 14:09:16' , 46, NULL , 29 );
INSERT INTO prodotto  VALUES (176, '2022-05-30', '2022-03-01 14:09:16' , 22, NULL , 18 );
INSERT INTO prodotto  VALUES (177, '2022-04-09', '2022-03-01 14:09:16' , 7, NULL , 15 );
INSERT INTO prodotto  VALUES (178, NULL, '2022-03-01 14:09:16' , 45, NULL , 0 );
INSERT INTO prodotto  VALUES (179, '2022-03-13', '2022-03-01 14:09:16' , 8, NULL , 6 );
INSERT INTO prodotto  VALUES (180, NULL, '2022-03-01 14:09:16' , 37, NULL , 20 );
INSERT INTO prodotto  VALUES (181, '2022-04-02', '2022-03-01 14:09:16' , 29, NULL , 31 );
INSERT INTO prodotto  VALUES (182, NULL, '2022-03-01 14:09:16' , 41, NULL , 16 );
INSERT INTO prodotto  VALUES (183, NULL, '2022-03-01 14:09:16' , 41, NULL , 14 );
INSERT INTO appuntamento  VALUES ('2022-03-14 21:19:38', 54,  1 , 'NPAZRJ59B06M196V', 7 );
INSERT INTO turno  VALUES ('2022-03-14 21:19:38' , 'GWJMNR18B02A159Q', '2022-03-15 01:19:38', '2022-03-14 21:19:38', NULL, NULL);
INSERT INTO prodotto  VALUES (184, '2022-04-17', '2022-03-14 21:19:38' , 27, NULL , 14 );
INSERT INTO prodotto  VALUES (185, NULL, '2022-03-14 21:19:38' , 44, NULL , 4 );
INSERT INTO prodotto  VALUES (186, '2022-03-23', '2022-03-14 21:19:38' , 27, NULL , 33 );
INSERT INTO prodotto  VALUES (187, '2022-03-22', '2022-03-14 21:19:38' , 21, NULL , 8 );
INSERT INTO prodotto  VALUES (188, '2022-05-12', '2022-03-14 21:19:38' , 23, NULL , 26 );
INSERT INTO prodotto  VALUES (189, '2022-03-30', '2022-03-14 21:19:38' , 25, NULL , 4 );
INSERT INTO prodotto  VALUES (190, '2022-05-22', '2022-03-14 21:19:38' , 7, NULL , 4 );
INSERT INTO prodotto  VALUES (191, '2022-05-23', '2022-03-14 21:19:38' , 20, NULL , 18 );
INSERT INTO prodotto  VALUES (192, '2022-05-15', '2022-03-14 21:19:38' , 16, NULL , 22 );
INSERT INTO prodotto  VALUES (193, '2022-04-30', '2022-03-14 21:19:38' , 16, NULL , 14 );
INSERT INTO prodotto  VALUES (194, NULL, '2022-03-14 21:19:38' , 49, NULL , 8 );
INSERT INTO prodotto  VALUES (195, '2022-05-29', '2022-03-14 21:19:38' , 20, NULL , 31 );
INSERT INTO prodotto  VALUES (196, NULL, '2022-03-14 21:19:38' , 37, NULL , 10 );
INSERT INTO prodotto  VALUES (197, '2022-05-22', '2022-03-14 21:19:38' , 4, NULL , 33 );
INSERT INTO prodotto  VALUES (198, NULL, '2022-03-14 21:19:38' , 38, NULL , 7 );
INSERT INTO appuntamento  VALUES ('2022-03-15 02:01:48', 52,  13 , 'DKMDLC56R23F747T', 9 );
INSERT INTO turno  VALUES ('2022-03-15 02:01:48' , 'TTQEJU73H01L199G', '2022-03-15 06:01:48', '2022-03-15 02:01:48', NULL, NULL);
INSERT INTO prodotto  VALUES (199, NULL, '2022-03-15 02:01:48' , 50, NULL , 7 );
INSERT INTO prodotto  VALUES (200, '2022-04-27', '2022-03-15 02:01:48' , 8, NULL , 15 );
INSERT INTO prodotto  VALUES (201, NULL, '2022-03-15 02:01:48' , 46, NULL , 1 );
INSERT INTO prodotto  VALUES (202, '2022-04-09', '2022-03-15 02:01:48' , 12, NULL , 11 );
INSERT INTO prodotto  VALUES (203, '2022-05-20', '2022-03-15 02:01:48' , 31, NULL , 20 );
INSERT INTO prodotto  VALUES (204, '2022-04-25', '2022-03-15 02:01:48' , 19, NULL , 34 );
INSERT INTO prodotto  VALUES (205, NULL, '2022-03-15 02:01:48' , 50, NULL , 7 );
INSERT INTO prodotto  VALUES (206, '2022-03-20', '2022-03-15 02:01:48' , 8, NULL , 11 );
INSERT INTO prodotto  VALUES (207, '2022-05-24', '2022-03-15 02:01:48' , 29, NULL , 5 );
INSERT INTO prodotto  VALUES (208, '2022-04-04', '2022-03-15 02:01:48' , 0, NULL , 29 );
INSERT INTO prodotto  VALUES (209, NULL, '2022-03-15 02:01:48' , 49, NULL , 22 );
INSERT INTO prodotto  VALUES (210, NULL, '2022-03-15 02:01:48' , 46, NULL , 8 );
INSERT INTO prodotto  VALUES (211, '2022-03-29', '2022-03-15 02:01:48' , 26, NULL , 32 );
INSERT INTO prodotto  VALUES (212, '2022-04-14', '2022-03-15 02:01:48' , 24, NULL , 13 );
INSERT INTO prodotto  VALUES (213, '2022-05-25', '2022-03-15 02:01:48' , 24, NULL , 28 );
INSERT INTO appuntamento  VALUES ('2022-03-28 06:27:23', 55,  4 , 'SYRLXZ59H13H230M', 6 );
INSERT INTO turno  VALUES ('2022-03-28 06:27:23' , 'QTYFDR66E09A811T', '2022-03-28 10:27:23', '2022-03-28 06:27:23', NULL, NULL);
INSERT INTO prodotto  VALUES (214, '2022-05-21', '2022-03-28 06:27:23' , 25, NULL , 32 );
INSERT INTO prodotto  VALUES (215, '2022-04-01', '2022-03-28 06:27:23' , 22, NULL , 26 );
INSERT INTO prodotto  VALUES (216, '2022-05-19', '2022-03-28 06:27:23' , 3, NULL , 30 );
INSERT INTO prodotto  VALUES (217, '2022-05-25', '2022-03-28 06:27:23' , 5, NULL , 12 );
INSERT INTO prodotto  VALUES (218, '2022-04-03', '2022-03-28 06:27:23' , 15, NULL , 28 );
INSERT INTO prodotto  VALUES (219, NULL, '2022-03-28 06:27:23' , 51, NULL , 0 );
INSERT INTO prodotto  VALUES (220, '2022-05-19', '2022-03-28 06:27:23' , 29, NULL , 21 );
INSERT INTO prodotto  VALUES (221, NULL, '2022-03-28 06:27:23' , 49, NULL , 16 );
INSERT INTO prodotto  VALUES (222, '2022-05-06', '2022-03-28 06:27:23' , 16, NULL , 34 );
INSERT INTO prodotto  VALUES (223, NULL, '2022-03-28 06:27:23' , 42, NULL , 22 );
INSERT INTO prodotto  VALUES (224, '2022-05-19', '2022-03-28 06:27:23' , 4, NULL , 11 );
INSERT INTO prodotto  VALUES (225, NULL, '2022-03-28 06:27:23' , 44, NULL , 5 );
INSERT INTO prodotto  VALUES (226, '2022-05-23', '2022-03-28 06:27:23' , 0, NULL , 17 );
INSERT INTO prodotto  VALUES (227, '2022-04-02', '2022-03-28 06:27:23' , 23, NULL , 1 );
INSERT INTO prodotto  VALUES (228, '2022-05-18', '2022-03-28 06:27:23' , 32, NULL , 29 );
INSERT INTO appuntamento  VALUES ('2022-03-09 06:39:27', 50,  10 , 'CASAWE20H13G202L', 8 );
INSERT INTO turno  VALUES ('2022-03-09 06:39:27' , 'ULKUBL65B18G364Y', '2022-03-09 10:39:27', '2022-03-09 06:39:27', NULL, NULL);
INSERT INTO prodotto  VALUES (229, '2022-04-06', '2022-03-09 06:39:27' , 16, NULL , 33 );
INSERT INTO prodotto  VALUES (230, '2022-03-28', '2022-03-09 06:39:27' , 1, NULL , 25 );
INSERT INTO prodotto  VALUES (231, '2022-03-24', '2022-03-09 06:39:27' , 13, NULL , 17 );
INSERT INTO prodotto  VALUES (232, '2022-04-05', '2022-03-09 06:39:27' , 14, NULL , 10 );
INSERT INTO prodotto  VALUES (233, '2022-05-01', '2022-03-09 06:39:27' , 35, NULL , 18 );
INSERT INTO prodotto  VALUES (234, '2022-04-02', '2022-03-09 06:39:27' , 18, NULL , 34 );
INSERT INTO prodotto  VALUES (235, '2022-03-13', '2022-03-09 06:39:27' , 24, NULL , 13 );
INSERT INTO prodotto  VALUES (236, '2022-04-17', '2022-03-09 06:39:27' , 14, NULL , 34 );
INSERT INTO prodotto  VALUES (237, '2022-03-26', '2022-03-09 06:39:27' , 11, NULL , 13 );
INSERT INTO prodotto  VALUES (238, '2022-04-18', '2022-03-09 06:39:27' , 32, NULL , 16 );
INSERT INTO prodotto  VALUES (239, '2022-03-26', '2022-03-09 06:39:27' , 22, NULL , 0 );
INSERT INTO prodotto  VALUES (240, NULL, '2022-03-09 06:39:27' , 49, NULL , 16 );
INSERT INTO prodotto  VALUES (241, NULL, '2022-03-09 06:39:27' , 42, NULL , 30 );
INSERT INTO prodotto  VALUES (242, '2022-04-06', '2022-03-09 06:39:27' , 6, NULL , 7 );
INSERT INTO prodotto  VALUES (243, '2022-04-02', '2022-03-09 06:39:27' , 6, NULL , 27 );
INSERT INTO appuntamento  VALUES ('2022-03-24 11:57:08', 34,  3 , 'BVRGPR89C55E078H', 26 );
INSERT INTO turno  VALUES ('2022-03-24 11:57:08' , 'VDZDOX55R02E809S', '2022-03-24 15:57:08', '2022-03-24 11:57:08', NULL, NULL);
INSERT INTO prodotto  VALUES (244, '2022-05-19', '2022-03-24 11:57:08' , 19, NULL , 31 );
INSERT INTO prodotto  VALUES (245, '2022-04-14', '2022-03-24 11:57:08' , 32, NULL , 21 );
INSERT INTO prodotto  VALUES (246, '2022-05-15', '2022-03-24 11:57:08' , 13, NULL , 18 );
INSERT INTO prodotto  VALUES (247, '2022-05-14', '2022-03-24 11:57:08' , 32, NULL , 5 );
INSERT INTO prodotto  VALUES (248, '2022-04-02', '2022-03-24 11:57:08' , 5, NULL , 29 );
INSERT INTO prodotto  VALUES (249, '2022-04-07', '2022-03-24 11:57:08' , 36, NULL , 5 );
INSERT INTO prodotto  VALUES (250, '2022-04-02', '2022-03-24 11:57:08' , 33, NULL , 30 );
INSERT INTO prodotto  VALUES (251, '2022-04-28', '2022-03-24 11:57:08' , 15, NULL , 25 );
INSERT INTO prodotto  VALUES (252, '2022-05-16', '2022-03-24 11:57:08' , 2, NULL , 13 );
INSERT INTO prodotto  VALUES (253, '2022-04-19', '2022-03-24 11:57:08' , 4, NULL , 26 );
INSERT INTO prodotto  VALUES (254, NULL, '2022-03-24 11:57:08' , 37, NULL , 3 );
INSERT INTO appuntamento  VALUES ('2022-03-05 14:03:34', 32,  2 , 'IUXWBQ16P09F889D', 3 );
INSERT INTO turno  VALUES ('2022-03-05 14:03:34' , 'ILYHTB65A25H030U', '2022-03-05 18:03:34', '2022-03-05 14:03:34', NULL, NULL);
INSERT INTO prodotto  VALUES (255, '2022-04-08', '2022-03-05 14:03:34' , 24, NULL , 5 );
INSERT INTO prodotto  VALUES (256, '2022-03-20', '2022-03-05 14:03:34' , 23, NULL , 11 );
INSERT INTO prodotto  VALUES (257, NULL, '2022-03-05 14:03:34' , 45, NULL , 18 );
INSERT INTO prodotto  VALUES (258, NULL, '2022-03-05 14:03:34' , 50, NULL , 25 );
INSERT INTO prodotto  VALUES (259, '2022-03-10', '2022-03-05 14:03:34' , 14, NULL , 14 );
INSERT INTO prodotto  VALUES (260, '2022-04-17', '2022-03-05 14:03:34' , 5, NULL , 12 );
INSERT INTO prodotto  VALUES (261, '2022-05-21', '2022-03-05 14:03:34' , 15, NULL , 5 );
INSERT INTO prodotto  VALUES (262, '2022-05-08', '2022-03-05 14:03:34' , 14, NULL , 9 );
INSERT INTO prodotto  VALUES (263, '2022-05-18', '2022-03-05 14:03:34' , 17, NULL , 1 );
INSERT INTO prodotto  VALUES (264, NULL, '2022-03-05 14:03:34' , 41, NULL , 31 );
INSERT INTO prodotto  VALUES (265, '2022-03-28', '2022-03-05 14:03:34' , 8, NULL , 15 );
INSERT INTO prodotto  VALUES (266, '2022-03-28', '2022-03-05 14:03:34' , 14, NULL , 26 );
INSERT INTO prodotto  VALUES (267, NULL, '2022-03-05 14:03:34' , 46, NULL , 4 );
INSERT INTO appuntamento  VALUES ('2022-03-20 03:22:38', 60,  13 , 'OXDTOM78A68E753L', 5 );
INSERT INTO turno  VALUES ('2022-03-20 03:22:38' , 'DQDSSE01A04L484J', '2022-03-20 07:22:38', '2022-03-20 03:22:38', NULL, NULL);
INSERT INTO prodotto  VALUES (268, NULL, '2022-03-20 03:22:38' , 39, NULL , 19 );
INSERT INTO prodotto  VALUES (269, NULL, '2022-03-20 03:22:38' , 42, NULL , 27 );
INSERT INTO prodotto  VALUES (270, NULL, '2022-03-20 03:22:38' , 43, NULL , 22 );
INSERT INTO prodotto  VALUES (271, '2022-04-17', '2022-03-20 03:22:38' , 26, NULL , 15 );
INSERT INTO prodotto  VALUES (272, '2022-04-06', '2022-03-20 03:22:38' , 34, NULL , 23 );
INSERT INTO prodotto  VALUES (273, NULL, '2022-03-20 03:22:38' , 49, NULL , 34 );
INSERT INTO prodotto  VALUES (274, NULL, '2022-03-20 03:22:38' , 40, NULL , 22 );
INSERT INTO prodotto  VALUES (275, NULL, '2022-03-20 03:22:38' , 48, NULL , 2 );
INSERT INTO prodotto  VALUES (276, '2022-03-31', '2022-03-20 03:22:38' , 8, NULL , 1 );
INSERT INTO prodotto  VALUES (277, NULL, '2022-03-20 03:22:38' , 47, NULL , 10 );
INSERT INTO prodotto  VALUES (278, NULL, '2022-03-20 03:22:38' , 48, NULL , 2 );
INSERT INTO prodotto  VALUES (279, '2022-04-18', '2022-03-20 03:22:38' , 6, NULL , 11 );
INSERT INTO prodotto  VALUES (280, '2022-05-03', '2022-03-20 03:22:38' , 30, NULL , 21 );
INSERT INTO prodotto  VALUES (281, '2022-04-25', '2022-03-20 03:22:38' , 29, NULL , 6 );
INSERT INTO prodotto  VALUES (282, '2022-05-01', '2022-03-20 03:22:38' , 21, NULL , 1 );
INSERT INTO appuntamento  VALUES ('2022-03-25 10:09:37', 42,  0 , 'HLXUNI03T02I139A', 29 );
INSERT INTO turno  VALUES ('2022-03-25 10:09:37' , 'JJGPGW62L62M354G', '2022-03-25 14:09:37', '2022-03-25 10:09:37', NULL, NULL);
INSERT INTO prodotto  VALUES (283, NULL, '2022-03-25 10:09:37' , 42, NULL , 23 );
INSERT INTO prodotto  VALUES (284, '2022-05-13', '2022-03-25 10:09:37' , 28, NULL , 9 );
INSERT INTO prodotto  VALUES (285, '2022-04-15', '2022-03-25 10:09:37' , 1, NULL , 22 );
INSERT INTO prodotto  VALUES (286, NULL, '2022-03-25 10:09:37' , 37, NULL , 14 );
INSERT INTO prodotto  VALUES (287, '2022-04-02', '2022-03-25 10:09:37' , 25, NULL , 31 );
INSERT INTO prodotto  VALUES (288, '2022-05-09', '2022-03-25 10:09:37' , 2, NULL , 10 );
INSERT INTO prodotto  VALUES (289, NULL, '2022-03-25 10:09:37' , 43, NULL , 21 );
INSERT INTO prodotto  VALUES (290, '2022-04-09', '2022-03-25 10:09:37' , 25, NULL , 10 );
INSERT INTO prodotto  VALUES (291, '2022-04-06', '2022-03-25 10:09:37' , 30, NULL , 4 );
INSERT INTO prodotto  VALUES (292, '2022-05-02', '2022-03-25 10:09:37' , 15, NULL , 20 );
INSERT INTO prodotto  VALUES (293, '2022-04-22', '2022-03-25 10:09:37' , 9, NULL , 1 );
INSERT INTO prodotto  VALUES (294, NULL, '2022-03-25 10:09:37' , 45, NULL , 13 );
INSERT INTO appuntamento  VALUES ('2022-03-19 23:32:47', 30,  2 , 'DFXVVL31L02L570Y', 18 );
INSERT INTO turno  VALUES ('2022-03-19 23:32:47' , 'DQDSSE01A04L484J', '2022-03-20 03:32:47', '2022-03-19 23:32:47', NULL, NULL);
INSERT INTO prodotto  VALUES (295, NULL, '2022-03-19 23:32:47' , 45, NULL , 15 );
INSERT INTO prodotto  VALUES (296, NULL, '2022-03-19 23:32:47' , 48, NULL , 1 );
INSERT INTO prodotto  VALUES (297, '2022-05-09', '2022-03-19 23:32:47' , 12, NULL , 14 );
INSERT INTO prodotto  VALUES (298, '2022-05-05', '2022-03-19 23:32:47' , 29, NULL , 27 );
INSERT INTO prodotto  VALUES (299, '2022-05-06', '2022-03-19 23:32:47' , 13, NULL , 16 );
INSERT INTO prodotto  VALUES (300, '2022-04-20', '2022-03-19 23:32:47' , 6, NULL , 5 );
INSERT INTO prodotto  VALUES (301, '2022-04-02', '2022-03-19 23:32:47' , 32, NULL , 7 );
INSERT INTO prodotto  VALUES (302, '2022-04-03', '2022-03-19 23:32:47' , 9, NULL , 20 );
INSERT INTO prodotto  VALUES (303, NULL, '2022-03-19 23:32:47' , 49, NULL , 22 );
INSERT INTO prodotto  VALUES (304, '2022-03-22', '2022-03-19 23:32:47' , 2, NULL , 15 );
INSERT INTO prodotto  VALUES (305, '2022-04-23', '2022-03-19 23:32:47' , 16, NULL , 7 );
INSERT INTO prodotto  VALUES (306, '2022-04-18', '2022-03-19 23:32:47' , 27, NULL , 13 );
INSERT INTO appuntamento  VALUES ('2022-04-19 12:25:33', 56,  12 , 'JCBCDP62T58A102D', 25 );
INSERT INTO turno  VALUES ('2022-04-19 12:25:33' , 'WSPTTO56B51L784D', '2022-04-19 16:25:33', '2022-04-19 12:25:33', NULL, NULL);
INSERT INTO prodotto  VALUES (307, NULL, '2022-04-19 12:25:33' , 43, NULL , 33 );
INSERT INTO prodotto  VALUES (308, '2022-05-14', '2022-04-19 12:25:33' , 32, NULL , 7 );
INSERT INTO prodotto  VALUES (309, '2022-04-25', '2022-04-19 12:25:33' , 31, NULL , 5 );
INSERT INTO prodotto  VALUES (310, NULL, '2022-04-19 12:25:33' , 40, NULL , 2 );
INSERT INTO prodotto  VALUES (311, '2022-05-02', '2022-04-19 12:25:33' , 0, NULL , 29 );
INSERT INTO prodotto  VALUES (312, '2022-05-15', '2022-04-19 12:25:33' , 13, NULL , 4 );
INSERT INTO prodotto  VALUES (313, '2022-04-28', '2022-04-19 12:25:33' , 6, NULL , 30 );
INSERT INTO prodotto  VALUES (314, '2022-04-24', '2022-04-19 12:25:33' , 10, NULL , 7 );
INSERT INTO prodotto  VALUES (315, NULL, '2022-04-19 12:25:33' , 40, NULL , 34 );
INSERT INTO prodotto  VALUES (316, '2022-05-20', '2022-04-19 12:25:33' , 1, NULL , 19 );
INSERT INTO prodotto  VALUES (317, '2022-05-24', '2022-04-19 12:25:33' , 24, NULL , 13 );
INSERT INTO prodotto  VALUES (318, '2022-05-27', '2022-04-19 12:25:33' , 8, NULL , 6 );
INSERT INTO prodotto  VALUES (319, '2022-05-05', '2022-04-19 12:25:33' , 2, NULL , 33 );
INSERT INTO prodotto  VALUES (320, '2022-05-29', '2022-04-19 12:25:33' , 6, NULL , 0 );
INSERT INTO prodotto  VALUES (321, NULL, '2022-04-19 12:25:33' , 48, NULL , 3 );
INSERT INTO appuntamento  VALUES ('2022-04-29 05:57:17', 54,  3 , 'DSVHXH87B18H161D', 28 );
INSERT INTO turno  VALUES ('2022-04-29 05:57:17' , 'DMUIKA41R68E410Z', '2022-04-29 09:57:17', '2022-04-29 05:57:17', NULL, NULL);
INSERT INTO prodotto  VALUES (322, '2022-05-06', '2022-04-29 05:57:17' , 31, NULL , 26 );
INSERT INTO prodotto  VALUES (323, NULL, '2022-04-29 05:57:17' , 51, NULL , 33 );
INSERT INTO prodotto  VALUES (324, NULL, '2022-04-29 05:57:17' , 38, NULL , 2 );
INSERT INTO prodotto  VALUES (325, '2022-05-02', '2022-04-29 05:57:17' , 32, NULL , 8 );
INSERT INTO prodotto  VALUES (326, '2022-05-16', '2022-04-29 05:57:17' , 22, NULL , 22 );
INSERT INTO prodotto  VALUES (327, '2022-05-30', '2022-04-29 05:57:17' , 2, NULL , 1 );
INSERT INTO prodotto  VALUES (328, NULL, '2022-04-29 05:57:17' , 46, NULL , 6 );
INSERT INTO prodotto  VALUES (329, '2022-05-08', '2022-04-29 05:57:17' , 19, NULL , 32 );
INSERT INTO prodotto  VALUES (330, NULL, '2022-04-29 05:57:17' , 46, NULL , 2 );
INSERT INTO prodotto  VALUES (331, '2022-05-17', '2022-04-29 05:57:17' , 13, NULL , 18 );
INSERT INTO prodotto  VALUES (332, '2022-05-14', '2022-04-29 05:57:17' , 4, NULL , 10 );
INSERT INTO prodotto  VALUES (333, '2022-05-09', '2022-04-29 05:57:17' , 16, NULL , 33 );
INSERT INTO prodotto  VALUES (334, '2022-05-13', '2022-04-29 05:57:17' , 11, NULL , 21 );
INSERT INTO prodotto  VALUES (335, '2022-05-03', '2022-04-29 05:57:17' , 25, NULL , 4 );
INSERT INTO prodotto  VALUES (336, '2022-04-30', '2022-04-29 05:57:17' , 34, NULL , 15 );
INSERT INTO appuntamento  VALUES ('2022-04-27 18:30:48', 60,  19 , 'DZLOYH83T67E868G', 5 );
INSERT INTO turno  VALUES ('2022-04-27 18:30:48' , 'YITVMW42P46L144I', '2022-04-27 22:30:48', '2022-04-27 18:30:48', NULL, NULL);
INSERT INTO prodotto  VALUES (337, '2022-05-29', '2022-04-27 18:30:48' , 36, NULL , 6 );
INSERT INTO prodotto  VALUES (338, '2022-05-09', '2022-04-27 18:30:48' , 11, NULL , 34 );
INSERT INTO prodotto  VALUES (339, '2022-05-13', '2022-04-27 18:30:48' , 24, NULL , 18 );
INSERT INTO prodotto  VALUES (340, '2022-05-06', '2022-04-27 18:30:48' , 33, NULL , 12 );
INSERT INTO prodotto  VALUES (341, '2022-05-23', '2022-04-27 18:30:48' , 15, NULL , 7 );
INSERT INTO prodotto  VALUES (342, '2022-05-20', '2022-04-27 18:30:48' , 35, NULL , 13 );
INSERT INTO prodotto  VALUES (343, NULL, '2022-04-27 18:30:48' , 49, NULL , 33 );
INSERT INTO prodotto  VALUES (344, '2022-05-16', '2022-04-27 18:30:48' , 19, NULL , 15 );
INSERT INTO prodotto  VALUES (345, '2022-05-11', '2022-04-27 18:30:48' , 1, NULL , 5 );
INSERT INTO prodotto  VALUES (346, '2022-05-19', '2022-04-27 18:30:48' , 20, NULL , 20 );
INSERT INTO prodotto  VALUES (347, NULL, '2022-04-27 18:30:48' , 38, NULL , 0 );
INSERT INTO prodotto  VALUES (348, NULL, '2022-04-27 18:30:48' , 43, NULL , 3 );
INSERT INTO prodotto  VALUES (349, NULL, '2022-04-27 18:30:48' , 41, NULL , 34 );
INSERT INTO prodotto  VALUES (350, NULL, '2022-04-27 18:30:48' , 38, NULL , 16 );
INSERT INTO prodotto  VALUES (351, '2022-05-15', '2022-04-27 18:30:48' , 36, NULL , 0 );
INSERT INTO appuntamento  VALUES ('2022-04-09 04:27:52', 42,  0 , 'XWRGPN75R68F051N', 29 );
INSERT INTO turno  VALUES ('2022-04-09 04:27:52' , 'VDZDOX55R02E809S', '2022-04-09 08:27:52', '2022-04-09 04:27:52', NULL, NULL);
INSERT INTO prodotto  VALUES (352, '2022-04-20', '2022-04-09 04:27:52' , 12, NULL , 28 );
INSERT INTO prodotto  VALUES (353, NULL, '2022-04-09 04:27:52' , 50, NULL , 8 );
INSERT INTO prodotto  VALUES (354, '2022-04-27', '2022-04-09 04:27:52' , 16, NULL , 0 );
INSERT INTO prodotto  VALUES (355, '2022-05-11', '2022-04-09 04:27:52' , 26, NULL , 9 );
INSERT INTO prodotto  VALUES (356, '2022-05-14', '2022-04-09 04:27:52' , 1, NULL , 9 );
INSERT INTO prodotto  VALUES (357, '2022-05-29', '2022-04-09 04:27:52' , 20, NULL , 15 );
INSERT INTO prodotto  VALUES (358, '2022-04-24', '2022-04-09 04:27:52' , 29, NULL , 27 );
INSERT INTO prodotto  VALUES (359, '2022-04-24', '2022-04-09 04:27:52' , 18, NULL , 6 );
INSERT INTO prodotto  VALUES (360, NULL, '2022-04-09 04:27:52' , 37, NULL , 22 );
INSERT INTO prodotto  VALUES (361, NULL, '2022-04-09 04:27:52' , 47, NULL , 20 );
INSERT INTO prodotto  VALUES (362, '2022-05-18', '2022-04-09 04:27:52' , 20, NULL , 26 );
INSERT INTO prodotto  VALUES (363, '2022-04-21', '2022-04-09 04:27:52' , 1, NULL , 24 );
INSERT INTO prodotto  VALUES (364, NULL, '2022-04-09 04:27:52' , 47, NULL , 31 );
INSERT INTO prodotto  VALUES (365, NULL, '2022-04-09 04:27:52' , 51, NULL , 11 );
INSERT INTO appuntamento  VALUES ('2022-04-17 22:09:52', 32,  1 , 'ZKDGDQ33T10B741N', 3 );
INSERT INTO turno  VALUES ('2022-04-17 22:09:52' , 'DMRAWX61L08H087O', '2022-04-18 02:09:52', '2022-04-17 22:09:52', NULL, NULL);
INSERT INTO prodotto  VALUES (366, '2022-05-23', '2022-04-17 22:09:52' , 5, NULL , 16 );
INSERT INTO prodotto  VALUES (367, '2022-05-02', '2022-04-17 22:09:52' , 1, NULL , 31 );
INSERT INTO prodotto  VALUES (368, NULL, '2022-04-17 22:09:52' , 42, NULL , 22 );
INSERT INTO prodotto  VALUES (369, NULL, '2022-04-17 22:09:52' , 46, NULL , 33 );
INSERT INTO prodotto  VALUES (370, NULL, '2022-04-17 22:09:52' , 47, NULL , 29 );
INSERT INTO prodotto  VALUES (371, '2022-05-22', '2022-04-17 22:09:52' , 14, NULL , 17 );
INSERT INTO prodotto  VALUES (372, '2022-05-02', '2022-04-17 22:09:52' , 0, NULL , 1 );
INSERT INTO prodotto  VALUES (373, NULL, '2022-04-17 22:09:52' , 45, NULL , 21 );
INSERT INTO prodotto  VALUES (374, '2022-04-28', '2022-04-17 22:09:52' , 16, NULL , 28 );
INSERT INTO appuntamento  VALUES ('2022-04-03 13:18:55', 52,  2 , 'XGEYQV47R03B676E', 9 );
INSERT INTO turno  VALUES ('2022-04-03 13:18:55' , 'WTJODF94R03E240M', '2022-04-03 17:18:55', '2022-04-03 13:18:55', NULL, NULL);
INSERT INTO prodotto  VALUES (375, '2022-05-07', '2022-04-03 13:18:55' , 24, NULL , 22 );
INSERT INTO prodotto  VALUES (376, NULL, '2022-04-03 13:18:55' , 51, NULL , 32 );
INSERT INTO prodotto  VALUES (377, '2022-04-26', '2022-04-03 13:18:55' , 33, NULL , 6 );
INSERT INTO prodotto  VALUES (378, '2022-04-26', '2022-04-03 13:18:55' , 15, NULL , 16 );
INSERT INTO prodotto  VALUES (379, '2022-05-05', '2022-04-03 13:18:55' , 22, NULL , 30 );
INSERT INTO prodotto  VALUES (380, '2022-05-12', '2022-04-03 13:18:55' , 21, NULL , 26 );
INSERT INTO prodotto  VALUES (381, '2022-04-21', '2022-04-03 13:18:55' , 3, NULL , 1 );
INSERT INTO prodotto  VALUES (382, '2022-04-04', '2022-04-03 13:18:55' , 34, NULL , 22 );
INSERT INTO prodotto  VALUES (383, '2022-05-23', '2022-04-03 13:18:55' , 21, NULL , 9 );
INSERT INTO prodotto  VALUES (384, '2022-05-28', '2022-04-03 13:18:55' , 31, NULL , 7 );
INSERT INTO prodotto  VALUES (385, NULL, '2022-04-03 13:18:55' , 43, NULL , 11 );
INSERT INTO prodotto  VALUES (386, '2022-04-05', '2022-04-03 13:18:55' , 14, NULL , 20 );
INSERT INTO prodotto  VALUES (387, NULL, '2022-04-03 13:18:55' , 42, NULL , 10 );
INSERT INTO prodotto  VALUES (388, NULL, '2022-04-03 13:18:55' , 38, NULL , 5 );
INSERT INTO prodotto  VALUES (389, NULL, '2022-04-03 13:18:55' , 41, NULL , 18 );
INSERT INTO appuntamento  VALUES ('2022-04-29 23:45:19', 51,  5 , 'IXSGKL90T18I152Q', 17 );
INSERT INTO turno  VALUES ('2022-04-29 23:45:19' , 'OGLIHZ13P46E391M', '2022-04-30 03:45:19', '2022-04-29 23:45:19', NULL, NULL);
INSERT INTO prodotto  VALUES (390, '2022-05-24', '2022-04-29 23:45:19' , 7, NULL , 29 );
INSERT INTO prodotto  VALUES (391, '2022-05-28', '2022-04-29 23:45:19' , 22, NULL , 15 );
INSERT INTO prodotto  VALUES (392, '2022-05-30', '2022-04-29 23:45:19' , 13, NULL , 18 );
INSERT INTO prodotto  VALUES (393, '2022-05-26', '2022-04-29 23:45:19' , 29, NULL , 0 );
INSERT INTO prodotto  VALUES (394, NULL, '2022-04-29 23:45:19' , 40, NULL , 9 );
INSERT INTO prodotto  VALUES (395, '2022-05-15', '2022-04-29 23:45:19' , 36, NULL , 6 );
INSERT INTO prodotto  VALUES (396, '2022-05-26', '2022-04-29 23:45:19' , 16, NULL , 20 );
INSERT INTO prodotto  VALUES (397, '2022-05-19', '2022-04-29 23:45:19' , 7, NULL , 18 );
INSERT INTO prodotto  VALUES (398, '2022-05-14', '2022-04-29 23:45:19' , 1, NULL , 12 );
INSERT INTO prodotto  VALUES (399, '2022-05-10', '2022-04-29 23:45:19' , 36, NULL , 8 );
INSERT INTO prodotto  VALUES (400, '2022-05-13', '2022-04-29 23:45:19' , 16, NULL , 18 );
INSERT INTO prodotto  VALUES (401, '2022-05-08', '2022-04-29 23:45:19' , 11, NULL , 21 );
INSERT INTO prodotto  VALUES (402, NULL, '2022-04-29 23:45:19' , 45, NULL , 3 );
INSERT INTO prodotto  VALUES (403, '2022-05-17', '2022-04-29 23:45:19' , 24, NULL , 23 );
INSERT INTO prodotto  VALUES (404, NULL, '2022-04-29 23:45:19' , 42, NULL , 16 );
INSERT INTO appuntamento  VALUES ('2022-04-26 15:00:30', 30,  1 , 'NBTSJH37P16F003X', 27 );
INSERT INTO turno  VALUES ('2022-04-26 15:00:30' , 'NAEGBH95P41B282Q', '2022-04-26 19:00:30', '2022-04-26 15:00:30', NULL, NULL);
INSERT INTO prodotto  VALUES (405, '2022-05-25', '2022-04-26 15:00:30' , 13, NULL , 15 );
INSERT INTO prodotto  VALUES (406, '2022-05-16', '2022-04-26 15:00:30' , 25, NULL , 28 );
INSERT INTO prodotto  VALUES (407, '2022-05-25', '2022-04-26 15:00:30' , 17, NULL , 31 );
INSERT INTO prodotto  VALUES (408, NULL, '2022-04-26 15:00:30' , 51, NULL , 23 );
INSERT INTO prodotto  VALUES (409, '2022-05-26', '2022-04-26 15:00:30' , 29, NULL , 21 );
INSERT INTO prodotto  VALUES (410, NULL, '2022-04-26 15:00:30' , 48, NULL , 20 );
INSERT INTO prodotto  VALUES (411, NULL, '2022-04-26 15:00:30' , 49, NULL , 10 );
INSERT INTO prodotto  VALUES (412, '2022-05-07', '2022-04-26 15:00:30' , 28, NULL , 3 );
INSERT INTO prodotto  VALUES (413, '2022-05-12', '2022-04-26 15:00:30' , 6, NULL , 34 );
INSERT INTO prodotto  VALUES (414, '2022-05-13', '2022-04-26 15:00:30' , 36, NULL , 26 );
INSERT INTO appuntamento  VALUES ('2022-04-03 07:39:05', 36,  2 , 'ZQTPTW75A10F312R', 4 );
INSERT INTO turno  VALUES ('2022-04-03 07:39:05' , 'OGLIHZ13P46E391M', '2022-04-03 11:39:05', '2022-04-03 07:39:05', NULL, NULL);
INSERT INTO prodotto  VALUES (415, '2022-04-21', '2022-04-03 07:39:05' , 10, NULL , 24 );
INSERT INTO prodotto  VALUES (416, NULL, '2022-04-03 07:39:05' , 47, NULL , 17 );
INSERT INTO prodotto  VALUES (417, NULL, '2022-04-03 07:39:05' , 48, NULL , 17 );
INSERT INTO prodotto  VALUES (418, '2022-05-25', '2022-04-03 07:39:05' , 11, NULL , 11 );
INSERT INTO prodotto  VALUES (419, NULL, '2022-04-03 07:39:05' , 37, NULL , 33 );
INSERT INTO prodotto  VALUES (420, NULL, '2022-04-03 07:39:05' , 49, NULL , 33 );
INSERT INTO prodotto  VALUES (421, '2022-05-13', '2022-04-03 07:39:05' , 26, NULL , 30 );
INSERT INTO prodotto  VALUES (422, '2022-05-27', '2022-04-03 07:39:05' , 5, NULL , 7 );
INSERT INTO prodotto  VALUES (423, '2022-05-18', '2022-04-03 07:39:05' , 5, NULL , 18 );
INSERT INTO prodotto  VALUES (424, '2022-04-07', '2022-04-03 07:39:05' , 9, NULL , 6 );
INSERT INTO prodotto  VALUES (425, '2022-05-27', '2022-04-03 07:39:05' , 0, NULL , 3 );
INSERT INTO appuntamento  VALUES ('2022-04-11 22:58:28', 52,  1 , 'IVUFIA29E47H446D', 21 );
INSERT INTO turno  VALUES ('2022-04-11 22:58:28' , 'ILYHTB65A25H030U', '2022-04-12 02:58:28', '2022-04-11 22:58:28', NULL, NULL);
INSERT INTO prodotto  VALUES (426, '2022-04-21', '2022-04-11 22:58:28' , 12, NULL , 28 );
INSERT INTO prodotto  VALUES (427, NULL, '2022-04-11 22:58:28' , 43, NULL , 23 );
INSERT INTO prodotto  VALUES (428, '2022-04-20', '2022-04-11 22:58:28' , 14, NULL , 27 );
INSERT INTO prodotto  VALUES (429, '2022-05-29', '2022-04-11 22:58:28' , 22, NULL , 9 );
INSERT INTO prodotto  VALUES (430, '2022-05-30', '2022-04-11 22:58:28' , 25, NULL , 2 );
INSERT INTO prodotto  VALUES (431, '2022-05-06', '2022-04-11 22:58:28' , 33, NULL , 1 );
INSERT INTO prodotto  VALUES (432, '2022-05-04', '2022-04-11 22:58:28' , 28, NULL , 9 );
INSERT INTO prodotto  VALUES (433, NULL, '2022-04-11 22:58:28' , 46, NULL , 17 );
INSERT INTO prodotto  VALUES (434, '2022-05-23', '2022-04-11 22:58:28' , 28, NULL , 30 );
INSERT INTO prodotto  VALUES (435, '2022-05-20', '2022-04-11 22:58:28' , 16, NULL , 3 );
INSERT INTO prodotto  VALUES (436, '2022-05-29', '2022-04-11 22:58:28' , 26, NULL , 32 );
INSERT INTO prodotto  VALUES (437, '2022-04-23', '2022-04-11 22:58:28' , 21, NULL , 4 );
INSERT INTO prodotto  VALUES (438, '2022-05-27', '2022-04-11 22:58:28' , 24, NULL , 23 );
INSERT INTO prodotto  VALUES (439, '2022-04-17', '2022-04-11 22:58:28' , 24, NULL , 27 );
INSERT INTO prodotto  VALUES (440, '2022-05-06', '2022-04-11 22:58:28' , 13, NULL , 9 );
INSERT INTO appuntamento  VALUES ('2022-04-27 03:11:28', 59,  18 , 'SYXPJC99M51H507H', 10 );
INSERT INTO turno  VALUES ('2022-04-27 03:11:28' , 'QHPHWD98A10E437J', '2022-04-27 07:11:28', '2022-04-27 03:11:28', NULL, NULL);
INSERT INTO prodotto  VALUES (441, '2022-05-04', '2022-04-27 03:11:28' , 17, NULL , 21 );
INSERT INTO prodotto  VALUES (442, '2022-05-11', '2022-04-27 03:11:28' , 9, NULL , 16 );
INSERT INTO prodotto  VALUES (443, '2022-04-28', '2022-04-27 03:11:28' , 9, NULL , 17 );
INSERT INTO prodotto  VALUES (444, '2022-05-28', '2022-04-27 03:11:28' , 2, NULL , 30 );
INSERT INTO prodotto  VALUES (445, '2022-05-11', '2022-04-27 03:11:28' , 19, NULL , 1 );
INSERT INTO prodotto  VALUES (446, '2022-05-11', '2022-04-27 03:11:28' , 5, NULL , 26 );
INSERT INTO prodotto  VALUES (447, '2022-05-22', '2022-04-27 03:11:28' , 16, NULL , 21 );
INSERT INTO prodotto  VALUES (448, '2022-05-27', '2022-04-27 03:11:28' , 18, NULL , 9 );
INSERT INTO prodotto  VALUES (449, '2022-05-25', '2022-04-27 03:11:28' , 15, NULL , 32 );
INSERT INTO prodotto  VALUES (450, '2022-05-20', '2022-04-27 03:11:28' , 30, NULL , 14 );
INSERT INTO prodotto  VALUES (451, '2022-05-06', '2022-04-27 03:11:28' , 13, NULL , 29 );
INSERT INTO prodotto  VALUES (452, '2022-05-16', '2022-04-27 03:11:28' , 18, NULL , 24 );
INSERT INTO prodotto  VALUES (453, NULL, '2022-04-27 03:11:28' , 42, NULL , 4 );
INSERT INTO prodotto  VALUES (454, NULL, '2022-04-27 03:11:28' , 50, NULL , 2 );
INSERT INTO prodotto  VALUES (455, '2022-05-19', '2022-04-27 03:11:28' , 18, NULL , 15 );
INSERT INTO appuntamento  VALUES ('2022-04-26 05:09:21', 40,  3 , 'TKTEWM46E06L308W', 14 );
INSERT INTO turno  VALUES ('2022-04-26 05:09:21' , 'TTQEJU73H01L199G', '2022-04-26 09:09:21', '2022-04-26 05:09:21', NULL, NULL);
INSERT INTO prodotto  VALUES (456, NULL, '2022-04-26 05:09:21' , 41, NULL , 3 );
INSERT INTO prodotto  VALUES (457, '2022-05-10', '2022-04-26 05:09:21' , 22, NULL , 21 );
INSERT INTO prodotto  VALUES (458, '2022-05-17', '2022-04-26 05:09:21' , 3, NULL , 19 );
INSERT INTO prodotto  VALUES (459, NULL, '2022-04-26 05:09:21' , 43, NULL , 16 );
INSERT INTO prodotto  VALUES (460, '2022-05-15', '2022-04-26 05:09:21' , 13, NULL , 28 );
INSERT INTO prodotto  VALUES (461, NULL, '2022-04-26 05:09:21' , 47, NULL , 8 );
INSERT INTO prodotto  VALUES (462, '2022-05-09', '2022-04-26 05:09:21' , 6, NULL , 25 );
INSERT INTO prodotto  VALUES (463, NULL, '2022-04-26 05:09:21' , 48, NULL , 24 );
INSERT INTO prodotto  VALUES (464, NULL, '2022-04-26 05:09:21' , 41, NULL , 11 );
INSERT INTO prodotto  VALUES (465, '2022-05-31', '2022-04-26 05:09:21' , 29, NULL , 13 );
INSERT INTO prodotto  VALUES (466, '2022-05-24', '2022-04-26 05:09:21' , 12, NULL , 27 );
INSERT INTO prodotto  VALUES (467, '2022-05-05', '2022-04-26 05:09:21' , 25, NULL , 18 );
INSERT INTO prodotto  VALUES (468, '2022-05-31', '2022-04-26 05:09:21' , 25, NULL , 7 );
INSERT INTO prodotto  VALUES (469, '2022-05-19', '2022-04-26 05:09:21' , 7, NULL , 0 );
INSERT INTO appuntamento  VALUES ('2022-04-05 12:24:39', 54,  17 , 'RHZPRX33C18B681N', 23 );
INSERT INTO turno  VALUES ('2022-04-05 12:24:39' , 'OGLIHZ13P46E391M', '2022-04-05 16:24:39', '2022-04-05 12:24:39', NULL, NULL);
INSERT INTO prodotto  VALUES (470, NULL, '2022-04-05 12:24:39' , 47, NULL , 31 );
INSERT INTO prodotto  VALUES (471, '2022-04-11', '2022-04-05 12:24:39' , 28, NULL , 26 );
INSERT INTO prodotto  VALUES (472, '2022-05-24', '2022-04-05 12:24:39' , 12, NULL , 8 );
INSERT INTO prodotto  VALUES (473, NULL, '2022-04-05 12:24:39' , 45, NULL , 3 );
INSERT INTO prodotto  VALUES (474, '2022-05-28', '2022-04-05 12:24:39' , 33, NULL , 28 );
INSERT INTO prodotto  VALUES (475, '2022-05-13', '2022-04-05 12:24:39' , 9, NULL , 32 );
INSERT INTO prodotto  VALUES (476, NULL, '2022-04-05 12:24:39' , 49, NULL , 28 );
INSERT INTO prodotto  VALUES (477, '2022-04-25', '2022-04-05 12:24:39' , 22, NULL , 22 );
INSERT INTO prodotto  VALUES (478, '2022-05-31', '2022-04-05 12:24:39' , 15, NULL , 31 );
INSERT INTO prodotto  VALUES (479, '2022-05-15', '2022-04-05 12:24:39' , 15, NULL , 33 );
INSERT INTO prodotto  VALUES (480, '2022-04-19', '2022-04-05 12:24:39' , 1, NULL , 5 );
INSERT INTO prodotto  VALUES (481, '2022-05-27', '2022-04-05 12:24:39' , 6, NULL , 24 );
INSERT INTO prodotto  VALUES (482, NULL, '2022-04-05 12:24:39' , 49, NULL , 32 );
INSERT INTO prodotto  VALUES (483, NULL, '2022-04-05 12:24:39' , 41, NULL , 22 );
INSERT INTO prodotto  VALUES (484, '2022-04-10', '2022-04-05 12:24:39' , 10, NULL , 10 );
INSERT INTO appuntamento  VALUES ('2022-04-04 09:23:01', 34,  0 , 'AJYSPF45L58F004N', 26 );
INSERT INTO turno  VALUES ('2022-04-04 09:23:01' , 'JWTVJM40H01A528P', '2022-04-04 13:23:01', '2022-04-04 09:23:01', NULL, NULL);
INSERT INTO prodotto  VALUES (485, NULL, '2022-04-04 09:23:01' , 45, NULL , 22 );
INSERT INTO prodotto  VALUES (486, '2022-05-29', '2022-04-04 09:23:01' , 7, NULL , 17 );
INSERT INTO prodotto  VALUES (487, '2022-04-12', '2022-04-04 09:23:01' , 13, NULL , 4 );
INSERT INTO prodotto  VALUES (488, '2022-05-26', '2022-04-04 09:23:01' , 25, NULL , 14 );
INSERT INTO prodotto  VALUES (489, NULL, '2022-04-04 09:23:01' , 38, NULL , 20 );
INSERT INTO prodotto  VALUES (490, NULL, '2022-04-04 09:23:01' , 46, NULL , 27 );
INSERT INTO prodotto  VALUES (491, '2022-05-20', '2022-04-04 09:23:01' , 24, NULL , 15 );
INSERT INTO prodotto  VALUES (492, '2022-04-12', '2022-04-04 09:23:01' , 23, NULL , 31 );
INSERT INTO prodotto  VALUES (493, '2022-04-14', '2022-04-04 09:23:01' , 13, NULL , 12 );
INSERT INTO prodotto  VALUES (494, NULL, '2022-04-04 09:23:01' , 38, NULL , 10 );
INSERT INTO prodotto  VALUES (495, '2022-05-15', '2022-04-04 09:23:01' , 14, NULL , 23 );
INSERT INTO prodotto  VALUES (496, '2022-05-13', '2022-04-04 09:23:01' , 36, NULL , 17 );
INSERT INTO appuntamento  VALUES ('2022-04-24 08:35:53', 50,  16 , 'VKQFWO43M28C606U', 12 );
INSERT INTO turno  VALUES ('2022-04-24 08:35:53' , 'OGLIHZ13P46E391M', '2022-04-24 12:35:53', '2022-04-24 08:35:53', NULL, NULL);
INSERT INTO prodotto  VALUES (497, NULL, '2022-04-24 08:35:53' , 45, NULL , 7 );
INSERT INTO prodotto  VALUES (498, '2022-05-01', '2022-04-24 08:35:53' , 17, NULL , 9 );
INSERT INTO prodotto  VALUES (499, '2022-05-20', '2022-04-24 08:35:53' , 12, NULL , 0 );
INSERT INTO prodotto  VALUES (500, '2022-04-27', '2022-04-24 08:35:53' , 8, NULL , 8 );
INSERT INTO prodotto  VALUES (501, NULL, '2022-04-24 08:35:53' , 45, NULL , 30 );
INSERT INTO prodotto  VALUES (502, NULL, '2022-04-24 08:35:53' , 38, NULL , 21 );
INSERT INTO prodotto  VALUES (503, '2022-05-22', '2022-04-24 08:35:53' , 0, NULL , 4 );
INSERT INTO prodotto  VALUES (504, '2022-05-26', '2022-04-24 08:35:53' , 34, NULL , 4 );
INSERT INTO prodotto  VALUES (505, '2022-05-09', '2022-04-24 08:35:53' , 17, NULL , 31 );
INSERT INTO prodotto  VALUES (506, '2022-05-15', '2022-04-24 08:35:53' , 33, NULL , 6 );
INSERT INTO prodotto  VALUES (507, '2022-05-05', '2022-04-24 08:35:53' , 28, NULL , 32 );
INSERT INTO prodotto  VALUES (508, '2022-05-16', '2022-04-24 08:35:53' , 24, NULL , 29 );
INSERT INTO prodotto  VALUES (509, NULL, '2022-04-24 08:35:53' , 40, NULL , 11 );
INSERT INTO prodotto  VALUES (510, '2022-05-18', '2022-04-24 08:35:53' , 4, NULL , 7 );
INSERT INTO prodotto  VALUES (511, NULL, '2022-04-24 08:35:53' , 49, NULL , 7 );
INSERT INTO appuntamento  VALUES ('2022-05-17 05:38:21', 55,  1 , 'UULCUH66E59M052O', 0 );
INSERT INTO turno  VALUES ('2022-05-17 05:38:21' , 'HCOTPT91B11M103J', '2022-05-17 09:38:21', '2022-05-17 05:38:21', NULL, NULL);
INSERT INTO prodotto  VALUES (512, NULL, '2022-05-17 05:38:21' , 43, NULL , 13 );
INSERT INTO prodotto  VALUES (513, '2022-05-24', '2022-05-17 05:38:21' , 20, NULL , 26 );
INSERT INTO prodotto  VALUES (514, '2022-05-20', '2022-05-17 05:38:21' , 34, NULL , 11 );
INSERT INTO prodotto  VALUES (515, '2022-05-24', '2022-05-17 05:38:21' , 28, NULL , 10 );
INSERT INTO prodotto  VALUES (516, '2022-05-22', '2022-05-17 05:38:21' , 36, NULL , 4 );
INSERT INTO prodotto  VALUES (517, '2022-05-19', '2022-05-17 05:38:21' , 28, NULL , 30 );
INSERT INTO prodotto  VALUES (518, NULL, '2022-05-17 05:38:21' , 46, NULL , 1 );
INSERT INTO prodotto  VALUES (519, NULL, '2022-05-17 05:38:21' , 37, NULL , 28 );
INSERT INTO prodotto  VALUES (520, '2022-05-22', '2022-05-17 05:38:21' , 35, NULL , 15 );
INSERT INTO prodotto  VALUES (521, NULL, '2022-05-17 05:38:21' , 44, NULL , 15 );
INSERT INTO prodotto  VALUES (522, NULL, '2022-05-17 05:38:21' , 51, NULL , 20 );
INSERT INTO prodotto  VALUES (523, '2022-05-22', '2022-05-17 05:38:21' , 25, NULL , 32 );
INSERT INTO prodotto  VALUES (524, NULL, '2022-05-17 05:38:21' , 47, NULL , 24 );
INSERT INTO appuntamento  VALUES ('2022-05-12 22:48:36', 50,  4 , 'OKJTFO10T52I486W', 12 );
INSERT INTO turno  VALUES ('2022-05-12 22:48:36' , 'XOPSQY08H05I143S', '2022-05-13 02:48:36', '2022-05-12 22:48:36', NULL, NULL);
INSERT INTO prodotto  VALUES (525, '2022-05-17', '2022-05-12 22:48:36' , 11, NULL , 25 );
INSERT INTO prodotto  VALUES (526, '2022-05-25', '2022-05-12 22:48:36' , 10, NULL , 23 );
INSERT INTO prodotto  VALUES (527, '2022-05-14', '2022-05-12 22:48:36' , 19, NULL , 31 );
INSERT INTO prodotto  VALUES (528, '2022-05-16', '2022-05-12 22:48:36' , 22, NULL , 11 );
INSERT INTO prodotto  VALUES (529, '2022-05-29', '2022-05-12 22:48:36' , 8, NULL , 14 );
INSERT INTO prodotto  VALUES (530, NULL, '2022-05-12 22:48:36' , 37, NULL , 20 );
INSERT INTO prodotto  VALUES (531, '2022-05-19', '2022-05-12 22:48:36' , 23, NULL , 4 );
INSERT INTO prodotto  VALUES (532, '2022-05-29', '2022-05-12 22:48:36' , 31, NULL , 12 );
INSERT INTO prodotto  VALUES (533, NULL, '2022-05-12 22:48:36' , 44, NULL , 12 );
INSERT INTO prodotto  VALUES (534, '2022-05-29', '2022-05-12 22:48:36' , 24, NULL , 4 );
INSERT INTO prodotto  VALUES (535, '2022-05-23', '2022-05-12 22:48:36' , 22, NULL , 9 );
INSERT INTO prodotto  VALUES (536, '2022-05-30', '2022-05-12 22:48:36' , 31, NULL , 3 );
INSERT INTO appuntamento  VALUES ('2022-05-10 02:14:13', 48,  3 , 'UCYQVM78E60F149V', 16 );
INSERT INTO turno  VALUES ('2022-05-10 02:14:13' , 'GLBXZN18S43B720H', '2022-05-10 06:14:13', '2022-05-10 02:14:13', NULL, NULL);
INSERT INTO prodotto  VALUES (537, '2022-05-15', '2022-05-10 02:14:13' , 18, NULL , 26 );
INSERT INTO prodotto  VALUES (538, NULL, '2022-05-10 02:14:13' , 51, NULL , 21 );
INSERT INTO prodotto  VALUES (539, '2022-05-22', '2022-05-10 02:14:13' , 6, NULL , 11 );
INSERT INTO prodotto  VALUES (540, NULL, '2022-05-10 02:14:13' , 43, NULL , 3 );
INSERT INTO prodotto  VALUES (541, '2022-05-23', '2022-05-10 02:14:13' , 36, NULL , 13 );
INSERT INTO prodotto  VALUES (542, '2022-05-31', '2022-05-10 02:14:13' , 1, NULL , 19 );
INSERT INTO prodotto  VALUES (543, '2022-05-26', '2022-05-10 02:14:13' , 20, NULL , 10 );
INSERT INTO prodotto  VALUES (544, NULL, '2022-05-10 02:14:13' , 39, NULL , 4 );
INSERT INTO prodotto  VALUES (545, '2022-05-13', '2022-05-10 02:14:13' , 28, NULL , 7 );
INSERT INTO prodotto  VALUES (546, NULL, '2022-05-10 02:14:13' , 38, NULL , 7 );
INSERT INTO prodotto  VALUES (547, NULL, '2022-05-10 02:14:13' , 48, NULL , 22 );
INSERT INTO prodotto  VALUES (548, '2022-05-20', '2022-05-10 02:14:13' , 11, NULL , 19 );
INSERT INTO prodotto  VALUES (549, '2022-05-20', '2022-05-10 02:14:13' , 12, NULL , 9 );
INSERT INTO prodotto  VALUES (550, NULL, '2022-05-10 02:14:13' , 41, NULL , 28 );
INSERT INTO prodotto  VALUES (551, '2022-05-26', '2022-05-10 02:14:13' , 29, NULL , 34 );
INSERT INTO appuntamento  VALUES ('2022-05-11 12:34:30', 59,  13 , 'SHPYOW08L63D661Z', 10 );
INSERT INTO turno  VALUES ('2022-05-11 12:34:30' , 'TSUUWR79M04C354B', '2022-05-11 16:34:30', '2022-05-11 12:34:30', NULL, NULL);
INSERT INTO prodotto  VALUES (552, '2022-05-21', '2022-05-11 12:34:30' , 16, NULL , 20 );
INSERT INTO prodotto  VALUES (553, NULL, '2022-05-11 12:34:30' , 40, NULL , 32 );
INSERT INTO prodotto  VALUES (554, '2022-05-30', '2022-05-11 12:34:30' , 24, NULL , 14 );
INSERT INTO prodotto  VALUES (555, NULL, '2022-05-11 12:34:30' , 44, NULL , 27 );
INSERT INTO prodotto  VALUES (556, '2022-05-26', '2022-05-11 12:34:30' , 9, NULL , 7 );
INSERT INTO prodotto  VALUES (557, '2022-05-28', '2022-05-11 12:34:30' , 35, NULL , 16 );
INSERT INTO prodotto  VALUES (558, '2022-05-31', '2022-05-11 12:34:30' , 8, NULL , 28 );
INSERT INTO prodotto  VALUES (559, NULL, '2022-05-11 12:34:30' , 51, NULL , 12 );
INSERT INTO prodotto  VALUES (560, '2022-05-28', '2022-05-11 12:34:30' , 32, NULL , 20 );
INSERT INTO prodotto  VALUES (561, '2022-05-12', '2022-05-11 12:34:30' , 11, NULL , 27 );
INSERT INTO prodotto  VALUES (562, '2022-05-20', '2022-05-11 12:34:30' , 35, NULL , 5 );
INSERT INTO prodotto  VALUES (563, '2022-05-12', '2022-05-11 12:34:30' , 34, NULL , 10 );
INSERT INTO prodotto  VALUES (564, '2022-05-19', '2022-05-11 12:34:30' , 25, NULL , 17 );
INSERT INTO prodotto  VALUES (565, NULL, '2022-05-11 12:34:30' , 50, NULL , 2 );
INSERT INTO prodotto  VALUES (566, NULL, '2022-05-11 12:34:30' , 37, NULL , 18 );
INSERT INTO appuntamento  VALUES ('2022-05-20 20:48:35', 54,  8 , 'DSVHXH87B18H161D', 28 );
INSERT INTO turno  VALUES ('2022-05-20 20:48:35' , 'XOPSQY08H05I143S', '2022-05-21 00:48:35', '2022-05-20 20:48:35', NULL, NULL);
INSERT INTO prodotto  VALUES (567, '2022-05-27', '2022-05-20 20:48:35' , 27, NULL , 27 );
INSERT INTO prodotto  VALUES (568, '2022-05-25', '2022-05-20 20:48:35' , 8, NULL , 26 );
INSERT INTO prodotto  VALUES (569, '2022-05-31', '2022-05-20 20:48:35' , 14, NULL , 27 );
INSERT INTO prodotto  VALUES (570, NULL, '2022-05-20 20:48:35' , 42, NULL , 19 );
INSERT INTO prodotto  VALUES (571, NULL, '2022-05-20 20:48:35' , 37, NULL , 10 );
INSERT INTO prodotto  VALUES (572, NULL, '2022-05-20 20:48:35' , 47, NULL , 13 );
INSERT INTO prodotto  VALUES (573, '2022-05-28', '2022-05-20 20:48:35' , 20, NULL , 34 );
INSERT INTO prodotto  VALUES (574, '2022-05-26', '2022-05-20 20:48:35' , 12, NULL , 0 );
INSERT INTO prodotto  VALUES (575, NULL, '2022-05-20 20:48:35' , 49, NULL , 5 );
INSERT INTO prodotto  VALUES (576, '2022-05-21', '2022-05-20 20:48:35' , 2, NULL , 27 );
INSERT INTO prodotto  VALUES (577, '2022-05-23', '2022-05-20 20:48:35' , 25, NULL , 25 );
INSERT INTO prodotto  VALUES (578, '2022-05-27', '2022-05-20 20:48:35' , 0, NULL , 20 );
INSERT INTO prodotto  VALUES (579, NULL, '2022-05-20 20:48:35' , 43, NULL , 5 );
INSERT INTO prodotto  VALUES (580, NULL, '2022-05-20 20:48:35' , 41, NULL , 12 );
INSERT INTO prodotto  VALUES (581, '2022-05-25', '2022-05-20 20:48:35' , 11, NULL , 27 );
INSERT INTO appuntamento  VALUES ('2022-05-17 05:49:11', 54,  25 , 'NPAZRJ59B06M196V', 7 );
INSERT INTO turno  VALUES ('2022-05-17 05:49:11' , 'SFNCKC70S42M369X', '2022-05-17 09:49:11', '2022-05-17 05:49:11', NULL, NULL);
INSERT INTO prodotto  VALUES (582, '2022-05-17', '2022-05-17 05:49:11' , 24, NULL , 17 );
INSERT INTO prodotto  VALUES (583, '2022-05-22', '2022-05-17 05:49:11' , 23, NULL , 16 );
INSERT INTO prodotto  VALUES (584, NULL, '2022-05-17 05:49:11' , 41, NULL , 24 );
INSERT INTO prodotto  VALUES (585, '2022-05-28', '2022-05-17 05:49:11' , 10, NULL , 11 );
INSERT INTO prodotto  VALUES (586, '2022-05-30', '2022-05-17 05:49:11' , 9, NULL , 32 );
INSERT INTO prodotto  VALUES (587, '2022-05-26', '2022-05-17 05:49:11' , 10, NULL , 31 );
INSERT INTO prodotto  VALUES (588, '2022-05-26', '2022-05-17 05:49:11' , 12, NULL , 34 );
INSERT INTO prodotto  VALUES (589, NULL, '2022-05-17 05:49:11' , 45, NULL , 10 );
INSERT INTO prodotto  VALUES (590, '2022-05-19', '2022-05-17 05:49:11' , 7, NULL , 13 );
INSERT INTO prodotto  VALUES (591, NULL, '2022-05-17 05:49:11' , 49, NULL , 0 );
INSERT INTO prodotto  VALUES (592, '2022-05-26', '2022-05-17 05:49:11' , 14, NULL , 11 );
INSERT INTO prodotto  VALUES (593, NULL, '2022-05-17 05:49:11' , 41, NULL , 23 );
INSERT INTO prodotto  VALUES (594, '2022-05-19', '2022-05-17 05:49:11' , 14, NULL , 26 );
INSERT INTO prodotto  VALUES (595, '2022-05-22', '2022-05-17 05:49:11' , 2, NULL , 6 );
INSERT INTO prodotto  VALUES (596, '2022-05-19', '2022-05-17 05:49:11' , 5, NULL , 21 );
INSERT INTO appuntamento  VALUES ('2022-05-28 17:20:18', 56,  10 , 'ZJZCMH15H06M210I', 25 );
INSERT INTO turno  VALUES ('2022-05-28 17:20:18' , 'JJGPGW62L62M354G', '2022-05-28 21:20:18', '2022-05-28 17:20:18', NULL, NULL);
INSERT INTO prodotto  VALUES (597, '2022-05-29', '2022-05-28 17:20:18' , 11, NULL , 15 );
INSERT INTO prodotto  VALUES (598, '2022-05-30', '2022-05-28 17:20:18' , 17, NULL , 26 );
INSERT INTO prodotto  VALUES (599, NULL, '2022-05-28 17:20:18' , 43, NULL , 15 );
INSERT INTO prodotto  VALUES (600, NULL, '2022-05-28 17:20:18' , 51, NULL , 7 );
INSERT INTO prodotto  VALUES (601, '2022-05-29', '2022-05-28 17:20:18' , 27, NULL , 9 );
INSERT INTO prodotto  VALUES (602, '2022-05-31', '2022-05-28 17:20:18' , 8, NULL , 17 );
INSERT INTO prodotto  VALUES (603, NULL, '2022-05-28 17:20:18' , 40, NULL , 26 );
INSERT INTO prodotto  VALUES (604, '2022-05-30', '2022-05-28 17:20:18' , 23, NULL , 26 );
INSERT INTO prodotto  VALUES (605, '2022-05-29', '2022-05-28 17:20:18' , 4, NULL , 3 );
INSERT INTO prodotto  VALUES (606, '2022-05-29', '2022-05-28 17:20:18' , 6, NULL , 2 );
INSERT INTO prodotto  VALUES (607, '2022-05-30', '2022-05-28 17:20:18' , 20, NULL , 29 );
INSERT INTO prodotto  VALUES (608, '2022-05-30', '2022-05-28 17:20:18' , 15, NULL , 11 );
INSERT INTO prodotto  VALUES (609, '2022-05-31', '2022-05-28 17:20:18' , 1, NULL , 3 );
INSERT INTO prodotto  VALUES (610, '2022-05-30', '2022-05-28 17:20:18' , 26, NULL , 2 );
INSERT INTO prodotto  VALUES (611, '2022-05-29', '2022-05-28 17:20:18' , 24, NULL , 25 );
INSERT INTO appuntamento  VALUES ('2022-05-09 04:41:13', 31,  0 , 'FVSOFR85L57G137K', 24 );
INSERT INTO turno  VALUES ('2022-05-09 04:41:13' , 'SFNCKC70S42M369X', '2022-05-09 08:41:13', '2022-05-09 04:41:13', NULL, NULL);
INSERT INTO prodotto  VALUES (612, '2022-05-18', '2022-05-09 04:41:13' , 18, NULL , 20 );
INSERT INTO prodotto  VALUES (613, NULL, '2022-05-09 04:41:13' , 47, NULL , 14 );
INSERT INTO prodotto  VALUES (614, '2022-05-18', '2022-05-09 04:41:13' , 9, NULL , 14 );
INSERT INTO prodotto  VALUES (615, '2022-05-23', '2022-05-09 04:41:13' , 28, NULL , 17 );
INSERT INTO prodotto  VALUES (616, '2022-05-12', '2022-05-09 04:41:13' , 27, NULL , 29 );
INSERT INTO prodotto  VALUES (617, NULL, '2022-05-09 04:41:13' , 44, NULL , 34 );
INSERT INTO prodotto  VALUES (618, NULL, '2022-05-09 04:41:13' , 51, NULL , 17 );
INSERT INTO prodotto  VALUES (619, '2022-05-11', '2022-05-09 04:41:13' , 14, NULL , 32 );
INSERT INTO appuntamento  VALUES ('2022-05-09 17:02:54', 30,  0 , 'YRIDHF95B62C853Z', 18 );
INSERT INTO turno  VALUES ('2022-05-09 17:02:54' , 'BWHWYG86S10H427J', '2022-05-09 21:02:54', '2022-05-09 17:02:54', NULL, NULL);
INSERT INTO prodotto  VALUES (620, '2022-05-28', '2022-05-09 17:02:54' , 11, NULL , 7 );
INSERT INTO prodotto  VALUES (621, '2022-05-12', '2022-05-09 17:02:54' , 9, NULL , 8 );
INSERT INTO prodotto  VALUES (622, '2022-05-12', '2022-05-09 17:02:54' , 24, NULL , 13 );
INSERT INTO prodotto  VALUES (623, '2022-05-31', '2022-05-09 17:02:54' , 21, NULL , 14 );
INSERT INTO prodotto  VALUES (624, NULL, '2022-05-09 17:02:54' , 43, NULL , 18 );
INSERT INTO prodotto  VALUES (625, '2022-05-27', '2022-05-09 17:02:54' , 18, NULL , 7 );
INSERT INTO prodotto  VALUES (626, NULL, '2022-05-09 17:02:54' , 43, NULL , 21 );
INSERT INTO prodotto  VALUES (627, '2022-05-29', '2022-05-09 17:02:54' , 20, NULL , 30 );
INSERT INTO prodotto  VALUES (628, '2022-05-11', '2022-05-09 17:02:54' , 35, NULL , 21 );
INSERT INTO prodotto  VALUES (629, NULL, '2022-05-09 17:02:54' , 48, NULL , 1 );
INSERT INTO appuntamento  VALUES ('2022-05-06 05:44:00', 51,  3 , 'UQCNEH96H28D683I', 17 );
INSERT INTO turno  VALUES ('2022-05-06 05:44:00' , 'JWPWLZ36R08L259X', '2022-05-06 09:44:00', '2022-05-06 05:44:00', NULL, NULL);
INSERT INTO prodotto  VALUES (630, NULL, '2022-05-06 05:44:00' , 42, NULL , 27 );
INSERT INTO prodotto  VALUES (631, '2022-05-20', '2022-05-06 05:44:00' , 23, NULL , 31 );
INSERT INTO prodotto  VALUES (632, '2022-05-18', '2022-05-06 05:44:00' , 9, NULL , 12 );
INSERT INTO prodotto  VALUES (633, '2022-05-15', '2022-05-06 05:44:00' , 32, NULL , 20 );
INSERT INTO prodotto  VALUES (634, NULL, '2022-05-06 05:44:00' , 43, NULL , 24 );
INSERT INTO prodotto  VALUES (635, NULL, '2022-05-06 05:44:00' , 42, NULL , 18 );
INSERT INTO prodotto  VALUES (636, '2022-05-29', '2022-05-06 05:44:00' , 27, NULL , 12 );
INSERT INTO prodotto  VALUES (637, NULL, '2022-05-06 05:44:00' , 48, NULL , 14 );
INSERT INTO prodotto  VALUES (638, NULL, '2022-05-06 05:44:00' , 43, NULL , 3 );
INSERT INTO prodotto  VALUES (639, '2022-05-18', '2022-05-06 05:44:00' , 23, NULL , 10 );
INSERT INTO prodotto  VALUES (640, NULL, '2022-05-06 05:44:00' , 51, NULL , 23 );
INSERT INTO prodotto  VALUES (641, '2022-05-29', '2022-05-06 05:44:00' , 12, NULL , 17 );
INSERT INTO prodotto  VALUES (642, '2022-05-29', '2022-05-06 05:44:00' , 4, NULL , 0 );
INSERT INTO prodotto  VALUES (643, '2022-05-28', '2022-05-06 05:44:00' , 17, NULL , 22 );
INSERT INTO prodotto  VALUES (644, '2022-05-26', '2022-05-06 05:44:00' , 24, NULL , 0 );
INSERT INTO appuntamento  VALUES ('2022-05-10 10:51:36', 37,  3 , 'KSEVSZ36D04I484U', 1 );
INSERT INTO turno  VALUES ('2022-05-10 10:51:36' , 'QHPHWD98A10E437J', '2022-05-10 14:51:36', '2022-05-10 10:51:36', NULL, NULL);
INSERT INTO prodotto  VALUES (645, NULL, '2022-05-10 10:51:36' , 47, NULL , 22 );
INSERT INTO prodotto  VALUES (646, '2022-05-15', '2022-05-10 10:51:36' , 18, NULL , 32 );
INSERT INTO prodotto  VALUES (647, NULL, '2022-05-10 10:51:36' , 46, NULL , 21 );
INSERT INTO prodotto  VALUES (648, NULL, '2022-05-10 10:51:36' , 37, NULL , 8 );
INSERT INTO prodotto  VALUES (649, NULL, '2022-05-10 10:51:36' , 43, NULL , 29 );
INSERT INTO prodotto  VALUES (650, NULL, '2022-05-10 10:51:36' , 47, NULL , 1 );
INSERT INTO prodotto  VALUES (651, NULL, '2022-05-10 10:51:36' , 49, NULL , 21 );
INSERT INTO prodotto  VALUES (652, '2022-05-26', '2022-05-10 10:51:36' , 31, NULL , 5 );
INSERT INTO prodotto  VALUES (653, '2022-05-23', '2022-05-10 10:51:36' , 35, NULL , 2 );
INSERT INTO appuntamento  VALUES ('2022-05-28 15:33:55', 59,  15 , 'BQPOAT84S57B978C', 13 );
INSERT INTO turno  VALUES ('2022-05-28 15:33:55' , 'SWBFVR36T50F904E', '2022-05-28 19:33:55', '2022-05-28 15:33:55', NULL, NULL);
INSERT INTO prodotto  VALUES (654, '2022-05-29', '2022-05-28 15:33:55' , 2, NULL , 23 );
INSERT INTO prodotto  VALUES (655, '2022-05-30', '2022-05-28 15:33:55' , 3, NULL , 21 );
INSERT INTO prodotto  VALUES (656, '2022-05-30', '2022-05-28 15:33:55' , 6, NULL , 33 );
INSERT INTO prodotto  VALUES (657, NULL, '2022-05-28 15:33:55' , 48, NULL , 31 );
INSERT INTO prodotto  VALUES (658, '2022-05-31', '2022-05-28 15:33:55' , 3, NULL , 34 );
INSERT INTO prodotto  VALUES (659, '2022-05-29', '2022-05-28 15:33:55' , 17, NULL , 28 );
INSERT INTO prodotto  VALUES (660, '2022-05-31', '2022-05-28 15:33:55' , 13, NULL , 26 );
INSERT INTO prodotto  VALUES (661, '2022-05-29', '2022-05-28 15:33:55' , 0, NULL , 16 );
INSERT INTO prodotto  VALUES (662, '2022-05-31', '2022-05-28 15:33:55' , 16, NULL , 1 );
INSERT INTO prodotto  VALUES (663, NULL, '2022-05-28 15:33:55' , 43, NULL , 34 );
INSERT INTO prodotto  VALUES (664, NULL, '2022-05-28 15:33:55' , 46, NULL , 13 );
INSERT INTO prodotto  VALUES (665, '2022-05-29', '2022-05-28 15:33:55' , 35, NULL , 17 );
INSERT INTO prodotto  VALUES (666, NULL, '2022-05-28 15:33:55' , 47, NULL , 13 );
INSERT INTO prodotto  VALUES (667, NULL, '2022-05-28 15:33:55' , 42, NULL , 30 );
INSERT INTO prodotto  VALUES (668, '2022-05-30', '2022-05-28 15:33:55' , 34, NULL , 10 );
INSERT INTO appuntamento  VALUES ('2022-05-21 22:48:43', 36,  2 , 'ESTYIX31D44F382E', 4 );
INSERT INTO turno  VALUES ('2022-05-21 22:48:43' , 'BWHWYG86S10H427J', '2022-05-22 02:48:43', '2022-05-21 22:48:43', NULL, NULL);
INSERT INTO prodotto  VALUES (669, '2022-05-27', '2022-05-21 22:48:43' , 21, NULL , 16 );
INSERT INTO prodotto  VALUES (670, '2022-05-30', '2022-05-21 22:48:43' , 9, NULL , 1 );
INSERT INTO prodotto  VALUES (671, '2022-05-23', '2022-05-21 22:48:43' , 24, NULL , 17 );
INSERT INTO prodotto  VALUES (672, '2022-05-22', '2022-05-21 22:48:43' , 24, NULL , 31 );
INSERT INTO prodotto  VALUES (673, '2022-05-26', '2022-05-21 22:48:43' , 18, NULL , 8 );
INSERT INTO prodotto  VALUES (674, '2022-05-24', '2022-05-21 22:48:43' , 27, NULL , 5 );
INSERT INTO prodotto  VALUES (675, NULL, '2022-05-21 22:48:43' , 44, NULL , 34 );
INSERT INTO prodotto  VALUES (676, '2022-05-25', '2022-05-21 22:48:43' , 5, NULL , 0 );
INSERT INTO prodotto  VALUES (677, '2022-05-23', '2022-05-21 22:48:43' , 35, NULL , 22 );
INSERT INTO prodotto  VALUES (678, '2022-05-23', '2022-05-21 22:48:43' , 23, NULL , 16 );
INSERT INTO appuntamento  VALUES ('2022-05-05 07:28:04', 32,  2 , 'SUUWRT85P51G843J', 3 );
INSERT INTO turno  VALUES ('2022-05-05 07:28:04' , 'WZGYXD31L65H566E', '2022-05-05 11:28:04', '2022-05-05 07:28:04', NULL, NULL);
INSERT INTO prodotto  VALUES (679, '2022-05-08', '2022-05-05 07:28:04' , 29, NULL , 21 );
INSERT INTO prodotto  VALUES (680, NULL, '2022-05-05 07:28:04' , 46, NULL , 1 );
INSERT INTO prodotto  VALUES (681, '2022-05-20', '2022-05-05 07:28:04' , 1, NULL , 4 );
INSERT INTO prodotto  VALUES (682, '2022-05-31', '2022-05-05 07:28:04' , 8, NULL , 17 );
INSERT INTO prodotto  VALUES (683, NULL, '2022-05-05 07:28:04' , 37, NULL , 15 );
INSERT INTO prodotto  VALUES (684, '2022-05-15', '2022-05-05 07:28:04' , 16, NULL , 2 );
INSERT INTO prodotto  VALUES (685, NULL, '2022-05-05 07:28:04' , 38, NULL , 6 );
INSERT INTO prodotto  VALUES (686, '2022-05-28', '2022-05-05 07:28:04' , 25, NULL , 20 );
INSERT INTO appuntamento  VALUES ('2022-05-01 18:53:52', 54,  6 , 'RHZPRX33C18B681N', 23 );
INSERT INTO turno  VALUES ('2022-05-01 18:53:52' , 'QHPHWD98A10E437J', '2022-05-01 22:53:52', '2022-05-01 18:53:52', NULL, NULL);
INSERT INTO prodotto  VALUES (687, NULL, '2022-05-01 18:53:52' , 40, NULL , 16 );
INSERT INTO prodotto  VALUES (688, '2022-05-04', '2022-05-01 18:53:52' , 21, NULL , 8 );
INSERT INTO prodotto  VALUES (689, NULL, '2022-05-01 18:53:52' , 47, NULL , 16 );
INSERT INTO prodotto  VALUES (690, NULL, '2022-05-01 18:53:52' , 41, NULL , 12 );
INSERT INTO prodotto  VALUES (691, '2022-05-04', '2022-05-01 18:53:52' , 4, NULL , 26 );
INSERT INTO prodotto  VALUES (692, NULL, '2022-05-01 18:53:52' , 50, NULL , 31 );
INSERT INTO prodotto  VALUES (693, '2022-05-16', '2022-05-01 18:53:52' , 18, NULL , 17 );
INSERT INTO prodotto  VALUES (694, '2022-05-21', '2022-05-01 18:53:52' , 36, NULL , 3 );
INSERT INTO prodotto  VALUES (695, NULL, '2022-05-01 18:53:52' , 39, NULL , 3 );
INSERT INTO prodotto  VALUES (696, NULL, '2022-05-01 18:53:52' , 42, NULL , 15 );
INSERT INTO prodotto  VALUES (697, '2022-05-26', '2022-05-01 18:53:52' , 26, NULL , 29 );
INSERT INTO prodotto  VALUES (698, '2022-05-06', '2022-05-01 18:53:52' , 29, NULL , 1 );
INSERT INTO prodotto  VALUES (699, '2022-05-20', '2022-05-01 18:53:52' , 34, NULL , 27 );
INSERT INTO prodotto  VALUES (700, '2022-05-25', '2022-05-01 18:53:52' , 8, NULL , 20 );
INSERT INTO prodotto  VALUES (701, NULL, '2022-05-01 18:53:52' , 51, NULL , 18 );


INSERT INTO prodotto  VALUES (702, '2021-09-30', NULL , 31, NULL , 9 );
INSERT INTO prodotto  VALUES (703, '2020-06-27', NULL , 14, NULL , 1 );
INSERT INTO prodotto  VALUES (704, '2020-03-05', NULL , 13, NULL , 22 );
INSERT INTO prodotto  VALUES (705, '2020-11-25', NULL , 19, NULL , 22 );
INSERT INTO prodotto  VALUES (706, '2021-04-29', NULL , 6, NULL , 7 );
INSERT INTO prodotto  VALUES (707, '2021-08-19', NULL , 27, NULL , 14 );
INSERT INTO prodotto  VALUES (708, '2021-07-27', NULL , 13, NULL , 10 );
INSERT INTO prodotto  VALUES (709, '2020-11-24', NULL , 3, NULL , 25 );
INSERT INTO prodotto  VALUES (710, '2020-02-20', NULL , 16, NULL , 1 );
INSERT INTO prodotto  VALUES (711, '2021-02-07', NULL , 29, NULL , 15 );
INSERT INTO prodotto  VALUES (712, '2021-09-06', NULL , 19, NULL , 19 );
INSERT INTO prodotto  VALUES (713, '2021-06-23', NULL , 15, NULL , 0 );
INSERT INTO prodotto  VALUES (714, '2020-02-03', NULL , 6, NULL , 29 );
INSERT INTO prodotto  VALUES (715, '2021-07-29', NULL , 34, NULL , 16 );
INSERT INTO prodotto  VALUES (716, '2020-02-14', NULL , 28, NULL , 13 );
INSERT INTO prodotto  VALUES (717, '2021-03-10', NULL , 32, NULL , 8 );
INSERT INTO prodotto  VALUES (718, '2022-02-28', NULL , 16, NULL , 3 );
INSERT INTO prodotto  VALUES (719, '2021-09-13', NULL , 35, NULL , 29 );
INSERT INTO prodotto  VALUES (720, '2021-02-07', NULL , 4, NULL , 8 );
INSERT INTO prodotto  VALUES (721, '2022-05-25', NULL , 17, NULL , 14 );
INSERT INTO prodotto  VALUES (722, '2020-04-17', NULL , 25, NULL , 22 );
INSERT INTO prodotto  VALUES (723, '2022-06-25', NULL , 10, NULL , 7 );
INSERT INTO prodotto  VALUES (724, '2020-12-22', NULL , 16, NULL , 12 );
INSERT INTO prodotto  VALUES (725, '2020-04-03', NULL , 19, NULL , 1 );
INSERT INTO prodotto  VALUES (726, '2020-04-13', NULL , 18, NULL , 18 );


