set search_path to socialMarket;


INSERT INTO ente  VALUES (0 , 'Bernardini, Borsiere e Munari Group','Canale Rosmini, 53
98023, Furci Siculo (ME)');
INSERT INTO ente  VALUES (1 , 'Burcardo, Barberini e Bonino e figli','Vicolo Adriano, 63 Appartamento 84
00040, Ardea (RM)');
INSERT INTO ente  VALUES (2 , 'Caironi, Baracca e Casalodi SPA','Strada Serao, 30 Appartamento 54
17017, Millesimo (SV)');
INSERT INTO ente  VALUES (3 , 'Moresi SPA','Contrada Giacobbe, 0
11100, Signayes (AO)');
INSERT INTO ente  VALUES (4 , 'Depero, Orlando e Sonnino Group','Via Serraglio, 92
56028, Isola (PI)');
INSERT INTO ente  VALUES (5 , 'Gemito s.r.l.','Rotonda Fabrizia, 4
40059, Buda (BO)');
INSERT INTO ente  VALUES (6 , 'Barese, Cilibrasi e Prati s.r.l.','Vicolo Ludovica, 83
83043, Villaggio Laceno (AV)');
INSERT INTO ente  VALUES (7 , 'Cianciolo, Martinelli e Saragat SPA','Contrada Beccaria, 88 Piano 3
00065, Fiano Romano (RM)');
INSERT INTO ente  VALUES (8 , 'Ceschi e figli','Vicolo Pontecorvo, 71 Appartamento 24
63095, Quintodecimo (AP)');
INSERT INTO ente  VALUES (9 , 'Chigi SPA','Strada Tanzini, 81 Piano 0
67054, Meta (AQ)');
INSERT INTO ente  VALUES (10 , 'Simeoni, Boezio e Rossellini s.r.l.','Vicolo Polani, 47
53047, Sarteano (SI)');
INSERT INTO ente  VALUES (11 , 'Callegaro Group','Piazza Vasari, 31 Appartamento 39
31046, Fae (TV)');
INSERT INTO ente  VALUES (12 , 'Ceschi, Bocca e Abatantuono Group','Contrada Arnaldo, 68 Piano 0
12019, Vernante (CN)');
INSERT INTO ente  VALUES (13 , 'Colletti s.r.l.','Contrada Dolores, 79
06126, Perugia (PG)');
INSERT INTO ente  VALUES (14 , 'Avogadro-Nonis e figli','Via Giustino, 77
90014, Casteldaccia (PA)');
INSERT INTO ente  VALUES (15 , 'Onisto-Bottaro SPA','Strada Leonardo, 978 Piano 9
10035, Casale (TO)');
INSERT INTO ente  VALUES (16 , 'Cimarosa, Giunti e Vespa SPA','Piazza Serena, 945
50123, Firenze (FI)');
INSERT INTO ente  VALUES (17 , 'Rinaldi, Fieramosca e Salgari s.r.l.','Contrada Elisa, 73
24127, Bergamo (BG)');
INSERT INTO ente  VALUES (18 , 'Necci Group','Viale Gianna, 260 Appartamento 85
32028, SantAntonio Tortal (BL)');
INSERT INTO ente  VALUES (19 , 'Giacconi, Bonanno e Bertoni e figli','Borgo Coluccio, 4
12032, Galleane (CN)');


INSERT INTO volontario  VALUES ('PRSRXU86E15C800I', 'Sante', 'Bandello', '1965-11-11', 'Viotto', '9947767667205', 'M', NULL , NULL, 'Martedì pomeriggio , Venerdì pomeriggio' );
INSERT INTO volontario  VALUES ('CKCJWZ60R15F920M', 'Giulia', 'Finzi', '1980-02-29', 'Villaggio La Quercia', '9739365192019', 'F', NULL , NULL, 'Venerdì pomeriggio' );
INSERT INTO volontario  VALUES ('VEETTG18M62E978U', 'Stefano', 'Asprucci', '1960-10-29', 'Fontechiari', '5976724518332', 'F', 'Pickup' , 'trasporto , supervisione', NULL );
INSERT INTO volontario  VALUES ('EDGPEI99L63A673F', 'Marcello', 'Rosiello', '1965-04-23', 'Fuorni', '1808759100337', 'M', NULL , 'ricezione , supervisione', NULL );
INSERT INTO volontario  VALUES ('GEZCGR72B10L247E', 'Enzo', 'Pavarotti', '1966-11-02', 'Cargedolo', '7956082009406', 'F', 'Coupe , Van' , 'ricezione , trasporto', 'Mercoledì mattina  , Mercoledì pomeriggio' );
INSERT INTO volontario  VALUES ('UGDIZW79D51C414L', 'Toni', 'Bellucci', '2001-07-06', 'Condro', '2969505028768', 'Others', 'Coupe , Wagon' , 'trasporto', NULL );
INSERT INTO volontario  VALUES ('ZFWDKA79R52L116W', 'Bartolomeo', 'Orsini', '1963-08-26', 'Reinswald', '7013417467959', 'M', NULL , 'ricezione , trasporto', 'Venerdì mattina ' );
INSERT INTO volontario  VALUES ('SCSTHO22A11D403A', 'Irma', 'Alfieri', '1979-01-30', 'Santa Maria Di Zevio', '6806880306213', 'Others', 'Van' , 'supervisione', NULL );
INSERT INTO volontario  VALUES ('ZPJHYY43B02I472E', 'Raimondo', 'Cuda', '1982-06-05', 'Ronciglione', '0967471286152', 'Others', 'Coupe' , 'supervisione , ricezione', 'Sabato pomeriggio' );
INSERT INTO volontario  VALUES ('CXFLER08M58G471V', 'Monica', 'Calbo', '1965-09-08', 'Plataci', '8926674472819', 'Others', 'Pickup , Van' , 'trasporto , ricezione', 'Venerdì pomeriggio' );
INSERT INTO volontario  VALUES ('JRUOVE13P45C426D', 'Pomponio', 'Taliercio', '1978-06-01', 'Filecchio', '0411391603414', 'Others', 'SUV' , NULL, NULL );
INSERT INTO volontario  VALUES ('KZYEBK66C27B145Y', 'Nino', 'Cainero', '1976-12-01', 'Pompu', '7746740802458', 'Others', 'MiniVan , Wagon' , 'trasporto , supervisione , ricezione', NULL );
INSERT INTO volontario  VALUES ('KKTIYM45E15G207F', 'Salvatore', 'Fanucci', '1959-01-29', 'Siligo', '0721540548558', 'M', NULL , 'supervisione', 'Giovedì pomeriggio' );
INSERT INTO volontario  VALUES ('RZPRQE32D61E078M', 'Gemma', 'Argentero', '1967-12-01', 'Salto', '1516338097024', 'F', 'Sedan' , 'supervisione , ricezione', NULL );
INSERT INTO volontario  VALUES ('JJHNLP94E64C372T', 'Lolita', 'Bernini', '1988-04-02', 'San Gregorio Magno', '1597063985983', 'F', NULL , 'ricezione , supervisione', 'Venerdì mattina ' );
INSERT INTO volontario  VALUES ('PLOBYB75P51H284G', 'Fabrizia', 'Zola', '1964-07-09', 'Azzano Mella', '5777797684822', 'F', 'MiniVan , Coupe' , 'ricezione', 'Venerdì pomeriggio , Lunedì pomeriggio' );
INSERT INTO volontario  VALUES ('WPVWJQ04S54D801D', 'Giuliano', 'Strangio', '1960-04-29', 'Contrada Tenna', '2687212790879', 'Others', 'Sedan' , 'ricezione', NULL );
INSERT INTO volontario  VALUES ('BUPPCW31B24L992A', 'Elladio', 'Pigafetta', '1995-09-06', 'Laghetti', '2862582695675', 'M', NULL , 'ricezione', 'Venerdì mattina ' );
INSERT INTO volontario  VALUES ('VXMDQZ33T64F102E', 'Irma', 'Botta', '1970-05-08', 'Fossamerlo', '1405324335764', 'M', NULL , 'ricezione , trasporto , supervisione', 'Martedì pomeriggio' );
INSERT INTO volontario  VALUES ('IWRPVG54H18C561Z', 'Pierina', 'Prati', '1961-05-14', 'Pertica Alta', '9853380903987', 'Others', 'Coupe' , 'trasporto , ricezione', NULL );
INSERT INTO volontario  VALUES ('OAAORR28P53M424H', 'Cipriano', 'Calarco', '1991-03-10', 'Ceres', '2829689061313', 'M', 'SUV' , 'supervisione', 'Giovedì pomeriggio' );
INSERT INTO volontario  VALUES ('XKITZC63T55H328B', 'Allegra', 'Oliboni', '1971-09-07', 'Baganzola', '0530635236521', 'F', 'Wagon , SUV' , 'trasporto , supervisione , ricezione', 'Mercoledì pomeriggio , Giovedì mattina ' );
INSERT INTO volontario  VALUES ('MLBUQI95P65D293F', 'Alessandro', 'Saraceno', '1988-01-28', 'Simbario', '0925150348190', 'M', 'Coupe' , 'trasporto , supervisione', 'Sabato pomeriggio' );
INSERT INTO volontario  VALUES ('HOCFOJ86H10D589U', 'Vittorio', 'Babbo', '1987-10-09', 'Bruere', '2079828219772', 'F', 'MiniVan' , NULL, 'Lunedì pomeriggio , Mercoledì mattina ' );
INSERT INTO volontario  VALUES ('WRETET29P63H959X', 'Ubaldo', 'Sinisi', '1994-06-24', 'Casore Del Monte', '2963125934614', 'M', NULL , NULL, NULL );
INSERT INTO volontario  VALUES ('SANRAM20E21C991G', 'Roberto', 'Caffarelli', '1998-08-18', 'Molinara', '5986539597041', 'Others', 'Coupe' , 'ricezione', 'Sabato mattina ' );
INSERT INTO volontario  VALUES ('DKMIXB43L05A264O', 'Riccardo', 'Martucci', '1960-09-16', 'Rasiglia', '9942165003786', 'F', 'Wagon , Sedan' , 'supervisione , ricezione', NULL );
INSERT INTO volontario  VALUES ('IXMINU29T09F358L', 'Romolo', 'Borromeo', '1963-07-04', 'Ittireddu', '2554882109588', 'Others', 'Van , Pickup' , 'ricezione', 'Martedì mattina  , Lunedì pomeriggio' );
INSERT INTO volontario  VALUES ('IQQIUW61S49I943Y', 'Martino', 'Burcardo', '2002-11-12', 'Renate', '8398747155149', 'F', NULL , 'ricezione', 'Venerdì mattina  , Mercoledì mattina ' );
INSERT INTO volontario  VALUES ('BJJODF27B04B218Z', 'Berenice', 'Pareto', '1969-07-18', 'Izano', '9277172290362', 'Others', NULL , 'trasporto , ricezione', NULL );
INSERT INTO volontario  VALUES ('FMEOEZ09A59A788H', 'Livio', 'Bompiani', '1978-09-09', 'Orvieto Stazione', '8985338500155', 'Others', 'Pickup' , 'ricezione', 'Venerdì mattina  , Giovedì mattina ' );
INSERT INTO volontario  VALUES ('FQJTXE83E12C974S', 'Paolo', 'Marini', '1964-10-27', 'Pelos', '1538402100889', 'F', NULL , 'ricezione', 'Martedì pomeriggio' );
INSERT INTO volontario  VALUES ('RZJMAM40M25G670U', 'Riccardo', 'Zacchia', '1971-08-09', 'Manzolino', '1439844864765', 'M', 'Van , MiniVan' , NULL, NULL );
INSERT INTO volontario  VALUES ('RSCEJB67M18D019N', 'Maria', 'Nitti', '1981-02-26', 'Tuoro', '7549183511905', 'M', 'Van , MiniVan' , 'ricezione , trasporto , supervisione', 'Mercoledì mattina ' );
INSERT INTO volontario  VALUES ('JJRWRT35A63L204I', 'Toni', 'Bevilacqua', '1968-02-06', 'Beura', '2787434568556', 'F', NULL , NULL, 'Sabato pomeriggio , Martedì mattina ' );
INSERT INTO volontario  VALUES ('BBTIGR54D20H175F', 'Luchino', 'Stein', '2002-11-09', 'Calle', '1991634113300', 'M', 'Sedan , Van' , 'supervisione , ricezione', NULL );
INSERT INTO volontario  VALUES ('SVXQNI88B04L876I', 'Patrizio', 'Lombardi', '1982-08-05', 'Pomponesco', '7619417743383', 'F', NULL , 'supervisione , trasporto', NULL );
INSERT INTO volontario  VALUES ('VDHQGR89A44D789N', 'Venancio', 'Mazzanti', '1984-11-22', 'Portanova', '2218795422987', 'F', 'Coupe' , NULL, NULL );
INSERT INTO volontario  VALUES ('NFJTPW57C07C705I', 'Benito', 'Cerquiglini', '1994-11-12', 'Garzigliana', '7618439757791', 'M', 'Van , MiniVan' , 'supervisione', 'Lunedì mattina ' );
INSERT INTO volontario  VALUES ('XBFQKH18M23D043K', 'Gianfrancesco', 'Semitecolo', '2002-07-19', 'Santa Maria Di Catanzaro', '4551434401542', 'M', NULL , NULL, 'Lunedì mattina ' );
INSERT INTO volontario  VALUES ('ODMEYD90E28A094D', 'Nico', 'Scarfoglio', '1979-04-08', 'Allume', '1217439967453', 'Others', 'MiniVan' , 'ricezione', 'Lunedì mattina ' );
INSERT INTO volontario  VALUES ('JUDFZC69L10B415C', 'Daria', 'Moschino', '1965-01-31', 'Milea', '2233986304760', 'M', 'Coupe , Pickup' , NULL, 'Lunedì pomeriggio' );
INSERT INTO volontario  VALUES ('CZZWMQ53C24A258O', 'Alberico', 'Zaccardo', '1990-05-23', 'Certosa Di Trisulti', '1508682121754', 'F', 'Wagon , MiniVan' , 'supervisione , ricezione , trasporto', NULL );
INSERT INTO volontario  VALUES ('KPYNFS00S09D520I', 'Gino', 'Parri', '1987-04-25', 'Quarto', '1405715877777', 'F', 'SUV , Van' , 'trasporto , ricezione', 'Venerdì pomeriggio , Martedì mattina ' );
INSERT INTO volontario  VALUES ('MQQJOE92D62C651X', 'Alfio', 'Albertini', '1986-03-26', 'Monteromano', '5589415050466', 'F', 'Wagon' , 'ricezione , supervisione', NULL );
INSERT INTO volontario  VALUES ('RUUWTX66T13G923A', 'Ludovica', 'Ramazzotti', '1978-11-05', 'Camporosso Mare', '1317793500704', 'M', NULL , 'trasporto', NULL );
INSERT INTO volontario  VALUES ('MMHIHU77A23D004J', 'Alphons', 'Blasi', '1995-06-04', 'Bottega', '2115263651670', 'M', 'Sedan , Coupe' , 'supervisione , ricezione , trasporto', NULL );
INSERT INTO volontario  VALUES ('PTANUJ89L61G144O', 'Guido', 'Forza', '1994-08-16', 'Giasbana', '8976737519416', 'F', 'Coupe' , 'ricezione', 'Sabato pomeriggio' );
INSERT INTO volontario  VALUES ('MULYHU47S64D347V', 'Vanessa', 'Grassi', '1983-08-13', 'Castelluccio Di Moscheda', '1033463973284', 'Others', NULL , NULL, NULL );
INSERT INTO volontario  VALUES ('RTAZTX49A16D270L', 'Vanessa', 'Armellini', '1973-06-08', 'Savignano Di Rigo', '2160059200878', 'Others', NULL , 'supervisione , ricezione', NULL );


INSERT INTO collegato  VALUES (2,'SANRAM20E21C991G');
INSERT INTO collegato  VALUES (11,'VEETTG18M62E978U');
INSERT INTO collegato  VALUES (18,'HOCFOJ86H10D589U');
INSERT INTO collegato  VALUES (9,'NFJTPW57C07C705I');
INSERT INTO collegato  VALUES (10,'RZPRQE32D61E078M');
INSERT INTO collegato  VALUES (1,'KZYEBK66C27B145Y');
INSERT INTO collegato  VALUES (8,'RZJMAM40M25G670U');
INSERT INTO collegato  VALUES (10,'RUUWTX66T13G923A');
INSERT INTO collegato  VALUES (8,'ODMEYD90E28A094D');
INSERT INTO collegato  VALUES (8,'PTANUJ89L61G144O');
INSERT INTO collegato  VALUES (9,'PRSRXU86E15C800I');
INSERT INTO collegato  VALUES (10,'UGDIZW79D51C414L');
INSERT INTO collegato  VALUES (4,'RSCEJB67M18D019N');
INSERT INTO collegato  VALUES (19,'DKMIXB43L05A264O');
INSERT INTO collegato  VALUES (19,'XKITZC63T55H328B');
INSERT INTO collegato  VALUES (2,'CKCJWZ60R15F920M');
INSERT INTO collegato  VALUES (19,'PLOBYB75P51H284G');
INSERT INTO collegato  VALUES (1,'RTAZTX49A16D270L');
INSERT INTO collegato  VALUES (18,'KPYNFS00S09D520I');
INSERT INTO collegato  VALUES (6,'BJJODF27B04B218Z');
INSERT INTO collegato  VALUES (8,'JRUOVE13P45C426D');
INSERT INTO collegato  VALUES (4,'RTAZTX49A16D270L');
INSERT INTO collegato  VALUES (3,'CKCJWZ60R15F920M');
INSERT INTO collegato  VALUES (2,'BUPPCW31B24L992A');
INSERT INTO collegato  VALUES (4,'JJRWRT35A63L204I');
INSERT INTO collegato  VALUES (12,'RTAZTX49A16D270L');
INSERT INTO collegato  VALUES (5,'CKCJWZ60R15F920M');
INSERT INTO collegato  VALUES (6,'PTANUJ89L61G144O');
INSERT INTO collegato  VALUES (1,'HOCFOJ86H10D589U');
INSERT INTO collegato  VALUES (11,'FMEOEZ09A59A788H');
INSERT INTO collegato  VALUES (2,'MMHIHU77A23D004J');
INSERT INTO collegato  VALUES (15,'PRSRXU86E15C800I');
INSERT INTO collegato  VALUES (13,'XKITZC63T55H328B');
INSERT INTO collegato  VALUES (1,'CXFLER08M58G471V');
INSERT INTO collegato  VALUES (13,'JJHNLP94E64C372T');
INSERT INTO collegato  VALUES (5,'KZYEBK66C27B145Y');
INSERT INTO collegato  VALUES (2,'RTAZTX49A16D270L');
INSERT INTO collegato  VALUES (1,'RSCEJB67M18D019N');
INSERT INTO collegato  VALUES (9,'IWRPVG54H18C561Z');
INSERT INTO collegato  VALUES (2,'JUDFZC69L10B415C');
INSERT INTO collegato  VALUES (9,'SANRAM20E21C991G');
INSERT INTO collegato  VALUES (10,'JRUOVE13P45C426D');
INSERT INTO collegato  VALUES (12,'PRSRXU86E15C800I');
INSERT INTO collegato  VALUES (14,'HOCFOJ86H10D589U');
INSERT INTO collegato  VALUES (14,'KPYNFS00S09D520I');
INSERT INTO collegato  VALUES (2,'ODMEYD90E28A094D');
INSERT INTO collegato  VALUES (15,'RZPRQE32D61E078M');
INSERT INTO collegato  VALUES (14,'KZYEBK66C27B145Y');
INSERT INTO collegato  VALUES (5,'VXMDQZ33T64F102E');


BEGIN;
INSERT INTO carta_cliente  VALUES (0 , 'KJKNKH46S64D367G','36','2', '1', '2');
INSERT INTO familiare  VALUES ('KJKNKH46S64D367G','Elmo','Schiavone', '1995-10-21', 'Matino', '6918154376990', 'M', '0');
INSERT INTO familiare  VALUES ('TBXZOT43E61M013N','Stefano','Schiavone', '2014-01-14', 'Toscanella', '6075698899127', 'F', '0');
INSERT INTO familiare  VALUES ('KAUAXK28M03G031X','Ettore','Schiavone', '2014-05-02', 'Montebello Vicentino', '1898016931760', 'M', '0');
INSERT INTO familiare  VALUES ('IKXUTG83C19F375T','Piermaria','Schiavone', '1949-01-01', 'Fabro', '9641945945955', 'Others', '0');
INSERT INTO familiare  VALUES ('OBFYMD00A63B258L','Marco','Schiavone', '1939-08-24', 'Sampierdarena', '6938492038746', 'M', '0');
COMMIT;

BEGIN;
INSERT INTO carta_cliente  VALUES (1 , 'HJIOHS34D12M052L','52','2', '2', '1');
INSERT INTO familiare  VALUES ('HJIOHS34D12M052L','Mariano','Padovano', '1978-01-12', 'Arborea', '9066983506032', 'F', '1');
INSERT INTO familiare  VALUES ('UURQZH40A16C507S','Gustavo','Padovano', '2007-05-12', 'Bionde', '8810417654665', 'Others', '1');
INSERT INTO familiare  VALUES ('GOLWWB68C23B829C','Raimondo','Padovano', '2014-11-26', 'Clusone', '9535660488263', 'F', '1');
INSERT INTO familiare  VALUES ('YXYQGW79T26H293B','Napoleone','Padovano', '2003-08-10', 'Piandifieno', '8501373219852', 'F', '1');
INSERT INTO familiare  VALUES ('HVQAMD06M21F003B','Michelangelo','Padovano', '1932-10-26', 'Felonica', '4360147143605', 'Others', '1');
COMMIT;

BEGIN;
INSERT INTO carta_cliente  VALUES (2 , 'QLKGGH49E10I352X','31','0', '3', '2');
INSERT INTO familiare  VALUES ('QLKGGH49E10I352X','Maurilio','Boito', '1994-08-01', 'Fighille', '4225753014661', 'F', '2');
INSERT INTO familiare  VALUES ('KWKJIH51S49B218I','Simone','Boito', '1959-04-26', 'Vito DAsio', '5944394156215', 'Others', '2');
INSERT INTO familiare  VALUES ('YGKBQJ26D17E719X','Damiano','Boito', '1997-02-01', 'Collebrincioni', '0465419715366', 'M', '2');
INSERT INTO familiare  VALUES ('AQUFVA82R06H774C','Claudio','Boito', '1938-01-03', 'Mandolossa Di Brescia', '3915452817971', 'M', '2');
INSERT INTO familiare  VALUES ('PVUUZQ16L45G951C','Pellegrino','Boito', '1930-11-11', 'Canavaccio', '3112707748293', 'M', '2');
COMMIT;

BEGIN;
INSERT INTO carta_cliente  VALUES (3 , 'IVYBXC69M03H577D','47','1', '1', '4');
INSERT INTO familiare  VALUES ('IVYBXC69M03H577D','Elisa','Iannelli', '1959-03-17', 'Olmo Di Martellago', '2449628701405', 'F', '3');
INSERT INTO familiare  VALUES ('KTCQZR26E62L276V','Luisa','Iannelli', '2016-02-22', 'Calamoresca', '8605007371966', 'M', '3');
INSERT INTO familiare  VALUES ('SAEGNM70E52L085Y','Gioele','Iannelli', '1952-04-03', 'Quarna Sotto', '3010852091290', 'F', '3');
INSERT INTO familiare  VALUES ('NUIXXD50L68B031B','Rossana','Iannelli', '1943-03-15', 'Vessa', '9847025309828', 'M', '3');
INSERT INTO familiare  VALUES ('GCEIQX78A01B029K','Marcello','Iannelli', '1930-08-24', 'Santomenna', '1844892624614', 'F', '3');
INSERT INTO familiare  VALUES ('MLITMN08A60C093E','Coluccio','Iannelli', '1952-10-07', 'Domegliara', '8264491979310', 'F', '3');
COMMIT;

BEGIN;
INSERT INTO carta_cliente  VALUES (4 , 'GJSDFF40R13C781F','12','0', '1', '1');
INSERT INTO familiare  VALUES ('GJSDFF40R13C781F','Carla','Nosiglia', '1989-12-10', 'Chiocchio', '3664047775958', 'F', '4');
INSERT INTO familiare  VALUES ('ZUOGQU81B43E016I','Susanna','Nosiglia', '1933-11-15', 'Crodo', '0797223131834', 'M', '4');
COMMIT;

BEGIN;
INSERT INTO carta_cliente  VALUES (5 , 'BRFLSG18D52F705P','35','0', '4', '2');
INSERT INTO familiare  VALUES ('BRFLSG18D52F705P','Gianfrancesco','Seddio', '1997-01-19', 'San Foca', '0893499942007', 'F', '5');
INSERT INTO familiare  VALUES ('EXFVTW10B19L219G','Cassandra','Seddio', '1992-10-20', 'Lei', '1052930668881', 'F', '5');
INSERT INTO familiare  VALUES ('WIWEQW44C10M070V','Alfio','Seddio', '1998-05-19', 'San Romolo', '5819030432362', 'Others', '5');
INSERT INTO familiare  VALUES ('DQNBDH59E49H398A','Arnulfo','Seddio', '1959-08-23', 'Umbertide', '9100109448132', 'Others', '5');
INSERT INTO familiare  VALUES ('MDTLIY99L51E288I','Maurizio','Seddio', '1930-05-21', 'Castel Di Pietra', '6595201010573', 'Others', '5');
INSERT INTO familiare  VALUES ('BGMVND69E14A782L','Danilo','Seddio', '1941-04-04', 'Bonferraro', '0818759528442', 'Others', '5');
COMMIT;

BEGIN;
INSERT INTO carta_cliente  VALUES (6 , 'AHCCCH60C66A594V','56','0', '1', '1');
INSERT INTO familiare  VALUES ('AHCCCH60C66A594V','Adelasia','Pulci', '1988-11-10', 'Montemesola', '6756988913788', 'M', '6');
INSERT INTO familiare  VALUES ('XOMJDQ42C49L384J','Laura','Pulci', '1940-03-10', 'Montauro Stazione', '9876680577837', 'M', '6');
COMMIT;

BEGIN;
INSERT INTO carta_cliente  VALUES (7 , 'EYFAYF55R07M336Z','6','0', '1', '5');
INSERT INTO familiare  VALUES ('EYFAYF55R07M336Z','Maria','Cicala', '1964-12-28', 'Monteodorisio', '1467584925510', 'F', '7');
INSERT INTO familiare  VALUES ('WJCOKY61E58L157C','Ennio','Cicala', '1943-05-03', 'Spina', '1274963775564', 'Others', '7');
INSERT INTO familiare  VALUES ('MZOKQJ70D02D066D','Fabrizia','Cicala', '1942-07-01', 'St.Walburg Ulte', '9212146018754', 'F', '7');
INSERT INTO familiare  VALUES ('HYNPWN27P52D345H','Pomponio','Cicala', '1950-04-21', 'Follo', '4260921116069', 'F', '7');
INSERT INTO familiare  VALUES ('MFGBNF66S17D742O','Fiamma','Cicala', '1931-03-06', 'Costano', '8402760585882', 'Others', '7');
INSERT INTO familiare  VALUES ('YGZUBE68P58C980D','Margherita','Cicala', '1955-06-05', 'Colleretto Castelnuovo', '2972079482942', 'Others', '7');
COMMIT;

BEGIN;
INSERT INTO carta_cliente  VALUES (8 , 'CUDGLX56L63D134M','10','0', '2', '0');
INSERT INTO familiare  VALUES ('CUDGLX56L63D134M','Luca','Gentilini', '1967-05-21', 'Ozzano Monferrato', '2155220782609', 'Others', '8');
INSERT INTO familiare  VALUES ('AKAHVZ48M10G352K','Enzio','Gentilini', '1967-06-19', 'Daffina', '4764205365164', 'F', '8');
COMMIT;

BEGIN;
INSERT INTO carta_cliente  VALUES (9 , 'YQWURM44C15F471Z','21','0', '1', '2');
INSERT INTO familiare  VALUES ('YQWURM44C15F471Z','Eraldo','Sagnelli', '1997-08-04', 'Isso', '9602580998344', 'F', '9');
INSERT INTO familiare  VALUES ('CLCOLA05L68F574E','Clelia','Sagnelli', '1951-01-05', 'Olmo', '2969924265190', 'Others', '9');
INSERT INTO familiare  VALUES ('YHILOX61S13G768X','Flora','Sagnelli', '1938-02-07', 'Grasstein', '8111108821471', 'Others', '9');
COMMIT;

BEGIN;
INSERT INTO carta_cliente  VALUES (10 , 'YMJPBX10B21L580A','29','0', '2', '0');
INSERT INTO familiare  VALUES ('YMJPBX10B21L580A','Mirco','Verdi', '1990-10-24', 'Luttach', '0623994023857', 'F', '10');
INSERT INTO familiare  VALUES ('RXLTTG43H47D565D','Ennio','Verdi', '1990-01-01', 'Pianopoli', '5650490331163', 'F', '10');
COMMIT;

BEGIN;
INSERT INTO carta_cliente  VALUES (11 , 'YLABNL83E15F432F','48','2', '3', '1');
INSERT INTO familiare  VALUES ('YLABNL83E15F432F','Luca','Binaghi', '1972-01-12', 'Bagni Nuovi Di Bormio', '5826009529966', 'M', '11');
INSERT INTO familiare  VALUES ('MJYDMS45S12D909L','Luchino','Binaghi', '2017-08-28', 'Torriano', '7454172061094', 'Others', '11');
INSERT INTO familiare  VALUES ('JHPFRQ98H02B824M','Elladio','Binaghi', '2018-09-04', 'Sacca', '2377919685653', 'Others', '11');
INSERT INTO familiare  VALUES ('FIDCIU77H53A014D','Atenulf','Binaghi', '2001-02-03', 'Olmo Al Brembo', '8793501826330', 'F', '11');
INSERT INTO familiare  VALUES ('TXQKLT16L65H507M','Paulina','Binaghi', '1977-01-19', 'Balzola', '7315786688251', 'Others', '11');
INSERT INTO familiare  VALUES ('JHJRKO59L62B443K','Silvio','Binaghi', '1933-07-31', 'Azzinano', '7190541628590', 'M', '11');
COMMIT;

BEGIN;
INSERT INTO carta_cliente  VALUES (12 , 'TJRLHL15B49I531U','5','0', '2', '0');
INSERT INTO familiare  VALUES ('TJRLHL15B49I531U','Piergiuseppe','Ceci', '1996-05-10', 'Castelmassa', '1233853970985', 'M', '12');
INSERT INTO familiare  VALUES ('GEYBVH11L20E234M','Domenico','Ceci', '1981-09-25', 'Panza', '7147502512896', 'F', '12');
COMMIT;

BEGIN;
INSERT INTO carta_cliente  VALUES (13 , 'CBAENB03T27B346S','47','2', '1', '1');
INSERT INTO familiare  VALUES ('CBAENB03T27B346S','Matteo','Tamburini', '2002-05-19', 'Crevalcore', '5415551637036', 'Others', '13');
INSERT INTO familiare  VALUES ('KOHMJD27L01D361X','Renata','Tamburini', '2006-09-14', 'Schabs', '4877708345047', 'M', '13');
INSERT INTO familiare  VALUES ('MWYXPQ11D16E055X','Roberta','Tamburini', '2019-08-30', 'Montegrino Valtravaglia', '4370674183800', 'M', '13');
INSERT INTO familiare  VALUES ('TBPRSA78T56A986U','Renata','Tamburini', '1943-05-30', 'Floresta', '0517839941542', 'Others', '13');
COMMIT;

BEGIN;
INSERT INTO carta_cliente  VALUES (14 , 'XXRKIQ52D50L904O','14','0', '4', '2');
INSERT INTO familiare  VALUES ('XXRKIQ52D50L904O','Antonia','Comisso', '1973-01-06', 'Montecucco', '0055560225271', 'Others', '14');
INSERT INTO familiare  VALUES ('JFFXBW45D52L314N','Annalisa','Comisso', '1965-11-27', 'Grammichele', '5518796504652', 'M', '14');
INSERT INTO familiare  VALUES ('TZCBAC70C56C338R','Azeglio','Comisso', '1963-06-02', 'Piano Tavola', '5488478206654', 'M', '14');
INSERT INTO familiare  VALUES ('PFQXFY11P25H403M','Sonia','Comisso', '1974-09-12', 'Rivera', '2088763313027', 'F', '14');
INSERT INTO familiare  VALUES ('LDOCWO53E08M260U','Erika','Comisso', '1948-08-23', 'Traves', '0761602635507', 'F', '14');
INSERT INTO familiare  VALUES ('ECSQWW64S65M324H','Napoleone','Comisso', '1955-10-24', 'Inzago', '6610426548538', 'Others', '14');
COMMIT;

BEGIN;
INSERT INTO carta_cliente  VALUES (15 , 'LPBNXV13E20H120Z','58','0', '3', '0');
INSERT INTO familiare  VALUES ('LPBNXV13E20H120Z','Francesco','Prada', '2000-08-03', 'Cervara Di Roma', '3960780905307', 'F', '15');
INSERT INTO familiare  VALUES ('KIUJDS67A09F590C','Bartolomeo','Prada', '1968-06-24', 'Piani Di Borghetto', '8962172537087', 'M', '15');
INSERT INTO familiare  VALUES ('QIVWBY26T66E133A','Ruggiero','Prada', '1971-02-13', 'Meolo', '8544092433432', 'M', '15');
COMMIT;

BEGIN;
INSERT INTO carta_cliente  VALUES (16 , 'DPZXPB36E03A516A','58','0', '1', '5');
INSERT INTO familiare  VALUES ('DPZXPB36E03A516A','Alina','Tartini', '1984-12-15', 'Villa Zaccheo', '2710076991575', 'Others', '16');
INSERT INTO familiare  VALUES ('EADANH34L64I153P','Gianni','Tartini', '1932-02-25', 'Casadio', '3933632120043', 'M', '16');
INSERT INTO familiare  VALUES ('JCAGUM79R26H930L','Lodovico','Tartini', '1954-04-25', 'Colombiera', '6036035474201', 'F', '16');
INSERT INTO familiare  VALUES ('TKEZQI23L28I420V','Atenulf','Tartini', '1942-01-25', 'San Prospero Parmense', '7964308361208', 'M', '16');
INSERT INTO familiare  VALUES ('BAOQIH03S04G666Q','Imelda','Tartini', '1939-04-29', 'Colla Maffone', '3841261912258', 'F', '16');
INSERT INTO familiare  VALUES ('AFERDB56M10C960F','Michela','Tartini', '1934-02-25', 'Portoverrara', '2023888535671', 'F', '16');
COMMIT;

BEGIN;
INSERT INTO carta_cliente  VALUES (17 , 'EJCRYV06L49G276Y','36','0', '2', '0');
INSERT INTO familiare  VALUES ('EJCRYV06L49G276Y','Giampaolo','Pininfarina', '1995-05-27', 'Nuragheddu', '5395539299689', 'F', '17');
INSERT INTO familiare  VALUES ('EBZIGF73B62C004A','Concetta','Pininfarina', '1965-01-11', 'Maiorca', '9314776970687', 'M', '17');
COMMIT;

BEGIN;
INSERT INTO carta_cliente  VALUES (18 , 'PGRPZZ53L25M023H','58','1', '1', '2');
INSERT INTO familiare  VALUES ('PGRPZZ53L25M023H','Liana','Bianchi', '1997-05-24', 'Concas', '1233781539974', 'Others', '18');
INSERT INTO familiare  VALUES ('ZXIPCE15E60B830E','Antonietta','Bianchi', '2009-03-19', 'Rio Saliceto', '7234534357176', 'Others', '18');
INSERT INTO familiare  VALUES ('PSXNNM35C56B628J','Paloma','Bianchi', '1945-02-23', 'Pugnello', '4650077819750', 'M', '18');
INSERT INTO familiare  VALUES ('HJILNH89P56D646P','Simone','Bianchi', '1943-08-01', 'San Possidonio', '9326839113307', 'F', '18');
COMMIT;

BEGIN;
INSERT INTO carta_cliente  VALUES (19 , 'REIGXK96S59B483G','49','2', '3', '1');
INSERT INTO familiare  VALUES ('REIGXK96S59B483G','Filippa','Randazzo', '2002-08-19', 'Borghetto DArroscia', '8656078497061', 'F', '19');
INSERT INTO familiare  VALUES ('DOCCJB92R65F168A','Olga','Randazzo', '2016-03-08', 'Casacanditella', '4981489086273', 'F', '19');
INSERT INTO familiare  VALUES ('ZVNSSA80S41A278E','Lucia','Randazzo', '2020-09-08', 'Torre Del Mangano', '1125267401578', 'F', '19');
INSERT INTO familiare  VALUES ('HDHYYV19S07L937O','Gianpietro','Randazzo', '1977-01-26', 'Roccavaldina', '1530485800707', 'Others', '19');
INSERT INTO familiare  VALUES ('FTQLQK88E27C274N','Ranieri','Randazzo', '1998-06-20', 'Santa Maria Degli Angeli', '2812788698800', 'Others', '19');
INSERT INTO familiare  VALUES ('RVVGOU85T17G862M','Paloma','Randazzo', '1955-04-07', 'Nichelino', '6443711370663', 'Others', '19');
COMMIT;

BEGIN;
INSERT INTO carta_cliente  VALUES (20 , 'XUMBMX58T42C911R','34','0', '1', '1');
INSERT INTO familiare  VALUES ('XUMBMX58T42C911R','Veronica','Renier', '1961-08-16', 'Valbrona', '4086341283531', 'Others', '20');
INSERT INTO familiare  VALUES ('ASKKGH65E65F846O','Ciro','Renier', '1954-03-26', 'Tramin', '5963030009986', 'Others', '20');
COMMIT;

BEGIN;
INSERT INTO carta_cliente  VALUES (21 , 'GDOUXO69R50G724E','42','1', '3', '0');
INSERT INTO familiare  VALUES ('GDOUXO69R50G724E','Piermaria','Carducci', '1959-11-10', 'Capugnano', '8142930803142', 'M', '21');
INSERT INTO familiare  VALUES ('VQTMCX63C24C051S','Camilla','Carducci', '2011-09-05', 'Codigoro', '9199162075298', 'F', '21');
INSERT INTO familiare  VALUES ('XBMZRN81H60D077G','Geronimo','Carducci', '1987-01-03', 'Paestum', '3486756726051', 'Others', '21');
INSERT INTO familiare  VALUES ('VMCVPG96H09I888U','Gilberto','Carducci', '1961-11-02', 'Dossena', '0760704644457', 'F', '21');
COMMIT;

BEGIN;
INSERT INTO carta_cliente  VALUES (22 , 'YCLDGL87P20G229V','29','4', '1', '1');
INSERT INTO familiare  VALUES ('YCLDGL87P20G229V','Paride','Scotto', '1962-07-27', 'Lizzano Pistoiese', '5473307603316', 'M', '22');
INSERT INTO familiare  VALUES ('DYEUXH28T23I711Y','Nico','Scotto', '2009-03-22', 'Vigonza', '3501410171089', 'F', '22');
INSERT INTO familiare  VALUES ('NCXZXM96L05A231F','Teresa','Scotto', '2013-10-18', 'Sassa', '3593837831530', 'M', '22');
INSERT INTO familiare  VALUES ('MZCMIM01B08L006J','Bartolomeo','Scotto', '2007-01-22', 'Artena', '4516537404958', 'Others', '22');
INSERT INTO familiare  VALUES ('VRISZW92L01F689D','Adelmo','Scotto', '2009-08-27', 'Fiorano Canavese', '7564903844028', 'Others', '22');
INSERT INTO familiare  VALUES ('EKBQVS15B15A810Z','Iolanda','Scotto', '1942-01-15', 'Nobile', '9690174536804', 'Others', '22');
COMMIT;

BEGIN;
INSERT INTO carta_cliente  VALUES (23 , 'JHJAQT08R02B042D','17','3', '1', '1');
INSERT INTO familiare  VALUES ('JHJAQT08R02B042D','Gianfranco','Zeffirelli', '1977-06-05', 'Grumo Nevano', '7794823955472', 'M', '23');
INSERT INTO familiare  VALUES ('OBRQJY06B28D856V','Paoletta','Zeffirelli', '2012-04-08', 'Sangiano', '9599787678504', 'M', '23');
INSERT INTO familiare  VALUES ('FNXMAW25P23L042Z','Maria','Zeffirelli', '2008-05-27', 'Torricella Sicura', '8976968700551', 'F', '23');
INSERT INTO familiare  VALUES ('YUJHVK68L10F457B','Matilda','Zeffirelli', '2006-12-23', 'Montecilfone', '1570945642354', 'M', '23');
INSERT INTO familiare  VALUES ('MVXUTZ16D66C235Y','Lucio','Zeffirelli', '1947-09-06', 'Torrioni', '4825163376250', 'F', '23');
COMMIT;

BEGIN;
INSERT INTO carta_cliente  VALUES (24 , 'XCXOCK46L19H153L','13','2', '1', '1');
INSERT INTO familiare  VALUES ('XCXOCK46L19H153L','Durante','Basadonna', '1990-09-10', 'San Cipirello', '8447125729444', 'M', '24');
INSERT INTO familiare  VALUES ('HYJCLB92C64G626U','Marissa','Basadonna', '2009-01-22', 'Risano', '4583805320335', 'M', '24');
INSERT INTO familiare  VALUES ('LREIGN82P57B040P','Maura','Basadonna', '2007-04-10', 'Calvizzano', '1895013239629', 'Others', '24');
INSERT INTO familiare  VALUES ('AHBKEW79D10G289U','Serena','Basadonna', '1935-02-11', 'Roteglia', '7156791416394', 'Others', '24');
COMMIT;

BEGIN;
INSERT INTO carta_cliente  VALUES (25 , 'MQSDUG29T03C876T','23','0', '3', '3');
INSERT INTO familiare  VALUES ('MQSDUG29T03C876T','Ninetta','Luria', '1987-06-22', 'Grinzane Cavour', '8382891533162', 'M', '25');
INSERT INTO familiare  VALUES ('LOMDHD82B55I864K','Guido','Luria', '1999-01-08', 'Prato Capanne', '3926997420496', 'F', '25');
INSERT INTO familiare  VALUES ('IAPFGD58S60E466P','Bettina','Luria', '1971-02-12', 'Rionero Sannitico', '1702057660255', 'Others', '25');
INSERT INTO familiare  VALUES ('PBQDAD40B13G498Z','Bettina','Luria', '1946-10-17', 'Santuario Di Vicoforte', '0209587073713', 'M', '25');
INSERT INTO familiare  VALUES ('UYGTFS49E58I533F','Alfredo','Luria', '1949-05-09', 'Mercatale Val Di Pesa', '1323906672619', 'M', '25');
INSERT INTO familiare  VALUES ('WBZAUK59P42G799D','Fiorino','Luria', '1933-11-06', 'Vicovaro', '7613034472516', 'F', '25');
COMMIT;

BEGIN;
INSERT INTO carta_cliente  VALUES (26 , 'DUMMOF47C04B110C','31','1', '4', '2');
INSERT INTO familiare  VALUES ('DUMMOF47C04B110C','Marissa','Asmundo', '1970-04-02', 'Sorbo Di Tagliacozzo', '0374813034839', 'Others', '26');
INSERT INTO familiare  VALUES ('MEEVIR28T19E630E','Elladio','Asmundo', '2016-03-22', 'Moehlen In Taufer', '0552737769636', 'M', '26');
INSERT INTO familiare  VALUES ('VBHIKS25H04F509B','Leonardo','Asmundo', '1985-04-14', 'Mels', '9471831964599', 'Others', '26');
INSERT INTO familiare  VALUES ('RODZWM18T07B582Y','Tiziano','Asmundo', '1996-10-20', 'Tavernanova', '1771093509964', 'Others', '26');
INSERT INTO familiare  VALUES ('ASIMYE46A41G263S','Sandra','Asmundo', '1990-10-07', 'Empoli', '5126428103041', 'F', '26');
INSERT INTO familiare  VALUES ('WKHBKB89P07B898T','Loredana','Asmundo', '1939-11-01', 'Segni', '5583289530774', 'M', '26');
INSERT INTO familiare  VALUES ('DMULAX17B16I431J','Lucio','Asmundo', '1929-11-07', 'Monte Argentario', '0604569749025', 'M', '26');
COMMIT;

BEGIN;
INSERT INTO carta_cliente  VALUES (27 , 'OHXCFO31H14B118Y','52','1', '1', '1');
INSERT INTO familiare  VALUES ('OHXCFO31H14B118Y','Ermes','Bossi', '1999-04-09', 'Falze', '1939585700637', 'F', '27');
INSERT INTO familiare  VALUES ('AXMXLS38T51G285X','Goffredo','Bossi', '2010-09-29', 'Sizzano', '8407988329753', 'Others', '27');
INSERT INTO familiare  VALUES ('TCAFAJ89M02I076K','Dina','Bossi', '1953-03-15', 'Pianella', '6647215578527', 'F', '27');
COMMIT;

BEGIN;
INSERT INTO carta_cliente  VALUES (28 , 'XTCRQZ98H57C780L','19','5', '2', '0');
INSERT INTO familiare  VALUES ('XTCRQZ98H57C780L','Irma','Bartoli', '1996-08-19', 'San Benedetto Di Lugana', '7868533724500', 'F', '28');
INSERT INTO familiare  VALUES ('JHTYYX46C10A550Y','Temistocle','Bartoli', '2019-12-27', 'Celledizzo', '4400986316771', 'F', '28');
INSERT INTO familiare  VALUES ('DTOVYP35P61A160V','Leonardo','Bartoli', '2009-09-21', 'Chieti', '5471671431623', 'M', '28');
INSERT INTO familiare  VALUES ('IRDKWZ86S58B466K','Claudia','Bartoli', '2009-11-08', 'Sassuolo', '5007851479991', 'M', '28');
INSERT INTO familiare  VALUES ('LKKCVG06T27F145S','Caterina','Bartoli', '2019-11-15', 'Vomero', '4032123914458', 'M', '28');
INSERT INTO familiare  VALUES ('RMLMDY93B27I304E','Giacinto','Bartoli', '2008-03-03', 'Parete', '6852273317798', 'M', '28');
INSERT INTO familiare  VALUES ('NBCJDY61B43H707E','Arsenio','Bartoli', '1982-12-06', 'Morte', '8739313659852', 'F', '28');
COMMIT;

BEGIN;
INSERT INTO carta_cliente  VALUES (29 , 'BJCVUK84R28B641D','44','0', '2', '1');
INSERT INTO familiare  VALUES ('BJCVUK84R28B641D','Margherita','Delle', '1976-07-21', 'Varna', '8896651108434', 'F', '29');
INSERT INTO familiare  VALUES ('YJYXDZ31R05G676C','Antonia','Delle', '1997-07-01', 'Formigara', '3875907850279', 'Others', '29');
INSERT INTO familiare  VALUES ('VQMITB52P51E830N','Giulia','Delle', '1942-01-03', 'Cursi', '3893333763106', 'M', '29');
COMMIT;



INSERT INTO autorizza VALUES (9, 0, 48, '2022-02-27');
INSERT INTO autorizza VALUES (14, 1, 49, '2022-04-19');
INSERT INTO autorizza VALUES (10, 2, 33, '2022-04-26');
INSERT INTO autorizza VALUES (3, 3, 37, '2022-05-07');
INSERT INTO autorizza VALUES (6, 4, 54, '2022-03-15');
INSERT INTO autorizza VALUES (6, 5, 47, '2022-05-11');
INSERT INTO autorizza VALUES (8, 6, 35, '2022-03-01');
INSERT INTO autorizza VALUES (5, 7, 47, '2022-03-21');
INSERT INTO autorizza VALUES (4, 8, 53, '2022-05-08');
INSERT INTO autorizza VALUES (0, 9, 37, '2022-03-22');
INSERT INTO autorizza VALUES (9, 10, 41, '2022-03-21');
INSERT INTO autorizza VALUES (7, 11, 57, '2022-03-10');
INSERT INTO autorizza VALUES (13, 12, 58, '2022-03-22');
INSERT INTO autorizza VALUES (6, 13, 58, '2022-04-23');
INSERT INTO autorizza VALUES (0, 14, 32, '2022-04-18');
INSERT INTO autorizza VALUES (3, 15, 50, '2022-02-21');
INSERT INTO autorizza VALUES (2, 16, 50, '2022-04-19');
INSERT INTO autorizza VALUES (5, 17, 35, '2022-03-04');
INSERT INTO autorizza VALUES (9, 18, 53, '2022-04-19');
INSERT INTO autorizza VALUES (12, 19, 43, '2022-05-23');
INSERT INTO autorizza VALUES (13, 20, 55, '2022-04-14');
INSERT INTO autorizza VALUES (19, 21, 46, '2022-04-20');
INSERT INTO autorizza VALUES (0, 22, 60, '2022-05-04');
INSERT INTO autorizza VALUES (19, 23, 40, '2022-05-19');
INSERT INTO autorizza VALUES (5, 24, 60, '2022-05-27');
INSERT INTO autorizza VALUES (13, 25, 30, '2022-06-01');
INSERT INTO autorizza VALUES (15, 26, 56, '2022-03-11');
INSERT INTO autorizza VALUES (8, 27, 58, '2022-06-04');
INSERT INTO autorizza VALUES (13, 28, 30, '2022-06-02');
INSERT INTO autorizza VALUES (7, 29, 43, '2022-04-22');


INSERT INTO donatore VALUES ('IWOBGE46S12B507G','3925991046033','Troisi SPA',NULL);
INSERT INTO donatore VALUES ('OLFEPF40L45H359N','6495215351285','Virginia','Schiavo');
INSERT INTO donatore VALUES ('JWYCNE81M19H953L','8722465867990','Giulietti, Trevisani e Argan e',NULL);
INSERT INTO donatore VALUES ('UZQRDI39L02G707O','1071621255528','Mastroianni, Troisi e Raurica ',NULL);
INSERT INTO donatore VALUES ('PAYHWX36C44F333C','2625478500102','Boccherini Group',NULL);
INSERT INTO donatore VALUES ('GCJSUW10M08M403D','0678083834409','Piersanti','Ciampi');
INSERT INTO donatore VALUES ('IXTXDP12L67C376F','3489331502745','Silvestro','Pizzamano');
INSERT INTO donatore VALUES ('BQGDBB72D44A197W','8517471795649','Marangoni, Mondadori e Montane',NULL);
INSERT INTO donatore VALUES ('MFOOVC35P26A575V','5986152248965','Varano e figli',NULL);
INSERT INTO donatore VALUES ('VKFIHT23L63H620X','1763687758847','Franscini Group',NULL);
INSERT INTO donatore VALUES ('OSALYY99R50L966E','3044965799927','Sgalambro-Balbi e figli',NULL);
INSERT INTO donatore VALUES ('XYRQXK55M57C354H','4605123814680','Maderno, Cagnin e Armani Group',NULL);
INSERT INTO donatore VALUES ('ESPGSB13A43G291G','4323449390641','Ludovisi, Aporti e Guarneri SP',NULL);
INSERT INTO donatore VALUES ('CBPIEQ52M18B736B','1566792553762','Aldo','Solimena');
INSERT INTO donatore VALUES ('TWVTZS87D10I184K','5157651132063','Vittadello-Mannoia SPA',NULL);
INSERT INTO donatore VALUES ('YNMMTM99C10I717R','4892142637447','Caccianemico Group',NULL);
INSERT INTO donatore VALUES ('JYBJXD85M50L806T','1531971062945','Volta, Serlupi e Ziani SPA',NULL);
INSERT INTO donatore VALUES ('MOSXCQ40P12A540U','1683972982369','Impastato, Jilani e Gullotta e',NULL);
INSERT INTO donatore VALUES ('VTMHTV32T68E887D','9648050357735','Melissa','Farina');
INSERT INTO donatore VALUES ('WQKJSI14B46F216O','2615180957741','Cirillo','Micca');
INSERT INTO donatore VALUES ('EABPQE99H13I468B','9961609520749','Lucia','Sorrentino');
INSERT INTO donatore VALUES ('YXNWGG09E24D961O','4004731906035','Golino, Pizzo e Cavanna SPA',NULL);
INSERT INTO donatore VALUES ('RRDLHW26A20F749O','6785065163674','Jacuzzi s.r.l.',NULL);
INSERT INTO donatore VALUES ('BLBNIZ16E48F565N','5243913708673','Gianmarco','Maglio');
INSERT INTO donatore VALUES ('PTDLKM00A47I196F','2314554320557','Pastine, Zito e Niscoromni s.r',NULL);
INSERT INTO donatore VALUES ('OHGQJZ55E07L687I','4125875879166','Giulietti-Morellato Group',NULL);
INSERT INTO donatore VALUES ('RRQQIO16B54A225Q','8226186028057','Cimini, Greggio e Carullo e fi',NULL);
INSERT INTO donatore VALUES ('UPONBA91C16B080F','5382175924976','Rensi s.r.l.',NULL);
INSERT INTO donatore VALUES ('LVXWBN66P45G997X','5300164218038','Giolitti, Trezzini e Gentilini',NULL);
INSERT INTO donatore VALUES ('WWTOBD30A52C128M','9297735710906','Magrassi s.r.l.',NULL);


--INZIO TRIGGER A
CREATE OR REPLACE FUNCTION checkTurniUpdateFun() RETURNS trigger AS 
$$
DECLARE
riceveStart timestamp;
riceveEnd timestamp;
ric boolean;

traspStart timestamp;
traspEnd timestamp;
tr boolean;

appStart timestamp;
appEnd timestamp;
app boolean;
BEGIN
    -- prima verifica
    IF(NEW.turnoInizio <> OLD.turnoInizio OR NEW.turnoFine <> OLD.turnoFine)
    THEN
        IF((
            SELECT COUNT(dataOra)
            FROM Turno T
            WHERE T.cf = NEW.cf AND (T.turnoInizio,T.turnoFine) OVERLAPS (NEW.turnoInizio, new.TurnoFine)
            ) > 0)
        THEN 
            RAISE EXCEPTION 'Il volontario ha già un turno tra questi orari';  
        END IF;
    END IF;
    
    
    -- seconda verifica
    IF(NEW.codRiceve is not null)
    THEN
        SELECT riceveInizio,riceveFine INTO riceveStart,riceveEnd
        FROM Ricezione
        WHERE Ricezione.codRiceve = NEW.codRiceve;
        ric  := true;  
        
        IF(not (riceveStart >= NEW.turnoInizio  and riceveEnd <= NEW.turnoFine))
        THEN
            RAISE EXCEPTION 'Ricezione va fuori dal turno'; 
        END iF;
        
    ELSE
        ric := false;
    END IF; 
    
    IF(NEW.codTrasporto is not null)
    THEN
        SELECT rtrasportoInizio,trasportoFine INTO traspStart,traspEnd
        FROM Trasportp
        WHERE Trasporto.codRiceve = NEW.codTrasporto;
        tr  := true;
        
        IF(not (traspStart >= NEW.turnoInizio  and traspEnd <= NEW.turnoFine))
        THEN
            RAISE EXCEPTION 'Trasporto va fuori dal turno'; 
        END iF;
    ELSE
        tr := false;
    END IF;
    
    IF(NEW.dataOra is not null)
    THEN
        appStart := dataOra;
        appEnd := dataOra + (20 * interval '1 minute');
        app  := true;
        
        IF(not (appStart >= NEW.turnoInizio  and appEnd <= NEW.turnoFine))
        THEN
            RAISE EXCEPTION 'Appuntamento va fuori dal turno'; 
        END iF;
    ELSE
        app := false;
    END IF;
    
    
    IF(app)
    THEN
        IF(tr)
        THEN
            IF(ric)
            THEN
                -- app ric tr
                IF( ((riceveStart,riceveEnd) OVERLAPS (traspStar,traspEnd))  or OVERLAPS ((appStart,appEnd) OVERLAPS (traspStar,traspEnd))
                or OVERLAPS ((appStart,appEnd) OVERLAPS (riceveStar,riceveEnd))
                  )
                THEN 
                   RAISE EXCEPTION 'Il volontario ha attivà sovrapposte come orari'; 
                ELSE
                    RETURN NEW;
                END IF;

            ELSE
                -- app tr
                IF((appStart,appEnd) OVERLAPS (traspStar,traspEnd))
                THEN 
                   RAISE EXCEPTION 'Il volontario ha attivà sovrapposte come orari'; 
                ELSE
                    RETURN NEW;
                END IF;
            END IF;
        ELSE
            IF(ric)
            THEN
                -- app ric
                IF( (appStart,appEnd) OVERLAPS (riceveStar,riceveEnd))
                THEN 
                   RAISE EXCEPTION 'Il volontario ha attivà sovrapposte come orari'; 
                ELSE
                    RETURN NEW;
                END IF;

            ELSE
               -- app
               RETURN NEW;
            END IF;     
        END IF;
        
    ELSE
        IF(tr)
        THEN
            IF(ric)
            THEN
                -- ric tr
                IF( (riceveStart,riceveEnd) OVERLAPS (traspStar,traspEnd) )
                THEN 
                   RAISE EXCEPTION 'Il volontario ha attivà sovrapposte come orari'; 
                ELSE
                    RETURN NEW;
                END IF;

            ELSE
                -- tr
                RETURN NEW;
            END IF;
        ELSE
            RETURN NEW;

        END IF;
    END IF;
        
END; 
$$ LANGUAGE plpgsql;

CREATE OR REPLACE TRIGGER checkTurni 
BEFORE UPDATE ON turno 
FOR EACH ROW 
EXECUTE FUNCTION checkTurniUpdateFun();



--INZIO TRIGGER B
CREATE OR REPLACE FUNCTION funIncr() RETURNS trigger AS
$$
BEGIN
    IF (NEW.dataOra is null AND NEW.dataScarico is null) 
    THEN
        UPDATE Inventario
        SET quantità = quantità+1
        WHERE codProdotto = NEW.codProdotto;
    END IF;
    RETURN NEW;
END;
$$ LANGUAGE plpgsql;

CREATE OR REPLACE TRIGGER incrQnt
AFTER INSERT ON Prodotto
FOR EACH ROW
EXECUTE FUNCTION funIncr();


CREATE OR REPLACE FUNCTION funDecr() RETURNS trigger AS
$$
BEGIN
    IF (OLD.dataOra is null AND OLD.dataScarico is null)
    THEN
        UPDATE Inventario
        SET quantità = quantità-1
        WHERE codProdotto = OLD.codProdotto;
    END IF;
    RETURN NEW;
END;
$$ LANGUAGE plpgsql;

CREATE OR REPLACE TRIGGER decrQnt
AFTER DELETE ON Prodotto
FOR EACH ROW
EXECUTE FUNCTION funDecr();


CREATE OR REPLACE FUNCTION funUpdateQnt() RETURNS trigger AS
$$
BEGIN
    IF(NEW.codProdotto <> OLD.codProdotto and (NEW.dataOra is null AND NEW.dataScarico is null))
    THEN
        UPDATE Inventario
	    SET quantità = quantità-1
	    WHERE codProdotto = OLD.codProdotto;
        
        UPDATE Inventario
        SET quantità = quantità+1
        WHERE codProdotto = NEW.codProdotto;
    END IF;
    IF( (OLD.dataOra is null AND OLD.dataScarico is null) and (NEW.dataOra is not null OR NEW.dataScarico is not null) )
    THEN
        UPDATE Inventario
	    SET quantità = quantità-1
	    WHERE codProdotto = OLD.codProdotto;

    END IF;
    
    RETURN NEW;
END;
$$ LANGUAGE plpgsql;


CREATE OR REPLACE TRIGGER updateQnt
AFTER UPDATE ON Prodotto
FOR EACH ROW
EXECUTE FUNCTION funUpdateQnt();



INSERT INTO ricezione  VALUES (0, '2022-06-05 05:36:38', '2022-06-05 06:36:38');
INSERT INTO trasporto  VALUES (0, '2022-06-05 03:36:38', '2022-06-05 05:36:38', 18, 'Borgo Antonetti, 50 Appartamento 1', 0);
INSERT INTO turno  VALUES ('2022-06-05 03:36:38' , 'RUUWTX66T13G923A', '2022-06-05 07:36:38', NULL, 0, NULL);
INSERT INTO turno  VALUES ('2022-06-05 03:36:38' , 'MQQJOE92D62C651X', '2022-06-05 07:36:38', NULL, 0, 0);
INSERT INTO turno  VALUES ('2022-06-05 03:36:38' , 'JJRWRT35A63L204I', '2022-06-05 07:36:38', NULL, NULL, 0);
INSERT INTO ricezione  VALUES (1, '2022-06-03 16:28:50', '2022-06-03 17:28:50');
INSERT INTO trasporto  VALUES (1, '2022-06-03 14:28:50', '2022-06-03 16:28:50', 12, 'Vicolo Federica, 46 Piano 9', 1);
INSERT INTO turno  VALUES ('2022-06-03 14:28:50' , 'OAAORR28P53M424H', '2022-06-03 18:28:50', NULL, 1, NULL);
INSERT INTO turno  VALUES ('2022-06-03 14:28:50' , 'MQQJOE92D62C651X', '2022-06-03 18:28:50', NULL, 1, 1);
INSERT INTO turno  VALUES ('2022-06-03 14:28:50' , 'VXMDQZ33T64F102E', '2022-06-03 18:28:50', NULL, NULL, 1);
INSERT INTO ricezione  VALUES (2, '2022-04-14 01:32:57', '2022-04-14 02:32:57');
INSERT INTO trasporto  VALUES (2, '2022-04-13 23:32:57', '2022-04-14 01:32:57', 16, 'Contrada Draghi, 0', 2);
INSERT INTO turno  VALUES ('2022-04-13 23:32:57' , 'CXFLER08M58G471V', '2022-04-14 03:32:57', NULL, 2, NULL);
INSERT INTO turno  VALUES ('2022-04-13 23:32:57' , 'FQJTXE83E12C974S', '2022-04-14 03:32:57', NULL, 2, 2);
INSERT INTO turno  VALUES ('2022-04-13 23:32:57' , 'CZZWMQ53C24A258O', '2022-04-14 03:32:57', NULL, NULL, 2);
INSERT INTO ricezione  VALUES (3, '2022-05-01 22:20:40', '2022-05-01 23:20:40');
INSERT INTO trasporto  VALUES (3, '2022-05-01 20:20:40', '2022-05-01 22:20:40', 19, 'Viale Onio, 85', 3);
INSERT INTO turno  VALUES ('2022-05-01 20:20:40' , 'BJJODF27B04B218Z', '2022-05-02 00:20:40', NULL, 3, NULL);
INSERT INTO turno  VALUES ('2022-05-01 20:20:40' , 'XBFQKH18M23D043K', '2022-05-02 00:20:40', NULL, 3, 3);
INSERT INTO turno  VALUES ('2022-05-01 20:20:40' , 'WPVWJQ04S54D801D', '2022-05-02 00:20:40', NULL, NULL, 3);
INSERT INTO ricezione  VALUES (4, '2022-02-20 07:25:05', '2022-02-20 08:25:05');
INSERT INTO trasporto  VALUES (4, '2022-02-20 05:25:05', '2022-02-20 07:25:05', 7, 'Contrada Merisi, 923 Appartamento 4', 4);
INSERT INTO turno  VALUES ('2022-02-20 05:25:05' , 'RZPRQE32D61E078M', '2022-02-20 09:25:05', NULL, 4, NULL);
INSERT INTO turno  VALUES ('2022-02-20 05:25:05' , 'BBTIGR54D20H175F', '2022-02-20 09:25:05', NULL, 4, 4);
INSERT INTO turno  VALUES ('2022-02-20 05:25:05' , 'JJRWRT35A63L204I', '2022-02-20 09:25:05', NULL, NULL, 4);
INSERT INTO ricezione  VALUES (5, '2022-03-29 00:03:42', '2022-03-29 01:03:42');
INSERT INTO trasporto  VALUES (5, '2022-03-28 22:03:42', '2022-03-29 00:03:42', 2, 'Via Catenazzi, 261', 5);
INSERT INTO turno  VALUES ('2022-03-28 22:03:42' , 'MMHIHU77A23D004J', '2022-03-29 02:03:42', NULL, 5, NULL);
INSERT INTO turno  VALUES ('2022-03-28 22:03:42' , 'CZZWMQ53C24A258O', '2022-03-29 02:03:42', NULL, 5, 5);
INSERT INTO turno  VALUES ('2022-03-28 22:03:42' , 'VXMDQZ33T64F102E', '2022-03-29 02:03:42', NULL, NULL, 5);
INSERT INTO ricezione  VALUES (6, '2022-03-13 09:59:06', '2022-03-13 10:59:06');
INSERT INTO trasporto  VALUES (6, '2022-03-13 07:59:06', '2022-03-13 09:59:06', 6, 'Rotonda Zaira, 138 Appartamento 24', 6);
INSERT INTO turno  VALUES ('2022-03-13 07:59:06' , 'IWRPVG54H18C561Z', '2022-03-13 11:59:06', NULL, 6, NULL);
INSERT INTO turno  VALUES ('2022-03-13 07:59:06' , 'SVXQNI88B04L876I', '2022-03-13 11:59:06', NULL, 6, 6);
INSERT INTO turno  VALUES ('2022-03-13 07:59:06' , 'WRETET29P63H959X', '2022-03-13 11:59:06', NULL, NULL, 6);
INSERT INTO ricezione  VALUES (7, '2022-05-23 14:12:20', '2022-05-23 15:12:20');
INSERT INTO trasporto  VALUES (7, '2022-05-23 12:12:20', '2022-05-23 14:12:20', 16, 'Incrocio Zaira, 4 Piano 6', 7);
INSERT INTO turno  VALUES ('2022-05-23 12:12:20' , 'RZJMAM40M25G670U', '2022-05-23 16:12:20', NULL, 7, NULL);
INSERT INTO turno  VALUES ('2022-05-23 12:12:20' , 'RSCEJB67M18D019N', '2022-05-23 16:12:20', NULL, 7, 7);
INSERT INTO turno  VALUES ('2022-05-23 12:12:20' , 'DKMIXB43L05A264O', '2022-05-23 16:12:20', NULL, NULL, 7);
INSERT INTO ricezione  VALUES (8, '2022-05-13 02:06:32', '2022-05-13 03:06:32');
INSERT INTO trasporto  VALUES (8, '2022-05-13 00:06:32', '2022-05-13 02:06:32', 6, 'Strada Canevascini, 85 Piano 1', 8);
INSERT INTO turno  VALUES ('2022-05-13 00:06:32' , 'MULYHU47S64D347V', '2022-05-13 04:06:32', NULL, 8, NULL);
INSERT INTO turno  VALUES ('2022-05-13 00:06:32' , 'RZPRQE32D61E078M', '2022-05-13 04:06:32', NULL, 8, 8);
INSERT INTO turno  VALUES ('2022-05-13 00:06:32' , 'BBTIGR54D20H175F', '2022-05-13 04:06:32', NULL, NULL, 8);
INSERT INTO ricezione  VALUES (9, '2022-05-11 13:46:10', '2022-05-11 14:46:10');
INSERT INTO trasporto  VALUES (9, '2022-05-11 11:46:10', '2022-05-11 13:46:10', 19, 'Vicolo Ramona, 36 Piano 3', 9);
INSERT INTO turno  VALUES ('2022-05-11 11:46:10' , 'PRSRXU86E15C800I', '2022-05-11 15:46:10', NULL, 9, NULL);
INSERT INTO turno  VALUES ('2022-05-11 11:46:10' , 'CKCJWZ60R15F920M', '2022-05-11 15:46:10', NULL, 9, 9);
INSERT INTO turno  VALUES ('2022-05-11 11:46:10' , 'WRETET29P63H959X', '2022-05-11 15:46:10', NULL, NULL, 9);
INSERT INTO ricezione  VALUES (10, '2022-04-22 04:50:07', '2022-04-22 05:50:07');
INSERT INTO trasporto  VALUES (10, '2022-04-22 02:50:07', '2022-04-22 04:50:07', 12, 'Viale Bragaglia, 69 Piano 0', 10);
INSERT INTO turno  VALUES ('2022-04-22 02:50:07' , 'MMHIHU77A23D004J', '2022-04-22 06:50:07', NULL, 10, NULL);
INSERT INTO turno  VALUES ('2022-04-22 02:50:07' , 'BUPPCW31B24L992A', '2022-04-22 06:50:07', NULL, 10, 10);
INSERT INTO turno  VALUES ('2022-04-22 02:50:07' , 'RSCEJB67M18D019N', '2022-04-22 06:50:07', NULL, NULL, 10);
INSERT INTO ricezione  VALUES (11, '2022-04-07 00:36:00', '2022-04-07 01:36:00');
INSERT INTO trasporto  VALUES (11, '2022-04-06 22:36:00', '2022-04-07 00:36:00', 11, 'Contrada Alighieri, 998 Piano 3', 11);
INSERT INTO turno  VALUES ('2022-04-06 22:36:00' , 'MULYHU47S64D347V', '2022-04-07 02:36:00', NULL, 11, NULL);
INSERT INTO turno  VALUES ('2022-04-06 22:36:00' , 'XBFQKH18M23D043K', '2022-04-07 02:36:00', NULL, 11, 11);
INSERT INTO turno  VALUES ('2022-04-06 22:36:00' , 'WPVWJQ04S54D801D', '2022-04-07 02:36:00', NULL, NULL, 11);
INSERT INTO ricezione  VALUES (12, '2022-04-09 03:35:40', '2022-04-09 04:35:40');
INSERT INTO trasporto  VALUES (12, '2022-04-09 01:35:40', '2022-04-09 03:35:40', 1, 'Strada Adriano, 477 Piano 1', 12);
INSERT INTO turno  VALUES ('2022-04-09 01:35:40' , 'VEETTG18M62E978U', '2022-04-09 05:35:40', NULL, 12, NULL);
INSERT INTO turno  VALUES ('2022-04-09 01:35:40' , 'FMEOEZ09A59A788H', '2022-04-09 05:35:40', NULL, 12, 12);
INSERT INTO turno  VALUES ('2022-04-09 01:35:40' , 'DKMIXB43L05A264O', '2022-04-09 05:35:40', NULL, NULL, 12);
INSERT INTO ricezione  VALUES (13, '2022-05-13 09:43:34', '2022-05-13 10:43:34');
INSERT INTO trasporto  VALUES (13, '2022-05-13 07:43:34', '2022-05-13 09:43:34', 3, 'Contrada Morricone, 556 Appartamento 8', 13);
INSERT INTO turno  VALUES ('2022-05-13 07:43:34' , 'XKITZC63T55H328B', '2022-05-13 11:43:34', NULL, 13, NULL);
INSERT INTO turno  VALUES ('2022-05-13 07:43:34' , 'JJRWRT35A63L204I', '2022-05-13 11:43:34', NULL, 13, 13);
INSERT INTO turno  VALUES ('2022-05-13 07:43:34' , 'NFJTPW57C07C705I', '2022-05-13 11:43:34', NULL, NULL, 13);
INSERT INTO ricezione  VALUES (14, '2022-05-04 13:57:46', '2022-05-04 14:57:46');
INSERT INTO trasporto  VALUES (14, '2022-05-04 11:57:46', '2022-05-04 13:57:46', 8, 'Via Nordio, 731', 14);
INSERT INTO turno  VALUES ('2022-05-04 11:57:46' , 'WPVWJQ04S54D801D', '2022-05-04 15:57:46', NULL, 14, NULL);
INSERT INTO turno  VALUES ('2022-05-04 11:57:46' , 'UGDIZW79D51C414L', '2022-05-04 15:57:46', NULL, 14, 14);
INSERT INTO turno  VALUES ('2022-05-04 11:57:46' , 'IQQIUW61S49I943Y', '2022-05-04 15:57:46', NULL, NULL, 14);
INSERT INTO ricezione  VALUES (15, '2022-04-12 03:53:56', '2022-04-12 04:53:56');
INSERT INTO trasporto  VALUES (15, '2022-04-12 01:53:56', '2022-04-12 03:53:56', 4, 'Via Veltroni, 48 Appartamento 16', 15);
INSERT INTO turno  VALUES ('2022-04-12 01:53:56' , 'CXFLER08M58G471V', '2022-04-12 05:53:56', NULL, 15, NULL);
INSERT INTO turno  VALUES ('2022-04-12 01:53:56' , 'RZJMAM40M25G670U', '2022-04-12 05:53:56', NULL, 15, 15);
INSERT INTO turno  VALUES ('2022-04-12 01:53:56' , 'VXMDQZ33T64F102E', '2022-04-12 05:53:56', NULL, NULL, 15);
INSERT INTO ricezione  VALUES (16, '2022-04-23 14:59:25', '2022-04-23 15:59:25');
INSERT INTO trasporto  VALUES (16, '2022-04-23 12:59:25', '2022-04-23 14:59:25', 16, 'Rotonda Erika, 728 Piano 7', 16);
INSERT INTO turno  VALUES ('2022-04-23 12:59:25' , 'IXMINU29T09F358L', '2022-04-23 16:59:25', NULL, 16, NULL);
INSERT INTO turno  VALUES ('2022-04-23 12:59:25' , 'WPVWJQ04S54D801D', '2022-04-23 16:59:25', NULL, 16, 16);
INSERT INTO turno  VALUES ('2022-04-23 12:59:25' , 'EDGPEI99L63A673F', '2022-04-23 16:59:25', NULL, NULL, 16);
INSERT INTO ricezione  VALUES (17, '2022-04-10 01:21:33', '2022-04-10 02:21:33');
INSERT INTO trasporto  VALUES (17, '2022-04-09 23:21:33', '2022-04-10 01:21:33', 9, 'Stretto Edoardo, 50 Appartamento 0', 17);
INSERT INTO turno  VALUES ('2022-04-09 23:21:33' , 'IWRPVG54H18C561Z', '2022-04-10 03:21:33', NULL, 17, NULL);
INSERT INTO turno  VALUES ('2022-04-09 23:21:33' , 'KKTIYM45E15G207F', '2022-04-10 03:21:33', NULL, 17, 17);
INSERT INTO turno  VALUES ('2022-04-09 23:21:33' , 'OAAORR28P53M424H', '2022-04-10 03:21:33', NULL, NULL, 17);
INSERT INTO ricezione  VALUES (18, '2022-03-02 08:25:41', '2022-03-02 09:25:41');
INSERT INTO trasporto  VALUES (18, '2022-03-02 06:25:41', '2022-03-02 08:25:41', 3, 'Piazza Curatoli, 93 Appartamento 32', 18);
INSERT INTO turno  VALUES ('2022-03-02 06:25:41' , 'IXMINU29T09F358L', '2022-03-02 10:25:41', NULL, 18, NULL);
INSERT INTO turno  VALUES ('2022-03-02 06:25:41' , 'KZYEBK66C27B145Y', '2022-03-02 10:25:41', NULL, 18, 18);
INSERT INTO turno  VALUES ('2022-03-02 06:25:41' , 'WPVWJQ04S54D801D', '2022-03-02 10:25:41', NULL, NULL, 18);
INSERT INTO ricezione  VALUES (19, '2022-03-11 06:35:54', '2022-03-11 07:35:54');
INSERT INTO trasporto  VALUES (19, '2022-03-11 04:35:54', '2022-03-11 06:35:54', 6, 'Vicolo Regge, 66 Appartamento 4', 19);
INSERT INTO turno  VALUES ('2022-03-11 04:35:54' , 'MULYHU47S64D347V', '2022-03-11 08:35:54', NULL, 19, NULL);
INSERT INTO turno  VALUES ('2022-03-11 04:35:54' , 'FQJTXE83E12C974S', '2022-03-11 08:35:54', NULL, 19, 19);
INSERT INTO turno  VALUES ('2022-03-11 04:35:54' , 'CXFLER08M58G471V', '2022-03-11 08:35:54', NULL, NULL, 19);
INSERT INTO ricezione  VALUES (20, '2022-03-25 22:30:07', '2022-03-25 23:30:07');
INSERT INTO trasporto  VALUES (20, '2022-03-25 20:30:07', '2022-03-25 22:30:07', 7, 'Vicolo Nedda, 68 Appartamento 81', 20);
INSERT INTO turno  VALUES ('2022-03-25 20:30:07' , 'VXMDQZ33T64F102E', '2022-03-26 00:30:07', NULL, 20, NULL);
INSERT INTO turno  VALUES ('2022-03-25 20:30:07' , 'MQQJOE92D62C651X', '2022-03-26 00:30:07', NULL, 20, 20);
INSERT INTO turno  VALUES ('2022-03-25 20:30:07' , 'SCSTHO22A11D403A', '2022-03-26 00:30:07', NULL, NULL, 20);
INSERT INTO ricezione  VALUES (21, '2022-04-07 03:58:54', '2022-04-07 04:58:54');
INSERT INTO trasporto  VALUES (21, '2022-04-07 01:58:54', '2022-04-07 03:58:54', 20, 'Stretto Ramazzotti, 87', 21);
INSERT INTO turno  VALUES ('2022-04-07 01:58:54' , 'ZFWDKA79R52L116W', '2022-04-07 05:58:54', NULL, 21, NULL);
INSERT INTO turno  VALUES ('2022-04-07 01:58:54' , 'JUDFZC69L10B415C', '2022-04-07 05:58:54', NULL, 21, 21);
INSERT INTO turno  VALUES ('2022-04-07 01:58:54' , 'RUUWTX66T13G923A', '2022-04-07 05:58:54', NULL, NULL, 21);
INSERT INTO ricezione  VALUES (22, '2022-06-05 13:19:49', '2022-06-05 14:19:49');
INSERT INTO trasporto  VALUES (22, '2022-06-05 11:19:49', '2022-06-05 13:19:49', 4, 'Viale Antonioni, 897 Appartamento 48', 22);
INSERT INTO turno  VALUES ('2022-06-05 11:19:49' , 'NFJTPW57C07C705I', '2022-06-05 15:19:49', NULL, 22, NULL);
INSERT INTO turno  VALUES ('2022-06-05 11:19:49' , 'KZYEBK66C27B145Y', '2022-06-05 15:19:49', NULL, 22, 22);
INSERT INTO turno  VALUES ('2022-06-05 11:19:49' , 'GEZCGR72B10L247E', '2022-06-05 15:19:49', NULL, NULL, 22);
INSERT INTO ricezione  VALUES (23, '2022-02-17 08:52:28', '2022-02-17 09:52:28');
INSERT INTO trasporto  VALUES (23, '2022-02-17 06:52:28', '2022-02-17 08:52:28', 7, 'Contrada Camillo, 657 Piano 0', 23);
INSERT INTO turno  VALUES ('2022-02-17 06:52:28' , 'SVXQNI88B04L876I', '2022-02-17 10:52:28', NULL, 23, NULL);
INSERT INTO turno  VALUES ('2022-02-17 06:52:28' , 'JUDFZC69L10B415C', '2022-02-17 10:52:28', NULL, 23, 23);
INSERT INTO turno  VALUES ('2022-02-17 06:52:28' , 'BUPPCW31B24L992A', '2022-02-17 10:52:28', NULL, NULL, 23);
INSERT INTO ricezione  VALUES (24, '2022-02-21 19:01:44', '2022-02-21 20:01:44');
INSERT INTO trasporto  VALUES (24, '2022-02-21 17:01:44', '2022-02-21 19:01:44', 18, 'Canale Galilei, 538 Piano 9', 24);
INSERT INTO turno  VALUES ('2022-02-21 17:01:44' , 'WRETET29P63H959X', '2022-02-21 21:01:44', NULL, 24, NULL);
INSERT INTO turno  VALUES ('2022-02-21 17:01:44' , 'UGDIZW79D51C414L', '2022-02-21 21:01:44', NULL, 24, 24);
INSERT INTO turno  VALUES ('2022-02-21 17:01:44' , 'NFJTPW57C07C705I', '2022-02-21 21:01:44', NULL, NULL, 24);
INSERT INTO ricezione  VALUES (25, '2022-03-22 14:38:03', '2022-03-22 15:38:03');
INSERT INTO trasporto  VALUES (25, '2022-03-22 12:38:03', '2022-03-22 14:38:03', 13, 'Piazza Gianni, 74 Appartamento 2', 25);
INSERT INTO turno  VALUES ('2022-03-22 12:38:03' , 'XKITZC63T55H328B', '2022-03-22 16:38:03', NULL, 25, NULL);
INSERT INTO turno  VALUES ('2022-03-22 12:38:03' , 'JRUOVE13P45C426D', '2022-03-22 16:38:03', NULL, 25, 25);
INSERT INTO turno  VALUES ('2022-03-22 12:38:03' , 'MQQJOE92D62C651X', '2022-03-22 16:38:03', NULL, NULL, 25);
INSERT INTO ricezione  VALUES (26, '2022-03-30 03:33:55', '2022-03-30 04:33:55');
INSERT INTO trasporto  VALUES (26, '2022-03-30 01:33:55', '2022-03-30 03:33:55', 5, 'Vicolo Anguissola, 846 Piano 6', 26);
INSERT INTO turno  VALUES ('2022-03-30 01:33:55' , 'EDGPEI99L63A673F', '2022-03-30 05:33:55', NULL, 26, NULL);
INSERT INTO turno  VALUES ('2022-03-30 01:33:55' , 'ZPJHYY43B02I472E', '2022-03-30 05:33:55', NULL, 26, 26);
INSERT INTO turno  VALUES ('2022-03-30 01:33:55' , 'XKITZC63T55H328B', '2022-03-30 05:33:55', NULL, NULL, 26);
INSERT INTO ricezione  VALUES (27, '2022-04-13 12:08:18', '2022-04-13 13:08:18');
INSERT INTO trasporto  VALUES (27, '2022-04-13 10:08:18', '2022-04-13 12:08:18', 11, 'Vicolo Serena, 435 Piano 2', 27);
INSERT INTO turno  VALUES ('2022-04-13 10:08:18' , 'MQQJOE92D62C651X', '2022-04-13 14:08:18', NULL, 27, NULL);
INSERT INTO turno  VALUES ('2022-04-13 10:08:18' , 'CZZWMQ53C24A258O', '2022-04-13 14:08:18', NULL, 27, 27);
INSERT INTO turno  VALUES ('2022-04-13 10:08:18' , 'PRSRXU86E15C800I', '2022-04-13 14:08:18', NULL, NULL, 27);
INSERT INTO ricezione  VALUES (28, '2022-04-02 22:52:37', '2022-04-02 23:52:37');
INSERT INTO trasporto  VALUES (28, '2022-04-02 20:52:37', '2022-04-02 22:52:37', 7, 'Viale Badoer, 8', 28);
INSERT INTO turno  VALUES ('2022-04-02 20:52:37' , 'MLBUQI95P65D293F', '2022-04-03 00:52:37', NULL, 28, NULL);
INSERT INTO turno  VALUES ('2022-04-02 20:52:37' , 'JRUOVE13P45C426D', '2022-04-03 00:52:37', NULL, 28, 28);
INSERT INTO turno  VALUES ('2022-04-02 20:52:37' , 'PTANUJ89L61G144O', '2022-04-03 00:52:37', NULL, NULL, 28);
INSERT INTO ricezione  VALUES (29, '2022-03-26 12:46:10', '2022-03-26 13:46:10');
INSERT INTO trasporto  VALUES (29, '2022-03-26 10:46:10', '2022-03-26 12:46:10', 14, 'Stretto Cirillo, 521 Piano 2', 29);
INSERT INTO turno  VALUES ('2022-03-26 10:46:10' , 'GEZCGR72B10L247E', '2022-03-26 14:46:10', NULL, 29, NULL);
INSERT INTO turno  VALUES ('2022-03-26 10:46:10' , 'SANRAM20E21C991G', '2022-03-26 14:46:10', NULL, 29, 29);
INSERT INTO turno  VALUES ('2022-03-26 10:46:10' , 'MLBUQI95P65D293F', '2022-03-26 14:46:10', NULL, NULL, 29);


INSERT INTO spesa  VALUES (0, 75);
INSERT INTO donazione  VALUES (0, '2022-05-20 19:47:36', 75, NULL, 'XYRQXK55M57C354H' , NULL);
INSERT INTO donazione  VALUES (1, '2021-12-29', NULL , 20, NULL, 0);
INSERT INTO spesa  VALUES (1, 19);
INSERT INTO donazione  VALUES (2, '2022-06-05 22:25:03', 19, NULL, 'RRQQIO16B54A225Q' , NULL);
INSERT INTO donazione  VALUES (3, '2022-01-26', NULL , 22, NULL, 1);
INSERT INTO spesa  VALUES (2, 28);
INSERT INTO donazione  VALUES (4, '2022-04-26 18:11:55', 28, NULL, 'VTMHTV32T68E887D' , NULL);
INSERT INTO donazione  VALUES (5, '2021-12-20', NULL , 28, NULL, 2);
INSERT INTO spesa  VALUES (3, 91);
INSERT INTO donazione  VALUES (6, '2022-02-21 17:37:16', 91, NULL, 'TWVTZS87D10I184K' , NULL);
INSERT INTO donazione  VALUES (7, '2022-01-24', NULL , 14, NULL, 3);
INSERT INTO spesa  VALUES (4, 55);
INSERT INTO donazione  VALUES (8, '2022-01-24 22:28:23', 55, NULL, 'JYBJXD85M50L806T' , NULL);
INSERT INTO donazione  VALUES (9, '2022-01-21', NULL , 12, NULL, 4);
INSERT INTO spesa  VALUES (5, 13);
INSERT INTO donazione  VALUES (10, '2022-06-20 03:26:53', 13, NULL, 'OLFEPF40L45H359N' , NULL);
INSERT INTO donazione  VALUES (11, '2022-03-14', NULL , 14, NULL, 5);
INSERT INTO spesa  VALUES (6, 50);
INSERT INTO donazione  VALUES (12, '2022-05-14 15:05:32', 50, NULL, 'IWOBGE46S12B507G' , NULL);
INSERT INTO donazione  VALUES (13, '2022-01-30', NULL , 3, NULL, 6);
INSERT INTO spesa  VALUES (7, 41);
INSERT INTO donazione  VALUES (14, '2022-02-27 08:17:52', 41, NULL, 'BQGDBB72D44A197W' , NULL);
INSERT INTO donazione  VALUES (15, '2022-01-11', NULL , 20, NULL, 7);
INSERT INTO spesa  VALUES (8, 80);
INSERT INTO donazione  VALUES (16, '2022-05-01 22:59:45', 80, NULL, 'IXTXDP12L67C376F' , NULL);
INSERT INTO donazione  VALUES (17, '2021-12-20', NULL , 11, NULL, 8);
INSERT INTO spesa  VALUES (9, 54);
INSERT INTO donazione  VALUES (18, '2022-02-16 11:10:55', 54, NULL, 'BLBNIZ16E48F565N' , NULL);
INSERT INTO donazione  VALUES (19, '2022-02-05', NULL , 18, NULL, 9);


INSERT INTO donazione  VALUES (20, '2022-02-05', NULL , 27, 'OLFEPF40L45H359N' , NULL );
INSERT INTO donazione  VALUES (21, '2022-01-09', NULL , 12, 'MOSXCQ40P12A540U' , NULL );
INSERT INTO donazione  VALUES (22, '2022-02-23', NULL , 26, 'OLFEPF40L45H359N' , NULL );
INSERT INTO donazione  VALUES (23, '2022-03-23', NULL , 26, 'OSALYY99R50L966E' , NULL );
INSERT INTO donazione  VALUES (24, '2022-03-05', NULL , 22, 'UZQRDI39L02G707O' , NULL );
INSERT INTO donazione  VALUES (25, '2022-03-09', NULL , 22, 'BLBNIZ16E48F565N' , NULL );
INSERT INTO donazione  VALUES (26, '2022-02-11', NULL , 23, 'UZQRDI39L02G707O' , NULL );
INSERT INTO donazione  VALUES (27, '2022-01-13', NULL , 7, 'VKFIHT23L63H620X' , NULL );
INSERT INTO donazione  VALUES (28, '2021-12-27', NULL , 11, 'JWYCNE81M19H953L' , NULL );
INSERT INTO donazione  VALUES (29, '2022-01-12', NULL , 26, 'PAYHWX36C44F333C' , NULL );
INSERT INTO donazione  VALUES (30, '2022-03-25', NULL , 16, 'CBPIEQ52M18B736B' , NULL );
INSERT INTO donazione  VALUES (31, '2022-03-11', NULL , 5, 'UPONBA91C16B080F' , NULL );
INSERT INTO donazione  VALUES (32, '2022-01-01', NULL , 4, 'MOSXCQ40P12A540U' , NULL );
INSERT INTO donazione  VALUES (33, '2021-12-18', NULL , 1, 'OSALYY99R50L966E' , NULL );
INSERT INTO donazione  VALUES (34, '2022-03-01', NULL , 15, 'MOSXCQ40P12A540U' , NULL );


INSERT INTO inventario  VALUES (0, 0, 'pasta', 'penne Barilla', 5 , '10' );
INSERT INTO inventario  VALUES (1, 0, 'pasta', 'fusilli DeCecco', 4 , '10' );
INSERT INTO inventario  VALUES (2, 0, 'pasta', 'farfalle Barilla', 5 , '10' );
INSERT INTO inventario  VALUES (3, 0, 'pasta', 'spaghetti Barilla', 3 , '10' );
INSERT INTO inventario  VALUES (4, 0, 'pasta', 'cannelloni DeCecco', 2 , '10' );
INSERT INTO inventario  VALUES (5, 0, 'riso', 'riso Scotti', 3 , '9' );
INSERT INTO inventario  VALUES (6, 0, 'riso', 'riso Scotti basmati', 3 , '9' );
INSERT INTO inventario  VALUES (7, 0, 'riso', 'riso Gallo', 5 , '9' );
INSERT INTO inventario  VALUES (8, 0, 'latte', 'Parmalat scremato', 5 , NULL );
INSERT INTO inventario  VALUES (9, 0, 'latte', 'Parmalat intero', 4 , NULL );
INSERT INTO inventario  VALUES (10, 0, 'latte', 'latte Tiguglio', 5 , NULL );
INSERT INTO inventario  VALUES (11, 0, 'latte', 'Latte di Soia', 4 , NULL );
INSERT INTO inventario  VALUES (12, 0, 'latte', 'Latte di Mandorla', 5 , NULL );
INSERT INTO inventario  VALUES (13, 0, 'formaggi', 'Parmigiano Reggiano', 3 , NULL );
INSERT INTO inventario  VALUES (14, 0, 'formaggi', 'Asiago', 3 , NULL );
INSERT INTO inventario  VALUES (15, 0, 'formaggi', 'Mozzarella', 2 , NULL );
INSERT INTO inventario  VALUES (16, 0, 'formaggi', 'Caciotto', 5 , NULL );
INSERT INTO inventario  VALUES (17, 0, 'formaggi', 'Stracchino', 5 , NULL );
INSERT INTO inventario  VALUES (18, 0, 'formaggi', 'Gorgonzola', 3 , NULL );
INSERT INTO inventario  VALUES (19, 0, 'yogurt', 'Muller yogurt frutta', 2 , NULL );
INSERT INTO inventario  VALUES (20, 0, 'yogurt', 'Muller yogurt bianco', 1 , NULL );
INSERT INTO inventario  VALUES (21, 0, 'yogurt', 'Activia yogurt', 1 , NULL );
INSERT INTO inventario  VALUES (22, 0, 'yogurt', 'yogurt greco', 5 , NULL );
INSERT INTO inventario  VALUES (23, 0, 'olio', 'Olio oliva Carli', 4 , '12' );
INSERT INTO inventario  VALUES (24, 0, 'olio', 'Olio oliva Fabbri', 1 , '12' );
INSERT INTO inventario  VALUES (25, 0, 'olio', 'Olio di semi', 4 , '12' );
INSERT INTO inventario  VALUES (26, 0, 'olio', 'Olio di palma', 2 , '12' );
INSERT INTO inventario  VALUES (27, 0, 'salse', 'pesto Barilla', 5 , '5' );
INSERT INTO inventario  VALUES (28, 0, 'salse', 'sugo Barilla', 2 , '5' );
INSERT INTO inventario  VALUES (29, 0, 'salse', 'ketchapp', 4 , '5' );
INSERT INTO inventario  VALUES (30, 0, 'salse', 'maionese', 5 , '5' );
INSERT INTO inventario  VALUES (31, 0, 'salse', 'senape', 4 , '5' );
INSERT INTO inventario  VALUES (32, 0, 'salse', 'aceto balsamico', 5 , '5' );
INSERT INTO inventario  VALUES (33, 0, 'caffe', 'Lavazza arabico', 5 , '6' );
INSERT INTO inventario  VALUES (34, 0, 'caffe', 'Lavazza rossa', 4 , '6' );
INSERT INTO inventario  VALUES (35, 0, 'caffe', 'Lavazza gold', 5 , '6' );
INSERT INTO inventario  VALUES (36, 0, 'caffe', 'Illy classico', 2 , '6' );
INSERT INTO inventario  VALUES (37, 0, 'igene', 'Carta Igenica', 1 , NULL );
INSERT INTO inventario  VALUES (38, 0, 'igene', 'Sapone neutro', 3 , NULL );
INSERT INTO inventario  VALUES (39, 0, 'igene', 'Amuchina', 3 , NULL );
INSERT INTO inventario  VALUES (40, 0, 'igene', 'Shampoo', 5 , NULL );
INSERT INTO inventario  VALUES (41, 0, 'igene', 'DocciaSchiuma', 3 , NULL );
INSERT INTO inventario  VALUES (42, 0, 'igene', 'deodorante', 3 , NULL );
INSERT INTO inventario  VALUES (43, 0, 'igene', 'sgrassatore', 3 , NULL );
INSERT INTO inventario  VALUES (44, 0, 'igene', 'candeggina', 5 , NULL );
INSERT INTO inventario  VALUES (45, 0, 'igene', 'spugna', 2 , NULL );
INSERT INTO inventario  VALUES (46, 0, 'bibite', 'Acqua Eva', 3 , NULL );
INSERT INTO inventario  VALUES (47, 0, 'bibite', 'SantAnna', 1 , NULL );
INSERT INTO inventario  VALUES (48, 0, 'bibite', 'Acqua Simply', 5 , NULL );
INSERT INTO inventario  VALUES (49, 0, 'bibite', 'CocaCola', 5 , NULL );
INSERT INTO inventario  VALUES (50, 0, 'bibite', 'Pepsi', 4 , NULL );
INSERT INTO inventario  VALUES (51, 0, 'bibite', 'Fanta', 5 , NULL );


INSERT INTO scarico VALUES ('2022-06-07' );
INSERT INTO prodotto  VALUES (0, NULL, NULL , 43, '2022-06-07' , 1  );
INSERT INTO prodotto  VALUES (1, '2022-05-21', NULL , 3, '2022-06-07' , 18  );
INSERT INTO prodotto  VALUES (2, NULL, NULL , 44, '2022-06-07' , 14  );
INSERT INTO prodotto  VALUES (3, '2022-02-18', NULL , 30, '2022-06-07' , 3  );
INSERT INTO prodotto  VALUES (4, '2021-04-24', NULL , 20, '2022-06-07' , 19  );
INSERT INTO prodotto  VALUES (5, NULL, NULL , 38, '2022-06-07' , 2  );
INSERT INTO prodotto  VALUES (6, '2021-04-01', NULL , 0, '2022-06-07' , 19  );
INSERT INTO prodotto  VALUES (7, '2022-02-01', NULL , 0, '2022-06-07' , 27  );
INSERT INTO prodotto  VALUES (8, NULL, NULL , 42, '2022-06-07' , 20  );
INSERT INTO prodotto  VALUES (9, '2021-06-13', NULL , 28, '2022-06-07' , 28  );
INSERT INTO scarico VALUES ('2022-01-03' );
INSERT INTO prodotto  VALUES (10, NULL, NULL , 39, '2022-01-03' , 5  );
INSERT INTO prodotto  VALUES (11, '2021-05-05', NULL , 27, '2022-01-03' , 26  );
INSERT INTO prodotto  VALUES (12, '2021-03-25', NULL , 2, '2022-01-03' , 6  );
INSERT INTO prodotto  VALUES (13, '2021-08-19', NULL , 11, '2022-01-03' , 14  );
INSERT INTO prodotto  VALUES (14, '2021-08-16', NULL , 35, '2022-01-03' , 17  );
INSERT INTO prodotto  VALUES (15, '2021-11-24', NULL , 6, '2022-01-03' , 18  );
INSERT INTO prodotto  VALUES (16, '2021-03-27', NULL , 33, '2022-01-03' , 28  );
INSERT INTO prodotto  VALUES (17, '2021-09-26', NULL , 30, '2022-01-03' , 15  );
INSERT INTO prodotto  VALUES (18, NULL, NULL , 51, '2022-01-03' , 12  );
INSERT INTO prodotto  VALUES (19, NULL, NULL , 44, '2022-01-03' , 21  );
INSERT INTO scarico VALUES ('2022-02-02' );
INSERT INTO prodotto  VALUES (20, NULL, NULL , 44, '2022-02-02' , 32  );
INSERT INTO prodotto  VALUES (21, '2021-03-05', NULL , 31, '2022-02-02' , 6  );
INSERT INTO prodotto  VALUES (22, '2021-02-25', NULL , 11, '2022-02-02' , 10  );
INSERT INTO prodotto  VALUES (23, '2021-11-04', NULL , 30, '2022-02-02' , 23  );
INSERT INTO prodotto  VALUES (24, NULL, NULL , 47, '2022-02-02' , 27  );
INSERT INTO prodotto  VALUES (25, '2021-02-12', NULL , 1, '2022-02-02' , 10  );
INSERT INTO prodotto  VALUES (26, NULL, NULL , 47, '2022-02-02' , 2  );
INSERT INTO prodotto  VALUES (27, NULL, NULL , 39, '2022-02-02' , 33  );
INSERT INTO prodotto  VALUES (28, '2021-05-15', NULL , 34, '2022-02-02' , 9  );
INSERT INTO prodotto  VALUES (29, '2021-06-27', NULL , 18, '2022-02-02' , 31  );
INSERT INTO scarico VALUES ('2022-03-25' );
INSERT INTO prodotto  VALUES (30, '2021-04-15', NULL , 21, '2022-03-25' , 8  );
INSERT INTO prodotto  VALUES (31, '2022-02-15', NULL , 36, '2022-03-25' , 15  );
INSERT INTO prodotto  VALUES (32, NULL, NULL , 42, '2022-03-25' , 7  );
INSERT INTO prodotto  VALUES (33, '2021-01-23', NULL , 1, '2022-03-25' , 21  );
INSERT INTO prodotto  VALUES (34, '2021-04-04', NULL , 4, '2022-03-25' , 9  );
INSERT INTO prodotto  VALUES (35, NULL, NULL , 48, '2022-03-25' , 1  );
INSERT INTO prodotto  VALUES (36, '2022-01-28', NULL , 21, '2022-03-25' , 9  );
INSERT INTO prodotto  VALUES (37, '2021-06-28', NULL , 18, '2022-03-25' , 15  );
INSERT INTO prodotto  VALUES (38, NULL, NULL , 41, '2022-03-25' , 10  );
INSERT INTO prodotto  VALUES (39, NULL, NULL , 45, '2022-03-25' , 34  );
INSERT INTO scarico VALUES ('2022-06-25' );
INSERT INTO prodotto  VALUES (40, '2021-05-22', NULL , 6, '2022-06-25' , 6  );
INSERT INTO prodotto  VALUES (41, '2021-03-10', NULL , 28, '2022-06-25' , 15  );
INSERT INTO prodotto  VALUES (42, '2021-10-06', NULL , 12, '2022-06-25' , 13  );
INSERT INTO prodotto  VALUES (43, '2021-10-11', NULL , 35, '2022-06-25' , 10  );
INSERT INTO prodotto  VALUES (44, '2021-03-28', NULL , 0, '2022-06-25' , 27  );
INSERT INTO prodotto  VALUES (45, '2021-01-17', NULL , 4, '2022-06-25' , 21  );
INSERT INTO prodotto  VALUES (46, NULL, NULL , 40, '2022-06-25' , 13  );
INSERT INTO prodotto  VALUES (47, '2021-12-09', NULL , 12, '2022-06-25' , 1  );
INSERT INTO prodotto  VALUES (48, '2021-06-06', NULL , 34, '2022-06-25' , 20  );
INSERT INTO prodotto  VALUES (49, NULL, NULL , 50, '2022-06-25' , 8  );
INSERT INTO scarico VALUES ('2022-04-23' );
INSERT INTO prodotto  VALUES (50, NULL, NULL , 49, '2022-04-23' , 8  );
INSERT INTO prodotto  VALUES (51, '2021-01-31', NULL , 14, '2022-04-23' , 10  );
INSERT INTO prodotto  VALUES (52, '2021-01-04', NULL , 9, '2022-04-23' , 12  );
INSERT INTO prodotto  VALUES (53, NULL, NULL , 38, '2022-04-23' , 3  );
INSERT INTO prodotto  VALUES (54, NULL, NULL , 40, '2022-04-23' , 11  );
INSERT INTO prodotto  VALUES (55, '2022-01-08', NULL , 18, '2022-04-23' , 11  );
INSERT INTO prodotto  VALUES (56, '2021-09-28', NULL , 28, '2022-04-23' , 19  );
INSERT INTO prodotto  VALUES (57, '2021-11-17', NULL , 28, '2022-04-23' , 14  );
INSERT INTO prodotto  VALUES (58, '2021-02-19', NULL , 27, '2022-04-23' , 15  );
INSERT INTO prodotto  VALUES (59, '2021-02-15', NULL , 0, '2022-04-23' , 30  );
INSERT INTO scarico VALUES ('2022-03-19' );
INSERT INTO prodotto  VALUES (60, '2021-10-01', NULL , 4, '2022-03-19' , 3  );
INSERT INTO prodotto  VALUES (61, '2021-09-05', NULL , 21, '2022-03-19' , 11  );
INSERT INTO prodotto  VALUES (62, '2021-04-06', NULL , 30, '2022-03-19' , 19  );
INSERT INTO prodotto  VALUES (63, NULL, NULL , 40, '2022-03-19' , 7  );
INSERT INTO prodotto  VALUES (64, '2021-09-08', NULL , 19, '2022-03-19' , 15  );
INSERT INTO prodotto  VALUES (65, '2022-01-02', NULL , 20, '2022-03-19' , 5  );
INSERT INTO prodotto  VALUES (66, '2021-07-24', NULL , 25, '2022-03-19' , 18  );
INSERT INTO prodotto  VALUES (67, '2021-10-08', NULL , 34, '2022-03-19' , 11  );
INSERT INTO prodotto  VALUES (68, NULL, NULL , 44, '2022-03-19' , 1  );
INSERT INTO prodotto  VALUES (69, '2021-12-23', NULL , 35, '2022-03-19' , 0  );
INSERT INTO scarico VALUES ('2022-02-05' );
INSERT INTO prodotto  VALUES (70, '2021-07-07', NULL , 19, '2022-02-05' , 13  );
INSERT INTO prodotto  VALUES (71, '2021-10-14', NULL , 15, '2022-02-05' , 8  );
INSERT INTO prodotto  VALUES (72, '2021-06-05', NULL , 3, '2022-02-05' , 16  );
INSERT INTO prodotto  VALUES (73, '2021-07-08', NULL , 13, '2022-02-05' , 8  );
INSERT INTO prodotto  VALUES (74, '2021-06-08', NULL , 21, '2022-02-05' , 26  );
INSERT INTO prodotto  VALUES (75, '2021-02-18', NULL , 29, '2022-02-05' , 25  );
INSERT INTO prodotto  VALUES (76, NULL, NULL , 48, '2022-02-05' , 18  );
INSERT INTO prodotto  VALUES (77, NULL, NULL , 42, '2022-02-05' , 21  );
INSERT INTO prodotto  VALUES (78, '2021-06-30', NULL , 27, '2022-02-05' , 12  );
INSERT INTO prodotto  VALUES (79, '2021-06-23', NULL , 35, '2022-02-05' , 6  );
INSERT INTO scarico VALUES ('2022-03-20' );
INSERT INTO prodotto  VALUES (80, '2021-06-13', NULL , 2, '2022-03-20' , 32  );
INSERT INTO prodotto  VALUES (81, '2021-07-21', NULL , 26, '2022-03-20' , 32  );
INSERT INTO prodotto  VALUES (82, NULL, NULL , 49, '2022-03-20' , 19  );
INSERT INTO prodotto  VALUES (83, '2021-08-31', NULL , 26, '2022-03-20' , 32  );
INSERT INTO prodotto  VALUES (84, '2021-11-25', NULL , 36, '2022-03-20' , 32  );
INSERT INTO prodotto  VALUES (85, '2022-02-06', NULL , 24, '2022-03-20' , 3  );
INSERT INTO prodotto  VALUES (86, '2021-02-20', NULL , 26, '2022-03-20' , 24  );
INSERT INTO prodotto  VALUES (87, NULL, NULL , 37, '2022-03-20' , 15  );
INSERT INTO prodotto  VALUES (88, '2021-12-01', NULL , 33, '2022-03-20' , 5  );
INSERT INTO prodotto  VALUES (89, '2021-12-06', NULL , 2, '2022-03-20' , 17  );
INSERT INTO scarico VALUES ('2022-04-03' );
INSERT INTO prodotto  VALUES (90, '2021-01-03', NULL , 12, '2022-04-03' , 18  );
INSERT INTO prodotto  VALUES (91, NULL, NULL , 49, '2022-04-03' , 22  );
INSERT INTO prodotto  VALUES (92, '2021-05-14', NULL , 16, '2022-04-03' , 7  );
INSERT INTO prodotto  VALUES (93, '2021-05-17', NULL , 29, '2022-04-03' , 27  );
INSERT INTO prodotto  VALUES (94, '2021-05-19', NULL , 7, '2022-04-03' , 24  );
INSERT INTO prodotto  VALUES (95, '2022-03-07', NULL , 1, '2022-04-03' , 3  );
INSERT INTO prodotto  VALUES (96, '2021-08-29', NULL , 20, '2022-04-03' , 34  );
INSERT INTO prodotto  VALUES (97, '2022-03-03', NULL , 19, '2022-04-03' , 19  );
INSERT INTO prodotto  VALUES (98, '2021-03-13', NULL , 30, '2022-04-03' , 9  );
INSERT INTO prodotto  VALUES (99, '2021-07-10', NULL , 23, '2022-04-03' , 16  );


INSERT INTO appuntamento  VALUES ('2022-03-18 01:55:35', 37,  1 , 'YQWURM44C15F471Z', 9 );
INSERT INTO turno  VALUES ('2022-03-18 01:55:35' , 'SANRAM20E21C991G', '2022-03-18 05:55:35', '2022-03-18 01:55:35', NULL, NULL);
INSERT INTO prodotto  VALUES (100, '2022-04-15', '2022-03-18 01:55:35' , 6, NULL , 31 );
INSERT INTO prodotto  VALUES (101, '2022-04-20', '2022-03-18 01:55:35' , 1, NULL , 6 );
INSERT INTO prodotto  VALUES (102, '2022-04-07', '2022-03-18 01:55:35' , 16, NULL , 26 );
INSERT INTO prodotto  VALUES (103, '2022-03-23', '2022-03-18 01:55:35' , 6, NULL , 23 );
INSERT INTO prodotto  VALUES (104, '2022-03-28', '2022-03-18 01:55:35' , 32, NULL , 31 );
INSERT INTO prodotto  VALUES (105, '2022-04-22', '2022-03-18 01:55:35' , 3, NULL , 7 );
INSERT INTO prodotto  VALUES (106, '2022-04-01', '2022-03-18 01:55:35' , 2, NULL , 1 );
INSERT INTO prodotto  VALUES (107, '2022-04-05', '2022-03-18 01:55:35' , 5, NULL , 14 );
INSERT INTO prodotto  VALUES (108, NULL, '2022-03-18 01:55:35' , 49, NULL , 14 );
INSERT INTO appuntamento  VALUES ('2022-03-25 07:55:29', 47,  2 , 'EXFVTW10B19L219G', 5 );
INSERT INTO turno  VALUES ('2022-03-25 07:55:29' , 'JJHNLP94E64C372T', '2022-03-25 11:55:29', '2022-03-25 07:55:29', NULL, NULL);
INSERT INTO prodotto  VALUES (109, '2022-05-05', '2022-03-25 07:55:29' , 22, NULL , 9 );
INSERT INTO prodotto  VALUES (110, '2022-04-20', '2022-03-25 07:55:29' , 6, NULL , 9 );
INSERT INTO prodotto  VALUES (111, NULL, '2022-03-25 07:55:29' , 40, NULL , 23 );
INSERT INTO prodotto  VALUES (112, '2022-05-21', '2022-03-25 07:55:29' , 6, NULL , 3 );
INSERT INTO prodotto  VALUES (113, NULL, '2022-03-25 07:55:29' , 47, NULL , 18 );
INSERT INTO prodotto  VALUES (114, NULL, '2022-03-25 07:55:29' , 48, NULL , 6 );
INSERT INTO prodotto  VALUES (115, '2022-05-01', '2022-03-25 07:55:29' , 18, NULL , 19 );
INSERT INTO prodotto  VALUES (116, '2022-04-23', '2022-03-25 07:55:29' , 3, NULL , 3 );
INSERT INTO prodotto  VALUES (117, '2022-04-09', '2022-03-25 07:55:29' , 22, NULL , 32 );
INSERT INTO prodotto  VALUES (118, NULL, '2022-03-25 07:55:29' , 37, NULL , 8 );
INSERT INTO prodotto  VALUES (119, '2022-04-16', '2022-03-25 07:55:29' , 14, NULL , 13 );
INSERT INTO prodotto  VALUES (120, '2022-03-30', '2022-03-25 07:55:29' , 32, NULL , 8 );
INSERT INTO prodotto  VALUES (121, '2022-05-07', '2022-03-25 07:55:29' , 3, NULL , 17 );
INSERT INTO appuntamento  VALUES ('2022-03-12 16:04:45', 53,  2 , 'AKAHVZ48M10G352K', 8 );
INSERT INTO turno  VALUES ('2022-03-12 16:04:45' , 'KPYNFS00S09D520I', '2022-03-12 20:04:45', '2022-03-12 16:04:45', NULL, NULL);
INSERT INTO prodotto  VALUES (122, '2022-04-28', '2022-03-12 16:04:45' , 30, NULL , 17 );
INSERT INTO prodotto  VALUES (123, '2022-05-14', '2022-03-12 16:04:45' , 11, NULL , 7 );
INSERT INTO prodotto  VALUES (124, NULL, '2022-03-12 16:04:45' , 42, NULL , 15 );
INSERT INTO prodotto  VALUES (125, '2022-04-04', '2022-03-12 16:04:45' , 26, NULL , 11 );
INSERT INTO prodotto  VALUES (126, '2022-05-15', '2022-03-12 16:04:45' , 10, NULL , 18 );
INSERT INTO prodotto  VALUES (127, '2022-04-07', '2022-03-12 16:04:45' , 14, NULL , 13 );
INSERT INTO prodotto  VALUES (128, '2022-05-16', '2022-03-12 16:04:45' , 8, NULL , 21 );
INSERT INTO prodotto  VALUES (129, NULL, '2022-03-12 16:04:45' , 47, NULL , 2 );
INSERT INTO prodotto  VALUES (130, '2022-03-28', '2022-03-12 16:04:45' , 28, NULL , 18 );
INSERT INTO prodotto  VALUES (131, '2022-05-14', '2022-03-12 16:04:45' , 34, NULL , 28 );
INSERT INTO prodotto  VALUES (132, '2022-04-13', '2022-03-12 16:04:45' , 12, NULL , 11 );
INSERT INTO prodotto  VALUES (133, NULL, '2022-03-12 16:04:45' , 47, NULL , 19 );
INSERT INTO prodotto  VALUES (134, '2022-05-21', '2022-03-12 16:04:45' , 25, NULL , 11 );
INSERT INTO prodotto  VALUES (135, '2022-05-19', '2022-03-12 16:04:45' , 12, NULL , 2 );
INSERT INTO prodotto  VALUES (136, '2022-03-23', '2022-03-12 16:04:45' , 15, NULL , 16 );
INSERT INTO appuntamento  VALUES ('2022-03-02 15:23:32', 55,  13 , 'XUMBMX58T42C911R', 20 );
INSERT INTO turno  VALUES ('2022-03-02 15:23:32' , 'IWRPVG54H18C561Z', '2022-03-02 19:23:32', '2022-03-02 15:23:32', NULL, NULL);
INSERT INTO prodotto  VALUES (137, NULL, '2022-03-02 15:23:32' , 45, NULL , 26 );
INSERT INTO prodotto  VALUES (138, '2022-03-20', '2022-03-02 15:23:32' , 24, NULL , 20 );
INSERT INTO prodotto  VALUES (139, NULL, '2022-03-02 15:23:32' , 42, NULL , 32 );
INSERT INTO prodotto  VALUES (140, '2022-05-09', '2022-03-02 15:23:32' , 19, NULL , 24 );
INSERT INTO prodotto  VALUES (141, NULL, '2022-03-02 15:23:32' , 43, NULL , 17 );
INSERT INTO prodotto  VALUES (142, '2022-05-28', '2022-03-02 15:23:32' , 11, NULL , 27 );
INSERT INTO prodotto  VALUES (143, '2022-03-10', '2022-03-02 15:23:32' , 4, NULL , 28 );
INSERT INTO prodotto  VALUES (144, NULL, '2022-03-02 15:23:32' , 42, NULL , 10 );
INSERT INTO prodotto  VALUES (145, '2022-03-30', '2022-03-02 15:23:32' , 2, NULL , 8 );
INSERT INTO prodotto  VALUES (146, '2022-03-31', '2022-03-02 15:23:32' , 26, NULL , 16 );
INSERT INTO prodotto  VALUES (147, '2022-04-11', '2022-03-02 15:23:32' , 20, NULL , 7 );
INSERT INTO prodotto  VALUES (148, NULL, '2022-03-02 15:23:32' , 43, NULL , 25 );
INSERT INTO prodotto  VALUES (149, NULL, '2022-03-02 15:23:32' , 40, NULL , 0 );
INSERT INTO prodotto  VALUES (150, '2022-03-22', '2022-03-02 15:23:32' , 20, NULL , 32 );
INSERT INTO prodotto  VALUES (151, '2022-04-20', '2022-03-02 15:23:32' , 17, NULL , 9 );
INSERT INTO appuntamento  VALUES ('2022-03-18 08:42:27', 33,  2 , 'YGKBQJ26D17E719X', 2 );
INSERT INTO turno  VALUES ('2022-03-18 08:42:27' , 'FQJTXE83E12C974S', '2022-03-18 12:42:27', '2022-03-18 08:42:27', NULL, NULL);
INSERT INTO prodotto  VALUES (152, NULL, '2022-03-18 08:42:27' , 40, NULL , 10 );
INSERT INTO prodotto  VALUES (153, NULL, '2022-03-18 08:42:27' , 47, NULL , 34 );
INSERT INTO prodotto  VALUES (154, '2022-04-12', '2022-03-18 08:42:27' , 32, NULL , 13 );
INSERT INTO prodotto  VALUES (155, '2022-04-02', '2022-03-18 08:42:27' , 22, NULL , 6 );
INSERT INTO prodotto  VALUES (156, NULL, '2022-03-18 08:42:27' , 39, NULL , 31 );
INSERT INTO prodotto  VALUES (157, '2022-04-02', '2022-03-18 08:42:27' , 23, NULL , 17 );
INSERT INTO prodotto  VALUES (158, NULL, '2022-03-18 08:42:27' , 47, NULL , 11 );
INSERT INTO prodotto  VALUES (159, '2022-04-01', '2022-03-18 08:42:27' , 5, NULL , 8 );
INSERT INTO prodotto  VALUES (160, '2022-05-12', '2022-03-18 08:42:27' , 24, NULL , 15 );
INSERT INTO prodotto  VALUES (161, '2022-05-04', '2022-03-18 08:42:27' , 14, NULL , 16 );
INSERT INTO appuntamento  VALUES ('2022-03-17 23:49:08', 32,  3 , 'XXRKIQ52D50L904O', 14 );
INSERT INTO turno  VALUES ('2022-03-17 23:49:08' , 'JJRWRT35A63L204I', '2022-03-18 03:49:08', '2022-03-17 23:49:08', NULL, NULL);
INSERT INTO prodotto  VALUES (162, '2022-05-28', '2022-03-17 23:49:08' , 2, NULL , 34 );
INSERT INTO prodotto  VALUES (163, '2022-04-07', '2022-03-17 23:49:08' , 6, NULL , 33 );
INSERT INTO prodotto  VALUES (164, NULL, '2022-03-17 23:49:08' , 47, NULL , 19 );
INSERT INTO prodotto  VALUES (165, '2022-05-13', '2022-03-17 23:49:08' , 21, NULL , 34 );
INSERT INTO prodotto  VALUES (166, '2022-05-21', '2022-03-17 23:49:08' , 22, NULL , 0 );
INSERT INTO prodotto  VALUES (167, '2022-05-22', '2022-03-17 23:49:08' , 13, NULL , 17 );
INSERT INTO prodotto  VALUES (168, '2022-04-05', '2022-03-17 23:49:08' , 8, NULL , 6 );
INSERT INTO prodotto  VALUES (169, '2022-04-27', '2022-03-17 23:49:08' , 5, NULL , 3 );
INSERT INTO prodotto  VALUES (170, '2022-05-11', '2022-03-17 23:49:08' , 14, NULL , 28 );
INSERT INTO appuntamento  VALUES ('2022-03-14 22:52:07', 35,  1 , 'XOMJDQ42C49L384J', 6 );
INSERT INTO turno  VALUES ('2022-03-14 22:52:07' , 'CKCJWZ60R15F920M', '2022-03-15 02:52:07', '2022-03-14 22:52:07', NULL, NULL);
INSERT INTO prodotto  VALUES (171, '2022-04-02', '2022-03-14 22:52:07' , 11, NULL , 26 );
INSERT INTO prodotto  VALUES (172, NULL, '2022-03-14 22:52:07' , 50, NULL , 24 );
INSERT INTO prodotto  VALUES (173, '2022-03-21', '2022-03-14 22:52:07' , 5, NULL , 7 );
INSERT INTO prodotto  VALUES (174, '2022-05-24', '2022-03-14 22:52:07' , 0, NULL , 1 );
INSERT INTO prodotto  VALUES (175, '2022-05-22', '2022-03-14 22:52:07' , 1, NULL , 32 );
INSERT INTO prodotto  VALUES (176, '2022-05-07', '2022-03-14 22:52:07' , 15, NULL , 6 );
INSERT INTO prodotto  VALUES (177, NULL, '2022-03-14 22:52:07' , 50, NULL , 10 );
INSERT INTO prodotto  VALUES (178, NULL, '2022-03-14 22:52:07' , 46, NULL , 4 );
INSERT INTO prodotto  VALUES (179, '2022-03-30', '2022-03-14 22:52:07' , 23, NULL , 21 );
INSERT INTO prodotto  VALUES (180, '2022-04-09', '2022-03-14 22:52:07' , 20, NULL , 12 );
INSERT INTO appuntamento  VALUES ('2022-03-18 08:02:25', 58,  2 , 'OHXCFO31H14B118Y', 27 );
INSERT INTO turno  VALUES ('2022-03-18 08:02:25' , 'BBTIGR54D20H175F', '2022-03-18 12:02:25', '2022-03-18 08:02:25', NULL, NULL);
INSERT INTO prodotto  VALUES (181, NULL, '2022-03-18 08:02:25' , 51, NULL , 32 );
INSERT INTO prodotto  VALUES (182, '2022-04-12', '2022-03-18 08:02:25' , 3, NULL , 11 );
INSERT INTO prodotto  VALUES (183, NULL, '2022-03-18 08:02:25' , 43, NULL , 17 );
INSERT INTO prodotto  VALUES (184, '2022-05-07', '2022-03-18 08:02:25' , 14, NULL , 24 );
INSERT INTO prodotto  VALUES (185, '2022-05-13', '2022-03-18 08:02:25' , 1, NULL , 19 );
INSERT INTO prodotto  VALUES (186, NULL, '2022-03-18 08:02:25' , 41, NULL , 15 );
INSERT INTO prodotto  VALUES (187, '2022-04-23', '2022-03-18 08:02:25' , 10, NULL , 2 );
INSERT INTO prodotto  VALUES (188, '2022-05-30', '2022-03-18 08:02:25' , 20, NULL , 12 );
INSERT INTO prodotto  VALUES (189, '2022-03-31', '2022-03-18 08:02:25' , 15, NULL , 18 );
INSERT INTO prodotto  VALUES (190, '2022-03-22', '2022-03-18 08:02:25' , 12, NULL , 20 );
INSERT INTO prodotto  VALUES (191, '2022-05-07', '2022-03-18 08:02:25' , 4, NULL , 4 );
INSERT INTO prodotto  VALUES (192, '2022-04-04', '2022-03-18 08:02:25' , 2, NULL , 12 );
INSERT INTO prodotto  VALUES (193, '2022-04-19', '2022-03-18 08:02:25' , 16, NULL , 19 );
INSERT INTO prodotto  VALUES (194, '2022-04-04', '2022-03-18 08:02:25' , 0, NULL , 13 );
INSERT INTO prodotto  VALUES (195, NULL, '2022-03-18 08:02:25' , 48, NULL , 3 );
INSERT INTO appuntamento  VALUES ('2022-03-03 05:19:49', 60,  10 , 'EKBQVS15B15A810Z', 22 );
INSERT INTO turno  VALUES ('2022-03-03 05:19:49' , 'SCSTHO22A11D403A', '2022-03-03 09:19:49', '2022-03-03 05:19:49', NULL, NULL);
INSERT INTO prodotto  VALUES (196, NULL, '2022-03-03 05:19:49' , 47, NULL , 3 );
INSERT INTO prodotto  VALUES (197, NULL, '2022-03-03 05:19:49' , 38, NULL , 31 );
INSERT INTO prodotto  VALUES (198, '2022-05-10', '2022-03-03 05:19:49' , 6, NULL , 34 );
INSERT INTO prodotto  VALUES (199, '2022-05-12', '2022-03-03 05:19:49' , 7, NULL , 33 );
INSERT INTO prodotto  VALUES (200, '2022-03-24', '2022-03-03 05:19:49' , 5, NULL , 15 );
INSERT INTO prodotto  VALUES (201, '2022-03-05', '2022-03-03 05:19:49' , 28, NULL , 34 );
INSERT INTO prodotto  VALUES (202, NULL, '2022-03-03 05:19:49' , 37, NULL , 14 );
INSERT INTO prodotto  VALUES (203, '2022-05-19', '2022-03-03 05:19:49' , 29, NULL , 32 );
INSERT INTO prodotto  VALUES (204, '2022-04-18', '2022-03-03 05:19:49' , 7, NULL , 18 );
INSERT INTO prodotto  VALUES (205, '2022-03-07', '2022-03-03 05:19:49' , 35, NULL , 2 );
INSERT INTO prodotto  VALUES (206, '2022-03-31', '2022-03-03 05:19:49' , 35, NULL , 32 );
INSERT INTO prodotto  VALUES (207, NULL, '2022-03-03 05:19:49' , 43, NULL , 34 );
INSERT INTO prodotto  VALUES (208, '2022-03-29', '2022-03-03 05:19:49' , 24, NULL , 28 );
INSERT INTO prodotto  VALUES (209, '2022-03-30', '2022-03-03 05:19:49' , 8, NULL , 15 );
INSERT INTO prodotto  VALUES (210, '2022-04-05', '2022-03-03 05:19:49' , 9, NULL , 8 );
INSERT INTO appuntamento  VALUES ('2022-03-07 21:45:40', 41,  1 , 'YMJPBX10B21L580A', 10 );
INSERT INTO turno  VALUES ('2022-03-07 21:45:40' , 'UGDIZW79D51C414L', '2022-03-08 01:45:40', '2022-03-07 21:45:40', NULL, NULL);
INSERT INTO prodotto  VALUES (211, NULL, '2022-03-07 21:45:40' , 42, NULL , 0 );
INSERT INTO prodotto  VALUES (212, '2022-03-17', '2022-03-07 21:45:40' , 29, NULL , 0 );
INSERT INTO prodotto  VALUES (213, '2022-05-19', '2022-03-07 21:45:40' , 20, NULL , 24 );
INSERT INTO prodotto  VALUES (214, '2022-03-26', '2022-03-07 21:45:40' , 33, NULL , 25 );
INSERT INTO prodotto  VALUES (215, '2022-03-29', '2022-03-07 21:45:40' , 1, NULL , 0 );
INSERT INTO prodotto  VALUES (216, '2022-03-14', '2022-03-07 21:45:40' , 23, NULL , 31 );
INSERT INTO prodotto  VALUES (217, '2022-04-29', '2022-03-07 21:45:40' , 14, NULL , 13 );
INSERT INTO prodotto  VALUES (218, NULL, '2022-03-07 21:45:40' , 47, NULL , 2 );
INSERT INTO prodotto  VALUES (219, '2022-03-16', '2022-03-07 21:45:40' , 15, NULL , 12 );
INSERT INTO prodotto  VALUES (220, '2022-05-13', '2022-03-07 21:45:40' , 10, NULL , 23 );
INSERT INTO prodotto  VALUES (221, '2022-05-15', '2022-03-07 21:45:40' , 25, NULL , 12 );
INSERT INTO prodotto  VALUES (222, '2022-05-13', '2022-03-07 21:45:40' , 31, NULL , 19 );
INSERT INTO appuntamento  VALUES ('2022-03-20 19:09:10', 37,  4 , 'GCEIQX78A01B029K', 3 );
INSERT INTO turno  VALUES ('2022-03-20 19:09:10' , 'BBTIGR54D20H175F', '2022-03-20 23:09:10', '2022-03-20 19:09:10', NULL, NULL);
INSERT INTO prodotto  VALUES (223, '2022-04-16', '2022-03-20 19:09:10' , 3, NULL , 16 );
INSERT INTO prodotto  VALUES (224, '2022-04-16', '2022-03-20 19:09:10' , 8, NULL , 1 );
INSERT INTO prodotto  VALUES (225, '2022-04-01', '2022-03-20 19:09:10' , 6, NULL , 14 );
INSERT INTO prodotto  VALUES (226, '2022-05-20', '2022-03-20 19:09:10' , 4, NULL , 24 );
INSERT INTO prodotto  VALUES (227, NULL, '2022-03-20 19:09:10' , 40, NULL , 33 );
INSERT INTO prodotto  VALUES (228, '2022-05-23', '2022-03-20 19:09:10' , 17, NULL , 29 );
INSERT INTO prodotto  VALUES (229, '2022-04-18', '2022-03-20 19:09:10' , 27, NULL , 12 );
INSERT INTO prodotto  VALUES (230, NULL, '2022-03-20 19:09:10' , 45, NULL , 22 );
INSERT INTO prodotto  VALUES (231, '2022-04-01', '2022-03-20 19:09:10' , 3, NULL , 6 );
INSERT INTO appuntamento  VALUES ('2022-03-18 11:16:40', 60,  11 , 'XCXOCK46L19H153L', 24 );
INSERT INTO turno  VALUES ('2022-03-18 11:16:40' , 'WRETET29P63H959X', '2022-03-18 15:16:40', '2022-03-18 11:16:40', NULL, NULL);
INSERT INTO prodotto  VALUES (232, NULL, '2022-03-18 11:16:40' , 37, NULL , 14 );
INSERT INTO prodotto  VALUES (233, '2022-04-27', '2022-03-18 11:16:40' , 2, NULL , 19 );
INSERT INTO prodotto  VALUES (234, NULL, '2022-03-18 11:16:40' , 38, NULL , 28 );
INSERT INTO prodotto  VALUES (235, '2022-05-23', '2022-03-18 11:16:40' , 33, NULL , 28 );
INSERT INTO prodotto  VALUES (236, NULL, '2022-03-18 11:16:40' , 43, NULL , 15 );
INSERT INTO prodotto  VALUES (237, NULL, '2022-03-18 11:16:40' , 46, NULL , 1 );
INSERT INTO prodotto  VALUES (238, '2022-04-24', '2022-03-18 11:16:40' , 26, NULL , 1 );
INSERT INTO prodotto  VALUES (239, '2022-04-04', '2022-03-18 11:16:40' , 23, NULL , 33 );
INSERT INTO prodotto  VALUES (240, '2022-04-02', '2022-03-18 11:16:40' , 29, NULL , 0 );
INSERT INTO prodotto  VALUES (241, '2022-04-02', '2022-03-18 11:16:40' , 3, NULL , 2 );
INSERT INTO prodotto  VALUES (242, '2022-05-11', '2022-03-18 11:16:40' , 29, NULL , 25 );
INSERT INTO prodotto  VALUES (243, '2022-04-24', '2022-03-18 11:16:40' , 20, NULL , 19 );
INSERT INTO prodotto  VALUES (244, NULL, '2022-03-18 11:16:40' , 50, NULL , 20 );
INSERT INTO prodotto  VALUES (245, '2022-04-20', '2022-03-18 11:16:40' , 15, NULL , 18 );
INSERT INTO prodotto  VALUES (246, '2022-04-05', '2022-03-18 11:16:40' , 17, NULL , 21 );
INSERT INTO appuntamento  VALUES ('2022-03-14 14:39:51', 48,  3 , 'OBFYMD00A63B258L', 0 );
INSERT INTO turno  VALUES ('2022-03-14 14:39:51' , 'RSCEJB67M18D019N', '2022-03-14 18:39:51', '2022-03-14 14:39:51', NULL, NULL);
INSERT INTO prodotto  VALUES (247, '2022-04-05', '2022-03-14 14:39:51' , 11, NULL , 31 );
INSERT INTO prodotto  VALUES (248, '2022-04-08', '2022-03-14 14:39:51' , 8, NULL , 4 );
INSERT INTO prodotto  VALUES (249, '2022-04-25', '2022-03-14 14:39:51' , 26, NULL , 11 );
INSERT INTO prodotto  VALUES (250, NULL, '2022-03-14 14:39:51' , 44, NULL , 9 );
INSERT INTO prodotto  VALUES (251, '2022-04-19', '2022-03-14 14:39:51' , 9, NULL , 20 );
INSERT INTO prodotto  VALUES (252, '2022-05-27', '2022-03-14 14:39:51' , 2, NULL , 11 );
INSERT INTO prodotto  VALUES (253, NULL, '2022-03-14 14:39:51' , 40, NULL , 31 );
INSERT INTO prodotto  VALUES (254, '2022-03-25', '2022-03-14 14:39:51' , 4, NULL , 32 );
INSERT INTO prodotto  VALUES (255, '2022-03-18', '2022-03-14 14:39:51' , 8, NULL , 16 );
INSERT INTO prodotto  VALUES (256, '2022-04-28', '2022-03-14 14:39:51' , 9, NULL , 10 );
INSERT INTO prodotto  VALUES (257, '2022-03-23', '2022-03-14 14:39:51' , 1, NULL , 17 );
INSERT INTO appuntamento  VALUES ('2022-03-01 18:35:25', 43,  3 , 'YJYXDZ31R05G676C', 29 );
INSERT INTO turno  VALUES ('2022-03-01 18:35:25' , 'ZFWDKA79R52L116W', '2022-03-01 22:35:25', '2022-03-01 18:35:25', NULL, NULL);
INSERT INTO prodotto  VALUES (258, NULL, '2022-03-01 18:35:25' , 41, NULL , 23 );
INSERT INTO prodotto  VALUES (259, '2022-05-24', '2022-03-01 18:35:25' , 34, NULL , 9 );
INSERT INTO prodotto  VALUES (260, '2022-05-14', '2022-03-01 18:35:25' , 18, NULL , 8 );
INSERT INTO prodotto  VALUES (261, '2022-05-26', '2022-03-01 18:35:25' , 26, NULL , 5 );
INSERT INTO prodotto  VALUES (262, '2022-05-18', '2022-03-01 18:35:25' , 4, NULL , 26 );
INSERT INTO prodotto  VALUES (263, '2022-04-11', '2022-03-01 18:35:25' , 17, NULL , 18 );
INSERT INTO prodotto  VALUES (264, NULL, '2022-03-01 18:35:25' , 50, NULL , 8 );
INSERT INTO prodotto  VALUES (265, '2022-03-08', '2022-03-01 18:35:25' , 16, NULL , 17 );
INSERT INTO prodotto  VALUES (266, NULL, '2022-03-01 18:35:25' , 38, NULL , 33 );
INSERT INTO prodotto  VALUES (267, '2022-04-09', '2022-03-01 18:35:25' , 34, NULL , 21 );
INSERT INTO prodotto  VALUES (268, NULL, '2022-03-01 18:35:25' , 44, NULL , 11 );
INSERT INTO appuntamento  VALUES ('2022-03-08 20:12:48', 58,  1 , 'CBAENB03T27B346S', 13 );
INSERT INTO turno  VALUES ('2022-03-08 20:12:48' , 'PTANUJ89L61G144O', '2022-03-09 00:12:48', '2022-03-08 20:12:48', NULL, NULL);
INSERT INTO prodotto  VALUES (269, NULL, '2022-03-08 20:12:48' , 47, NULL , 6 );
INSERT INTO prodotto  VALUES (270, NULL, '2022-03-08 20:12:48' , 50, NULL , 31 );
INSERT INTO prodotto  VALUES (271, NULL, '2022-03-08 20:12:48' , 40, NULL , 0 );
INSERT INTO prodotto  VALUES (272, '2022-03-13', '2022-03-08 20:12:48' , 3, NULL , 28 );
INSERT INTO prodotto  VALUES (273, '2022-04-04', '2022-03-08 20:12:48' , 14, NULL , 23 );
INSERT INTO prodotto  VALUES (274, '2022-03-24', '2022-03-08 20:12:48' , 10, NULL , 10 );
INSERT INTO prodotto  VALUES (275, '2022-03-18', '2022-03-08 20:12:48' , 26, NULL , 12 );
INSERT INTO prodotto  VALUES (276, '2022-04-03', '2022-03-08 20:12:48' , 35, NULL , 7 );
INSERT INTO prodotto  VALUES (277, '2022-04-22', '2022-03-08 20:12:48' , 12, NULL , 21 );
INSERT INTO prodotto  VALUES (278, '2022-04-16', '2022-03-08 20:12:48' , 18, NULL , 15 );
INSERT INTO prodotto  VALUES (279, '2022-05-27', '2022-03-08 20:12:48' , 16, NULL , 19 );
INSERT INTO prodotto  VALUES (280, '2022-05-25', '2022-03-08 20:12:48' , 2, NULL , 21 );
INSERT INTO prodotto  VALUES (281, '2022-03-25', '2022-03-08 20:12:48' , 25, NULL , 15 );
INSERT INTO prodotto  VALUES (282, '2022-04-02', '2022-03-08 20:12:48' , 18, NULL , 14 );
INSERT INTO prodotto  VALUES (283, '2022-05-09', '2022-03-08 20:12:48' , 9, NULL , 15 );
INSERT INTO appuntamento  VALUES ('2022-04-07 21:19:29', 58,  7 , 'OHXCFO31H14B118Y', 27 );
INSERT INTO turno  VALUES ('2022-04-07 21:19:29' , 'KZYEBK66C27B145Y', '2022-04-08 01:19:29', '2022-04-07 21:19:29', NULL, NULL);
INSERT INTO prodotto  VALUES (284, NULL, '2022-04-07 21:19:29' , 46, NULL , 4 );
INSERT INTO prodotto  VALUES (285, '2022-05-07', '2022-04-07 21:19:29' , 15, NULL , 0 );
INSERT INTO prodotto  VALUES (286, NULL, '2022-04-07 21:19:29' , 47, NULL , 25 );
INSERT INTO prodotto  VALUES (287, NULL, '2022-04-07 21:19:29' , 51, NULL , 32 );
INSERT INTO prodotto  VALUES (288, NULL, '2022-04-07 21:19:29' , 39, NULL , 8 );
INSERT INTO prodotto  VALUES (289, '2022-05-07', '2022-04-07 21:19:29' , 28, NULL , 10 );
INSERT INTO prodotto  VALUES (290, '2022-04-19', '2022-04-07 21:19:29' , 30, NULL , 13 );
INSERT INTO prodotto  VALUES (291, '2022-05-24', '2022-04-07 21:19:29' , 18, NULL , 23 );
INSERT INTO prodotto  VALUES (292, '2022-04-20', '2022-04-07 21:19:29' , 10, NULL , 7 );
INSERT INTO prodotto  VALUES (293, NULL, '2022-04-07 21:19:29' , 42, NULL , 30 );
INSERT INTO prodotto  VALUES (294, '2022-05-07', '2022-04-07 21:19:29' , 31, NULL , 33 );
INSERT INTO prodotto  VALUES (295, '2022-05-03', '2022-04-07 21:19:29' , 6, NULL , 25 );
INSERT INTO prodotto  VALUES (296, '2022-05-17', '2022-04-07 21:19:29' , 14, NULL , 31 );
INSERT INTO prodotto  VALUES (297, '2022-04-29', '2022-04-07 21:19:29' , 8, NULL , 27 );
INSERT INTO prodotto  VALUES (298, '2022-05-04', '2022-04-07 21:19:29' , 11, NULL , 4 );
INSERT INTO appuntamento  VALUES ('2022-04-07 16:00:52', 58,  5 , 'TJRLHL15B49I531U', 12 );
INSERT INTO turno  VALUES ('2022-04-07 16:00:52' , 'HOCFOJ86H10D589U', '2022-04-07 20:00:52', '2022-04-07 16:00:52', NULL, NULL);
INSERT INTO prodotto  VALUES (299, '2022-04-17', '2022-04-07 16:00:52' , 0, NULL , 22 );
INSERT INTO prodotto  VALUES (300, '2022-05-19', '2022-04-07 16:00:52' , 12, NULL , 17 );
INSERT INTO prodotto  VALUES (301, NULL, '2022-04-07 16:00:52' , 39, NULL , 9 );
INSERT INTO prodotto  VALUES (302, NULL, '2022-04-07 16:00:52' , 44, NULL , 11 );
INSERT INTO prodotto  VALUES (303, '2022-05-17', '2022-04-07 16:00:52' , 6, NULL , 32 );
INSERT INTO prodotto  VALUES (304, '2022-04-26', '2022-04-07 16:00:52' , 6, NULL , 10 );
INSERT INTO prodotto  VALUES (305, NULL, '2022-04-07 16:00:52' , 42, NULL , 3 );
INSERT INTO prodotto  VALUES (306, '2022-04-20', '2022-04-07 16:00:52' , 31, NULL , 7 );
INSERT INTO prodotto  VALUES (307, NULL, '2022-04-07 16:00:52' , 51, NULL , 33 );
INSERT INTO prodotto  VALUES (308, '2022-04-11', '2022-04-07 16:00:52' , 15, NULL , 4 );
INSERT INTO prodotto  VALUES (309, NULL, '2022-04-07 16:00:52' , 46, NULL , 15 );
INSERT INTO prodotto  VALUES (310, '2022-04-30', '2022-04-07 16:00:52' , 21, NULL , 3 );
INSERT INTO prodotto  VALUES (311, '2022-04-13', '2022-04-07 16:00:52' , 22, NULL , 16 );
INSERT INTO prodotto  VALUES (312, '2022-04-10', '2022-04-07 16:00:52' , 34, NULL , 34 );
INSERT INTO prodotto  VALUES (313, '2022-04-18', '2022-04-07 16:00:52' , 19, NULL , 0 );
INSERT INTO appuntamento  VALUES ('2022-04-23 07:56:07', 60,  4 , 'EKBQVS15B15A810Z', 22 );
INSERT INTO turno  VALUES ('2022-04-23 07:56:07' , 'PTANUJ89L61G144O', '2022-04-23 11:56:07', '2022-04-23 07:56:07', NULL, NULL);
INSERT INTO prodotto  VALUES (314, NULL, '2022-04-23 07:56:07' , 45, NULL , 15 );
INSERT INTO prodotto  VALUES (315, '2022-05-08', '2022-04-23 07:56:07' , 24, NULL , 17 );
INSERT INTO prodotto  VALUES (316, '2022-05-29', '2022-04-23 07:56:07' , 22, NULL , 28 );
INSERT INTO prodotto  VALUES (317, NULL, '2022-04-23 07:56:07' , 50, NULL , 33 );
INSERT INTO prodotto  VALUES (318, '2022-05-15', '2022-04-23 07:56:07' , 32, NULL , 24 );
INSERT INTO prodotto  VALUES (319, '2022-05-23', '2022-04-23 07:56:07' , 10, NULL , 14 );
INSERT INTO prodotto  VALUES (320, '2022-04-23', '2022-04-23 07:56:07' , 18, NULL , 8 );
INSERT INTO prodotto  VALUES (321, NULL, '2022-04-23 07:56:07' , 43, NULL , 0 );
INSERT INTO prodotto  VALUES (322, NULL, '2022-04-23 07:56:07' , 38, NULL , 11 );
INSERT INTO prodotto  VALUES (323, '2022-05-12', '2022-04-23 07:56:07' , 29, NULL , 9 );
INSERT INTO prodotto  VALUES (324, NULL, '2022-04-23 07:56:07' , 48, NULL , 22 );
INSERT INTO prodotto  VALUES (325, '2022-05-20', '2022-04-23 07:56:07' , 16, NULL , 11 );
INSERT INTO prodotto  VALUES (326, '2022-05-19', '2022-04-23 07:56:07' , 6, NULL , 29 );
INSERT INTO prodotto  VALUES (327, '2022-05-03', '2022-04-23 07:56:07' , 9, NULL , 24 );
INSERT INTO prodotto  VALUES (328, '2022-05-11', '2022-04-23 07:56:07' , 25, NULL , 10 );
INSERT INTO appuntamento  VALUES ('2022-04-20 11:57:20', 55,  10 , 'ASKKGH65E65F846O', 20 );
INSERT INTO turno  VALUES ('2022-04-20 11:57:20' , 'CXFLER08M58G471V', '2022-04-20 15:57:20', '2022-04-20 11:57:20', NULL, NULL);
INSERT INTO prodotto  VALUES (329, '2022-05-20', '2022-04-20 11:57:20' , 6, NULL , 7 );
INSERT INTO prodotto  VALUES (330, '2022-05-26', '2022-04-20 11:57:20' , 4, NULL , 6 );
INSERT INTO prodotto  VALUES (331, NULL, '2022-04-20 11:57:20' , 40, NULL , 21 );
INSERT INTO prodotto  VALUES (332, '2022-05-13', '2022-04-20 11:57:20' , 5, NULL , 31 );
INSERT INTO prodotto  VALUES (333, '2022-05-12', '2022-04-20 11:57:20' , 19, NULL , 5 );
INSERT INTO prodotto  VALUES (334, '2022-05-11', '2022-04-20 11:57:20' , 29, NULL , 5 );
INSERT INTO prodotto  VALUES (335, NULL, '2022-04-20 11:57:20' , 45, NULL , 23 );
INSERT INTO prodotto  VALUES (336, '2022-05-02', '2022-04-20 11:57:20' , 13, NULL , 17 );
INSERT INTO prodotto  VALUES (337, NULL, '2022-04-20 11:57:20' , 49, NULL , 7 );
INSERT INTO prodotto  VALUES (338, NULL, '2022-04-20 11:57:20' , 45, NULL , 17 );
INSERT INTO prodotto  VALUES (339, '2022-05-01', '2022-04-20 11:57:20' , 11, NULL , 2 );
INSERT INTO prodotto  VALUES (340, '2022-05-30', '2022-04-20 11:57:20' , 21, NULL , 15 );
INSERT INTO prodotto  VALUES (341, '2022-05-05', '2022-04-20 11:57:20' , 15, NULL , 34 );
INSERT INTO prodotto  VALUES (342, '2022-05-24', '2022-04-20 11:57:20' , 4, NULL , 10 );
INSERT INTO prodotto  VALUES (343, '2022-05-12', '2022-04-20 11:57:20' , 27, NULL , 17 );
INSERT INTO appuntamento  VALUES ('2022-04-13 05:29:16', 30,  0 , 'UYGTFS49E58I533F', 25 );
INSERT INTO turno  VALUES ('2022-04-13 05:29:16' , 'IWRPVG54H18C561Z', '2022-04-13 09:29:16', '2022-04-13 05:29:16', NULL, NULL);
INSERT INTO prodotto  VALUES (344, '2022-05-07', '2022-04-13 05:29:16' , 6, NULL , 14 );
INSERT INTO prodotto  VALUES (345, '2022-04-26', '2022-04-13 05:29:16' , 35, NULL , 3 );
INSERT INTO prodotto  VALUES (346, '2022-04-30', '2022-04-13 05:29:16' , 33, NULL , 17 );
INSERT INTO prodotto  VALUES (347, '2022-05-19', '2022-04-13 05:29:16' , 34, NULL , 5 );
INSERT INTO prodotto  VALUES (348, '2022-04-29', '2022-04-13 05:29:16' , 2, NULL , 7 );
INSERT INTO prodotto  VALUES (349, '2022-05-28', '2022-04-13 05:29:16' , 32, NULL , 21 );
INSERT INTO prodotto  VALUES (350, NULL, '2022-04-13 05:29:16' , 46, NULL , 10 );
INSERT INTO appuntamento  VALUES ('2022-04-02 04:36:07', 58,  1 , 'TBPRSA78T56A986U', 13 );
INSERT INTO turno  VALUES ('2022-04-02 04:36:07' , 'MQQJOE92D62C651X', '2022-04-02 08:36:07', '2022-04-02 04:36:07', NULL, NULL);
INSERT INTO prodotto  VALUES (351, '2022-05-23', '2022-04-02 04:36:07' , 24, NULL , 27 );
INSERT INTO prodotto  VALUES (352, '2022-04-06', '2022-04-02 04:36:07' , 0, NULL , 27 );
INSERT INTO prodotto  VALUES (353, NULL, '2022-04-02 04:36:07' , 46, NULL , 33 );
INSERT INTO prodotto  VALUES (354, '2022-04-30', '2022-04-02 04:36:07' , 8, NULL , 22 );
INSERT INTO prodotto  VALUES (355, '2022-04-04', '2022-04-02 04:36:07' , 18, NULL , 23 );
INSERT INTO prodotto  VALUES (356, '2022-04-14', '2022-04-02 04:36:07' , 22, NULL , 7 );
INSERT INTO prodotto  VALUES (357, '2022-05-15', '2022-04-02 04:36:07' , 26, NULL , 32 );
INSERT INTO prodotto  VALUES (358, '2022-05-09', '2022-04-02 04:36:07' , 4, NULL , 34 );
INSERT INTO prodotto  VALUES (359, '2022-04-19', '2022-04-02 04:36:07' , 17, NULL , 28 );
INSERT INTO prodotto  VALUES (360, '2022-04-16', '2022-04-02 04:36:07' , 22, NULL , 19 );
INSERT INTO prodotto  VALUES (361, NULL, '2022-04-02 04:36:07' , 51, NULL , 0 );
INSERT INTO prodotto  VALUES (362, '2022-05-30', '2022-04-02 04:36:07' , 17, NULL , 6 );
INSERT INTO prodotto  VALUES (363, NULL, '2022-04-02 04:36:07' , 43, NULL , 0 );
INSERT INTO prodotto  VALUES (364, '2022-04-03', '2022-04-02 04:36:07' , 32, NULL , 2 );
INSERT INTO prodotto  VALUES (365, NULL, '2022-04-02 04:36:07' , 46, NULL , 34 );
INSERT INTO appuntamento  VALUES ('2022-04-05 04:03:31', 54,  9 , 'GJSDFF40R13C781F', 4 );
INSERT INTO turno  VALUES ('2022-04-05 04:03:31' , 'BJJODF27B04B218Z', '2022-04-05 08:03:31', '2022-04-05 04:03:31', NULL, NULL);
INSERT INTO prodotto  VALUES (366, NULL, '2022-04-05 04:03:31' , 39, NULL , 15 );
INSERT INTO prodotto  VALUES (367, '2022-05-28', '2022-04-05 04:03:31' , 3, NULL , 3 );
INSERT INTO prodotto  VALUES (368, NULL, '2022-04-05 04:03:31' , 46, NULL , 27 );
INSERT INTO prodotto  VALUES (369, '2022-05-11', '2022-04-05 04:03:31' , 34, NULL , 2 );
INSERT INTO prodotto  VALUES (370, NULL, '2022-04-05 04:03:31' , 49, NULL , 27 );
INSERT INTO prodotto  VALUES (371, '2022-05-03', '2022-04-05 04:03:31' , 14, NULL , 22 );
INSERT INTO prodotto  VALUES (372, '2022-04-25', '2022-04-05 04:03:31' , 4, NULL , 33 );
INSERT INTO prodotto  VALUES (373, '2022-04-12', '2022-04-05 04:03:31' , 21, NULL , 1 );
INSERT INTO prodotto  VALUES (374, NULL, '2022-04-05 04:03:31' , 37, NULL , 14 );
INSERT INTO prodotto  VALUES (375, NULL, '2022-04-05 04:03:31' , 47, NULL , 9 );
INSERT INTO prodotto  VALUES (376, '2022-05-19', '2022-04-05 04:03:31' , 23, NULL , 25 );
INSERT INTO prodotto  VALUES (377, NULL, '2022-04-05 04:03:31' , 38, NULL , 16 );
INSERT INTO prodotto  VALUES (378, NULL, '2022-04-05 04:03:31' , 49, NULL , 30 );
INSERT INTO prodotto  VALUES (379, NULL, '2022-04-05 04:03:31' , 49, NULL , 22 );
INSERT INTO prodotto  VALUES (380, '2022-05-14', '2022-04-05 04:03:31' , 28, NULL , 5 );
INSERT INTO appuntamento  VALUES ('2022-04-19 23:42:35', 56,  4 , 'DUMMOF47C04B110C', 26 );
INSERT INTO turno  VALUES ('2022-04-19 23:42:35' , 'XKITZC63T55H328B', '2022-04-20 03:42:35', '2022-04-19 23:42:35', NULL, NULL);
INSERT INTO prodotto  VALUES (381, NULL, '2022-04-19 23:42:35' , 47, NULL , 15 );
INSERT INTO prodotto  VALUES (382, '2022-05-16', '2022-04-19 23:42:35' , 13, NULL , 19 );
INSERT INTO prodotto  VALUES (383, '2022-05-26', '2022-04-19 23:42:35' , 30, NULL , 6 );
INSERT INTO prodotto  VALUES (384, '2022-05-29', '2022-04-19 23:42:35' , 5, NULL , 31 );
INSERT INTO prodotto  VALUES (385, '2022-04-30', '2022-04-19 23:42:35' , 28, NULL , 0 );
INSERT INTO prodotto  VALUES (386, '2022-05-26', '2022-04-19 23:42:35' , 5, NULL , 5 );
INSERT INTO prodotto  VALUES (387, '2022-05-16', '2022-04-19 23:42:35' , 1, NULL , 8 );
INSERT INTO prodotto  VALUES (388, '2022-05-05', '2022-04-19 23:42:35' , 1, NULL , 26 );
INSERT INTO prodotto  VALUES (389, '2022-04-22', '2022-04-19 23:42:35' , 7, NULL , 29 );
INSERT INTO prodotto  VALUES (390, NULL, '2022-04-19 23:42:35' , 48, NULL , 21 );
INSERT INTO prodotto  VALUES (391, '2022-05-14', '2022-04-19 23:42:35' , 11, NULL , 13 );
INSERT INTO prodotto  VALUES (392, '2022-05-16', '2022-04-19 23:42:35' , 30, NULL , 20 );
INSERT INTO prodotto  VALUES (393, NULL, '2022-04-19 23:42:35' , 48, NULL , 33 );
INSERT INTO prodotto  VALUES (394, '2022-05-04', '2022-04-19 23:42:35' , 28, NULL , 18 );
INSERT INTO prodotto  VALUES (395, NULL, '2022-04-19 23:42:35' , 47, NULL , 3 );
INSERT INTO appuntamento  VALUES ('2022-04-04 06:25:27', 48,  0 , 'KJKNKH46S64D367G', 0 );
INSERT INTO turno  VALUES ('2022-04-04 06:25:27' , 'IQQIUW61S49I943Y', '2022-04-04 10:25:27', '2022-04-04 06:25:27', NULL, NULL);
INSERT INTO prodotto  VALUES (396, '2022-04-13', '2022-04-04 06:25:27' , 29, NULL , 5 );
INSERT INTO prodotto  VALUES (397, '2022-04-12', '2022-04-04 06:25:27' , 0, NULL , 17 );
INSERT INTO prodotto  VALUES (398, '2022-05-16', '2022-04-04 06:25:27' , 1, NULL , 25 );
INSERT INTO prodotto  VALUES (399, NULL, '2022-04-04 06:25:27' , 44, NULL , 0 );
INSERT INTO prodotto  VALUES (400, '2022-05-03', '2022-04-04 06:25:27' , 31, NULL , 30 );
INSERT INTO prodotto  VALUES (401, '2022-05-21', '2022-04-04 06:25:27' , 13, NULL , 21 );
INSERT INTO prodotto  VALUES (402, '2022-05-08', '2022-04-04 06:25:27' , 32, NULL , 0 );
INSERT INTO prodotto  VALUES (403, NULL, '2022-04-04 06:25:27' , 40, NULL , 12 );
INSERT INTO prodotto  VALUES (404, '2022-05-20', '2022-04-04 06:25:27' , 3, NULL , 24 );
INSERT INTO prodotto  VALUES (405, '2022-05-22', '2022-04-04 06:25:27' , 35, NULL , 25 );
INSERT INTO prodotto  VALUES (406, '2022-04-18', '2022-04-04 06:25:27' , 32, NULL , 0 );
INSERT INTO appuntamento  VALUES ('2022-04-01 18:52:46', 60,  0 , 'AHBKEW79D10G289U', 24 );
INSERT INTO turno  VALUES ('2022-04-01 18:52:46' , 'VXMDQZ33T64F102E', '2022-04-01 22:52:46', '2022-04-01 18:52:46', NULL, NULL);
INSERT INTO prodotto  VALUES (407, '2022-04-17', '2022-04-01 18:52:46' , 34, NULL , 31 );
INSERT INTO prodotto  VALUES (408, NULL, '2022-04-01 18:52:46' , 51, NULL , 25 );
INSERT INTO prodotto  VALUES (409, '2022-04-03', '2022-04-01 18:52:46' , 31, NULL , 9 );
INSERT INTO prodotto  VALUES (410, '2022-05-17', '2022-04-01 18:52:46' , 27, NULL , 17 );
INSERT INTO prodotto  VALUES (411, NULL, '2022-04-01 18:52:46' , 43, NULL , 15 );
INSERT INTO prodotto  VALUES (412, NULL, '2022-04-01 18:52:46' , 49, NULL , 12 );
INSERT INTO prodotto  VALUES (413, '2022-04-15', '2022-04-01 18:52:46' , 10, NULL , 5 );
INSERT INTO prodotto  VALUES (414, '2022-05-12', '2022-04-01 18:52:46' , 21, NULL , 7 );
INSERT INTO prodotto  VALUES (415, NULL, '2022-04-01 18:52:46' , 42, NULL , 27 );
INSERT INTO prodotto  VALUES (416, '2022-05-26', '2022-04-01 18:52:46' , 2, NULL , 8 );
INSERT INTO prodotto  VALUES (417, '2022-04-21', '2022-04-01 18:52:46' , 22, NULL , 1 );
INSERT INTO prodotto  VALUES (418, NULL, '2022-04-01 18:52:46' , 42, NULL , 6 );
INSERT INTO prodotto  VALUES (419, '2022-05-16', '2022-04-01 18:52:46' , 32, NULL , 34 );
INSERT INTO prodotto  VALUES (420, NULL, '2022-04-01 18:52:46' , 39, NULL , 22 );
INSERT INTO prodotto  VALUES (421, '2022-04-21', '2022-04-01 18:52:46' , 34, NULL , 22 );
INSERT INTO appuntamento  VALUES ('2022-04-18 09:03:34', 43,  4 , 'VQMITB52P51E830N', 29 );
INSERT INTO turno  VALUES ('2022-04-18 09:03:34' , 'JJRWRT35A63L204I', '2022-04-18 13:03:34', '2022-04-18 09:03:34', NULL, NULL);
INSERT INTO prodotto  VALUES (422, NULL, '2022-04-18 09:03:34' , 51, NULL , 12 );
INSERT INTO prodotto  VALUES (423, '2022-04-21', '2022-04-18 09:03:34' , 12, NULL , 27 );
INSERT INTO prodotto  VALUES (424, NULL, '2022-04-18 09:03:34' , 44, NULL , 3 );
INSERT INTO prodotto  VALUES (425, NULL, '2022-04-18 09:03:34' , 50, NULL , 4 );
INSERT INTO prodotto  VALUES (426, '2022-05-15', '2022-04-18 09:03:34' , 1, NULL , 11 );
INSERT INTO prodotto  VALUES (427, '2022-05-15', '2022-04-18 09:03:34' , 26, NULL , 21 );
INSERT INTO prodotto  VALUES (428, NULL, '2022-04-18 09:03:34' , 49, NULL , 16 );
INSERT INTO prodotto  VALUES (429, '2022-05-03', '2022-04-18 09:03:34' , 13, NULL , 17 );
INSERT INTO prodotto  VALUES (430, NULL, '2022-04-18 09:03:34' , 46, NULL , 7 );
INSERT INTO prodotto  VALUES (431, '2022-05-28', '2022-04-18 09:03:34' , 5, NULL , 32 );
INSERT INTO appuntamento  VALUES ('2022-04-16 14:37:35', 40,  4 , 'MVXUTZ16D66C235Y', 23 );
INSERT INTO turno  VALUES ('2022-04-16 14:37:35' , 'FMEOEZ09A59A788H', '2022-04-16 18:37:35', '2022-04-16 14:37:35', NULL, NULL);
INSERT INTO prodotto  VALUES (432, '2022-05-08', '2022-04-16 14:37:35' , 33, NULL , 11 );
INSERT INTO prodotto  VALUES (433, NULL, '2022-04-16 14:37:35' , 47, NULL , 10 );
INSERT INTO prodotto  VALUES (434, NULL, '2022-04-16 14:37:35' , 48, NULL , 17 );
INSERT INTO prodotto  VALUES (435, NULL, '2022-04-16 14:37:35' , 41, NULL , 20 );
INSERT INTO prodotto  VALUES (436, '2022-05-13', '2022-04-16 14:37:35' , 4, NULL , 20 );
INSERT INTO prodotto  VALUES (437, '2022-05-04', '2022-04-16 14:37:35' , 31, NULL , 29 );
INSERT INTO prodotto  VALUES (438, NULL, '2022-04-16 14:37:35' , 49, NULL , 17 );
INSERT INTO prodotto  VALUES (439, '2022-04-27', '2022-04-16 14:37:35' , 32, NULL , 9 );
INSERT INTO prodotto  VALUES (440, '2022-05-29', '2022-04-16 14:37:35' , 29, NULL , 1 );
INSERT INTO prodotto  VALUES (441, '2022-04-26', '2022-04-16 14:37:35' , 21, NULL , 2 );
INSERT INTO prodotto  VALUES (442, NULL, '2022-04-16 14:37:35' , 47, NULL , 2 );
INSERT INTO appuntamento  VALUES ('2022-04-18 20:23:07', 37,  3 , 'YHILOX61S13G768X', 9 );
INSERT INTO turno  VALUES ('2022-04-18 20:23:07' , 'RUUWTX66T13G923A', '2022-04-19 00:23:07', '2022-04-18 20:23:07', NULL, NULL);
INSERT INTO prodotto  VALUES (443, '2022-05-01', '2022-04-18 20:23:07' , 22, NULL , 14 );
INSERT INTO prodotto  VALUES (444, '2022-05-25', '2022-04-18 20:23:07' , 11, NULL , 11 );
INSERT INTO prodotto  VALUES (445, '2022-05-16', '2022-04-18 20:23:07' , 4, NULL , 20 );
INSERT INTO prodotto  VALUES (446, NULL, '2022-04-18 20:23:07' , 39, NULL , 7 );
INSERT INTO prodotto  VALUES (447, NULL, '2022-04-18 20:23:07' , 48, NULL , 24 );
INSERT INTO prodotto  VALUES (448, '2022-05-08', '2022-04-18 20:23:07' , 28, NULL , 15 );
INSERT INTO prodotto  VALUES (449, '2022-05-30', '2022-04-18 20:23:07' , 29, NULL , 17 );
INSERT INTO prodotto  VALUES (450, '2022-05-15', '2022-04-18 20:23:07' , 17, NULL , 9 );
INSERT INTO prodotto  VALUES (451, '2022-05-19', '2022-04-18 20:23:07' , 25, NULL , 5 );
INSERT INTO appuntamento  VALUES ('2022-04-23 09:01:18', 50,  1 , 'LPBNXV13E20H120Z', 15 );
INSERT INTO turno  VALUES ('2022-04-23 09:01:18' , 'WPVWJQ04S54D801D', '2022-04-23 13:01:18', '2022-04-23 09:01:18', NULL, NULL);
INSERT INTO prodotto  VALUES (452, '2022-05-11', '2022-04-23 09:01:18' , 8, NULL , 27 );
INSERT INTO prodotto  VALUES (453, '2022-05-03', '2022-04-23 09:01:18' , 33, NULL , 13 );
INSERT INTO prodotto  VALUES (454, '2022-05-28', '2022-04-23 09:01:18' , 20, NULL , 3 );
INSERT INTO prodotto  VALUES (455, '2022-04-23', '2022-04-23 09:01:18' , 33, NULL , 29 );
INSERT INTO prodotto  VALUES (456, '2022-05-02', '2022-04-23 09:01:18' , 19, NULL , 0 );
INSERT INTO prodotto  VALUES (457, NULL, '2022-04-23 09:01:18' , 46, NULL , 25 );
INSERT INTO prodotto  VALUES (458, NULL, '2022-04-23 09:01:18' , 41, NULL , 24 );
INSERT INTO prodotto  VALUES (459, '2022-05-01', '2022-04-23 09:01:18' , 14, NULL , 27 );
INSERT INTO prodotto  VALUES (460, '2022-05-08', '2022-04-23 09:01:18' , 28, NULL , 19 );
INSERT INTO prodotto  VALUES (461, NULL, '2022-04-23 09:01:18' , 45, NULL , 29 );
INSERT INTO prodotto  VALUES (462, '2022-05-23', '2022-04-23 09:01:18' , 34, NULL , 4 );
INSERT INTO prodotto  VALUES (463, '2022-05-07', '2022-04-23 09:01:18' , 17, NULL , 19 );
INSERT INTO prodotto  VALUES (464, '2022-05-04', '2022-04-23 09:01:18' , 24, NULL , 5 );
INSERT INTO prodotto  VALUES (465, '2022-05-07', '2022-04-23 09:01:18' , 22, NULL , 32 );
INSERT INTO prodotto  VALUES (466, NULL, '2022-04-23 09:01:18' , 41, NULL , 22 );
INSERT INTO appuntamento  VALUES ('2022-04-24 05:08:07', 47,  2 , 'HYNPWN27P52D345H', 7 );
INSERT INTO turno  VALUES ('2022-04-24 05:08:07' , 'EDGPEI99L63A673F', '2022-04-24 09:08:07', '2022-04-24 05:08:07', NULL, NULL);
INSERT INTO prodotto  VALUES (467, '2022-05-06', '2022-04-24 05:08:07' , 14, NULL , 27 );
INSERT INTO prodotto  VALUES (468, '2022-04-24', '2022-04-24 05:08:07' , 34, NULL , 11 );
INSERT INTO prodotto  VALUES (469, '2022-05-23', '2022-04-24 05:08:07' , 18, NULL , 22 );
INSERT INTO prodotto  VALUES (470, '2022-04-25', '2022-04-24 05:08:07' , 0, NULL , 26 );
INSERT INTO prodotto  VALUES (471, NULL, '2022-04-24 05:08:07' , 48, NULL , 32 );
INSERT INTO prodotto  VALUES (472, '2022-05-14', '2022-04-24 05:08:07' , 24, NULL , 30 );
INSERT INTO prodotto  VALUES (473, '2022-05-17', '2022-04-24 05:08:07' , 34, NULL , 2 );
INSERT INTO prodotto  VALUES (474, NULL, '2022-04-24 05:08:07' , 47, NULL , 21 );
INSERT INTO prodotto  VALUES (475, '2022-05-04', '2022-04-24 05:08:07' , 20, NULL , 16 );
INSERT INTO prodotto  VALUES (476, '2022-04-24', '2022-04-24 05:08:07' , 7, NULL , 13 );
INSERT INTO prodotto  VALUES (477, '2022-05-29', '2022-04-24 05:08:07' , 36, NULL , 25 );
INSERT INTO prodotto  VALUES (478, '2022-05-16', '2022-04-24 05:08:07' , 32, NULL , 19 );
INSERT INTO prodotto  VALUES (479, NULL, '2022-04-24 05:08:07' , 40, NULL , 9 );
INSERT INTO prodotto  VALUES (480, '2022-05-04', '2022-04-24 05:08:07' , 24, NULL , 14 );
INSERT INTO appuntamento  VALUES ('2022-05-23 14:01:51', 57,  1 , 'TXQKLT16L65H507M', 11 );
INSERT INTO turno  VALUES ('2022-05-23 14:01:51' , 'ZPJHYY43B02I472E', '2022-05-23 18:01:51', '2022-05-23 14:01:51', NULL, NULL);
INSERT INTO prodotto  VALUES (481, '2022-05-26', '2022-05-23 14:01:51' , 17, NULL , 23 );
INSERT INTO prodotto  VALUES (482, '2022-05-25', '2022-05-23 14:01:51' , 36, NULL , 27 );
INSERT INTO prodotto  VALUES (483, '2022-05-26', '2022-05-23 14:01:51' , 30, NULL , 7 );
INSERT INTO prodotto  VALUES (484, '2022-05-28', '2022-05-23 14:01:51' , 9, NULL , 31 );
INSERT INTO prodotto  VALUES (485, '2022-05-31', '2022-05-23 14:01:51' , 0, NULL , 31 );
INSERT INTO prodotto  VALUES (486, '2022-05-27', '2022-05-23 14:01:51' , 2, NULL , 17 );
INSERT INTO prodotto  VALUES (487, '2022-05-26', '2022-05-23 14:01:51' , 11, NULL , 14 );
INSERT INTO prodotto  VALUES (488, '2022-05-26', '2022-05-23 14:01:51' , 30, NULL , 4 );
INSERT INTO prodotto  VALUES (489, '2022-05-24', '2022-05-23 14:01:51' , 21, NULL , 32 );
INSERT INTO prodotto  VALUES (490, '2022-05-29', '2022-05-23 14:01:51' , 15, NULL , 9 );
INSERT INTO prodotto  VALUES (491, '2022-05-24', '2022-05-23 14:01:51' , 30, NULL , 1 );
INSERT INTO prodotto  VALUES (492, NULL, '2022-05-23 14:01:51' , 48, NULL , 11 );
INSERT INTO prodotto  VALUES (493, NULL, '2022-05-23 14:01:51' , 45, NULL , 20 );
INSERT INTO prodotto  VALUES (494, '2022-05-28', '2022-05-23 14:01:51' , 24, NULL , 26 );
INSERT INTO prodotto  VALUES (495, '2022-05-26', '2022-05-23 14:01:51' , 8, NULL , 27 );
INSERT INTO appuntamento  VALUES ('2022-05-15 16:57:43', 37,  4 , 'CLCOLA05L68F574E', 9 );
INSERT INTO turno  VALUES ('2022-05-15 16:57:43' , 'VEETTG18M62E978U', '2022-05-15 20:57:43', '2022-05-15 16:57:43', NULL, NULL);
INSERT INTO prodotto  VALUES (496, NULL, '2022-05-15 16:57:43' , 38, NULL , 26 );
INSERT INTO prodotto  VALUES (497, '2022-05-18', '2022-05-15 16:57:43' , 35, NULL , 30 );
INSERT INTO prodotto  VALUES (498, '2022-05-18', '2022-05-15 16:57:43' , 36, NULL , 30 );
INSERT INTO prodotto  VALUES (499, NULL, '2022-05-15 16:57:43' , 45, NULL , 21 );
INSERT INTO prodotto  VALUES (500, '2022-05-15', '2022-05-15 16:57:43' , 36, NULL , 21 );
INSERT INTO prodotto  VALUES (501, '2022-05-22', '2022-05-15 16:57:43' , 13, NULL , 8 );
INSERT INTO prodotto  VALUES (502, NULL, '2022-05-15 16:57:43' , 44, NULL , 31 );
INSERT INTO prodotto  VALUES (503, '2022-05-22', '2022-05-15 16:57:43' , 33, NULL , 17 );
INSERT INTO prodotto  VALUES (504, '2022-05-24', '2022-05-15 16:57:43' , 33, NULL , 14 );
INSERT INTO prodotto  VALUES (505, NULL, '2022-05-15 16:57:43' , 37, NULL , 15 );
INSERT INTO appuntamento  VALUES ('2022-05-10 23:40:39', 46,  1 , 'GDOUXO69R50G724E', 21 );
INSERT INTO turno  VALUES ('2022-05-10 23:40:39' , 'PLOBYB75P51H284G', '2022-05-11 03:40:39', '2022-05-10 23:40:39', NULL, NULL);
INSERT INTO prodotto  VALUES (506, '2022-05-11', '2022-05-10 23:40:39' , 24, NULL , 13 );
INSERT INTO prodotto  VALUES (507, '2022-05-21', '2022-05-10 23:40:39' , 19, NULL , 22 );
INSERT INTO prodotto  VALUES (508, NULL, '2022-05-10 23:40:39' , 48, NULL , 2 );
INSERT INTO prodotto  VALUES (509, '2022-05-15', '2022-05-10 23:40:39' , 9, NULL , 5 );
INSERT INTO prodotto  VALUES (510, '2022-05-16', '2022-05-10 23:40:39' , 14, NULL , 13 );
INSERT INTO prodotto  VALUES (511, NULL, '2022-05-10 23:40:39' , 45, NULL , 27 );
INSERT INTO prodotto  VALUES (512, NULL, '2022-05-10 23:40:39' , 50, NULL , 11 );
INSERT INTO prodotto  VALUES (513, '2022-05-28', '2022-05-10 23:40:39' , 1, NULL , 12 );
INSERT INTO prodotto  VALUES (514, '2022-05-24', '2022-05-10 23:40:39' , 6, NULL , 19 );
INSERT INTO prodotto  VALUES (515, '2022-05-18', '2022-05-10 23:40:39' , 6, NULL , 14 );
INSERT INTO prodotto  VALUES (516, '2022-05-29', '2022-05-10 23:40:39' , 16, NULL , 2 );
INSERT INTO prodotto  VALUES (517, '2022-05-16', '2022-05-10 23:40:39' , 34, NULL , 19 );
INSERT INTO prodotto  VALUES (518, '2022-05-16', '2022-05-10 23:40:39' , 0, NULL , 6 );
INSERT INTO appuntamento  VALUES ('2022-05-06 10:21:31', 30,  0 , 'MQSDUG29T03C876T', 25 );
INSERT INTO turno  VALUES ('2022-05-06 10:21:31' , 'NFJTPW57C07C705I', '2022-05-06 14:21:31', '2022-05-06 10:21:31', NULL, NULL);
INSERT INTO prodotto  VALUES (519, NULL, '2022-05-06 10:21:31' , 47, NULL , 33 );
INSERT INTO prodotto  VALUES (520, '2022-05-11', '2022-05-06 10:21:31' , 27, NULL , 25 );
INSERT INTO prodotto  VALUES (521, '2022-05-17', '2022-05-06 10:21:31' , 8, NULL , 17 );
INSERT INTO prodotto  VALUES (522, '2022-05-06', '2022-05-06 10:21:31' , 2, NULL , 12 );
INSERT INTO prodotto  VALUES (523, '2022-05-24', '2022-05-06 10:21:31' , 18, NULL , 2 );
INSERT INTO prodotto  VALUES (524, NULL, '2022-05-06 10:21:31' , 45, NULL , 16 );
INSERT INTO prodotto  VALUES (525, '2022-05-06', '2022-05-06 10:21:31' , 18, NULL , 27 );
INSERT INTO prodotto  VALUES (526, '2022-05-21', '2022-05-06 10:21:31' , 14, NULL , 7 );
INSERT INTO prodotto  VALUES (527, '2022-05-30', '2022-05-06 10:21:31' , 19, NULL , 18 );
INSERT INTO prodotto  VALUES (528, NULL, '2022-05-06 10:21:31' , 47, NULL , 14 );
INSERT INTO appuntamento  VALUES ('2022-05-26 08:47:08', 37,  1 , 'SAEGNM70E52L085Y', 3 );
INSERT INTO turno  VALUES ('2022-05-26 08:47:08' , 'FMEOEZ09A59A788H', '2022-05-26 12:47:08', '2022-05-26 08:47:08', NULL, NULL);
INSERT INTO prodotto  VALUES (529, '2022-05-26', '2022-05-26 08:47:08' , 17, NULL , 0 );
INSERT INTO prodotto  VALUES (530, '2022-05-29', '2022-05-26 08:47:08' , 1, NULL , 16 );
INSERT INTO prodotto  VALUES (531, '2022-05-30', '2022-05-26 08:47:08' , 0, NULL , 19 );
INSERT INTO prodotto  VALUES (532, '2022-05-29', '2022-05-26 08:47:08' , 22, NULL , 16 );
INSERT INTO prodotto  VALUES (533, NULL, '2022-05-26 08:47:08' , 46, NULL , 7 );
INSERT INTO prodotto  VALUES (534, '2022-05-29', '2022-05-26 08:47:08' , 5, NULL , 7 );
INSERT INTO prodotto  VALUES (535, '2022-05-28', '2022-05-26 08:47:08' , 34, NULL , 15 );
INSERT INTO prodotto  VALUES (536, '2022-05-30', '2022-05-26 08:47:08' , 19, NULL , 1 );
INSERT INTO prodotto  VALUES (537, '2022-05-28', '2022-05-26 08:47:08' , 18, NULL , 3 );
INSERT INTO prodotto  VALUES (538, '2022-05-31', '2022-05-26 08:47:08' , 15, NULL , 14 );
INSERT INTO appuntamento  VALUES ('2022-05-10 17:27:45', 58,  3 , 'OHXCFO31H14B118Y', 27 );
INSERT INTO turno  VALUES ('2022-05-10 17:27:45' , 'KKTIYM45E15G207F', '2022-05-10 21:27:45', '2022-05-10 17:27:45', NULL, NULL);
INSERT INTO prodotto  VALUES (539, NULL, '2022-05-10 17:27:45' , 45, NULL , 24 );
INSERT INTO prodotto  VALUES (540, '2022-05-20', '2022-05-10 17:27:45' , 14, NULL , 15 );
INSERT INTO prodotto  VALUES (541, '2022-05-16', '2022-05-10 17:27:45' , 16, NULL , 16 );
INSERT INTO prodotto  VALUES (542, '2022-05-31', '2022-05-10 17:27:45' , 33, NULL , 0 );
INSERT INTO prodotto  VALUES (543, '2022-05-14', '2022-05-10 17:27:45' , 16, NULL , 32 );
INSERT INTO prodotto  VALUES (544, '2022-05-15', '2022-05-10 17:27:45' , 26, NULL , 25 );
INSERT INTO prodotto  VALUES (545, NULL, '2022-05-10 17:27:45' , 41, NULL , 4 );
INSERT INTO prodotto  VALUES (546, '2022-05-25', '2022-05-10 17:27:45' , 17, NULL , 18 );
INSERT INTO prodotto  VALUES (547, '2022-05-25', '2022-05-10 17:27:45' , 12, NULL , 13 );
INSERT INTO prodotto  VALUES (548, '2022-05-21', '2022-05-10 17:27:45' , 19, NULL , 9 );
INSERT INTO prodotto  VALUES (549, '2022-05-27', '2022-05-10 17:27:45' , 30, NULL , 28 );
INSERT INTO prodotto  VALUES (550, '2022-05-25', '2022-05-10 17:27:45' , 36, NULL , 34 );
INSERT INTO prodotto  VALUES (551, '2022-05-20', '2022-05-10 17:27:45' , 17, NULL , 2 );
INSERT INTO prodotto  VALUES (552, NULL, '2022-05-10 17:27:45' , 41, NULL , 14 );
INSERT INTO prodotto  VALUES (553, '2022-05-17', '2022-05-10 17:27:45' , 5, NULL , 20 );
INSERT INTO appuntamento  VALUES ('2022-05-23 11:22:43', 40,  1 , 'MVXUTZ16D66C235Y', 23 );
INSERT INTO turno  VALUES ('2022-05-23 11:22:43' , 'RTAZTX49A16D270L', '2022-05-23 15:22:43', '2022-05-23 11:22:43', NULL, NULL);
INSERT INTO prodotto  VALUES (554, NULL, '2022-05-23 11:22:43' , 41, NULL , 22 );
INSERT INTO prodotto  VALUES (555, '2022-05-24', '2022-05-23 11:22:43' , 2, NULL , 13 );
INSERT INTO prodotto  VALUES (556, '2022-05-29', '2022-05-23 11:22:43' , 6, NULL , 29 );
INSERT INTO prodotto  VALUES (557, '2022-05-23', '2022-05-23 11:22:43' , 15, NULL , 25 );
INSERT INTO prodotto  VALUES (558, '2022-05-24', '2022-05-23 11:22:43' , 13, NULL , 24 );
INSERT INTO prodotto  VALUES (559, '2022-05-25', '2022-05-23 11:22:43' , 36, NULL , 23 );
INSERT INTO prodotto  VALUES (560, '2022-05-25', '2022-05-23 11:22:43' , 12, NULL , 0 );
INSERT INTO prodotto  VALUES (561, NULL, '2022-05-23 11:22:43' , 39, NULL , 30 );
INSERT INTO prodotto  VALUES (562, '2022-05-29', '2022-05-23 11:22:43' , 28, NULL , 3 );
INSERT INTO prodotto  VALUES (563, '2022-05-23', '2022-05-23 11:22:43' , 32, NULL , 28 );
INSERT INTO prodotto  VALUES (564, '2022-05-30', '2022-05-23 11:22:43' , 8, NULL , 25 );
INSERT INTO prodotto  VALUES (565, NULL, '2022-05-23 11:22:43' , 47, NULL , 16 );
INSERT INTO appuntamento  VALUES ('2022-05-07 05:50:16', 48,  0 , 'IKXUTG83C19F375T', 0 );
INSERT INTO turno  VALUES ('2022-05-07 05:50:16' , 'JJRWRT35A63L204I', '2022-05-07 09:50:16', '2022-05-07 05:50:16', NULL, NULL);
INSERT INTO prodotto  VALUES (566, '2022-05-17', '2022-05-07 05:50:16' , 27, NULL , 33 );
INSERT INTO prodotto  VALUES (567, NULL, '2022-05-07 05:50:16' , 40, NULL , 31 );
INSERT INTO prodotto  VALUES (568, '2022-05-09', '2022-05-07 05:50:16' , 8, NULL , 23 );
INSERT INTO prodotto  VALUES (569, '2022-05-12', '2022-05-07 05:50:16' , 17, NULL , 29 );
INSERT INTO prodotto  VALUES (570, NULL, '2022-05-07 05:50:16' , 40, NULL , 4 );
INSERT INTO prodotto  VALUES (571, '2022-05-09', '2022-05-07 05:50:16' , 2, NULL , 16 );
INSERT INTO prodotto  VALUES (572, '2022-05-17', '2022-05-07 05:50:16' , 4, NULL , 27 );
INSERT INTO prodotto  VALUES (573, '2022-05-18', '2022-05-07 05:50:16' , 21, NULL , 28 );
INSERT INTO prodotto  VALUES (574, '2022-05-22', '2022-05-07 05:50:16' , 28, NULL , 13 );
INSERT INTO prodotto  VALUES (575, '2022-05-19', '2022-05-07 05:50:16' , 6, NULL , 31 );
INSERT INTO prodotto  VALUES (576, '2022-05-14', '2022-05-07 05:50:16' , 33, NULL , 14 );
INSERT INTO prodotto  VALUES (577, '2022-05-17', '2022-05-07 05:50:16' , 12, NULL , 4 );
INSERT INTO appuntamento  VALUES ('2022-05-11 07:33:44', 58,  0 , 'CBAENB03T27B346S', 13 );
INSERT INTO turno  VALUES ('2022-05-11 07:33:44' , 'XKITZC63T55H328B', '2022-05-11 11:33:44', '2022-05-11 07:33:44', NULL, NULL);
INSERT INTO prodotto  VALUES (578, '2022-05-28', '2022-05-11 07:33:44' , 29, NULL , 21 );
INSERT INTO prodotto  VALUES (579, '2022-05-28', '2022-05-11 07:33:44' , 23, NULL , 8 );
INSERT INTO prodotto  VALUES (580, NULL, '2022-05-11 07:33:44' , 48, NULL , 25 );
INSERT INTO prodotto  VALUES (581, '2022-05-15', '2022-05-11 07:33:44' , 3, NULL , 12 );
INSERT INTO prodotto  VALUES (582, '2022-05-23', '2022-05-11 07:33:44' , 6, NULL , 26 );
INSERT INTO prodotto  VALUES (583, '2022-05-21', '2022-05-11 07:33:44' , 32, NULL , 6 );
INSERT INTO prodotto  VALUES (584, NULL, '2022-05-11 07:33:44' , 42, NULL , 26 );
INSERT INTO prodotto  VALUES (585, '2022-05-31', '2022-05-11 07:33:44' , 6, NULL , 31 );
INSERT INTO prodotto  VALUES (586, NULL, '2022-05-11 07:33:44' , 49, NULL , 11 );
INSERT INTO prodotto  VALUES (587, '2022-05-17', '2022-05-11 07:33:44' , 21, NULL , 20 );
INSERT INTO prodotto  VALUES (588, '2022-05-20', '2022-05-11 07:33:44' , 2, NULL , 20 );
INSERT INTO prodotto  VALUES (589, '2022-05-15', '2022-05-11 07:33:44' , 29, NULL , 8 );
INSERT INTO prodotto  VALUES (590, '2022-05-26', '2022-05-11 07:33:44' , 0, NULL , 15 );
INSERT INTO prodotto  VALUES (591, '2022-05-30', '2022-05-11 07:33:44' , 8, NULL , 30 );
INSERT INTO prodotto  VALUES (592, NULL, '2022-05-11 07:33:44' , 43, NULL , 27 );
INSERT INTO appuntamento  VALUES ('2022-05-29 07:27:20', 43,  1 , 'VQMITB52P51E830N', 29 );
INSERT INTO turno  VALUES ('2022-05-29 07:27:20' , 'OAAORR28P53M424H', '2022-05-29 11:27:20', '2022-05-29 07:27:20', NULL, NULL);
INSERT INTO prodotto  VALUES (593, '2022-05-31', '2022-05-29 07:27:20' , 36, NULL , 27 );
INSERT INTO prodotto  VALUES (594, '2022-05-31', '2022-05-29 07:27:20' , 35, NULL , 12 );
INSERT INTO prodotto  VALUES (595, '2022-05-30', '2022-05-29 07:27:20' , 22, NULL , 25 );
INSERT INTO prodotto  VALUES (596, '2022-05-31', '2022-05-29 07:27:20' , 29, NULL , 15 );
INSERT INTO prodotto  VALUES (597, '2022-05-31', '2022-05-29 07:27:20' , 33, NULL , 25 );
INSERT INTO prodotto  VALUES (598, '2022-05-30', '2022-05-29 07:27:20' , 12, NULL , 12 );
INSERT INTO prodotto  VALUES (599, '2022-05-30', '2022-05-29 07:27:20' , 2, NULL , 32 );
INSERT INTO prodotto  VALUES (600, '2022-05-29', '2022-05-29 07:27:20' , 31, NULL , 23 );
INSERT INTO prodotto  VALUES (601, '2022-05-31', '2022-05-29 07:27:20' , 6, NULL , 18 );
INSERT INTO prodotto  VALUES (602, '2022-05-30', '2022-05-29 07:27:20' , 29, NULL , 6 );
INSERT INTO appuntamento  VALUES ('2022-05-18 00:31:37', 30,  1 , 'XTCRQZ98H57C780L', 28 );
INSERT INTO turno  VALUES ('2022-05-18 00:31:37' , 'PTANUJ89L61G144O', '2022-05-18 04:31:37', '2022-05-18 00:31:37', NULL, NULL);
INSERT INTO prodotto  VALUES (603, '2022-05-20', '2022-05-18 00:31:37' , 8, NULL , 28 );
INSERT INTO prodotto  VALUES (604, '2022-05-31', '2022-05-18 00:31:37' , 8, NULL , 15 );
INSERT INTO prodotto  VALUES (605, NULL, '2022-05-18 00:31:37' , 46, NULL , 23 );
INSERT INTO prodotto  VALUES (606, NULL, '2022-05-18 00:31:37' , 51, NULL , 25 );
INSERT INTO prodotto  VALUES (607, NULL, '2022-05-18 00:31:37' , 45, NULL , 21 );
INSERT INTO prodotto  VALUES (608, '2022-05-28', '2022-05-18 00:31:37' , 2, NULL , 28 );
INSERT INTO prodotto  VALUES (609, '2022-05-29', '2022-05-18 00:31:37' , 29, NULL , 28 );
INSERT INTO appuntamento  VALUES ('2022-05-27 10:33:59', 49,  2 , 'YXYQGW79T26H293B', 1 );
INSERT INTO turno  VALUES ('2022-05-27 10:33:59' , 'KKTIYM45E15G207F', '2022-05-27 14:33:59', '2022-05-27 10:33:59', NULL, NULL);
INSERT INTO prodotto  VALUES (610, '2022-05-31', '2022-05-27 10:33:59' , 9, NULL , 13 );
INSERT INTO prodotto  VALUES (611, '2022-05-27', '2022-05-27 10:33:59' , 26, NULL , 18 );
INSERT INTO prodotto  VALUES (612, '2022-05-30', '2022-05-27 10:33:59' , 5, NULL , 11 );
INSERT INTO prodotto  VALUES (613, '2022-05-27', '2022-05-27 10:33:59' , 12, NULL , 24 );
INSERT INTO prodotto  VALUES (614, '2022-05-27', '2022-05-27 10:33:59' , 35, NULL , 30 );
INSERT INTO prodotto  VALUES (615, '2022-05-28', '2022-05-27 10:33:59' , 17, NULL , 19 );
INSERT INTO prodotto  VALUES (616, '2022-05-29', '2022-05-27 10:33:59' , 9, NULL , 31 );
INSERT INTO prodotto  VALUES (617, NULL, '2022-05-27 10:33:59' , 42, NULL , 21 );
INSERT INTO prodotto  VALUES (618, '2022-05-31', '2022-05-27 10:33:59' , 35, NULL , 16 );
INSERT INTO prodotto  VALUES (619, '2022-05-29', '2022-05-27 10:33:59' , 24, NULL , 19 );
INSERT INTO prodotto  VALUES (620, '2022-05-31', '2022-05-27 10:33:59' , 12, NULL , 18 );
INSERT INTO prodotto  VALUES (621, '2022-05-29', '2022-05-27 10:33:59' , 15, NULL , 16 );
INSERT INTO prodotto  VALUES (622, NULL, '2022-05-27 10:33:59' , 39, NULL , 26 );
INSERT INTO appuntamento  VALUES ('2022-05-18 22:42:34', 41,  1 , 'RXLTTG43H47D565D', 10 );
INSERT INTO turno  VALUES ('2022-05-18 22:42:34' , 'HOCFOJ86H10D589U', '2022-05-19 02:42:34', '2022-05-18 22:42:34', NULL, NULL);
INSERT INTO prodotto  VALUES (623, '2022-05-20', '2022-05-18 22:42:34' , 23, NULL , 23 );
INSERT INTO prodotto  VALUES (624, '2022-05-19', '2022-05-18 22:42:34' , 3, NULL , 17 );
INSERT INTO prodotto  VALUES (625, '2022-05-20', '2022-05-18 22:42:34' , 16, NULL , 4 );
INSERT INTO prodotto  VALUES (626, NULL, '2022-05-18 22:42:34' , 42, NULL , 7 );
INSERT INTO prodotto  VALUES (627, '2022-05-31', '2022-05-18 22:42:34' , 23, NULL , 19 );
INSERT INTO prodotto  VALUES (628, NULL, '2022-05-18 22:42:34' , 45, NULL , 0 );
INSERT INTO prodotto  VALUES (629, '2022-05-26', '2022-05-18 22:42:34' , 25, NULL , 10 );
INSERT INTO prodotto  VALUES (630, '2022-05-26', '2022-05-18 22:42:34' , 21, NULL , 19 );
INSERT INTO prodotto  VALUES (631, NULL, '2022-05-18 22:42:34' , 44, NULL , 26 );
INSERT INTO prodotto  VALUES (632, NULL, '2022-05-18 22:42:34' , 39, NULL , 2 );
INSERT INTO prodotto  VALUES (633, '2022-05-27', '2022-05-18 22:42:34' , 23, NULL , 25 );
INSERT INTO prodotto  VALUES (634, '2022-05-20', '2022-05-18 22:42:34' , 4, NULL , 28 );
INSERT INTO appuntamento  VALUES ('2022-05-22 15:25:58', 55,  4 , 'ASKKGH65E65F846O', 20 );
INSERT INTO turno  VALUES ('2022-05-22 15:25:58' , 'SVXQNI88B04L876I', '2022-05-22 19:25:58', '2022-05-22 15:25:58', NULL, NULL);
INSERT INTO prodotto  VALUES (635, NULL, '2022-05-22 15:25:58' , 46, NULL , 6 );
INSERT INTO prodotto  VALUES (636, '2022-05-30', '2022-05-22 15:25:58' , 11, NULL , 26 );
INSERT INTO prodotto  VALUES (637, '2022-05-22', '2022-05-22 15:25:58' , 15, NULL , 15 );
INSERT INTO prodotto  VALUES (638, NULL, '2022-05-22 15:25:58' , 42, NULL , 4 );
INSERT INTO prodotto  VALUES (639, '2022-05-28', '2022-05-22 15:25:58' , 2, NULL , 32 );
INSERT INTO prodotto  VALUES (640, NULL, '2022-05-22 15:25:58' , 47, NULL , 4 );
INSERT INTO prodotto  VALUES (641, '2022-05-23', '2022-05-22 15:25:58' , 15, NULL , 24 );
INSERT INTO prodotto  VALUES (642, '2022-05-29', '2022-05-22 15:25:58' , 34, NULL , 29 );
INSERT INTO prodotto  VALUES (643, '2022-05-29', '2022-05-22 15:25:58' , 30, NULL , 24 );
INSERT INTO prodotto  VALUES (644, NULL, '2022-05-22 15:25:58' , 51, NULL , 34 );
INSERT INTO prodotto  VALUES (645, '2022-05-31', '2022-05-22 15:25:58' , 35, NULL , 1 );
INSERT INTO prodotto  VALUES (646, '2022-05-26', '2022-05-22 15:25:58' , 35, NULL , 2 );
INSERT INTO prodotto  VALUES (647, NULL, '2022-05-22 15:25:58' , 45, NULL , 34 );
INSERT INTO prodotto  VALUES (648, NULL, '2022-05-22 15:25:58' , 40, NULL , 0 );
INSERT INTO appuntamento  VALUES ('2022-05-21 12:04:47', 35,  3 , 'EJCRYV06L49G276Y', 17 );
INSERT INTO turno  VALUES ('2022-05-21 12:04:47' , 'RZPRQE32D61E078M', '2022-05-21 16:04:47', '2022-05-21 12:04:47', NULL, NULL);
INSERT INTO prodotto  VALUES (649, '2022-05-31', '2022-05-21 12:04:47' , 29, NULL , 20 );
INSERT INTO prodotto  VALUES (650, '2022-05-27', '2022-05-21 12:04:47' , 33, NULL , 23 );
INSERT INTO prodotto  VALUES (651, '2022-05-27', '2022-05-21 12:04:47' , 25, NULL , 14 );
INSERT INTO prodotto  VALUES (652, '2022-05-23', '2022-05-21 12:04:47' , 19, NULL , 15 );
INSERT INTO prodotto  VALUES (653, '2022-05-28', '2022-05-21 12:04:47' , 2, NULL , 21 );
INSERT INTO prodotto  VALUES (654, NULL, '2022-05-21 12:04:47' , 41, NULL , 24 );
INSERT INTO prodotto  VALUES (655, '2022-05-25', '2022-05-21 12:04:47' , 34, NULL , 29 );
INSERT INTO prodotto  VALUES (656, '2022-05-28', '2022-05-21 12:04:47' , 35, NULL , 26 );


INSERT INTO prodotto  VALUES (657, '2021-01-19', NULL , 28, NULL , 21 );
INSERT INTO prodotto  VALUES (658, '2021-11-20', NULL , 14, NULL , 19 );
INSERT INTO prodotto  VALUES (659, '2020-07-24', NULL , 36, NULL , 19 );
INSERT INTO prodotto  VALUES (660, '2021-08-03', NULL , 16, NULL , 25 );
INSERT INTO prodotto  VALUES (661, '2020-03-14', NULL , 18, NULL , 28 );
INSERT INTO prodotto  VALUES (662, '2020-02-15', NULL , 25, NULL , 21 );
INSERT INTO prodotto  VALUES (663, '2020-10-16', NULL , 19, NULL , 7 );
INSERT INTO prodotto  VALUES (664, '2021-06-09', NULL , 7, NULL , 25 );
INSERT INTO prodotto  VALUES (665, '2020-12-08', NULL , 3, NULL , 23 );
INSERT INTO prodotto  VALUES (666, '2020-05-08', NULL , 36, NULL , 18 );
INSERT INTO prodotto  VALUES (667, '2021-12-30', NULL , 13, NULL , 24 );
INSERT INTO prodotto  VALUES (668, '2021-05-12', NULL , 22, NULL , 13 );
INSERT INTO prodotto  VALUES (669, '2022-05-11', NULL , 16, NULL , 28 );
INSERT INTO prodotto  VALUES (670, '2021-07-24', NULL , 5, NULL , 10 );
INSERT INTO prodotto  VALUES (671, '2022-05-18', NULL , 8, NULL , 8 );
INSERT INTO prodotto  VALUES (672, '2020-11-28', NULL , 25, NULL , 7 );
INSERT INTO prodotto  VALUES (673, '2020-08-15', NULL , 7, NULL , 18 );
INSERT INTO prodotto  VALUES (674, '2021-04-11', NULL , 8, NULL , 19 );
INSERT INTO prodotto  VALUES (675, '2021-03-16', NULL , 25, NULL , 22 );
INSERT INTO prodotto  VALUES (676, '2022-03-02', NULL , 9, NULL , 24 );
INSERT INTO prodotto  VALUES (677, '2020-07-29', NULL , 18, NULL , 12 );
INSERT INTO prodotto  VALUES (678, '2020-08-08', NULL , 23, NULL , 0 );
INSERT INTO prodotto  VALUES (679, '2020-03-04', NULL , 21, NULL , 15 );
INSERT INTO prodotto  VALUES (680, '2020-03-26', NULL , 12, NULL , 12 );
INSERT INTO prodotto  VALUES (681, '2020-01-21', NULL , 4, NULL , 14 );


