set search_path to socialMarket;


INSERT INTO ente  VALUES (0 , 'Caetani-Scotto e figli','Canale Gaspare, 877 Piano 6
50026, Romola (FI)');
INSERT INTO ente  VALUES (1 , 'Frescobaldi Group','Incrocio Flavio, 65
24034, Cisano Bergamasco (BG)');
INSERT INTO ente  VALUES (2 , 'Cibin, Cadorna e Federico e figli','Contrada Alderano, 114 Piano 7
96011, Brucoli (SR)');
INSERT INTO ente  VALUES (3 , 'Sraffa SPA','Viale Sonnino, 8
28068, Romentino (NO)');
INSERT INTO ente  VALUES (4 , 'Scaduto-Rocca SPA','Incrocio Flora, 93
06132, Perugia (PG)');
INSERT INTO ente  VALUES (5 , 'Botta SPA','Viale Martino, 938 Piano 2
20811, Villaggio Snia (MB)');
INSERT INTO ente  VALUES (6 , 'Muratori-Malenchini SPA','Incrocio Roberta, 836 Piano 3
39022, Aschbach (BZ)');
INSERT INTO ente  VALUES (7 , 'Modigliani-Vespucci SPA','Rotonda Ilaria, 72 Appartamento 5
41031, Camposanto (MO)');
INSERT INTO ente  VALUES (8 , 'Giulietti, Nibali e Missoni SPA','Incrocio Oreste, 110 Appartamento 6
58012, Campese (GR)');
INSERT INTO ente  VALUES (9 , 'Valier-Leone Group','Piazza Infantino, 23
90133, Palermo (PA)');
INSERT INTO ente  VALUES (10 , 'Benigni-Scarponi Group','Piazza Mariano, 267 Appartamento 89
21050, Saltrio (VA)');
INSERT INTO ente  VALUES (11 , 'Depero, Mastandrea e Detti e figli','Vicolo Ramona, 21
00038, Valmontone (RM)');
INSERT INTO ente  VALUES (12 , 'Paltrinieri e figli','Rotonda Fantozzi, 637
25043, Pescarzo (BS)');
INSERT INTO ente  VALUES (13 , 'Ferrante, Bonomo e Spallanzani e figli','Incrocio Bignardi, 3
88838, Filippa (KR)');
INSERT INTO ente  VALUES (14 , 'Pisani-Galuppi s.r.l.','Rotonda Tatiana, 170 Appartamento 68
04100, Latina (LT)');
INSERT INTO ente  VALUES (15 , 'Murialdo SPA','Canale Leonetti, 4
52024, Loro Ciuffenna (AR)');
INSERT INTO ente  VALUES (16 , 'Saracino-Salvemini Group','Canale Flavio, 30
42028, Poviglio (RE)');
INSERT INTO ente  VALUES (17 , 'Comeriato, Nadi e Polizzi s.r.l.','Contrada Orazio, 8 Appartamento 6
28078, Romagnano Sesia (NO)');
INSERT INTO ente  VALUES (18 , 'Tonisto, Marzorati e Finotto s.r.l.','Viale Griselda, 56 Piano 4
00075, Lanuvio (RM)');
INSERT INTO ente  VALUES (19 , 'Verri-Tarantino s.r.l.','Strada Morlacchi, 67 Piano 8
87044, Cerisano (CS)');


INSERT INTO volontario  VALUES ('IRCYGM71L18C771E', 'Salvi', 'Magnani', '1993-11-23', 'Calvello', '8113671148572', 'M', 'Wagon' , 'ricezione', NULL );
INSERT INTO volontario  VALUES ('GSNSSO88P61D177E', 'Giacinto', 'Golgi', '1991-02-09', 'Tavullia', '6359627881283', 'Others', 'MiniVan' , 'ricezione , trasporto , supervisione', NULL );
INSERT INTO volontario  VALUES ('EUUWLD38M41L854Z', 'Adamo', 'Barese', '1987-06-29', 'Grinzane Cavour', '5057688519895', 'Others', NULL , 'supervisione , trasporto , ricezione', 'Lunedì pomeriggio , Sabato mattina ' );
INSERT INTO volontario  VALUES ('XDQXGD92D20A905M', 'Diana', 'Palombi', '1985-08-08', 'Moggio Udinese', '7266164051582', 'M', 'Coupe' , NULL, 'Sabato mattina  , Lunedì mattina ' );
INSERT INTO volontario  VALUES ('KOOBDF79L47M338C', 'Carla', 'Garibaldi', '1963-12-14', 'Maliseti', '3155797651249', 'Others', 'MiniVan , SUV' , 'supervisione , ricezione , trasporto', 'Martedì pomeriggio' );
INSERT INTO volontario  VALUES ('ZGTNQH28E14H473B', 'Luciana', 'Vitturi', '1982-03-20', 'Castel San Gimignano', '4744059737533', 'M', 'MiniVan , Wagon' , NULL, 'Martedì pomeriggio , Mercoledì mattina ' );
INSERT INTO volontario  VALUES ('GWCUAI02P04C208I', 'Daniele', 'Peruzzi', '1973-11-01', 'Brazzano', '7365338154804', 'M', NULL , NULL, 'Mercoledì pomeriggio' );
INSERT INTO volontario  VALUES ('WGCBAM54T28C744B', 'Amico', 'Ceschi', '1990-01-11', 'Marazzone', '9088614446683', 'Others', 'Coupe' , NULL, 'Venerdì pomeriggio , Giovedì mattina ' );
INSERT INTO volontario  VALUES ('TIFCZN70B43I253W', 'Mariano', 'Treves', '1976-08-07', 'Preturo', '7922090326695', 'Others', 'Sedan , Coupe' , 'ricezione , supervisione', 'Venerdì mattina ' );
INSERT INTO volontario  VALUES ('OTXJKE07H28B037I', 'Antonina', 'Iannotti', '1986-08-04', 'Tanürz', '3254391470384', 'F', 'Coupe , Van' , NULL, 'Giovedì mattina ' );
INSERT INTO volontario  VALUES ('JPCPQW90B22I753T', 'Liana', 'Ferrabosco', '1984-11-23', 'Arigna', '7901523086273', 'M', NULL , NULL, 'Sabato pomeriggio , Giovedì pomeriggio' );
INSERT INTO volontario  VALUES ('YBARYG46R52L704N', 'Costanzo', 'Belletini', '1982-12-25', 'Terraseo', '1196765219026', 'F', 'Van' , 'ricezione , trasporto , supervisione', 'Martedì mattina ' );
INSERT INTO volontario  VALUES ('ZDILLZ23P62E029F', 'Roberta', 'Sauli', '1974-06-18', 'Marudo', '3788599230871', 'M', 'Pickup' , 'trasporto', 'Mercoledì pomeriggio' );
INSERT INTO volontario  VALUES ('VDKAFE25P02I556N', 'Francesca', 'Lollobrigida', '1991-11-01', 'Tivegna', '7146005947521', 'M', 'Coupe , MiniVan' , 'supervisione , ricezione', 'Martedì mattina  , Mercoledì pomeriggio' );
INSERT INTO volontario  VALUES ('OBJDIA22R51A604V', 'Valerio', 'Sauro', '1967-08-16', 'Afer', '3605302916498', 'F', 'SUV' , 'supervisione , trasporto , ricezione', 'Martedì mattina  , Lunedì mattina ' );
INSERT INTO volontario  VALUES ('DBLTSY01S28G803E', 'Claudio', 'Petruzzi', '1963-06-21', 'Pieve', '9829995321105', 'M', 'Sedan , SUV' , NULL, NULL );
INSERT INTO volontario  VALUES ('XHFQDC86C67E671T', 'Temistocle', 'Detti', '2002-09-01', 'Tresilico', '7805185179961', 'M', 'Wagon , Van' , 'ricezione , trasporto', NULL );
INSERT INTO volontario  VALUES ('WSWBKM93R41D872R', 'Salvi', 'Babbo', '1982-05-20', 'Olivetta San Michele', '3559472294574', 'M', 'SUV' , NULL, NULL );
INSERT INTO volontario  VALUES ('MFSEAJ87H09L730P', 'Melissa', 'Matteotti', '1960-02-16', 'Mastromarco', '5642698335492', 'Others', NULL , NULL, 'Martedì pomeriggio' );
INSERT INTO volontario  VALUES ('AUPPLL58A67E124K', 'Luigi', 'Scarfoglio', '1978-01-05', 'Pescara Colli', '5324718266683', 'F', 'Van' , 'trasporto , ricezione', 'Mercoledì mattina  , Lunedì mattina ' );
INSERT INTO volontario  VALUES ('PYBIKG74T54C184H', 'Nicolò', 'Udinesi', '1986-01-13', 'Istia DOmbrone', '4653662359635', 'F', 'SUV , Wagon' , 'trasporto , ricezione , supervisione', NULL );
INSERT INTO volontario  VALUES ('BLQTTC97M61L691J', 'Annamaria', 'Troisi', '1976-08-01', 'Agliate', '1397290351507', 'M', NULL , 'ricezione , supervisione , trasporto', 'Mercoledì pomeriggio' );
INSERT INTO volontario  VALUES ('XIPMDN47D18E136D', 'Vincenzo', 'Nitti', '1986-02-28', 'Botta Di Sedrina', '7847816339214', 'F', 'Sedan , MiniVan' , 'supervisione , trasporto , ricezione', 'Venerdì pomeriggio , Mercoledì pomeriggio' );
INSERT INTO volontario  VALUES ('TEAPEM42H22E999P', 'Alfio', 'Agostini', '2002-12-16', 'Caltignaga', '2465775319925', 'Others', 'SUV' , 'trasporto , supervisione , ricezione', NULL );
INSERT INTO volontario  VALUES ('LTXPUW91B13D554F', 'Gemma', 'Canil', '1960-11-16', 'Confine', '1776149160256', 'F', 'Coupe , SUV' , NULL, NULL );
INSERT INTO volontario  VALUES ('RPMTIG50S24F654Z', 'Concetta', 'Niscoromni', '1969-12-19', 'San Buono', '8510018938436', 'Others', 'Wagon , Coupe' , 'supervisione , trasporto , ricezione', 'Venerdì mattina ' );
INSERT INTO volontario  VALUES ('OVOLKY12H46C614P', 'Fredo', 'Luria', '1982-03-10', 'Viserba', '4548845277721', 'M', 'Wagon , Sedan' , NULL, 'Sabato mattina ' );
INSERT INTO volontario  VALUES ('SJHMAC03M21H892N', 'Pier', 'Mercalli', '1999-07-10', 'Castel Raniero', '8654678259900', 'M', 'MiniVan' , 'ricezione', 'Giovedì mattina  , Martedì mattina ' );
INSERT INTO volontario  VALUES ('YTMSAP83M10G415K', 'Toni', 'Piccio', '1997-02-15', 'San Pietro Di Barbozza', '6854297550406', 'M', NULL , NULL, NULL );
INSERT INTO volontario  VALUES ('ABONZY98S13L753G', 'Bettina', 'Scialpi', '1994-03-29', 'Arceto', '2832692834787', 'M', 'Pickup' , NULL, 'Venerdì mattina  , Giovedì mattina ' );
INSERT INTO volontario  VALUES ('BYTDBO61L64D455Q', 'Oreste', 'Lippomano', '1982-01-18', 'Conca Dei Marini', '3919538311490', 'Others', 'Coupe , Van' , 'ricezione', 'Mercoledì mattina ' );
INSERT INTO volontario  VALUES ('SPZICO27C45F191V', 'Elisa', 'Casarin', '1976-03-16', 'Santa Croce Di Cittareale', '8970509149971', 'F', 'SUV' , 'trasporto , supervisione', 'Mercoledì pomeriggio , Sabato mattina ' );
INSERT INTO volontario  VALUES ('UTANOO85A04D231P', 'Daria', 'Pavanello', '1968-10-01', 'Rueglio', '4295664336492', 'M', NULL , NULL, NULL );
INSERT INTO volontario  VALUES ('YDAHHK07A23E202Q', 'Pier', 'Salvemini', '1991-08-31', 'Moladi', '2131669591704', 'M', 'SUV' , 'supervisione', NULL );
INSERT INTO volontario  VALUES ('TAJYZL12C23I978I', 'Gelsomina', 'Baggio', '1981-07-14', 'Croce Ferrata', '4516023297686', 'M', 'SUV' , 'supervisione , trasporto , ricezione', 'Giovedì mattina ' );
INSERT INTO volontario  VALUES ('CKGJTT06B60B413A', 'Giovanna', 'Chittolini', '1997-04-15', 'Ciconia', '4635503319163', 'Others', 'Sedan , MiniVan' , 'supervisione , trasporto , ricezione', 'Sabato pomeriggio , Lunedì pomeriggio' );
INSERT INTO volontario  VALUES ('XXKHUE65S01G049L', 'Ansaldo', 'Giannini', '1990-10-05', 'Terruggia', '7028931103600', 'F', 'Pickup , SUV' , 'supervisione , ricezione , trasporto', 'Venerdì mattina  , Lunedì mattina ' );
INSERT INTO volontario  VALUES ('DFOSKS18D60G064B', 'Mariana', 'Lucarelli', '2001-11-28', 'Fizzonasco', '0261328492124', 'Others', 'SUV' , 'ricezione', NULL );
INSERT INTO volontario  VALUES ('LDRKWV10L42E403X', 'Amedeo', 'Ginesio', '1960-12-28', 'Pagnacco', '6035487223438', 'F', 'MiniVan , Pickup' , NULL, 'Giovedì mattina ' );
INSERT INTO volontario  VALUES ('DKRFTD46A45I271W', 'Romolo', 'Schiavone', '1963-11-25', 'Grugliasco', '7427706435504', 'Others', 'Van' , 'supervisione , trasporto', 'Martedì pomeriggio , Venerdì pomeriggio' );
INSERT INTO volontario  VALUES ('RSWKVB90C01H086W', 'Marta', 'Praga', '2004-08-11', 'Muvruneddi', '6403999399044', 'Others', 'SUV' , 'trasporto , ricezione , supervisione', 'Sabato mattina  , Mercoledì pomeriggio' );
INSERT INTO volontario  VALUES ('NPOHSG50S48F806C', 'Ugolino', 'Bajardi', '1994-07-25', 'Stroncone', '5277383180215', 'F', 'MiniVan' , 'ricezione , supervisione , trasporto', 'Martedì pomeriggio' );
INSERT INTO volontario  VALUES ('UPVLQA79T66D851Q', 'Pierluigi', 'Fantozzi', '1986-05-12', 'Somma Vesuviana', '6882294783922', 'M', NULL , 'trasporto , supervisione', 'Mercoledì mattina ' );
INSERT INTO volontario  VALUES ('VBCSGL26T67L118J', 'Arturo', 'Abate', '1995-08-09', 'Ponti', '6383910054672', 'M', 'Wagon' , NULL, NULL );
INSERT INTO volontario  VALUES ('JXBNYN10M10D870O', 'Gabriele', 'Romiti', '1979-01-15', 'Nugola Nuova', '6901290555203', 'M', 'Van , Coupe' , 'trasporto', 'Lunedì pomeriggio , Giovedì mattina ' );
INSERT INTO volontario  VALUES ('TJZVOJ82E15F797X', 'Giampiero', 'Cundari', '1964-08-10', 'Ceserano', '5728709360960', 'F', 'SUV' , 'ricezione', 'Venerdì mattina  , Lunedì pomeriggio' );
INSERT INTO volontario  VALUES ('RRXBDU41P49E656Z', 'Michelotto', 'Zetticci', '1994-10-19', 'Vallada Agordina', '8094736715473', 'Others', NULL , 'supervisione', 'Mercoledì mattina ' );
INSERT INTO volontario  VALUES ('JXGSHE68P64G875C', 'Luigi', 'Tanzini', '1995-01-20', 'Campagnola', '5827556993503', 'M', 'Van' , 'ricezione', 'Giovedì mattina  , Sabato pomeriggio' );
INSERT INTO volontario  VALUES ('FDXAUP38T05C443G', 'Bettina', 'Micca', '1997-12-14', 'Varese Ligure', '0383123001614', 'Others', 'SUV' , 'ricezione , trasporto', NULL );
INSERT INTO volontario  VALUES ('HYJUTG52E44E512G', 'Pellegrino', 'Natta', '1971-01-20', 'Veveri', '3066418906696', 'Others', NULL , 'trasporto , ricezione , supervisione', 'Lunedì pomeriggio' );


INSERT INTO collegato  VALUES (11,'YDAHHK07A23E202Q');
INSERT INTO collegato  VALUES (11,'TAJYZL12C23I978I');
INSERT INTO collegato  VALUES (9,'MFSEAJ87H09L730P');
INSERT INTO collegato  VALUES (4,'SPZICO27C45F191V');
INSERT INTO collegato  VALUES (6,'JPCPQW90B22I753T');
INSERT INTO collegato  VALUES (4,'YTMSAP83M10G415K');
INSERT INTO collegato  VALUES (13,'MFSEAJ87H09L730P');
INSERT INTO collegato  VALUES (1,'XXKHUE65S01G049L');
INSERT INTO collegato  VALUES (18,'DBLTSY01S28G803E');
INSERT INTO collegato  VALUES (1,'DFOSKS18D60G064B');
INSERT INTO collegato  VALUES (7,'BYTDBO61L64D455Q');
INSERT INTO collegato  VALUES (19,'GSNSSO88P61D177E');
INSERT INTO collegato  VALUES (19,'TJZVOJ82E15F797X');
INSERT INTO collegato  VALUES (10,'VDKAFE25P02I556N');
INSERT INTO collegato  VALUES (17,'XXKHUE65S01G049L');
INSERT INTO collegato  VALUES (17,'YTMSAP83M10G415K');
INSERT INTO collegato  VALUES (2,'TEAPEM42H22E999P');
INSERT INTO collegato  VALUES (7,'AUPPLL58A67E124K');
INSERT INTO collegato  VALUES (14,'OTXJKE07H28B037I');
INSERT INTO collegato  VALUES (5,'ZGTNQH28E14H473B');
INSERT INTO collegato  VALUES (15,'VDKAFE25P02I556N');
INSERT INTO collegato  VALUES (3,'JPCPQW90B22I753T');
INSERT INTO collegato  VALUES (3,'ZDILLZ23P62E029F');
INSERT INTO collegato  VALUES (18,'BLQTTC97M61L691J');
INSERT INTO collegato  VALUES (3,'BLQTTC97M61L691J');
INSERT INTO collegato  VALUES (1,'CKGJTT06B60B413A');
INSERT INTO collegato  VALUES (3,'KOOBDF79L47M338C');
INSERT INTO collegato  VALUES (6,'OTXJKE07H28B037I');
INSERT INTO collegato  VALUES (5,'UPVLQA79T66D851Q');
INSERT INTO collegato  VALUES (3,'LTXPUW91B13D554F');
INSERT INTO collegato  VALUES (12,'BLQTTC97M61L691J');
INSERT INTO collegato  VALUES (8,'YDAHHK07A23E202Q');
INSERT INTO collegato  VALUES (10,'GSNSSO88P61D177E');
INSERT INTO collegato  VALUES (10,'SJHMAC03M21H892N');
INSERT INTO collegato  VALUES (16,'PYBIKG74T54C184H');
INSERT INTO collegato  VALUES (9,'ABONZY98S13L753G');
INSERT INTO collegato  VALUES (13,'SJHMAC03M21H892N');
INSERT INTO collegato  VALUES (17,'TAJYZL12C23I978I');
INSERT INTO collegato  VALUES (0,'RSWKVB90C01H086W');
INSERT INTO collegato  VALUES (18,'MFSEAJ87H09L730P');
INSERT INTO collegato  VALUES (1,'UTANOO85A04D231P');
INSERT INTO collegato  VALUES (15,'AUPPLL58A67E124K');
INSERT INTO collegato  VALUES (16,'KOOBDF79L47M338C');
INSERT INTO collegato  VALUES (9,'PYBIKG74T54C184H');
INSERT INTO collegato  VALUES (2,'YDAHHK07A23E202Q');
INSERT INTO collegato  VALUES (14,'DFOSKS18D60G064B');
INSERT INTO collegato  VALUES (11,'LDRKWV10L42E403X');
INSERT INTO collegato  VALUES (0,'NPOHSG50S48F806C');


BEGIN;
INSERT INTO carta_cliente  VALUES (0 , 'ABFEQG21M11E693N','22','2', '5', '0');
INSERT INTO familiare  VALUES ('ABFEQG21M11E693N','Paoletta','Borroni', '1962-08-26', 'Cravanzana', '1768634439907', 'M', '0');
INSERT INTO familiare  VALUES ('VVOPPU21T45L926K','Pellegrino','Borroni', '2011-08-24', 'SantApollinare', '2526279831913', 'Others', '0');
INSERT INTO familiare  VALUES ('FQXFLB18B41M409O','Ennio','Borroni', '2006-01-03', 'Premeno', '0101667984448', 'F', '0');
INSERT INTO familiare  VALUES ('IMDELB04L15C727E','Paulina','Borroni', '1988-05-26', 'Welsberg', '2136959333382', 'Others', '0');
INSERT INTO familiare  VALUES ('TZKRJR05H60C428C','Ermes','Borroni', '1983-06-25', 'Trequanda', '1103232765350', 'Others', '0');
INSERT INTO familiare  VALUES ('HNVFXI31R54F325F','Roman','Borroni', '1958-01-06', 'Oris', '7594704961759', 'Others', '0');
INSERT INTO familiare  VALUES ('VDIRLA82E05F347Z','Coriolano','Borroni', '1985-02-11', 'Arsita', '6982826149052', 'Others', '0');
COMMIT;

BEGIN;
INSERT INTO carta_cliente  VALUES (1 , 'RRQCOC04B28B933A','57','2', '1', '4');
INSERT INTO familiare  VALUES ('RRQCOC04B28B933A','Cesare','Volta', '2000-04-14', 'Salara', '3140259073611', 'F', '1');
INSERT INTO familiare  VALUES ('YWWSGI91H62F111J','Caterina','Volta', '2010-05-16', 'Borgo Macchia', '4804466964711', 'M', '1');
INSERT INTO familiare  VALUES ('OVGSHP99H19B035C','Silvio','Volta', '2020-12-28', 'Vago', '4689082968174', 'Others', '1');
INSERT INTO familiare  VALUES ('AEXKPH68B05M363O','Mirco','Volta', '1938-03-16', 'Sampeyre', '5606352434685', 'F', '1');
INSERT INTO familiare  VALUES ('MBXZHK84T53L561T','Costanzo','Volta', '1936-08-11', 'Istia DOmbrone', '5929160621676', 'F', '1');
INSERT INTO familiare  VALUES ('TVHBWS94D52I728Z','Tiziana','Volta', '1939-10-24', 'Montecenere', '4717639157986', 'M', '1');
INSERT INTO familiare  VALUES ('MFOFRB58E25G543T','Virgilio','Volta', '1947-12-05', 'Vada', '1943548146829', 'M', '1');
COMMIT;

BEGIN;
INSERT INTO carta_cliente  VALUES (2 , 'JITTFW50M49G201I','2','5', '1', '1');
INSERT INTO familiare  VALUES ('JITTFW50M49G201I','Arturo','Mantegna', '1969-07-31', 'Cernusco Lombardone', '6404600239963', 'M', '2');
INSERT INTO familiare  VALUES ('YXTSRQ56H51C711I','Claudio','Mantegna', '2010-06-10', 'Mondaino', '4293160842946', 'M', '2');
INSERT INTO familiare  VALUES ('WCAHNT32B62G250E','Aldo','Mantegna', '2013-10-30', 'Campofelice Di Roccella', '9724118434709', 'M', '2');
INSERT INTO familiare  VALUES ('NQACOS56S04G002Q','Romeo','Mantegna', '2015-12-16', 'Buonanotte', '1315172854229', 'Others', '2');
INSERT INTO familiare  VALUES ('ARITSA08P09I847T','Gelsomina','Mantegna', '2017-05-04', 'Fossalto', '4795900634976', 'M', '2');
INSERT INTO familiare  VALUES ('KNOAJF92C13A035B','Flora','Mantegna', '2018-10-10', 'Vauda Canavese Superiore', '5872703355797', 'Others', '2');
INSERT INTO familiare  VALUES ('LWEHBY56R04H534E','Michele','Mantegna', '1939-01-23', 'Erula', '4279474462609', 'Others', '2');
COMMIT;

BEGIN;
INSERT INTO carta_cliente  VALUES (3 , 'YSLUHO02R26B581R','34','1', '1', '1');
INSERT INTO familiare  VALUES ('YSLUHO02R26B581R','Donna','Duse', '1999-11-09', 'Forno Canavese', '3025940381590', 'M', '3');
INSERT INTO familiare  VALUES ('ZSFPWC64P24E700S','Ludovico','Duse', '2009-01-30', 'Acquedolci', '9939321595615', 'F', '3');
INSERT INTO familiare  VALUES ('ETXYJK44H03E705X','Marcella','Duse', '1941-07-04', 'Boretto', '3747555994600', 'M', '3');
COMMIT;

BEGIN;
INSERT INTO carta_cliente  VALUES (4 , 'NNBFXZ25S19I315F','5','0', '4', '0');
INSERT INTO familiare  VALUES ('NNBFXZ25S19I315F','Calcedonio','Maglio', '1979-02-12', 'San Donato Di Lecce', '0134196025557', 'M', '4');
INSERT INTO familiare  VALUES ('ZAMJPQ62E09G729G','Lazzaro','Maglio', '1982-01-14', 'Cornino', '1953351793662', 'Others', '4');
INSERT INTO familiare  VALUES ('RVXNRF30H43L540O','Alessandra','Maglio', '1990-11-06', 'Bonzo', '0144774439640', 'Others', '4');
INSERT INTO familiare  VALUES ('QPLWCV22R57G635R','Ugo','Maglio', '1975-12-04', 'Piana Di Capo DOrlando', '8034217769878', 'Others', '4');
COMMIT;

BEGIN;
INSERT INTO carta_cliente  VALUES (5 , 'RXBJUN75C59A853X','36','2', '2', '3');
INSERT INTO familiare  VALUES ('RXBJUN75C59A853X','Lauretta','Modugno', '2003-10-10', 'Pontasserchio', '6817656417537', 'Others', '5');
INSERT INTO familiare  VALUES ('GTITAB88P21D544F','Giosuè','Modugno', '2009-05-02', 'Sarginesco', '0333277127557', 'F', '5');
INSERT INTO familiare  VALUES ('VRBCNR89L12L920J','Telemaco','Modugno', '2013-12-09', 'Arcetri', '2723723854708', 'Others', '5');
INSERT INTO familiare  VALUES ('MRRPTI31B56B762H','Domenico','Modugno', '1978-04-06', 'Bellombra', '2067213378927', 'F', '5');
INSERT INTO familiare  VALUES ('DVTIKX62D14C993S','Cesare','Modugno', '1945-04-07', 'Cappuccini', '2926606003136', 'Others', '5');
INSERT INTO familiare  VALUES ('WTNYGX04D20H238Q','Alberico','Modugno', '1956-03-03', 'Torremuzza', '1684539550856', 'F', '5');
INSERT INTO familiare  VALUES ('OVQZOH47C68F942G','Michela','Modugno', '1946-03-14', 'SantOmero', '0053024238628', 'Others', '5');
COMMIT;

BEGIN;
INSERT INTO carta_cliente  VALUES (6 , 'OMBTMS03S15F375K','36','3', '1', '1');
INSERT INTO familiare  VALUES ('OMBTMS03S15F375K','Rembrandt','Sansoni', '1959-05-16', 'Civitaretenga', '9806629226838', 'F', '6');
INSERT INTO familiare  VALUES ('KTNMMC44T43B914N','Amanda','Sansoni', '2015-09-26', 'Colfiorito', '5146420626161', 'Others', '6');
INSERT INTO familiare  VALUES ('XMDKOV37C47H782H','Micheletto','Sansoni', '2020-06-28', 'Motta San Damiano', '7726057121873', 'M', '6');
INSERT INTO familiare  VALUES ('WSNZIR61M58G768T','Giulietta','Sansoni', '2012-04-04', 'Castelnovetto', '2518924386527', 'F', '6');
INSERT INTO familiare  VALUES ('UNAGQW61P52H256V','Gaetano','Sansoni', '1952-08-16', 'Nogarole Vicentino', '7211401332592', 'Others', '6');
COMMIT;

BEGIN;
INSERT INTO carta_cliente  VALUES (7 , 'ASYRDJ00B19C227V','58','5', '1', '1');
INSERT INTO familiare  VALUES ('ASYRDJ00B19C227V','Priscilla','Contarini', '1967-04-20', 'Anoia', '8258914202486', 'M', '7');
INSERT INTO familiare  VALUES ('RVBSFQ76M05G114Q','Ermanno','Contarini', '2013-03-06', 'Mentana', '4879024367301', 'M', '7');
INSERT INTO familiare  VALUES ('WKHJSN72S43I860D','Rosario','Contarini', '2015-01-08', 'Rivello', '7476296547905', 'F', '7');
INSERT INTO familiare  VALUES ('BXCIMA57P19G803B','Orlando','Contarini', '2011-12-31', 'Marmore', '0742244465301', 'F', '7');
INSERT INTO familiare  VALUES ('LINAFN62B57L847S','Maurizio','Contarini', '2012-04-30', 'Torre De Negri', '5136285666075', 'M', '7');
INSERT INTO familiare  VALUES ('GUUEEN14H04F522C','Elena','Contarini', '2009-11-06', 'Cadegliano Viconago', '9713112846198', 'F', '7');
INSERT INTO familiare  VALUES ('IIOVAV03A21I016J','Temistocle','Contarini', '1939-09-12', 'Vernagt', '1771526887112', 'M', '7');
COMMIT;

BEGIN;
INSERT INTO carta_cliente  VALUES (8 , 'RVNCRE13R09H775J','17','1', '4', '0');
INSERT INTO familiare  VALUES ('RVNCRE13R09H775J','Bianca','Piazzi', '1996-10-20', 'Traversetolo', '7438605063704', 'Others', '8');
INSERT INTO familiare  VALUES ('YUVWGI52C21H382S','Anita','Piazzi', '2007-07-09', 'Giussano', '4408658704121', 'F', '8');
INSERT INTO familiare  VALUES ('MSVSOL10M51M277U','Giulia','Piazzi', '1990-04-24', 'Martell', '8194682017344', 'Others', '8');
INSERT INTO familiare  VALUES ('WDPZMS67E65G207L','Domenico','Piazzi', '1999-04-21', 'San Giovanni Canavese', '4998493594163', 'M', '8');
INSERT INTO familiare  VALUES ('LMNXAH14B13D289M','Gionata','Piazzi', '1971-03-14', 'Casalvecchio Siculo', '9754165677377', 'M', '8');
COMMIT;

BEGIN;
INSERT INTO carta_cliente  VALUES (9 , 'DERFME45B56G079L','54','1', '1', '5');
INSERT INTO familiare  VALUES ('DERFME45B56G079L','Ezio','Chiappetta', '2003-06-24', 'Secli', '9835496899864', 'Others', '9');
INSERT INTO familiare  VALUES ('EQROLC94P25A514P','Daniele','Chiappetta', '2012-12-19', 'Monleone', '5476807929374', 'M', '9');
INSERT INTO familiare  VALUES ('ZMEVZO28E67G336W','Mario','Chiappetta', '1953-09-26', 'Verezzo', '3155447588621', 'F', '9');
INSERT INTO familiare  VALUES ('GXAUMM52E68B730E','Lodovico','Chiappetta', '1930-09-12', 'Maccagno Con Pino E Veddasca', '3961425868177', 'Others', '9');
INSERT INTO familiare  VALUES ('DAKXCC11P58H529G','Tullio','Chiappetta', '1949-11-29', 'Sambuco', '2772993192332', 'F', '9');
INSERT INTO familiare  VALUES ('RQHFQG81S54M088O','Serena','Chiappetta', '1938-07-21', 'Raffa', '3750208905976', 'Others', '9');
INSERT INTO familiare  VALUES ('IHCRAZ78R08G374Z','Giacinto','Chiappetta', '1950-02-11', 'Casabasciana', '3616925117615', 'M', '9');
COMMIT;

BEGIN;
INSERT INTO carta_cliente  VALUES (10 , 'QWMADL02A65L823W','35','0', '1', '1');
INSERT INTO familiare  VALUES ('QWMADL02A65L823W','Alessia','Salata', '1993-01-11', 'Merano', '3489461558467', 'M', '10');
INSERT INTO familiare  VALUES ('HQDWNE26H15C336Z','Ornella','Salata', '1935-10-04', 'Gavarno', '5767146690752', 'F', '10');
COMMIT;

BEGIN;
INSERT INTO carta_cliente  VALUES (11 , 'UEIPLT94M16B693M','43','4', '2', '0');
INSERT INTO familiare  VALUES ('UEIPLT94M16B693M','Augusto','Nolcini', '1959-01-10', 'Ronchi Di Campanile', '0965973222007', 'F', '11');
INSERT INTO familiare  VALUES ('QHKWYC34L57L317G','Paolo','Nolcini', '2018-02-15', 'Cardedu', '2845767165446', 'M', '11');
INSERT INTO familiare  VALUES ('YIJNLP08B42D278H','Paulina','Nolcini', '2013-11-02', 'Diano DAlba', '7933040135587', 'Others', '11');
INSERT INTO familiare  VALUES ('PFHYAZ81A21L641Y','Giovanni','Nolcini', '2017-07-21', 'Silvella', '8852886466005', 'F', '11');
INSERT INTO familiare  VALUES ('YDGBGL39A55B875O','Gastone','Nolcini', '2015-01-16', 'Casavitola', '0242060560164', 'Others', '11');
INSERT INTO familiare  VALUES ('USGYSN42A43L743E','Vittorio','Nolcini', '1964-04-15', 'Jovencan', '5728033730811', 'F', '11');
COMMIT;

BEGIN;
INSERT INTO carta_cliente  VALUES (12 , 'NMYFWT39S54L575G','13','5', '1', '1');
INSERT INTO familiare  VALUES ('NMYFWT39S54L575G','Alfredo','Navarria', '2001-12-05', 'Roccamontepiano', '7340742647062', 'Others', '12');
INSERT INTO familiare  VALUES ('WQHCOH07R42G598R','Puccio','Navarria', '2019-11-10', 'Gennamari', '2240283004797', 'M', '12');
INSERT INTO familiare  VALUES ('ZPVGRE35B15H326T','Evangelista','Navarria', '2017-10-02', 'Collesecco', '3102548567323', 'M', '12');
INSERT INTO familiare  VALUES ('PQKLAH05P67E311G','Fabia','Navarria', '2012-12-02', 'Villaggio Del Pino', '8329726738887', 'F', '12');
INSERT INTO familiare  VALUES ('MZNZDP54B22A343W','Augusto','Navarria', '2020-01-31', 'Pontecagnano', '9653702251370', 'M', '12');
INSERT INTO familiare  VALUES ('IBEMEJ58E07D812E','Greca','Navarria', '2020-02-12', 'Bernalda', '8976767949949', 'M', '12');
INSERT INTO familiare  VALUES ('HPOTXN27A08D971H','Antonia','Navarria', '1951-05-19', 'San Cipirello', '8882286215016', 'F', '12');
COMMIT;

BEGIN;
INSERT INTO carta_cliente  VALUES (13 , 'AXLDRW70H43H542F','58','1', '5', '1');
INSERT INTO familiare  VALUES ('AXLDRW70H43H542F','Vanessa','Palombi', '1998-08-16', 'Cortiglione', '3677275995151', 'Others', '13');
INSERT INTO familiare  VALUES ('CKFTXU35D26B697O','Annunziata','Palombi', '2013-07-16', 'Posta Fibreno', '2817144734129', 'Others', '13');
INSERT INTO familiare  VALUES ('CGSCKM18R68C517J','Raffaella','Palombi', '1965-01-31', 'Cancello Di Ferrovia', '1721906324069', 'M', '13');
INSERT INTO familiare  VALUES ('VDTULH02D05G200P','Rosario','Palombi', '1967-02-25', 'Putifigari', '9458696115585', 'F', '13');
INSERT INTO familiare  VALUES ('PRSZBE41A46B929G','Lucrezia','Palombi', '1966-05-04', 'Gaiba', '6541899404560', 'F', '13');
INSERT INTO familiare  VALUES ('XRDIMX47R02C120C','Galasso','Palombi', '1995-01-26', 'San Marco Di Teggiano', '8006590828244', 'Others', '13');
INSERT INTO familiare  VALUES ('RHGGAI51D68H497D','Diana','Palombi', '1942-09-21', 'Decorata', '5084483605039', 'M', '13');
COMMIT;

BEGIN;
INSERT INTO carta_cliente  VALUES (14 , 'JOLFVE61P43F495U','6','0', '2', '0');
INSERT INTO familiare  VALUES ('JOLFVE61P43F495U','Stefano','Ponti', '1998-04-23', 'San Giorgio A Cremano', '5069913028465', 'M', '14');
INSERT INTO familiare  VALUES ('DCXORR57S55L807O','Damiano','Ponti', '1974-09-02', 'Gimigliano Inferiore', '2580119652495', 'M', '14');
COMMIT;

BEGIN;
INSERT INTO carta_cliente  VALUES (15 , 'ASMNYR41S11G150W','37','0', '2', '0');
INSERT INTO familiare  VALUES ('ASMNYR41S11G150W','Giuliano','Nonis', '1988-01-04', 'Valgera', '8849234231804', 'M', '15');
INSERT INTO familiare  VALUES ('EHXTKK80D58D004F','Bianca','Nonis', '2002-01-18', 'Avatanei', '8090601519685', 'F', '15');
COMMIT;

BEGIN;
INSERT INTO carta_cliente  VALUES (16 , 'XZKDOG91D02I326I','33','4', '2', '0');
INSERT INTO familiare  VALUES ('XZKDOG91D02I326I','Lisa','Foa', '1987-12-20', 'Pietramala', '5669203188754', 'F', '16');
INSERT INTO familiare  VALUES ('DTUNFS29D16I157X','Maria','Foa', '2018-11-11', 'Cala Di Volpe', '6784704541154', 'F', '16');
INSERT INTO familiare  VALUES ('GOHNKV80T12G121Z','Elisa','Foa', '2009-07-27', 'Villapiccola', '0422898138297', 'M', '16');
INSERT INTO familiare  VALUES ('YSHYBC27E14H873A','Bruno','Foa', '2010-04-01', 'Tscherms', '1120277433707', 'M', '16');
INSERT INTO familiare  VALUES ('GWCUWO90H18I339N','Giorgia','Foa', '2015-11-10', 'Crosarol', '4927127782858', 'Others', '16');
INSERT INTO familiare  VALUES ('ANZKDG67R49E581K','Nicola','Foa', '1983-06-20', 'Cassola', '2634290295147', 'M', '16');
COMMIT;

BEGIN;
INSERT INTO carta_cliente  VALUES (17 , 'MRLASD51R41A344W','52','1', '1', '1');
INSERT INTO familiare  VALUES ('MRLASD51R41A344W','Licia','Angiolello', '2002-10-16', 'San Romano', '1065160137454', 'F', '17');
INSERT INTO familiare  VALUES ('EOSNNL87B18D029W','Daria','Angiolello', '2011-08-06', 'Gorgazzo', '6353426841710', 'Others', '17');
INSERT INTO familiare  VALUES ('EHHNTA22M16L241R','Romolo','Angiolello', '1951-01-01', 'Cellino San Marco', '2358418478693', 'M', '17');
COMMIT;

BEGIN;
INSERT INTO carta_cliente  VALUES (18 , 'WZNVFK69B46A309A','53','3', '2', '2');
INSERT INTO familiare  VALUES ('WZNVFK69B46A309A','Angelica','Scalfaro', '1993-01-09', 'Curno', '1915218282911', 'M', '18');
INSERT INTO familiare  VALUES ('TKRBWS03D23E936G','Fiorino','Scalfaro', '2006-12-11', 'Preitoni', '6750652288942', 'Others', '18');
INSERT INTO familiare  VALUES ('KVZDGY27D14D780Q','Benito','Scalfaro', '2011-07-04', 'Metanopoli', '3623956171162', 'F', '18');
INSERT INTO familiare  VALUES ('HLGSYO06A64G687M','Annamaria','Scalfaro', '2016-05-25', 'Rodigo', '2655589547906', 'M', '18');
INSERT INTO familiare  VALUES ('GNLNMY45H41M073T','Ottavio','Scalfaro', '1974-05-26', 'Cancellara', '3289214112882', 'M', '18');
INSERT INTO familiare  VALUES ('CHXXWP97M44A621R','Annunziata','Scalfaro', '1954-02-03', 'Schnauders', '0051031470815', 'F', '18');
INSERT INTO familiare  VALUES ('FHKUBP57E47C342V','Elmo','Scalfaro', '1955-02-09', 'Isola Maggiore', '6827886033109', 'F', '18');
COMMIT;

BEGIN;
INSERT INTO carta_cliente  VALUES (19 , 'TRZIXB02B63D615G','50','3', '2', '0');
INSERT INTO familiare  VALUES ('TRZIXB02B63D615G','Ilaria','Boaga', '1963-04-20', 'Tognazza', '5404284315248', 'Others', '19');
INSERT INTO familiare  VALUES ('XVXJQS91M08E859E','Giuliano','Boaga', '2008-09-26', 'Bivio Di Ravi', '8517141424713', 'F', '19');
INSERT INTO familiare  VALUES ('ISDEWJ68M24E664J','Giacobbe','Boaga', '2019-05-02', 'Treglia', '4264890491184', 'F', '19');
INSERT INTO familiare  VALUES ('FZLMTM13P61F061A','Arsenio','Boaga', '2018-12-09', 'Marter', '8596188286666', 'Others', '19');
INSERT INTO familiare  VALUES ('MLECPD63L19E058P','Susanna','Boaga', '1962-03-14', 'Mena Vallestrema', '0116655957818', 'M', '19');
COMMIT;

BEGIN;
INSERT INTO carta_cliente  VALUES (20 , 'LRTFKI79C64B679K','37','1', '3', '3');
INSERT INTO familiare  VALUES ('LRTFKI79C64B679K','Sonia','Cerquiglini', '1995-08-01', 'Isolaccia', '2532049158333', 'M', '20');
INSERT INTO familiare  VALUES ('JGAMSO89M18I177I','Ornella','Cerquiglini', '2020-08-30', 'Lezzeno', '4443422892688', 'Others', '20');
INSERT INTO familiare  VALUES ('PSDYIO64S57A164X','Giulio','Cerquiglini', '1972-12-19', 'Licola', '5420851583470', 'F', '20');
INSERT INTO familiare  VALUES ('VPDTDC84P02F840Q','Lara','Cerquiglini', '1969-10-04', 'Destro', '4143955670172', 'Others', '20');
INSERT INTO familiare  VALUES ('QXYKCH75C25I191E','Romana','Cerquiglini', '1950-09-09', 'Vasio', '0851068220463', 'Others', '20');
INSERT INTO familiare  VALUES ('YBEDUT37T51G417I','Rolando','Cerquiglini', '1956-02-17', 'Sardara', '9099830770111', 'F', '20');
INSERT INTO familiare  VALUES ('MSCTME25A46H795C','Valerio','Cerquiglini', '1945-02-23', 'Termoli', '9189505587487', 'Others', '20');
COMMIT;

BEGIN;
INSERT INTO carta_cliente  VALUES (21 , 'WYOQFY33C50L641F','58','0', '1', '1');
INSERT INTO familiare  VALUES ('WYOQFY33C50L641F','Carmelo','Fantini', '1976-02-15', 'Castrovalva', '6359242243325', 'Others', '21');
INSERT INTO familiare  VALUES ('PKBEAK84D56D737O','Paulina','Fantini', '1930-03-13', 'Capezzano Superiore', '1498038520699', 'M', '21');
COMMIT;

BEGIN;
INSERT INTO carta_cliente  VALUES (22 , 'QMXOJQ87B59D881U','36','0', '1', '1');
INSERT INTO familiare  VALUES ('QMXOJQ87B59D881U','Isabella','Morabito', '1959-02-18', 'San Giuseppe Vesuviano', '1106725784552', 'F', '22');
INSERT INTO familiare  VALUES ('KHRGQX49D12D599Z','Simonetta','Morabito', '1931-01-15', 'Gambarie', '2989965845466', 'F', '22');
COMMIT;

BEGIN;
INSERT INTO carta_cliente  VALUES (23 , 'BJYHBA54L16C514Y','20','3', '1', '3');
INSERT INTO familiare  VALUES ('BJYHBA54L16C514Y','Nicola','Modugno', '1998-09-21', 'Arzergrande', '9131825966517', 'Others', '23');
INSERT INTO familiare  VALUES ('GNCOKH60S58B394D','Rosaria','Modugno', '2007-12-25', 'Camairago', '4943499700125', 'Others', '23');
INSERT INTO familiare  VALUES ('VCFDOC49P58B380Z','Melissa','Modugno', '2007-08-22', 'Marina Di Pisciotta', '7761881548819', 'F', '23');
INSERT INTO familiare  VALUES ('QKXNNQ96R23G611A','Giulio','Modugno', '2007-02-18', 'Monasterolo', '4277071897414', 'M', '23');
INSERT INTO familiare  VALUES ('ZDQAUD60E66E270J','Lodovico','Modugno', '1947-04-17', 'Gerola Alta', '1824019781643', 'F', '23');
INSERT INTO familiare  VALUES ('AZFPGA59S53M009T','Daniele','Modugno', '1937-04-08', 'San Giovanni DAlbi', '1022917117736', 'Others', '23');
INSERT INTO familiare  VALUES ('JDWXPE34A17I598Z','Rosa','Modugno', '1945-07-18', 'Era Samolaco', '3400904355821', 'M', '23');
COMMIT;

BEGIN;
INSERT INTO carta_cliente  VALUES (24 , 'PXFFCX27C47I899L','9','3', '4', '0');
INSERT INTO familiare  VALUES ('PXFFCX27C47I899L','Oreste','Simeoni', '1993-11-06', 'San Martino Val Masino', '9705026327659', 'F', '24');
INSERT INTO familiare  VALUES ('MISHXG19P64B593D','Rossana','Simeoni', '2017-10-25', 'Monterosso Calabro', '7561333703121', 'F', '24');
INSERT INTO familiare  VALUES ('UOSNWY41D61L843J','Eleanora','Simeoni', '2007-11-04', 'Borca Di Cadore', '6449639612954', 'M', '24');
INSERT INTO familiare  VALUES ('JQVIBZ39P43L274M','Giovanni','Simeoni', '2017-01-17', 'Pattada', '7449364996604', 'Others', '24');
INSERT INTO familiare  VALUES ('UTNNCJ78S24F648R','Pompeo','Simeoni', '1991-04-24', 'Favria', '3294582860883', 'Others', '24');
INSERT INTO familiare  VALUES ('KVSKOH04E22B054W','Amedeo','Simeoni', '1998-01-29', 'Giacciano Con Baruchella', '2592586341271', 'F', '24');
INSERT INTO familiare  VALUES ('RJWZHQ53C55D859C','Rodolfo','Simeoni', '1974-03-20', 'Bulliana', '3792556185515', 'Others', '24');
COMMIT;

BEGIN;
INSERT INTO carta_cliente  VALUES (25 , 'NFIGSD04S21A433Z','33','0', '3', '1');
INSERT INTO familiare  VALUES ('NFIGSD04S21A433Z','Valentina','Casellati', '1990-04-26', 'Lunata', '3355709359843', 'F', '25');
INSERT INTO familiare  VALUES ('JQWQHE47S17E880S','Bartolomeo','Casellati', '1969-07-05', 'Pozza Di Fassa', '9558190030318', 'F', '25');
INSERT INTO familiare  VALUES ('IEYPVU93L53A919T','Donatella','Casellati', '1959-10-13', 'Calendasco', '4775364418221', 'F', '25');
INSERT INTO familiare  VALUES ('GRKVNG91B20I346K','Lara','Casellati', '1952-06-30', 'Torrecuso', '6193213031930', 'M', '25');
COMMIT;

BEGIN;
INSERT INTO carta_cliente  VALUES (26 , 'KNSJJI86B47G543L','48','2', '1', '4');
INSERT INTO familiare  VALUES ('KNSJJI86B47G543L','Ettore','Trussardi', '1973-07-15', 'Cocconato', '6267770732965', 'F', '26');
INSERT INTO familiare  VALUES ('ZLTXUU05D07G592O','Giosuè','Trussardi', '2011-04-30', 'Ameglio', '0746021950826', 'F', '26');
INSERT INTO familiare  VALUES ('MKYOSH72R52M143P','Ugolino','Trussardi', '2007-09-08', 'Colloredo Di Monte Albano', '1251932775096', 'Others', '26');
INSERT INTO familiare  VALUES ('MQAHER43A07B100W','Imelda','Trussardi', '1939-05-19', 'Zambana', '0938332191439', 'Others', '26');
INSERT INTO familiare  VALUES ('CTVPTF83S42I008J','Edoardo','Trussardi', '1939-01-10', 'San Nicolo A Trebbia', '1656545893124', 'M', '26');
INSERT INTO familiare  VALUES ('XLSXEQ64P12E213L','Ignazio','Trussardi', '1956-05-16', 'Montorgiali', '7901499852687', 'F', '26');
INSERT INTO familiare  VALUES ('MXIRVO69R47E232P','Giorgia','Trussardi', '1947-10-13', 'Runaz', '8583087684827', 'F', '26');
COMMIT;

BEGIN;
INSERT INTO carta_cliente  VALUES (27 , 'UPGJNC26S10A535B','5','2', '2', '1');
INSERT INTO familiare  VALUES ('UPGJNC26S10A535B','Alessandro','Baracca', '1995-10-25', 'Montichiari', '8048495509052', 'Others', '27');
INSERT INTO familiare  VALUES ('KXSYCS31T58D355C','Melania','Baracca', '2011-02-19', 'Vado Ligure', '6166819596460', 'F', '27');
INSERT INTO familiare  VALUES ('RIGWHK59S64A720T','Micheletto','Baracca', '2016-09-12', 'St. Ulrich/Urtijei', '1513030191952', 'F', '27');
INSERT INTO familiare  VALUES ('SCMLVK88M19C787S','Ignazio','Baracca', '1986-06-03', 'Rocca Di Neto', '6050292888644', 'F', '27');
INSERT INTO familiare  VALUES ('JJXFKJ35M42D284F','Pomponio','Baracca', '1952-07-22', 'San Macario', '8803819534349', 'Others', '27');
COMMIT;

BEGIN;
INSERT INTO carta_cliente  VALUES (28 , 'CBXZDK03A64H894H','54','2', '2', '2');
INSERT INTO familiare  VALUES ('CBXZDK03A64H894H','Allegra','Folliero', '1985-05-02', 'Adegliacco', '4149708835774', 'M', '28');
INSERT INTO familiare  VALUES ('PFPSQB08P50I120N','Oreste','Folliero', '2016-11-08', 'Levico Terme', '3072556393920', 'Others', '28');
INSERT INTO familiare  VALUES ('LRXTLK71P23H713L','Ugolino','Folliero', '2019-05-28', 'Gavoi', '1752322549668', 'M', '28');
INSERT INTO familiare  VALUES ('VXZQRT89A18G306U','Susanna','Folliero', '1988-08-06', 'Gaiato', '2093887946077', 'M', '28');
INSERT INTO familiare  VALUES ('YJXEAF36B02E493L','Baccio','Folliero', '1941-08-24', 'Curno', '2922859612914', 'Others', '28');
INSERT INTO familiare  VALUES ('SLQPGK99B59F939T','Pasqual','Folliero', '1949-04-27', 'Bomporto', '9980805551756', 'M', '28');
COMMIT;

BEGIN;
INSERT INTO carta_cliente  VALUES (29 , 'QJVVML80T56I318H','40','1', '5', '0');
INSERT INTO familiare  VALUES ('QJVVML80T56I318H','Geronimo','Cristoforetti', '1968-10-31', 'Bonnanaro', '3683505776869', 'M', '29');
INSERT INTO familiare  VALUES ('VILAJR67M25D390F','Veronica','Cristoforetti', '2018-09-26', 'Cene', '9598641095798', 'M', '29');
INSERT INTO familiare  VALUES ('KILCVT24B22E476S','Melania','Cristoforetti', '2002-02-03', 'Pertegada', '1181674812857', 'M', '29');
INSERT INTO familiare  VALUES ('HLNURF83P55I060K','Ivo','Cristoforetti', '1985-11-19', 'San Martino Di Sessa Aurunca', '4673516650629', 'M', '29');
INSERT INTO familiare  VALUES ('DOAMEC17R11A652I','Angelica','Cristoforetti', '1994-05-03', 'San Pietro', '3060867225999', 'Others', '29');
INSERT INTO familiare  VALUES ('UHQZOR38S11A403W','Fernanda','Cristoforetti', '1981-12-03', 'Ginostra Di Lipari', '4179358623907', 'M', '29');
COMMIT;



INSERT INTO autorizza VALUES (10, 0, 39, '2022-05-29');
INSERT INTO autorizza VALUES (3, 1, 40, '2022-05-18');
INSERT INTO autorizza VALUES (13, 2, 41, '2022-04-30');
INSERT INTO autorizza VALUES (2, 3, 47, '2022-05-29');
INSERT INTO autorizza VALUES (6, 4, 60, '2022-03-23');
INSERT INTO autorizza VALUES (13, 5, 60, '2022-05-10');
INSERT INTO autorizza VALUES (10, 6, 48, '2022-04-14');
INSERT INTO autorizza VALUES (19, 7, 52, '2022-02-28');
INSERT INTO autorizza VALUES (5, 8, 38, '2022-03-16');
INSERT INTO autorizza VALUES (5, 9, 48, '2022-05-28');
INSERT INTO autorizza VALUES (5, 10, 54, '2022-04-09');
INSERT INTO autorizza VALUES (5, 11, 60, '2022-03-31');
INSERT INTO autorizza VALUES (12, 12, 48, '2022-03-09');
INSERT INTO autorizza VALUES (3, 13, 50, '2022-05-31');
INSERT INTO autorizza VALUES (7, 14, 39, '2022-04-20');
INSERT INTO autorizza VALUES (1, 15, 44, '2022-05-06');
INSERT INTO autorizza VALUES (18, 16, 44, '2022-03-03');
INSERT INTO autorizza VALUES (17, 17, 40, '2022-05-30');
INSERT INTO autorizza VALUES (13, 18, 30, '2022-04-18');
INSERT INTO autorizza VALUES (14, 19, 41, '2022-05-18');
INSERT INTO autorizza VALUES (16, 20, 39, '2022-04-30');
INSERT INTO autorizza VALUES (13, 21, 48, '2022-05-09');
INSERT INTO autorizza VALUES (11, 22, 39, '2022-03-19');
INSERT INTO autorizza VALUES (19, 23, 60, '2022-05-24');
INSERT INTO autorizza VALUES (16, 24, 45, '2022-05-06');
INSERT INTO autorizza VALUES (13, 25, 52, '2022-05-26');
INSERT INTO autorizza VALUES (2, 26, 31, '2022-05-18');
INSERT INTO autorizza VALUES (5, 27, 43, '2022-04-26');
INSERT INTO autorizza VALUES (19, 28, 40, '2022-06-05');
INSERT INTO autorizza VALUES (4, 29, 44, '2022-05-06');


INSERT INTO donatore VALUES ('ALOOJI26S67E778D','4080082142091','Lattuada, Varano e Paolini e f',NULL);
INSERT INTO donatore VALUES ('IGCTSF78A16F376M','6824674197999','Tomei, Collodi e Pace e figli',NULL);
INSERT INTO donatore VALUES ('DPEESH14P20L496E','9387672364456','Sandro','Conti');
INSERT INTO donatore VALUES ('RPJWVF20S28M382V','3419723736954','Scotto, Tresoldi e Pometta SPA',NULL);
INSERT INTO donatore VALUES ('EWEQQT02P60F930U','5072468634980','Torlonia, Ponti e Sansoni SPA',NULL);
INSERT INTO donatore VALUES ('MYUFSI49B27A419V','8014099910628','Pedroni, Baracca e Opizzi SPA',NULL);
INSERT INTO donatore VALUES ('OOWMHF56B44C156F','8399985343758','Griselda','Ferrara');
INSERT INTO donatore VALUES ('XHOLKK15B22C640W','7528786195081','Lamberto','Petrocelli');
INSERT INTO donatore VALUES ('NOPAGR05T06G676R','3833985447008','Lussu Group',NULL);
INSERT INTO donatore VALUES ('AJQHAE49L44C426N','0263590430663','Gioacchino','Travaglio');
INSERT INTO donatore VALUES ('YRUFWR01P43I540N','9233723822093','Paolo','Pratesi');
INSERT INTO donatore VALUES ('JKPUVZ37M51L575O','1245696306669','Bellucci s.r.l.',NULL);
INSERT INTO donatore VALUES ('SUZWHF73P63D889E','9487353746710','Damiano','Pizzetti');
INSERT INTO donatore VALUES ('TYQMZL27C54E142E','1586297789041','Vecoli, Tartini e Schiavo e fi',NULL);
INSERT INTO donatore VALUES ('ENYYNH02H48E084G','4542652478616','Amalia','Gangemi');
INSERT INTO donatore VALUES ('JBRDMQ89A07L836F','9384748841494','Pederiva-Gaiatto s.r.l.',NULL);
INSERT INTO donatore VALUES ('ROIBOH06C44L004C','2597403423553','Bellucci-Bosio e figli',NULL);
INSERT INTO donatore VALUES ('LYLREN10H57D316G','2503538277766','Greco','Marino');
INSERT INTO donatore VALUES ('MCPOKA67D56I689K','9820743474079','Geronimo','Morlacchi');
INSERT INTO donatore VALUES ('MDHYOL38S08F471V','0538682558393','Malenchini SPA',NULL);
INSERT INTO donatore VALUES ('MZMHYE35L47A134P','9878101780034','Uberto','Onio');
INSERT INTO donatore VALUES ('IOFZZT39S01C393K','1843550748915','Antelami, Fanucci e Camicione ',NULL);
INSERT INTO donatore VALUES ('VIARET07S68E714K','4690705293653','Odescalchi s.r.l.',NULL);
INSERT INTO donatore VALUES ('MFPDVV67A19E622B','0431393296950','Ortolani s.r.l.',NULL);
INSERT INTO donatore VALUES ('NPCNZA10L48G907R','6226987003669','Antonelli e figli',NULL);
INSERT INTO donatore VALUES ('XLUBCR28P57M085R','7087360831486','Capone-Eco s.r.l.',NULL);
INSERT INTO donatore VALUES ('XGIRJA94E23F845Q','4803968427787','Pizzetti, Oliboni e Mogherini ',NULL);
INSERT INTO donatore VALUES ('NHCCPQ76H21B608A','8611882579626','Badoglio-Gatto e figli',NULL);
INSERT INTO donatore VALUES ('IEIBZC72H13M339Z','4743284769208','Zoppetti, Filippelli e Pepe e ',NULL);
INSERT INTO donatore VALUES ('RMSOCT79D42M277X','8244204742212','Angelina','Franscini');


--INZIO TRIGGER A
CREATE OR REPLACE FUNCTION checkTurniFun() RETURNS trigger AS 
$$
DECLARE
riceveStart timestamp;
riceveEnd timestamp;
ric boolean;

traspStart timestamp;
traspEnd timestamp;
tr boolean;

appStart timestamp;
appEnd timestamp;
app boolean;
BEGIN
    -- prima verifica
    IF((
        SELECT COUNT(dataOra)
        FROM Turno T
        WHERE T.cf = NEW.cf AND (T.turnoInizio,T.turnoFine) OVERLAPS (NEW.turnoInizio, new.TurnoFine)
        ) > 0)
    THEN 
        RAISE EXCEPTION 'Il volontario ha già un turno tra questi orari';  
    END IF;
    
    
    -- seconda verifica
    IF(NEW.codRiceve is not null)
    THEN
        SELECT riceveInizio,riceveFine INTO riceveStart,riceveEnd
        FROM Ricezione
        WHERE Ricezione.codRiceve = NEW.codRiceve;
        ric  := true;  
        
        IF(not (riceveStart >= NEW.turnoInizio  and riceveEnd <= NEW.turnoFine))
        THEN
            RAISE EXCEPTION 'Ricezione va fuori dal turno'; 
        END IF;
        
    ELSE
        ric := false;
    END IF; 
    
    IF(NEW.codTrasporto is not null)
    THEN
        SELECT trasportoInizio,trasportoFine INTO traspStart,traspEnd
        FROM Trasporto
        WHERE Trasporto.codRiceve = NEW.codTrasporto;
        tr  := true;
        
        IF(not (traspStart >= NEW.turnoInizio  and traspEnd <= NEW.turnoFine))
        THEN
            RAISE EXCEPTION 'Trasporto va fuori dal turno'; 
        END iF;
    ELSE
        tr := false;
    END IF;
    
    IF(NEW.dataOra is not null)
    THEN
        appStart := NEW.dataOra;
        appEnd := NEW.dataOra + (20 * interval '1 minute');
        app  := true;
        
        IF(not (appStart >= NEW.turnoInizio  and appEnd <= NEW.turnoFine))
        THEN
            RAISE EXCEPTION 'Appuntamento va fuori dal turno'; 
        END IF;
    ELSE
        app := false;
    END IF;
    
    
    IF(app)
    THEN
        IF(tr)
        THEN
            IF(ric)
            THEN
                -- app ric tr
                IF( ((riceveStart,riceveEnd) OVERLAPS (traspStart,traspEnd))  or OVERLAPS ((appStart,appEnd) OVERLAPS (traspStart,traspEnd))
                or OVERLAPS ((appStart,appEnd) OVERLAPS (riceveStart,riceveEnd))
                  )
                THEN 
                   RAISE EXCEPTION 'Il volontario ha attivà sovrapposte come orari'; 
                ELSE
                    RETURN NEW;
                END IF;

            ELSE
                -- app tr
                IF((appStart,appEnd) OVERLAPS (traspStart,traspEnd))
                THEN 
                   RAISE EXCEPTION 'Il volontario ha attivà sovrapposte come orari'; 
                ELSE
                    RETURN NEW;
                END IF;
            END IF;
        ELSE
            IF(ric)
            THEN
                -- app ric
                IF( (appStart,appEnd) OVERLAPS (riceveStart,riceveEnd))
                THEN 
                   RAISE EXCEPTION 'Il volontario ha attivà sovrapposte come orari'; 
                ELSE
                    RETURN NEW;
                END IF;

            ELSE
               -- app
               RETURN NEW;
            END IF;     
        END IF;
        
    ELSE
        IF(tr)
        THEN
            IF(ric)
            THEN
                -- ric tr
                IF( (riceveStart,riceveEnd) OVERLAPS (traspStart,traspEnd) )
                THEN 
                   RAISE EXCEPTION 'Il volontario ha attivà sovrapposte come orari'; 
                ELSE
                    RETURN NEW;
                END IF;

            ELSE
                -- tr
                RETURN NEW;
            END IF;
        ELSE
            RETURN NEW;

        END IF;
    END IF;
        
END; 
$$ LANGUAGE plpgsql;

CREATE OR REPLACE TRIGGER checkTurni 
BEFORE INSERT or UPDATE ON turno 
FOR EACH ROW 
EXECUTE FUNCTION checkTurniFun();



--INZIO TRIGGER B
CREATE OR REPLACE FUNCTION funIncr() RETURNS trigger AS
$$
BEGIN
    IF (NEW.dataOra is null) 
    THEN
        UPDATE Inventario
        SET quantità = quantità+1
        WHERE codProdotto = NEW.codProdotto;
    END IF;
    RETURN NEW;
END;
$$ LANGUAGE plpgsql;

CREATE OR REPLACE TRIGGER incrQnt
AFTER INSERT ON Prodotto
FOR EACH ROW
EXECUTE FUNCTION funIncr();


CREATE OR REPLACE FUNCTION funDecr() RETURNS trigger AS
$$
BEGIN
    IF (OLD.dataOra is null)
    THEN
        UPDATE Inventario
        SET quantità = quantità-1
        WHERE codProdotto = OLD.codProdotto;
    END IF;
    RETURN NEW;
END;
$$ LANGUAGE plpgsql;

CREATE OR REPLACE TRIGGER decrQnt
AFTER DELETE ON Prodotto
FOR EACH ROW
EXECUTE FUNCTION funDecr();


CREATE OR REPLACE FUNCTION funUpdateQnt() RETURNS trigger AS
$$
BEGIN
    IF(NEW.codProdotto <> OLD.codProdotto and (NEW.dataOra is null ))
    THEN
        UPDATE Inventario
	    SET quantità = quantità-1
	    WHERE codProdotto = OLD.codProdotto;
        
        UPDATE Inventario
        SET quantità = quantità+1
        WHERE codProdotto = NEW.codProdotto;
    END IF;
    IF( (OLD.dataOra is null) and (NEW.dataOra is not null) )
    THEN
        UPDATE Inventario
	    SET quantità = quantità-1
	    WHERE codProdotto = OLD.codProdotto;

    END IF;
    
    RETURN NEW;
END;
$$ LANGUAGE plpgsql;


CREATE OR REPLACE TRIGGER updateQnt
AFTER UPDATE ON Prodotto
FOR EACH ROW
EXECUTE FUNCTION funUpdateQnt();



INSERT INTO ricezione  VALUES (0, '2022-04-29 02:37:14', '2022-04-29 03:37:14');
INSERT INTO trasporto  VALUES (0, '2022-04-29 00:37:14', '2022-04-29 02:37:14', 11, 'Borgo Adinolfi, 587', 0);
INSERT INTO turno  VALUES ('2022-04-29 00:37:14' , 'WSWBKM93R41D872R', '2022-04-29 04:37:14', NULL, 0, NULL);
INSERT INTO turno  VALUES ('2022-04-29 00:37:14' , 'HYJUTG52E44E512G', '2022-04-29 04:37:14', NULL, 0, 0);
INSERT INTO turno  VALUES ('2022-04-29 00:37:14' , 'UPVLQA79T66D851Q', '2022-04-29 04:37:14', NULL, NULL, 0);
INSERT INTO ricezione  VALUES (1, '2022-04-20 15:36:24', '2022-04-20 16:36:24');
INSERT INTO trasporto  VALUES (1, '2022-04-20 13:36:24', '2022-04-20 15:36:24', 13, 'Stretto Ugo, 41', 1);
INSERT INTO turno  VALUES ('2022-04-20 13:36:24' , 'DKRFTD46A45I271W', '2022-04-20 17:36:24', NULL, 1, NULL);
INSERT INTO turno  VALUES ('2022-04-20 13:36:24' , 'TIFCZN70B43I253W', '2022-04-20 17:36:24', NULL, 1, 1);
INSERT INTO turno  VALUES ('2022-04-20 13:36:24' , 'JPCPQW90B22I753T', '2022-04-20 17:36:24', NULL, NULL, 1);
INSERT INTO ricezione  VALUES (2, '2022-03-14 05:10:32', '2022-03-14 06:10:32');
INSERT INTO trasporto  VALUES (2, '2022-03-14 03:10:32', '2022-03-14 05:10:32', 6, 'Incrocio Tebaldi, 452 Piano 1', 2);
INSERT INTO turno  VALUES ('2022-03-14 03:10:32' , 'WSWBKM93R41D872R', '2022-03-14 07:10:32', NULL, 2, NULL);
INSERT INTO turno  VALUES ('2022-03-14 03:10:32' , 'NPOHSG50S48F806C', '2022-03-14 07:10:32', NULL, 2, 2);
INSERT INTO turno  VALUES ('2022-03-14 03:10:32' , 'OBJDIA22R51A604V', '2022-03-14 07:10:32', NULL, NULL, 2);
INSERT INTO ricezione  VALUES (3, '2022-03-24 01:29:56', '2022-03-24 02:29:56');
INSERT INTO trasporto  VALUES (3, '2022-03-23 23:29:56', '2022-03-24 01:29:56', 9, 'Rotonda Cutrufo, 925 Piano 1', 3);
INSERT INTO turno  VALUES ('2022-03-23 23:29:56' , 'XIPMDN47D18E136D', '2022-03-24 03:29:56', NULL, 3, NULL);
INSERT INTO turno  VALUES ('2022-03-23 23:29:56' , 'RPMTIG50S24F654Z', '2022-03-24 03:29:56', NULL, 3, 3);
INSERT INTO turno  VALUES ('2022-03-23 23:29:56' , 'SJHMAC03M21H892N', '2022-03-24 03:29:56', NULL, NULL, 3);
INSERT INTO ricezione  VALUES (4, '2022-04-03 23:30:24', '2022-04-04 00:30:24');
INSERT INTO trasporto  VALUES (4, '2022-04-03 21:30:24', '2022-04-03 23:30:24', 18, 'Via Giannuzzi, 4', 4);
INSERT INTO turno  VALUES ('2022-04-03 21:30:24' , 'JPCPQW90B22I753T', '2022-04-04 01:30:24', NULL, 4, NULL);
INSERT INTO turno  VALUES ('2022-04-03 21:30:24' , 'HYJUTG52E44E512G', '2022-04-04 01:30:24', NULL, 4, 4);
INSERT INTO turno  VALUES ('2022-04-03 21:30:24' , 'TJZVOJ82E15F797X', '2022-04-04 01:30:24', NULL, NULL, 4);
INSERT INTO ricezione  VALUES (5, '2022-03-26 16:27:19', '2022-03-26 17:27:19');
INSERT INTO trasporto  VALUES (5, '2022-03-26 14:27:19', '2022-03-26 16:27:19', 2, 'Vicolo Quasimodo, 83', 5);
INSERT INTO turno  VALUES ('2022-03-26 14:27:19' , 'ZGTNQH28E14H473B', '2022-03-26 18:27:19', NULL, 5, NULL);
INSERT INTO turno  VALUES ('2022-03-26 14:27:19' , 'LTXPUW91B13D554F', '2022-03-26 18:27:19', NULL, 5, 5);
INSERT INTO turno  VALUES ('2022-03-26 14:27:19' , 'AUPPLL58A67E124K', '2022-03-26 18:27:19', NULL, NULL, 5);
INSERT INTO ricezione  VALUES (6, '2022-04-23 11:26:42', '2022-04-23 12:26:42');
INSERT INTO trasporto  VALUES (6, '2022-04-23 09:26:42', '2022-04-23 11:26:42', 20, 'Rotonda Giampaolo, 768 Appartamento 1', 6);
INSERT INTO turno  VALUES ('2022-04-23 09:26:42' , 'JPCPQW90B22I753T', '2022-04-23 13:26:42', NULL, 6, NULL);
INSERT INTO turno  VALUES ('2022-04-23 09:26:42' , 'AUPPLL58A67E124K', '2022-04-23 13:26:42', NULL, 6, 6);
INSERT INTO turno  VALUES ('2022-04-23 09:26:42' , 'RSWKVB90C01H086W', '2022-04-23 13:26:42', NULL, NULL, 6);
INSERT INTO ricezione  VALUES (7, '2022-04-17 11:28:04', '2022-04-17 12:28:04');
INSERT INTO trasporto  VALUES (7, '2022-04-17 09:28:04', '2022-04-17 11:28:04', 13, 'Piazza Guglielmi, 30', 7);
INSERT INTO turno  VALUES ('2022-04-17 09:28:04' , 'XDQXGD92D20A905M', '2022-04-17 13:28:04', NULL, 7, NULL);
INSERT INTO turno  VALUES ('2022-04-17 09:28:04' , 'DFOSKS18D60G064B', '2022-04-17 13:28:04', NULL, 7, 7);
INSERT INTO turno  VALUES ('2022-04-17 09:28:04' , 'DKRFTD46A45I271W', '2022-04-17 13:28:04', NULL, NULL, 7);
INSERT INTO ricezione  VALUES (8, '2022-03-26 01:37:32', '2022-03-26 02:37:32');
INSERT INTO trasporto  VALUES (8, '2022-03-25 23:37:32', '2022-03-26 01:37:32', 16, 'Strada Lupo, 22 Appartamento 1', 8);
INSERT INTO turno  VALUES ('2022-03-25 23:37:32' , 'ZGTNQH28E14H473B', '2022-03-26 03:37:32', NULL, 8, NULL);
INSERT INTO turno  VALUES ('2022-03-25 23:37:32' , 'KOOBDF79L47M338C', '2022-03-26 03:37:32', NULL, 8, 8);
INSERT INTO turno  VALUES ('2022-03-25 23:37:32' , 'DKRFTD46A45I271W', '2022-03-26 03:37:32', NULL, NULL, 8);
INSERT INTO ricezione  VALUES (9, '2022-04-14 01:00:24', '2022-04-14 02:00:24');
INSERT INTO trasporto  VALUES (9, '2022-04-13 23:00:24', '2022-04-14 01:00:24', 1, 'Canale Marina, 0 Piano 7', 9);
INSERT INTO turno  VALUES ('2022-04-13 23:00:24' , 'XIPMDN47D18E136D', '2022-04-14 03:00:24', NULL, 9, NULL);
INSERT INTO turno  VALUES ('2022-04-13 23:00:24' , 'ZGTNQH28E14H473B', '2022-04-14 03:00:24', NULL, 9, 9);
INSERT INTO turno  VALUES ('2022-04-13 23:00:24' , 'JXGSHE68P64G875C', '2022-04-14 03:00:24', NULL, NULL, 9);
INSERT INTO ricezione  VALUES (10, '2022-05-10 13:38:42', '2022-05-10 14:38:42');
INSERT INTO trasporto  VALUES (10, '2022-05-10 11:38:42', '2022-05-10 13:38:42', 19, 'Strada Morgagni, 11', 10);
INSERT INTO turno  VALUES ('2022-05-10 11:38:42' , 'TJZVOJ82E15F797X', '2022-05-10 15:38:42', NULL, 10, NULL);
INSERT INTO turno  VALUES ('2022-05-10 11:38:42' , 'WGCBAM54T28C744B', '2022-05-10 15:38:42', NULL, 10, 10);
INSERT INTO turno  VALUES ('2022-05-10 11:38:42' , 'SJHMAC03M21H892N', '2022-05-10 15:38:42', NULL, NULL, 10);
INSERT INTO ricezione  VALUES (11, '2022-03-03 00:47:43', '2022-03-03 01:47:43');
INSERT INTO trasporto  VALUES (11, '2022-03-02 22:47:43', '2022-03-03 00:47:43', 8, 'Contrada Barbarigo, 43', 11);
INSERT INTO turno  VALUES ('2022-03-02 22:47:43' , 'RPMTIG50S24F654Z', '2022-03-03 02:47:43', NULL, 11, NULL);
INSERT INTO turno  VALUES ('2022-03-02 22:47:43' , 'SPZICO27C45F191V', '2022-03-03 02:47:43', NULL, 11, 11);
INSERT INTO turno  VALUES ('2022-03-02 22:47:43' , 'TIFCZN70B43I253W', '2022-03-03 02:47:43', NULL, NULL, 11);
INSERT INTO ricezione  VALUES (12, '2022-03-21 15:31:01', '2022-03-21 16:31:01');
INSERT INTO trasporto  VALUES (12, '2022-03-21 13:31:01', '2022-03-21 15:31:01', 16, 'Piazza Baresi, 72', 12);
INSERT INTO turno  VALUES ('2022-03-21 13:31:01' , 'SPZICO27C45F191V', '2022-03-21 17:31:01', NULL, 12, NULL);
INSERT INTO turno  VALUES ('2022-03-21 13:31:01' , 'DKRFTD46A45I271W', '2022-03-21 17:31:01', NULL, 12, 12);
INSERT INTO turno  VALUES ('2022-03-21 13:31:01' , 'OTXJKE07H28B037I', '2022-03-21 17:31:01', NULL, NULL, 12);
INSERT INTO ricezione  VALUES (13, '2022-02-22 09:07:58', '2022-02-22 10:07:58');
INSERT INTO trasporto  VALUES (13, '2022-02-22 07:07:58', '2022-02-22 09:07:58', 8, 'Via Castelli, 97', 13);
INSERT INTO turno  VALUES ('2022-02-22 07:07:58' , 'VDKAFE25P02I556N', '2022-02-22 11:07:58', NULL, 13, NULL);
INSERT INTO turno  VALUES ('2022-02-22 07:07:58' , 'TEAPEM42H22E999P', '2022-02-22 11:07:58', NULL, 13, 13);
INSERT INTO turno  VALUES ('2022-02-22 07:07:58' , 'LTXPUW91B13D554F', '2022-02-22 11:07:58', NULL, NULL, 13);
INSERT INTO ricezione  VALUES (14, '2022-04-22 04:39:47', '2022-04-22 05:39:47');
INSERT INTO trasporto  VALUES (14, '2022-04-22 02:39:47', '2022-04-22 04:39:47', 1, 'Piazza Borghese, 18', 14);
INSERT INTO turno  VALUES ('2022-04-22 02:39:47' , 'GSNSSO88P61D177E', '2022-04-22 06:39:47', NULL, 14, NULL);
INSERT INTO turno  VALUES ('2022-04-22 02:39:47' , 'DKRFTD46A45I271W', '2022-04-22 06:39:47', NULL, 14, 14);
INSERT INTO turno  VALUES ('2022-04-22 02:39:47' , 'XHFQDC86C67E671T', '2022-04-22 06:39:47', NULL, NULL, 14);
INSERT INTO ricezione  VALUES (15, '2022-03-15 13:24:58', '2022-03-15 14:24:58');
INSERT INTO trasporto  VALUES (15, '2022-03-15 11:24:58', '2022-03-15 13:24:58', 7, 'Stretto Donato, 51', 15);
INSERT INTO turno  VALUES ('2022-03-15 11:24:58' , 'OVOLKY12H46C614P', '2022-03-15 15:24:58', NULL, 15, NULL);
INSERT INTO turno  VALUES ('2022-03-15 11:24:58' , 'SPZICO27C45F191V', '2022-03-15 15:24:58', NULL, 15, 15);
INSERT INTO turno  VALUES ('2022-03-15 11:24:58' , 'XIPMDN47D18E136D', '2022-03-15 15:24:58', NULL, NULL, 15);
INSERT INTO ricezione  VALUES (16, '2022-05-31 09:09:58', '2022-05-31 10:09:58');
INSERT INTO trasporto  VALUES (16, '2022-05-31 07:09:58', '2022-05-31 09:09:58', 19, 'Piazza Stradivari, 35', 16);
INSERT INTO turno  VALUES ('2022-05-31 07:09:58' , 'RPMTIG50S24F654Z', '2022-05-31 11:09:58', NULL, 16, NULL);
INSERT INTO turno  VALUES ('2022-05-31 07:09:58' , 'ZDILLZ23P62E029F', '2022-05-31 11:09:58', NULL, 16, 16);
INSERT INTO turno  VALUES ('2022-05-31 07:09:58' , 'EUUWLD38M41L854Z', '2022-05-31 11:09:58', NULL, NULL, 16);
INSERT INTO ricezione  VALUES (17, '2022-03-24 12:40:52', '2022-03-24 13:40:52');
INSERT INTO trasporto  VALUES (17, '2022-03-24 10:40:52', '2022-03-24 12:40:52', 18, 'Piazza Piergiuseppe, 86', 17);
INSERT INTO turno  VALUES ('2022-03-24 10:40:52' , 'IRCYGM71L18C771E', '2022-03-24 14:40:52', NULL, 17, NULL);
INSERT INTO turno  VALUES ('2022-03-24 10:40:52' , 'AUPPLL58A67E124K', '2022-03-24 14:40:52', NULL, 17, 17);
INSERT INTO turno  VALUES ('2022-03-24 10:40:52' , 'LDRKWV10L42E403X', '2022-03-24 14:40:52', NULL, NULL, 17);
INSERT INTO ricezione  VALUES (18, '2022-03-13 13:42:51', '2022-03-13 14:42:51');
INSERT INTO trasporto  VALUES (18, '2022-03-13 11:42:51', '2022-03-13 13:42:51', 15, 'Contrada Sophia, 413', 18);
INSERT INTO turno  VALUES ('2022-03-13 11:42:51' , 'XDQXGD92D20A905M', '2022-03-13 15:42:51', NULL, 18, NULL);
INSERT INTO turno  VALUES ('2022-03-13 11:42:51' , 'OVOLKY12H46C614P', '2022-03-13 15:42:51', NULL, 18, 18);
INSERT INTO turno  VALUES ('2022-03-13 11:42:51' , 'TJZVOJ82E15F797X', '2022-03-13 15:42:51', NULL, NULL, 18);
INSERT INTO ricezione  VALUES (19, '2022-04-27 00:58:58', '2022-04-27 01:58:58');
INSERT INTO trasporto  VALUES (19, '2022-04-26 22:58:58', '2022-04-27 00:58:58', 16, 'Viale Finzi, 5', 19);
INSERT INTO turno  VALUES ('2022-04-26 22:58:58' , 'VBCSGL26T67L118J', '2022-04-27 02:58:58', NULL, 19, NULL);
INSERT INTO turno  VALUES ('2022-04-26 22:58:58' , 'TIFCZN70B43I253W', '2022-04-27 02:58:58', NULL, 19, 19);
INSERT INTO turno  VALUES ('2022-04-26 22:58:58' , 'SPZICO27C45F191V', '2022-04-27 02:58:58', NULL, NULL, 19);
INSERT INTO ricezione  VALUES (20, '2022-04-03 12:44:48', '2022-04-03 13:44:48');
INSERT INTO trasporto  VALUES (20, '2022-04-03 10:44:48', '2022-04-03 12:44:48', 2, 'Strada Morgagni, 7', 20);
INSERT INTO turno  VALUES ('2022-04-03 10:44:48' , 'TJZVOJ82E15F797X', '2022-04-03 14:44:48', NULL, 20, NULL);
INSERT INTO turno  VALUES ('2022-04-03 10:44:48' , 'RRXBDU41P49E656Z', '2022-04-03 14:44:48', NULL, 20, 20);
INSERT INTO turno  VALUES ('2022-04-03 10:44:48' , 'XIPMDN47D18E136D', '2022-04-03 14:44:48', NULL, NULL, 20);
INSERT INTO ricezione  VALUES (21, '2022-05-27 11:21:41', '2022-05-27 12:21:41');
INSERT INTO trasporto  VALUES (21, '2022-05-27 09:21:41', '2022-05-27 11:21:41', 15, 'Rotonda Gregorio, 91', 21);
INSERT INTO turno  VALUES ('2022-05-27 09:21:41' , 'LDRKWV10L42E403X', '2022-05-27 13:21:41', NULL, 21, NULL);
INSERT INTO turno  VALUES ('2022-05-27 09:21:41' , 'TEAPEM42H22E999P', '2022-05-27 13:21:41', NULL, 21, 21);
INSERT INTO turno  VALUES ('2022-05-27 09:21:41' , 'FDXAUP38T05C443G', '2022-05-27 13:21:41', NULL, NULL, 21);
INSERT INTO ricezione  VALUES (22, '2022-05-29 17:48:44', '2022-05-29 18:48:44');
INSERT INTO trasporto  VALUES (22, '2022-05-29 15:48:44', '2022-05-29 17:48:44', 6, 'Vicolo Pierluigi, 12 Piano 4', 22);
INSERT INTO turno  VALUES ('2022-05-29 15:48:44' , 'YBARYG46R52L704N', '2022-05-29 19:48:44', NULL, 22, NULL);
INSERT INTO turno  VALUES ('2022-05-29 15:48:44' , 'ZDILLZ23P62E029F', '2022-05-29 19:48:44', NULL, 22, 22);
INSERT INTO turno  VALUES ('2022-05-29 15:48:44' , 'OTXJKE07H28B037I', '2022-05-29 19:48:44', NULL, NULL, 22);
INSERT INTO ricezione  VALUES (23, '2022-05-16 02:48:42', '2022-05-16 03:48:42');
INSERT INTO trasporto  VALUES (23, '2022-05-16 00:48:42', '2022-05-16 02:48:42', 14, 'Borgo Farina, 32', 23);
INSERT INTO turno  VALUES ('2022-05-16 00:48:42' , 'EUUWLD38M41L854Z', '2022-05-16 04:48:42', NULL, 23, NULL);
INSERT INTO turno  VALUES ('2022-05-16 00:48:42' , 'PYBIKG74T54C184H', '2022-05-16 04:48:42', NULL, 23, 23);
INSERT INTO turno  VALUES ('2022-05-16 00:48:42' , 'ABONZY98S13L753G', '2022-05-16 04:48:42', NULL, NULL, 23);
INSERT INTO ricezione  VALUES (24, '2022-05-18 19:03:36', '2022-05-18 20:03:36');
INSERT INTO trasporto  VALUES (24, '2022-05-18 17:03:36', '2022-05-18 19:03:36', 19, 'Viale Osvaldo, 33', 24);
INSERT INTO turno  VALUES ('2022-05-18 17:03:36' , 'WGCBAM54T28C744B', '2022-05-18 21:03:36', NULL, 24, NULL);
INSERT INTO turno  VALUES ('2022-05-18 17:03:36' , 'XIPMDN47D18E136D', '2022-05-18 21:03:36', NULL, 24, 24);
INSERT INTO turno  VALUES ('2022-05-18 17:03:36' , 'DFOSKS18D60G064B', '2022-05-18 21:03:36', NULL, NULL, 24);
INSERT INTO ricezione  VALUES (25, '2022-05-18 15:12:19', '2022-05-18 16:12:19');
INSERT INTO trasporto  VALUES (25, '2022-05-18 13:12:19', '2022-05-18 15:12:19', 18, 'Borgo Branciforte, 5', 25);
INSERT INTO turno  VALUES ('2022-05-18 13:12:19' , 'JXGSHE68P64G875C', '2022-05-18 17:12:19', NULL, 25, NULL);
INSERT INTO turno  VALUES ('2022-05-18 13:12:19' , 'JPCPQW90B22I753T', '2022-05-18 17:12:19', NULL, 25, 25);
INSERT INTO turno  VALUES ('2022-05-18 13:12:19' , 'VDKAFE25P02I556N', '2022-05-18 17:12:19', NULL, NULL, 25);
INSERT INTO ricezione  VALUES (26, '2022-04-23 21:46:43', '2022-04-23 22:46:43');
INSERT INTO trasporto  VALUES (26, '2022-04-23 19:46:43', '2022-04-23 21:46:43', 2, 'Incrocio Costanzi, 29', 26);
INSERT INTO turno  VALUES ('2022-04-23 19:46:43' , 'RSWKVB90C01H086W', '2022-04-23 23:46:43', NULL, 26, NULL);
INSERT INTO turno  VALUES ('2022-04-23 19:46:43' , 'LTXPUW91B13D554F', '2022-04-23 23:46:43', NULL, 26, 26);
INSERT INTO turno  VALUES ('2022-04-23 19:46:43' , 'PYBIKG74T54C184H', '2022-04-23 23:46:43', NULL, NULL, 26);
INSERT INTO ricezione  VALUES (27, '2022-05-12 00:47:02', '2022-05-12 01:47:02');
INSERT INTO trasporto  VALUES (27, '2022-05-11 22:47:02', '2022-05-12 00:47:02', 11, 'Strada Claudia, 80', 27);
INSERT INTO turno  VALUES ('2022-05-11 22:47:02' , 'BLQTTC97M61L691J', '2022-05-12 02:47:02', NULL, 27, NULL);
INSERT INTO turno  VALUES ('2022-05-11 22:47:02' , 'FDXAUP38T05C443G', '2022-05-12 02:47:02', NULL, 27, 27);
INSERT INTO turno  VALUES ('2022-05-11 22:47:02' , 'VBCSGL26T67L118J', '2022-05-12 02:47:02', NULL, NULL, 27);
INSERT INTO ricezione  VALUES (28, '2022-04-30 03:50:56', '2022-04-30 04:50:56');
INSERT INTO trasporto  VALUES (28, '2022-04-30 01:50:56', '2022-04-30 03:50:56', 4, 'Rotonda Calbo, 5', 28);
INSERT INTO turno  VALUES ('2022-04-30 01:50:56' , 'ZDILLZ23P62E029F', '2022-04-30 05:50:56', NULL, 28, NULL);
INSERT INTO turno  VALUES ('2022-04-30 01:50:56' , 'ZGTNQH28E14H473B', '2022-04-30 05:50:56', NULL, 28, 28);
INSERT INTO turno  VALUES ('2022-04-30 01:50:56' , 'JPCPQW90B22I753T', '2022-04-30 05:50:56', NULL, NULL, 28);
INSERT INTO ricezione  VALUES (29, '2022-02-26 01:06:23', '2022-02-26 02:06:23');
INSERT INTO trasporto  VALUES (29, '2022-02-25 23:06:23', '2022-02-26 01:06:23', 18, 'Vicolo Pincherle, 18', 29);
INSERT INTO turno  VALUES ('2022-02-25 23:06:23' , 'JXGSHE68P64G875C', '2022-02-26 03:06:23', NULL, 29, NULL);
INSERT INTO turno  VALUES ('2022-02-25 23:06:23' , 'YBARYG46R52L704N', '2022-02-26 03:06:23', NULL, 29, 29);
INSERT INTO turno  VALUES ('2022-02-25 23:06:23' , 'XHFQDC86C67E671T', '2022-02-26 03:06:23', NULL, NULL, 29);


INSERT INTO spesa  VALUES (0, 21);
INSERT INTO donazione  VALUES (0, '2022-04-04 05:59:57', 21, NULL, 'MYUFSI49B27A419V' , NULL);
INSERT INTO donazione  VALUES (1, '2022-04-01', NULL , 9, NULL, 0);
INSERT INTO spesa  VALUES (1, 31);
INSERT INTO donazione  VALUES (2, '2022-04-20 08:06:36', 31, NULL, 'IOFZZT39S01C393K' , NULL);
INSERT INTO donazione  VALUES (3, '2022-03-17', NULL , 21, NULL, 1);
INSERT INTO spesa  VALUES (2, 15);
INSERT INTO donazione  VALUES (4, '2022-02-09 21:34:29', 15, NULL, 'EWEQQT02P60F930U' , NULL);
INSERT INTO donazione  VALUES (5, '2022-03-26', NULL , 28, NULL, 2);
INSERT INTO spesa  VALUES (3, 77);
INSERT INTO donazione  VALUES (6, '2022-01-08 18:27:16', 77, NULL, 'MDHYOL38S08F471V' , NULL);
INSERT INTO donazione  VALUES (7, '2022-02-22', NULL , 12, NULL, 3);
INSERT INTO spesa  VALUES (4, 95);
INSERT INTO donazione  VALUES (8, '2022-06-18 03:14:23', 95, NULL, 'IGCTSF78A16F376M' , NULL);
INSERT INTO donazione  VALUES (9, '2022-02-14', NULL , 5, NULL, 4);
INSERT INTO spesa  VALUES (5, 44);
INSERT INTO donazione  VALUES (10, '2022-01-07 21:41:13', 44, NULL, 'MDHYOL38S08F471V' , NULL);
INSERT INTO donazione  VALUES (11, '2022-04-30', NULL , 23, NULL, 5);
INSERT INTO spesa  VALUES (6, 26);
INSERT INTO donazione  VALUES (12, '2022-05-19 17:24:05', 26, NULL, 'TYQMZL27C54E142E' , NULL);
INSERT INTO donazione  VALUES (13, '2022-02-23', NULL , 3, NULL, 6);
INSERT INTO spesa  VALUES (7, 97);
INSERT INTO donazione  VALUES (14, '2022-03-29 06:20:43', 97, NULL, 'XGIRJA94E23F845Q' , NULL);
INSERT INTO donazione  VALUES (15, '2022-03-22', NULL , 0, NULL, 7);
INSERT INTO spesa  VALUES (8, 81);
INSERT INTO donazione  VALUES (16, '2022-06-25 10:43:40', 81, NULL, 'LYLREN10H57D316G' , NULL);
INSERT INTO donazione  VALUES (17, '2022-03-11', NULL , 5, NULL, 8);
INSERT INTO spesa  VALUES (9, 28);
INSERT INTO donazione  VALUES (18, '2022-01-26 11:56:14', 28, NULL, 'EWEQQT02P60F930U' , NULL);
INSERT INTO donazione  VALUES (19, '2022-02-25', NULL , 9, NULL, 9);


INSERT INTO donazione  VALUES (20, '2022-03-13', NULL , 15, 'MCPOKA67D56I689K' , NULL );
INSERT INTO donazione  VALUES (21, '2022-03-05', NULL , 27, 'OOWMHF56B44C156F' , NULL );
INSERT INTO donazione  VALUES (22, '2022-03-10', NULL , 9, 'IOFZZT39S01C393K' , NULL );
INSERT INTO donazione  VALUES (23, '2022-02-19', NULL , 20, 'RPJWVF20S28M382V' , NULL );
INSERT INTO donazione  VALUES (24, '2022-02-13', NULL , 28, 'XGIRJA94E23F845Q' , NULL );
INSERT INTO donazione  VALUES (25, '2022-01-24', NULL , 18, 'AJQHAE49L44C426N' , NULL );
INSERT INTO donazione  VALUES (26, '2022-04-11', NULL , 27, 'MYUFSI49B27A419V' , NULL );
INSERT INTO donazione  VALUES (27, '2022-01-10', NULL , 18, 'OOWMHF56B44C156F' , NULL );
INSERT INTO donazione  VALUES (28, '2022-02-19', NULL , 29, 'LYLREN10H57D316G' , NULL );
INSERT INTO donazione  VALUES (29, '2022-02-09', NULL , 1, 'NHCCPQ76H21B608A' , NULL );
INSERT INTO donazione  VALUES (30, '2021-12-27', NULL , 24, 'NHCCPQ76H21B608A' , NULL );
INSERT INTO donazione  VALUES (31, '2022-02-25', NULL , 12, 'RMSOCT79D42M277X' , NULL );
INSERT INTO donazione  VALUES (32, '2022-02-09', NULL , 22, 'XHOLKK15B22C640W' , NULL );
INSERT INTO donazione  VALUES (33, '2022-03-21', NULL , 7, 'OOWMHF56B44C156F' , NULL );
INSERT INTO donazione  VALUES (34, '2022-04-08', NULL , 6, 'ENYYNH02H48E084G' , NULL );


INSERT INTO inventario  VALUES (0, 0, 'pasta', 'penne Barilla', 4 , '10' );
INSERT INTO inventario  VALUES (1, 0, 'pasta', 'fusilli DeCecco', 3 , '10' );
INSERT INTO inventario  VALUES (2, 0, 'pasta', 'farfalle Barilla', 1 , '10' );
INSERT INTO inventario  VALUES (3, 0, 'pasta', 'spaghetti Barilla', 3 , '10' );
INSERT INTO inventario  VALUES (4, 0, 'pasta', 'cannelloni DeCecco', 2 , '10' );
INSERT INTO inventario  VALUES (5, 0, 'riso', 'riso Scotti', 5 , '9' );
INSERT INTO inventario  VALUES (6, 0, 'riso', 'riso Scotti basmati', 1 , '9' );
INSERT INTO inventario  VALUES (7, 0, 'riso', 'riso Gallo', 1 , '9' );
INSERT INTO inventario  VALUES (8, 0, 'latte', 'Parmalat scremato', 4 , NULL );
INSERT INTO inventario  VALUES (9, 0, 'latte', 'Parmalat intero', 3 , NULL );
INSERT INTO inventario  VALUES (10, 0, 'latte', 'latte Tiguglio', 2 , NULL );
INSERT INTO inventario  VALUES (11, 0, 'latte', 'Latte di Soia', 4 , NULL );
INSERT INTO inventario  VALUES (12, 0, 'latte', 'Latte di Mandorla', 1 , NULL );
INSERT INTO inventario  VALUES (13, 0, 'formaggi', 'Parmigiano Reggiano', 4 , NULL );
INSERT INTO inventario  VALUES (14, 0, 'formaggi', 'Asiago', 3 , NULL );
INSERT INTO inventario  VALUES (15, 0, 'formaggi', 'Mozzarella', 4 , NULL );
INSERT INTO inventario  VALUES (16, 0, 'formaggi', 'Caciotto', 1 , NULL );
INSERT INTO inventario  VALUES (17, 0, 'formaggi', 'Stracchino', 3 , NULL );
INSERT INTO inventario  VALUES (18, 0, 'formaggi', 'Gorgonzola', 3 , NULL );
INSERT INTO inventario  VALUES (19, 0, 'yogurt', 'Muller yogurt frutta', 2 , NULL );
INSERT INTO inventario  VALUES (20, 0, 'yogurt', 'Muller yogurt bianco', 3 , NULL );
INSERT INTO inventario  VALUES (21, 0, 'yogurt', 'Activia yogurt', 4 , NULL );
INSERT INTO inventario  VALUES (22, 0, 'yogurt', 'yogurt greco', 1 , NULL );
INSERT INTO inventario  VALUES (23, 0, 'olio', 'Olio oliva Carli', 2 , '12' );
INSERT INTO inventario  VALUES (24, 0, 'olio', 'Olio oliva Fabbri', 3 , '12' );
INSERT INTO inventario  VALUES (25, 0, 'olio', 'Olio di semi', 2 , '12' );
INSERT INTO inventario  VALUES (26, 0, 'olio', 'Olio di palma', 5 , '12' );
INSERT INTO inventario  VALUES (27, 0, 'salse', 'pesto Barilla', 3 , '5' );
INSERT INTO inventario  VALUES (28, 0, 'salse', 'sugo Barilla', 4 , '5' );
INSERT INTO inventario  VALUES (29, 0, 'salse', 'ketchapp', 4 , '5' );
INSERT INTO inventario  VALUES (30, 0, 'salse', 'maionese', 3 , '5' );
INSERT INTO inventario  VALUES (31, 0, 'salse', 'senape', 3 , '5' );
INSERT INTO inventario  VALUES (32, 0, 'salse', 'aceto balsamico', 4 , '5' );
INSERT INTO inventario  VALUES (33, 0, 'caffe', 'Lavazza arabico', 2 , '6' );
INSERT INTO inventario  VALUES (34, 0, 'caffe', 'Lavazza rossa', 5 , '6' );
INSERT INTO inventario  VALUES (35, 0, 'caffe', 'Lavazza gold', 1 , '6' );
INSERT INTO inventario  VALUES (36, 0, 'caffe', 'Illy classico', 2 , '6' );
INSERT INTO inventario  VALUES (37, 0, 'igene', 'Carta Igenica', 3 , NULL );
INSERT INTO inventario  VALUES (38, 0, 'igene', 'Sapone neutro', 3 , NULL );
INSERT INTO inventario  VALUES (39, 0, 'igene', 'Amuchina', 4 , NULL );
INSERT INTO inventario  VALUES (40, 0, 'igene', 'Shampoo', 1 , NULL );
INSERT INTO inventario  VALUES (41, 0, 'igene', 'DocciaSchiuma', 2 , NULL );
INSERT INTO inventario  VALUES (42, 0, 'igene', 'deodorante', 1 , NULL );
INSERT INTO inventario  VALUES (43, 0, 'igene', 'sgrassatore', 5 , NULL );
INSERT INTO inventario  VALUES (44, 0, 'igene', 'candeggina', 3 , NULL );
INSERT INTO inventario  VALUES (45, 0, 'igene', 'spugna', 5 , NULL );
INSERT INTO inventario  VALUES (46, 0, 'bibite', 'Acqua Eva', 2 , NULL );
INSERT INTO inventario  VALUES (47, 0, 'bibite', 'SantAnna', 1 , NULL );
INSERT INTO inventario  VALUES (48, 0, 'bibite', 'Acqua Simply', 4 , NULL );
INSERT INTO inventario  VALUES (49, 0, 'bibite', 'CocaCola', 3 , NULL );
INSERT INTO inventario  VALUES (50, 0, 'bibite', 'Pepsi', 4 , NULL );
INSERT INTO inventario  VALUES (51, 0, 'bibite', 'Fanta', 4 , NULL );


INSERT INTO scarico VALUES ('2021-01-12', '4', '2' );
INSERT INTO scarico VALUES ('2021-01-12', '8', '6' );
INSERT INTO scarico VALUES ('2021-01-12', '10', '6' );
INSERT INTO scarico VALUES ('2021-01-12', '27', '4' );
INSERT INTO scarico VALUES ('2021-01-12', '30', '1' );
INSERT INTO scarico VALUES ('2021-01-12', '18', '9' );
INSERT INTO scarico VALUES ('2021-01-12', '3', '9' );
INSERT INTO scarico VALUES ('2021-01-12', '24', '7' );
INSERT INTO scarico VALUES ('2021-11-30', '24', '2' );
INSERT INTO scarico VALUES ('2021-11-30', '22', '2' );
INSERT INTO scarico VALUES ('2021-11-30', '6', '6' );
INSERT INTO scarico VALUES ('2021-11-30', '31', '10' );
INSERT INTO scarico VALUES ('2021-11-30', '8', '2' );
INSERT INTO scarico VALUES ('2021-11-30', '18', '5' );
INSERT INTO scarico VALUES ('2021-11-30', '19', '1' );
INSERT INTO scarico VALUES ('2021-11-30', '5', '2' );
INSERT INTO scarico VALUES ('2021-10-09', '4', '5' );
INSERT INTO scarico VALUES ('2021-10-09', '9', '8' );
INSERT INTO scarico VALUES ('2021-10-09', '27', '9' );
INSERT INTO scarico VALUES ('2021-10-09', '0', '6' );
INSERT INTO scarico VALUES ('2021-10-09', '5', '2' );
INSERT INTO scarico VALUES ('2021-10-09', '1', '5' );
INSERT INTO scarico VALUES ('2021-10-09', '26', '2' );
INSERT INTO scarico VALUES ('2021-10-09', '36', '9' );
INSERT INTO scarico VALUES ('2022-03-28', '6', '6' );
INSERT INTO scarico VALUES ('2022-03-28', '27', '10' );
INSERT INTO scarico VALUES ('2022-03-28', '17', '3' );
INSERT INTO scarico VALUES ('2022-03-28', '31', '3' );
INSERT INTO scarico VALUES ('2022-03-28', '2', '4' );
INSERT INTO scarico VALUES ('2022-03-28', '25', '2' );
INSERT INTO scarico VALUES ('2022-03-28', '5', '6' );
INSERT INTO scarico VALUES ('2022-03-28', '9', '1' );
INSERT INTO scarico VALUES ('2021-01-17', '34', '5' );
INSERT INTO scarico VALUES ('2021-01-17', '35', '1' );
INSERT INTO scarico VALUES ('2021-01-17', '15', '3' );
INSERT INTO scarico VALUES ('2021-01-17', '29', '1' );
INSERT INTO scarico VALUES ('2021-01-17', '32', '7' );
INSERT INTO scarico VALUES ('2021-01-17', '4', '9' );
INSERT INTO scarico VALUES ('2021-01-17', '9', '9' );
INSERT INTO scarico VALUES ('2021-01-17', '27', '7' );
INSERT INTO scarico VALUES ('2020-12-25', '24', '3' );
INSERT INTO scarico VALUES ('2020-12-25', '23', '4' );
INSERT INTO scarico VALUES ('2020-12-25', '4', '10' );
INSERT INTO scarico VALUES ('2020-12-25', '5', '2' );
INSERT INTO scarico VALUES ('2020-12-25', '25', '7' );
INSERT INTO scarico VALUES ('2020-12-25', '36', '5' );
INSERT INTO scarico VALUES ('2020-12-25', '17', '9' );
INSERT INTO scarico VALUES ('2020-12-25', '9', '9' );
INSERT INTO scarico VALUES ('2021-06-02', '16', '9' );
INSERT INTO scarico VALUES ('2021-06-02', '1', '1' );
INSERT INTO scarico VALUES ('2021-06-02', '10', '6' );
INSERT INTO scarico VALUES ('2021-06-02', '9', '5' );
INSERT INTO scarico VALUES ('2021-06-02', '0', '9' );
INSERT INTO scarico VALUES ('2021-06-02', '30', '1' );
INSERT INTO scarico VALUES ('2021-06-02', '6', '1' );
INSERT INTO scarico VALUES ('2021-06-02', '20', '3' );
INSERT INTO scarico VALUES ('2021-12-06', '13', '10' );
INSERT INTO scarico VALUES ('2021-12-06', '29', '5' );
INSERT INTO scarico VALUES ('2021-12-06', '26', '7' );
INSERT INTO scarico VALUES ('2021-12-06', '20', '4' );
INSERT INTO scarico VALUES ('2021-12-06', '9', '10' );
INSERT INTO scarico VALUES ('2021-12-06', '15', '10' );
INSERT INTO scarico VALUES ('2021-12-06', '34', '10' );
INSERT INTO scarico VALUES ('2021-12-06', '12', '9' );
INSERT INTO scarico VALUES ('2022-04-09', '24', '3' );
INSERT INTO scarico VALUES ('2022-04-09', '11', '5' );
INSERT INTO scarico VALUES ('2022-04-09', '27', '9' );
INSERT INTO scarico VALUES ('2022-04-09', '2', '7' );
INSERT INTO scarico VALUES ('2022-04-09', '20', '9' );
INSERT INTO scarico VALUES ('2022-04-09', '5', '10' );
INSERT INTO scarico VALUES ('2022-04-09', '3', '7' );
INSERT INTO scarico VALUES ('2022-04-09', '7', '3' );
INSERT INTO scarico VALUES ('2021-02-15', '16', '5' );
INSERT INTO scarico VALUES ('2021-02-15', '11', '5' );
INSERT INTO scarico VALUES ('2021-02-15', '10', '4' );
INSERT INTO scarico VALUES ('2021-02-15', '30', '8' );
INSERT INTO scarico VALUES ('2021-02-15', '19', '3' );
INSERT INTO scarico VALUES ('2021-02-15', '12', '5' );
INSERT INTO scarico VALUES ('2021-02-15', '29', '4' );
INSERT INTO scarico VALUES ('2021-02-15', '35', '9' );


INSERT INTO appuntamento  VALUES ('2022-03-03 14:04:45', 60,  19 , 'BJYHBA54L16C514Y', 23 );
INSERT INTO turno  VALUES ('2022-03-03 14:04:45' , 'TAJYZL12C23I978I', '2022-03-03 18:04:45', '2022-03-03 14:04:45', NULL, NULL);
INSERT INTO prodotto  VALUES (0, NULL, '2022-03-03 14:04:45' , 42, 21 );
INSERT INTO prodotto  VALUES (1, '2022-04-02', '2022-03-03 14:04:45' , 17, 0 );
INSERT INTO prodotto  VALUES (2, NULL, '2022-03-03 14:04:45' , 51, 20 );
INSERT INTO prodotto  VALUES (3, NULL, '2022-03-03 14:04:45' , 46, 22 );
INSERT INTO prodotto  VALUES (4, '2022-05-25', '2022-03-03 14:04:45' , 28, 0 );
INSERT INTO prodotto  VALUES (5, '2022-04-08', '2022-03-03 14:04:45' , 25, 7 );
INSERT INTO prodotto  VALUES (6, NULL, '2022-03-03 14:04:45' , 41, 29 );
INSERT INTO prodotto  VALUES (7, '2022-03-26', '2022-03-03 14:04:45' , 34, 33 );
INSERT INTO prodotto  VALUES (8, NULL, '2022-03-03 14:04:45' , 38, 14 );
INSERT INTO prodotto  VALUES (9, '2022-05-17', '2022-03-03 14:04:45' , 33, 12 );
INSERT INTO prodotto  VALUES (10, '2022-05-29', '2022-03-03 14:04:45' , 1, 3 );
INSERT INTO prodotto  VALUES (11, '2022-03-26', '2022-03-03 14:04:45' , 27, 27 );
INSERT INTO prodotto  VALUES (12, NULL, '2022-03-03 14:04:45' , 47, 13 );
INSERT INTO prodotto  VALUES (13, NULL, '2022-03-03 14:04:45' , 39, 20 );
INSERT INTO prodotto  VALUES (14, NULL, '2022-03-03 14:04:45' , 41, 31 );
INSERT INTO appuntamento  VALUES ('2022-03-20 19:24:13', 39,  2 , 'DCXORR57S55L807O', 14 );
INSERT INTO turno  VALUES ('2022-03-20 19:24:13' , 'LDRKWV10L42E403X', '2022-03-20 23:24:13', '2022-03-20 19:24:13', NULL, NULL);
INSERT INTO prodotto  VALUES (15, '2022-05-05', '2022-03-20 19:24:13' , 17, 34 );
INSERT INTO prodotto  VALUES (16, '2022-04-01', '2022-03-20 19:24:13' , 0, 12 );
INSERT INTO prodotto  VALUES (17, '2022-04-10', '2022-03-20 19:24:13' , 12, 3 );
INSERT INTO prodotto  VALUES (18, NULL, '2022-03-20 19:24:13' , 40, 15 );
INSERT INTO prodotto  VALUES (19, '2022-05-30', '2022-03-20 19:24:13' , 19, 28 );
INSERT INTO prodotto  VALUES (20, NULL, '2022-03-20 19:24:13' , 43, 4 );
INSERT INTO prodotto  VALUES (21, '2022-04-30', '2022-03-20 19:24:13' , 17, 4 );
INSERT INTO prodotto  VALUES (22, NULL, '2022-03-20 19:24:13' , 41, 12 );
INSERT INTO prodotto  VALUES (23, '2022-05-19', '2022-03-20 19:24:13' , 11, 14 );
INSERT INTO prodotto  VALUES (24, NULL, '2022-03-20 19:24:13' , 42, 25 );
INSERT INTO prodotto  VALUES (25, '2022-03-23', '2022-03-20 19:24:13' , 28, 14 );
INSERT INTO prodotto  VALUES (26, '2022-05-24', '2022-03-20 19:24:13' , 3, 13 );
INSERT INTO prodotto  VALUES (27, '2022-05-22', '2022-03-20 19:24:13' , 21, 0 );
INSERT INTO appuntamento  VALUES ('2022-03-12 19:05:58', 38,  1 , 'WDPZMS67E65G207L', 8 );
INSERT INTO turno  VALUES ('2022-03-12 19:05:58' , 'AUPPLL58A67E124K', '2022-03-12 23:05:58', '2022-03-12 19:05:58', NULL, NULL);
INSERT INTO prodotto  VALUES (28, '2022-05-28', '2022-03-12 19:05:58' , 14, 18 );
INSERT INTO prodotto  VALUES (29, '2022-03-21', '2022-03-12 19:05:58' , 24, 22 );
INSERT INTO prodotto  VALUES (30, '2022-05-18', '2022-03-12 19:05:58' , 10, 19 );
INSERT INTO prodotto  VALUES (31, '2022-04-13', '2022-03-12 19:05:58' , 26, 12 );
INSERT INTO prodotto  VALUES (32, '2022-05-04', '2022-03-12 19:05:58' , 27, 6 );
INSERT INTO prodotto  VALUES (33, NULL, '2022-03-12 19:05:58' , 40, 20 );
INSERT INTO prodotto  VALUES (34, '2022-04-30', '2022-03-12 19:05:58' , 30, 21 );
INSERT INTO prodotto  VALUES (35, NULL, '2022-03-12 19:05:58' , 44, 22 );
INSERT INTO prodotto  VALUES (36, NULL, '2022-03-12 19:05:58' , 48, 8 );
INSERT INTO prodotto  VALUES (37, '2022-05-06', '2022-03-12 19:05:58' , 11, 21 );
INSERT INTO prodotto  VALUES (38, '2022-04-21', '2022-03-12 19:05:58' , 9, 28 );
INSERT INTO prodotto  VALUES (39, '2022-05-20', '2022-03-12 19:05:58' , 14, 8 );
INSERT INTO appuntamento  VALUES ('2022-03-09 13:50:39', 52,  11 , 'ASYRDJ00B19C227V', 7 );
INSERT INTO turno  VALUES ('2022-03-09 13:50:39' , 'RPMTIG50S24F654Z', '2022-03-09 17:50:39', '2022-03-09 13:50:39', NULL, NULL);
INSERT INTO prodotto  VALUES (40, '2022-04-10', '2022-03-09 13:50:39' , 0, 10 );
INSERT INTO prodotto  VALUES (41, '2022-05-25', '2022-03-09 13:50:39' , 1, 31 );
INSERT INTO prodotto  VALUES (42, '2022-03-09', '2022-03-09 13:50:39' , 0, 29 );
INSERT INTO prodotto  VALUES (43, NULL, '2022-03-09 13:50:39' , 47, 12 );
INSERT INTO prodotto  VALUES (44, '2022-04-05', '2022-03-09 13:50:39' , 20, 8 );
INSERT INTO prodotto  VALUES (45, '2022-05-06', '2022-03-09 13:50:39' , 7, 24 );
INSERT INTO prodotto  VALUES (46, NULL, '2022-03-09 13:50:39' , 47, 24 );
INSERT INTO prodotto  VALUES (47, NULL, '2022-03-09 13:50:39' , 48, 28 );
INSERT INTO prodotto  VALUES (48, NULL, '2022-03-09 13:50:39' , 50, 31 );
INSERT INTO prodotto  VALUES (49, '2022-05-27', '2022-03-09 13:50:39' , 18, 28 );
INSERT INTO prodotto  VALUES (50, NULL, '2022-03-09 13:50:39' , 38, 2 );
INSERT INTO prodotto  VALUES (51, '2022-03-19', '2022-03-09 13:50:39' , 32, 12 );
INSERT INTO prodotto  VALUES (52, '2022-05-17', '2022-03-09 13:50:39' , 35, 11 );
INSERT INTO prodotto  VALUES (53, NULL, '2022-03-09 13:50:39' , 37, 24 );
INSERT INTO prodotto  VALUES (54, NULL, '2022-03-09 13:50:39' , 46, 29 );
INSERT INTO appuntamento  VALUES ('2022-03-06 13:19:55', 48,  0 , 'UNAGQW61P52H256V', 6 );
INSERT INTO turno  VALUES ('2022-03-06 13:19:55' , 'AUPPLL58A67E124K', '2022-03-06 17:19:55', '2022-03-06 13:19:55', NULL, NULL);
INSERT INTO prodotto  VALUES (55, '2022-03-06', '2022-03-06 13:19:55' , 9, 22 );
INSERT INTO prodotto  VALUES (56, '2022-04-03', '2022-03-06 13:19:55' , 33, 22 );
INSERT INTO prodotto  VALUES (57, '2022-04-05', '2022-03-06 13:19:55' , 19, 15 );
INSERT INTO prodotto  VALUES (58, NULL, '2022-03-06 13:19:55' , 50, 12 );
INSERT INTO prodotto  VALUES (59, '2022-03-26', '2022-03-06 13:19:55' , 29, 2 );
INSERT INTO prodotto  VALUES (60, '2022-04-04', '2022-03-06 13:19:55' , 15, 14 );
INSERT INTO prodotto  VALUES (61, '2022-05-05', '2022-03-06 13:19:55' , 5, 21 );
INSERT INTO prodotto  VALUES (62, '2022-03-17', '2022-03-06 13:19:55' , 32, 7 );
INSERT INTO prodotto  VALUES (63, '2022-04-05', '2022-03-06 13:19:55' , 29, 16 );
INSERT INTO prodotto  VALUES (64, NULL, '2022-03-06 13:19:55' , 39, 6 );
INSERT INTO prodotto  VALUES (65, '2022-03-20', '2022-03-06 13:19:55' , 17, 27 );
INSERT INTO prodotto  VALUES (66, '2022-03-08', '2022-03-06 13:19:55' , 5, 20 );
INSERT INTO prodotto  VALUES (67, '2022-04-19', '2022-03-06 13:19:55' , 15, 14 );
INSERT INTO appuntamento  VALUES ('2022-03-24 21:53:38', 40,  0 , 'EHHNTA22M16L241R', 17 );
INSERT INTO turno  VALUES ('2022-03-24 21:53:38' , 'DKRFTD46A45I271W', '2022-03-25 01:53:38', '2022-03-24 21:53:38', NULL, NULL);
INSERT INTO prodotto  VALUES (68, '2022-04-09', '2022-03-24 21:53:38' , 24, 14 );
INSERT INTO prodotto  VALUES (69, '2022-03-26', '2022-03-24 21:53:38' , 26, 10 );
INSERT INTO prodotto  VALUES (70, '2022-05-05', '2022-03-24 21:53:38' , 3, 21 );
INSERT INTO prodotto  VALUES (71, '2022-05-26', '2022-03-24 21:53:38' , 20, 28 );
INSERT INTO prodotto  VALUES (72, '2022-05-01', '2022-03-24 21:53:38' , 14, 8 );
INSERT INTO prodotto  VALUES (73, '2022-04-02', '2022-03-24 21:53:38' , 19, 19 );
INSERT INTO prodotto  VALUES (74, '2022-04-17', '2022-03-24 21:53:38' , 7, 4 );
INSERT INTO prodotto  VALUES (75, '2022-04-27', '2022-03-24 21:53:38' , 9, 16 );
INSERT INTO prodotto  VALUES (76, '2022-05-07', '2022-03-24 21:53:38' , 10, 7 );
INSERT INTO prodotto  VALUES (77, '2022-04-26', '2022-03-24 21:53:38' , 17, 17 );
INSERT INTO prodotto  VALUES (78, '2022-04-04', '2022-03-24 21:53:38' , 23, 8 );
INSERT INTO prodotto  VALUES (79, NULL, '2022-03-24 21:53:38' , 43, 26 );
INSERT INTO prodotto  VALUES (80, NULL, '2022-03-24 21:53:38' , 51, 32 );
INSERT INTO prodotto  VALUES (81, NULL, '2022-03-24 21:53:38' , 42, 19 );
INSERT INTO appuntamento  VALUES ('2022-03-05 04:24:34', 30,  1 , 'WZNVFK69B46A309A', 18 );
INSERT INTO turno  VALUES ('2022-03-05 04:24:34' , 'SPZICO27C45F191V', '2022-03-05 08:24:34', '2022-03-05 04:24:34', NULL, NULL);
INSERT INTO prodotto  VALUES (82, '2022-03-26', '2022-03-05 04:24:34' , 20, 10 );
INSERT INTO prodotto  VALUES (83, '2022-04-24', '2022-03-05 04:24:34' , 13, 21 );
INSERT INTO prodotto  VALUES (84, '2022-04-01', '2022-03-05 04:24:34' , 35, 32 );
INSERT INTO prodotto  VALUES (85, '2022-04-23', '2022-03-05 04:24:34' , 25, 10 );
INSERT INTO prodotto  VALUES (86, '2022-03-05', '2022-03-05 04:24:34' , 21, 13 );
INSERT INTO prodotto  VALUES (87, '2022-04-09', '2022-03-05 04:24:34' , 18, 24 );
INSERT INTO prodotto  VALUES (88, NULL, '2022-03-05 04:24:34' , 46, 2 );
INSERT INTO prodotto  VALUES (89, NULL, '2022-03-05 04:24:34' , 41, 22 );
INSERT INTO prodotto  VALUES (90, '2022-05-22', '2022-03-05 04:24:34' , 10, 23 );
INSERT INTO prodotto  VALUES (91, '2022-04-27', '2022-03-05 04:24:34' , 33, 28 );
INSERT INTO prodotto  VALUES (92, NULL, '2022-03-05 04:24:34' , 39, 10 );
INSERT INTO appuntamento  VALUES ('2022-03-07 02:52:39', 60,  13 , 'MRRPTI31B56B762H', 5 );
INSERT INTO turno  VALUES ('2022-03-07 02:52:39' , 'GSNSSO88P61D177E', '2022-03-07 06:52:39', '2022-03-07 02:52:39', NULL, NULL);
INSERT INTO prodotto  VALUES (93, '2022-04-11', '2022-03-07 02:52:39' , 27, 10 );
INSERT INTO prodotto  VALUES (94, NULL, '2022-03-07 02:52:39' , 41, 12 );
INSERT INTO prodotto  VALUES (95, '2022-05-27', '2022-03-07 02:52:39' , 24, 27 );
INSERT INTO prodotto  VALUES (96, '2022-03-20', '2022-03-07 02:52:39' , 29, 0 );
INSERT INTO prodotto  VALUES (97, NULL, '2022-03-07 02:52:39' , 49, 1 );
INSERT INTO prodotto  VALUES (98, '2022-04-12', '2022-03-07 02:52:39' , 25, 19 );
INSERT INTO prodotto  VALUES (99, NULL, '2022-03-07 02:52:39' , 44, 0 );
INSERT INTO prodotto  VALUES (100, '2022-05-30', '2022-03-07 02:52:39' , 32, 27 );
INSERT INTO prodotto  VALUES (101, '2022-05-18', '2022-03-07 02:52:39' , 9, 12 );
INSERT INTO prodotto  VALUES (102, '2022-04-07', '2022-03-07 02:52:39' , 32, 14 );
INSERT INTO prodotto  VALUES (103, '2022-04-04', '2022-03-07 02:52:39' , 18, 16 );
INSERT INTO prodotto  VALUES (104, '2022-05-11', '2022-03-07 02:52:39' , 21, 6 );
INSERT INTO prodotto  VALUES (105, '2022-04-07', '2022-03-07 02:52:39' , 11, 30 );
INSERT INTO prodotto  VALUES (106, '2022-05-21', '2022-03-07 02:52:39' , 6, 11 );
INSERT INTO prodotto  VALUES (107, '2022-05-14', '2022-03-07 02:52:39' , 13, 9 );
INSERT INTO appuntamento  VALUES ('2022-03-24 07:13:11', 48,  0 , 'PKBEAK84D56D737O', 21 );
INSERT INTO turno  VALUES ('2022-03-24 07:13:11' , 'IRCYGM71L18C771E', '2022-03-24 11:13:11', '2022-03-24 07:13:11', NULL, NULL);
INSERT INTO prodotto  VALUES (108, '2022-04-11', '2022-03-24 07:13:11' , 9, 13 );
INSERT INTO prodotto  VALUES (109, '2022-05-12', '2022-03-24 07:13:11' , 6, 2 );
INSERT INTO prodotto  VALUES (110, '2022-04-15', '2022-03-24 07:13:11' , 34, 26 );
INSERT INTO prodotto  VALUES (111, '2022-03-31', '2022-03-24 07:13:11' , 1, 6 );
INSERT INTO prodotto  VALUES (112, NULL, '2022-03-24 07:13:11' , 45, 33 );
INSERT INTO prodotto  VALUES (113, '2022-04-25', '2022-03-24 07:13:11' , 21, 11 );
INSERT INTO prodotto  VALUES (114, NULL, '2022-03-24 07:13:11' , 46, 1 );
INSERT INTO prodotto  VALUES (115, '2022-04-20', '2022-03-24 07:13:11' , 29, 13 );
INSERT INTO prodotto  VALUES (116, '2022-04-06', '2022-03-24 07:13:11' , 26, 2 );
INSERT INTO prodotto  VALUES (117, NULL, '2022-03-24 07:13:11' , 51, 19 );
INSERT INTO prodotto  VALUES (118, NULL, '2022-03-24 07:13:11' , 48, 29 );
INSERT INTO prodotto  VALUES (119, '2022-03-24', '2022-03-24 07:13:11' , 34, 31 );
INSERT INTO prodotto  VALUES (120, '2022-05-17', '2022-03-24 07:13:11' , 9, 28 );
INSERT INTO appuntamento  VALUES ('2022-03-18 06:04:14', 45,  1 , 'PXFFCX27C47I899L', 24 );
INSERT INTO turno  VALUES ('2022-03-18 06:04:14' , 'XHFQDC86C67E671T', '2022-03-18 10:04:14', '2022-03-18 06:04:14', NULL, NULL);
INSERT INTO prodotto  VALUES (121, '2022-04-25', '2022-03-18 06:04:14' , 22, 13 );
INSERT INTO prodotto  VALUES (122, '2022-05-08', '2022-03-18 06:04:14' , 16, 21 );
INSERT INTO prodotto  VALUES (123, NULL, '2022-03-18 06:04:14' , 45, 1 );
INSERT INTO prodotto  VALUES (124, '2022-04-21', '2022-03-18 06:04:14' , 31, 25 );
INSERT INTO prodotto  VALUES (125, '2022-04-09', '2022-03-18 06:04:14' , 8, 4 );
INSERT INTO prodotto  VALUES (126, '2022-04-14', '2022-03-18 06:04:14' , 8, 13 );
INSERT INTO prodotto  VALUES (127, '2022-05-21', '2022-03-18 06:04:14' , 26, 22 );
INSERT INTO prodotto  VALUES (128, '2022-05-19', '2022-03-18 06:04:14' , 22, 14 );
INSERT INTO prodotto  VALUES (129, NULL, '2022-03-18 06:04:14' , 44, 11 );
INSERT INTO prodotto  VALUES (130, '2022-03-28', '2022-03-18 06:04:14' , 4, 25 );
INSERT INTO prodotto  VALUES (131, '2022-04-03', '2022-03-18 06:04:14' , 18, 29 );
INSERT INTO prodotto  VALUES (132, NULL, '2022-03-18 06:04:14' , 50, 9 );
INSERT INTO prodotto  VALUES (133, '2022-04-07', '2022-03-18 06:04:14' , 31, 12 );
INSERT INTO prodotto  VALUES (134, NULL, '2022-03-18 06:04:14' , 46, 0 );
INSERT INTO prodotto  VALUES (135, '2022-05-15', '2022-03-18 06:04:14' , 20, 30 );
INSERT INTO appuntamento  VALUES ('2022-03-24 14:59:35', 54,  8 , 'HQDWNE26H15C336Z', 10 );
INSERT INTO turno  VALUES ('2022-03-24 14:59:35' , 'XDQXGD92D20A905M', '2022-03-24 18:59:35', '2022-03-24 14:59:35', NULL, NULL);
INSERT INTO prodotto  VALUES (136, '2022-05-20', '2022-03-24 14:59:35' , 19, 27 );
INSERT INTO prodotto  VALUES (137, NULL, '2022-03-24 14:59:35' , 46, 16 );
INSERT INTO prodotto  VALUES (138, NULL, '2022-03-24 14:59:35' , 41, 14 );
INSERT INTO prodotto  VALUES (139, '2022-04-17', '2022-03-24 14:59:35' , 30, 5 );
INSERT INTO prodotto  VALUES (140, '2022-04-04', '2022-03-24 14:59:35' , 26, 10 );
INSERT INTO prodotto  VALUES (141, '2022-04-12', '2022-03-24 14:59:35' , 4, 8 );
INSERT INTO prodotto  VALUES (142, '2022-03-29', '2022-03-24 14:59:35' , 2, 2 );
INSERT INTO prodotto  VALUES (143, NULL, '2022-03-24 14:59:35' , 44, 20 );
INSERT INTO prodotto  VALUES (144, NULL, '2022-03-24 14:59:35' , 46, 15 );
INSERT INTO prodotto  VALUES (145, '2022-05-22', '2022-03-24 14:59:35' , 19, 25 );
INSERT INTO prodotto  VALUES (146, '2022-05-16', '2022-03-24 14:59:35' , 5, 34 );
INSERT INTO prodotto  VALUES (147, NULL, '2022-03-24 14:59:35' , 48, 1 );
INSERT INTO prodotto  VALUES (148, '2022-05-02', '2022-03-24 14:59:35' , 32, 30 );
INSERT INTO prodotto  VALUES (149, '2022-03-30', '2022-03-24 14:59:35' , 29, 33 );
INSERT INTO prodotto  VALUES (150, '2022-04-05', '2022-03-24 14:59:35' , 26, 11 );
INSERT INTO appuntamento  VALUES ('2022-03-05 16:26:49', 47,  7 , 'ETXYJK44H03E705X', 3 );
INSERT INTO turno  VALUES ('2022-03-05 16:26:49' , 'YTMSAP83M10G415K', '2022-03-05 20:26:49', '2022-03-05 16:26:49', NULL, NULL);
INSERT INTO prodotto  VALUES (151, NULL, '2022-03-05 16:26:49' , 38, 0 );
INSERT INTO prodotto  VALUES (152, '2022-04-30', '2022-03-05 16:26:49' , 25, 31 );
INSERT INTO prodotto  VALUES (153, '2022-04-22', '2022-03-05 16:26:49' , 16, 12 );
INSERT INTO prodotto  VALUES (154, '2022-03-29', '2022-03-05 16:26:49' , 14, 19 );
INSERT INTO prodotto  VALUES (155, '2022-03-29', '2022-03-05 16:26:49' , 1, 11 );
INSERT INTO prodotto  VALUES (156, '2022-04-07', '2022-03-05 16:26:49' , 32, 21 );
INSERT INTO prodotto  VALUES (157, '2022-03-06', '2022-03-05 16:26:49' , 5, 22 );
INSERT INTO prodotto  VALUES (158, NULL, '2022-03-05 16:26:49' , 48, 29 );
INSERT INTO prodotto  VALUES (159, '2022-03-15', '2022-03-05 16:26:49' , 22, 11 );
INSERT INTO prodotto  VALUES (160, '2022-03-07', '2022-03-05 16:26:49' , 26, 15 );
INSERT INTO prodotto  VALUES (161, '2022-03-24', '2022-03-05 16:26:49' , 17, 14 );
INSERT INTO prodotto  VALUES (162, '2022-05-25', '2022-03-05 16:26:49' , 10, 2 );
INSERT INTO prodotto  VALUES (163, '2022-05-04', '2022-03-05 16:26:49' , 19, 4 );
INSERT INTO prodotto  VALUES (164, '2022-05-05', '2022-03-05 16:26:49' , 6, 25 );
INSERT INTO prodotto  VALUES (165, '2022-05-23', '2022-03-05 16:26:49' , 6, 19 );
INSERT INTO appuntamento  VALUES ('2022-03-21 02:34:50', 39,  3 , 'PSDYIO64S57A164X', 20 );
INSERT INTO turno  VALUES ('2022-03-21 02:34:50' , 'ZDILLZ23P62E029F', '2022-03-21 06:34:50', '2022-03-21 02:34:50', NULL, NULL);
INSERT INTO prodotto  VALUES (166, NULL, '2022-03-21 02:34:50' , 44, 6 );
INSERT INTO prodotto  VALUES (167, NULL, '2022-03-21 02:34:50' , 49, 23 );
INSERT INTO prodotto  VALUES (168, '2022-04-13', '2022-03-21 02:34:50' , 35, 1 );
INSERT INTO prodotto  VALUES (169, '2022-05-31', '2022-03-21 02:34:50' , 7, 12 );
INSERT INTO prodotto  VALUES (170, '2022-03-29', '2022-03-21 02:34:50' , 3, 1 );
INSERT INTO prodotto  VALUES (171, NULL, '2022-03-21 02:34:50' , 44, 3 );
INSERT INTO prodotto  VALUES (172, '2022-04-06', '2022-03-21 02:34:50' , 25, 14 );
INSERT INTO prodotto  VALUES (173, NULL, '2022-03-21 02:34:50' , 40, 27 );
INSERT INTO prodotto  VALUES (174, '2022-04-28', '2022-03-21 02:34:50' , 4, 26 );
INSERT INTO prodotto  VALUES (175, NULL, '2022-03-21 02:34:50' , 44, 3 );
INSERT INTO prodotto  VALUES (176, NULL, '2022-03-21 02:34:50' , 46, 3 );
INSERT INTO prodotto  VALUES (177, '2022-04-13', '2022-03-21 02:34:50' , 3, 4 );
INSERT INTO prodotto  VALUES (178, NULL, '2022-03-21 02:34:50' , 39, 10 );
INSERT INTO prodotto  VALUES (179, '2022-05-26', '2022-03-21 02:34:50' , 34, 10 );
INSERT INTO appuntamento  VALUES ('2022-03-18 10:42:02', 44,  3 , 'EHXTKK80D58D004F', 15 );
INSERT INTO turno  VALUES ('2022-03-18 10:42:02' , 'YBARYG46R52L704N', '2022-03-18 14:42:02', '2022-03-18 10:42:02', NULL, NULL);
INSERT INTO prodotto  VALUES (180, NULL, '2022-03-18 10:42:02' , 42, 12 );
INSERT INTO prodotto  VALUES (181, '2022-05-04', '2022-03-18 10:42:02' , 28, 31 );
INSERT INTO prodotto  VALUES (182, NULL, '2022-03-18 10:42:02' , 41, 5 );
INSERT INTO prodotto  VALUES (183, NULL, '2022-03-18 10:42:02' , 42, 3 );
INSERT INTO prodotto  VALUES (184, NULL, '2022-03-18 10:42:02' , 46, 34 );
INSERT INTO prodotto  VALUES (185, '2022-05-27', '2022-03-18 10:42:02' , 25, 2 );
INSERT INTO prodotto  VALUES (186, NULL, '2022-03-18 10:42:02' , 43, 34 );
INSERT INTO prodotto  VALUES (187, '2022-03-22', '2022-03-18 10:42:02' , 25, 23 );
INSERT INTO prodotto  VALUES (188, '2022-05-29', '2022-03-18 10:42:02' , 13, 17 );
INSERT INTO prodotto  VALUES (189, NULL, '2022-03-18 10:42:02' , 41, 31 );
INSERT INTO prodotto  VALUES (190, NULL, '2022-03-18 10:42:02' , 50, 11 );
INSERT INTO prodotto  VALUES (191, NULL, '2022-03-18 10:42:02' , 42, 33 );
INSERT INTO prodotto  VALUES (192, NULL, '2022-03-18 10:42:02' , 44, 19 );
INSERT INTO prodotto  VALUES (193, '2022-05-23', '2022-03-18 10:42:02' , 28, 34 );
INSERT INTO prodotto  VALUES (194, NULL, '2022-03-18 10:42:02' , 50, 29 );
INSERT INTO appuntamento  VALUES ('2022-03-07 01:38:11', 48,  3 , 'ZMEVZO28E67G336W', 9 );
INSERT INTO turno  VALUES ('2022-03-07 01:38:11' , 'IRCYGM71L18C771E', '2022-03-07 05:38:11', '2022-03-07 01:38:11', NULL, NULL);
INSERT INTO prodotto  VALUES (195, '2022-04-16', '2022-03-07 01:38:11' , 3, 30 );
INSERT INTO prodotto  VALUES (196, '2022-03-22', '2022-03-07 01:38:11' , 13, 15 );
INSERT INTO prodotto  VALUES (197, '2022-03-16', '2022-03-07 01:38:11' , 35, 25 );
INSERT INTO prodotto  VALUES (198, '2022-05-01', '2022-03-07 01:38:11' , 18, 22 );
INSERT INTO prodotto  VALUES (199, '2022-04-04', '2022-03-07 01:38:11' , 8, 15 );
INSERT INTO prodotto  VALUES (200, '2022-04-11', '2022-03-07 01:38:11' , 11, 12 );
INSERT INTO prodotto  VALUES (201, '2022-05-26', '2022-03-07 01:38:11' , 19, 23 );
INSERT INTO prodotto  VALUES (202, '2022-05-17', '2022-03-07 01:38:11' , 5, 19 );
INSERT INTO prodotto  VALUES (203, '2022-03-07', '2022-03-07 01:38:11' , 1, 34 );
INSERT INTO prodotto  VALUES (204, '2022-04-29', '2022-03-07 01:38:11' , 11, 20 );
INSERT INTO prodotto  VALUES (205, '2022-05-03', '2022-03-07 01:38:11' , 30, 3 );
INSERT INTO prodotto  VALUES (206, '2022-05-07', '2022-03-07 01:38:11' , 2, 4 );
INSERT INTO prodotto  VALUES (207, '2022-05-13', '2022-03-07 01:38:11' , 23, 11 );
INSERT INTO prodotto  VALUES (208, '2022-03-27', '2022-03-07 01:38:11' , 13, 25 );
INSERT INTO prodotto  VALUES (209, '2022-05-09', '2022-03-07 01:38:11' , 33, 6 );
INSERT INTO appuntamento  VALUES ('2022-04-17 14:40:32', 48,  2 , 'NMYFWT39S54L575G', 12 );
INSERT INTO turno  VALUES ('2022-04-17 14:40:32' , 'UTANOO85A04D231P', '2022-04-17 18:40:32', '2022-04-17 14:40:32', NULL, NULL);
INSERT INTO prodotto  VALUES (210, '2022-05-03', '2022-04-17 14:40:32' , 26, 26 );
INSERT INTO prodotto  VALUES (211, '2022-05-15', '2022-04-17 14:40:32' , 18, 21 );
INSERT INTO prodotto  VALUES (212, NULL, '2022-04-17 14:40:32' , 41, 6 );
INSERT INTO prodotto  VALUES (213, '2022-05-31', '2022-04-17 14:40:32' , 21, 6 );
INSERT INTO prodotto  VALUES (214, '2022-05-26', '2022-04-17 14:40:32' , 30, 25 );
INSERT INTO prodotto  VALUES (215, '2022-05-21', '2022-04-17 14:40:32' , 34, 22 );
INSERT INTO prodotto  VALUES (216, NULL, '2022-04-17 14:40:32' , 38, 24 );
INSERT INTO prodotto  VALUES (217, '2022-04-24', '2022-04-17 14:40:32' , 9, 34 );
INSERT INTO prodotto  VALUES (218, NULL, '2022-04-17 14:40:32' , 46, 11 );
INSERT INTO prodotto  VALUES (219, '2022-04-20', '2022-04-17 14:40:32' , 19, 33 );
INSERT INTO prodotto  VALUES (220, '2022-05-26', '2022-04-17 14:40:32' , 9, 16 );
INSERT INTO prodotto  VALUES (221, NULL, '2022-04-17 14:40:32' , 42, 28 );
INSERT INTO prodotto  VALUES (222, '2022-05-03', '2022-04-17 14:40:32' , 27, 33 );
INSERT INTO prodotto  VALUES (223, '2022-04-21', '2022-04-17 14:40:32' , 21, 8 );
INSERT INTO prodotto  VALUES (224, NULL, '2022-04-17 14:40:32' , 49, 18 );
INSERT INTO appuntamento  VALUES ('2022-04-01 07:35:22', 54,  3 , 'QWMADL02A65L823W', 10 );
INSERT INTO turno  VALUES ('2022-04-01 07:35:22' , 'DBLTSY01S28G803E', '2022-04-01 11:35:22', '2022-04-01 07:35:22', NULL, NULL);
INSERT INTO prodotto  VALUES (225, '2022-05-09', '2022-04-01 07:35:22' , 26, 34 );
INSERT INTO prodotto  VALUES (226, NULL, '2022-04-01 07:35:22' , 46, 29 );
INSERT INTO prodotto  VALUES (227, '2022-04-02', '2022-04-01 07:35:22' , 31, 3 );
INSERT INTO prodotto  VALUES (228, '2022-04-11', '2022-04-01 07:35:22' , 29, 9 );
INSERT INTO prodotto  VALUES (229, NULL, '2022-04-01 07:35:22' , 43, 34 );
INSERT INTO prodotto  VALUES (230, '2022-04-21', '2022-04-01 07:35:22' , 22, 30 );
INSERT INTO prodotto  VALUES (231, '2022-04-06', '2022-04-01 07:35:22' , 5, 6 );
INSERT INTO prodotto  VALUES (232, '2022-04-23', '2022-04-01 07:35:22' , 28, 31 );
INSERT INTO prodotto  VALUES (233, '2022-04-01', '2022-04-01 07:35:22' , 11, 3 );
INSERT INTO prodotto  VALUES (234, '2022-05-23', '2022-04-01 07:35:22' , 16, 8 );
INSERT INTO prodotto  VALUES (235, NULL, '2022-04-01 07:35:22' , 45, 6 );
INSERT INTO prodotto  VALUES (236, '2022-05-07', '2022-04-01 07:35:22' , 6, 21 );
INSERT INTO prodotto  VALUES (237, '2022-04-06', '2022-04-01 07:35:22' , 23, 32 );
INSERT INTO prodotto  VALUES (238, NULL, '2022-04-01 07:35:22' , 45, 13 );
INSERT INTO prodotto  VALUES (239, '2022-04-24', '2022-04-01 07:35:22' , 13, 31 );
INSERT INTO appuntamento  VALUES ('2022-04-02 18:25:46', 39,  0 , 'IMDELB04L15C727E', 0 );
INSERT INTO turno  VALUES ('2022-04-02 18:25:46' , 'TJZVOJ82E15F797X', '2022-04-02 22:25:46', '2022-04-02 18:25:46', NULL, NULL);
INSERT INTO prodotto  VALUES (240, NULL, '2022-04-02 18:25:46' , 48, 5 );
INSERT INTO prodotto  VALUES (241, '2022-04-06', '2022-04-02 18:25:46' , 25, 24 );
INSERT INTO prodotto  VALUES (242, NULL, '2022-04-02 18:25:46' , 45, 24 );
INSERT INTO prodotto  VALUES (243, '2022-05-24', '2022-04-02 18:25:46' , 16, 13 );
INSERT INTO prodotto  VALUES (244, '2022-05-18', '2022-04-02 18:25:46' , 23, 4 );
INSERT INTO prodotto  VALUES (245, '2022-05-08', '2022-04-02 18:25:46' , 27, 22 );
INSERT INTO prodotto  VALUES (246, NULL, '2022-04-02 18:25:46' , 51, 22 );
INSERT INTO prodotto  VALUES (247, '2022-04-24', '2022-04-02 18:25:46' , 19, 23 );
INSERT INTO prodotto  VALUES (248, '2022-05-28', '2022-04-02 18:25:46' , 8, 4 );
INSERT INTO prodotto  VALUES (249, '2022-05-22', '2022-04-02 18:25:46' , 30, 20 );
INSERT INTO prodotto  VALUES (250, '2022-04-15', '2022-04-02 18:25:46' , 22, 22 );
INSERT INTO prodotto  VALUES (251, '2022-04-29', '2022-04-02 18:25:46' , 34, 6 );
INSERT INTO prodotto  VALUES (252, '2022-05-30', '2022-04-02 18:25:46' , 18, 3 );
INSERT INTO appuntamento  VALUES ('2022-04-09 21:01:42', 38,  2 , 'WDPZMS67E65G207L', 8 );
INSERT INTO turno  VALUES ('2022-04-09 21:01:42' , 'XHFQDC86C67E671T', '2022-04-10 01:01:42', '2022-04-09 21:01:42', NULL, NULL);
INSERT INTO prodotto  VALUES (253, NULL, '2022-04-09 21:01:42' , 46, 24 );
INSERT INTO prodotto  VALUES (254, '2022-05-12', '2022-04-09 21:01:42' , 0, 3 );
INSERT INTO prodotto  VALUES (255, NULL, '2022-04-09 21:01:42' , 48, 29 );
INSERT INTO prodotto  VALUES (256, '2022-05-14', '2022-04-09 21:01:42' , 21, 24 );
INSERT INTO prodotto  VALUES (257, '2022-04-14', '2022-04-09 21:01:42' , 33, 1 );
INSERT INTO prodotto  VALUES (258, '2022-05-23', '2022-04-09 21:01:42' , 26, 11 );
INSERT INTO prodotto  VALUES (259, '2022-05-11', '2022-04-09 21:01:42' , 15, 8 );
INSERT INTO prodotto  VALUES (260, '2022-05-01', '2022-04-09 21:01:42' , 4, 10 );
INSERT INTO prodotto  VALUES (261, '2022-05-15', '2022-04-09 21:01:42' , 4, 30 );
INSERT INTO prodotto  VALUES (262, '2022-04-24', '2022-04-09 21:01:42' , 9, 12 );
INSERT INTO prodotto  VALUES (263, '2022-04-10', '2022-04-09 21:01:42' , 23, 3 );
INSERT INTO prodotto  VALUES (264, NULL, '2022-04-09 21:01:42' , 41, 34 );
INSERT INTO appuntamento  VALUES ('2022-04-23 04:39:15', 52,  8 , 'JQWQHE47S17E880S', 25 );
INSERT INTO turno  VALUES ('2022-04-23 04:39:15' , 'GWCUAI02P04C208I', '2022-04-23 08:39:15', '2022-04-23 04:39:15', NULL, NULL);
INSERT INTO prodotto  VALUES (265, '2022-05-03', '2022-04-23 04:39:15' , 36, 10 );
INSERT INTO prodotto  VALUES (266, '2022-04-26', '2022-04-23 04:39:15' , 0, 2 );
INSERT INTO prodotto  VALUES (267, NULL, '2022-04-23 04:39:15' , 38, 27 );
INSERT INTO prodotto  VALUES (268, '2022-05-19', '2022-04-23 04:39:15' , 23, 27 );
INSERT INTO prodotto  VALUES (269, '2022-05-19', '2022-04-23 04:39:15' , 0, 5 );
INSERT INTO prodotto  VALUES (270, '2022-04-25', '2022-04-23 04:39:15' , 18, 12 );
INSERT INTO prodotto  VALUES (271, '2022-05-28', '2022-04-23 04:39:15' , 18, 30 );
INSERT INTO prodotto  VALUES (272, NULL, '2022-04-23 04:39:15' , 39, 11 );
INSERT INTO prodotto  VALUES (273, '2022-05-14', '2022-04-23 04:39:15' , 8, 0 );
INSERT INTO prodotto  VALUES (274, '2022-05-03', '2022-04-23 04:39:15' , 7, 7 );
INSERT INTO prodotto  VALUES (275, NULL, '2022-04-23 04:39:15' , 46, 31 );
INSERT INTO prodotto  VALUES (276, '2022-05-13', '2022-04-23 04:39:15' , 17, 31 );
INSERT INTO prodotto  VALUES (277, NULL, '2022-04-23 04:39:15' , 41, 31 );
INSERT INTO prodotto  VALUES (278, '2022-05-26', '2022-04-23 04:39:15' , 4, 13 );
INSERT INTO prodotto  VALUES (279, NULL, '2022-04-23 04:39:15' , 45, 31 );
INSERT INTO appuntamento  VALUES ('2022-04-23 02:27:27', 44,  2 , 'EHXTKK80D58D004F', 15 );
INSERT INTO turno  VALUES ('2022-04-23 02:27:27' , 'RPMTIG50S24F654Z', '2022-04-23 06:27:27', '2022-04-23 02:27:27', NULL, NULL);
INSERT INTO prodotto  VALUES (280, '2022-04-28', '2022-04-23 02:27:27' , 21, 8 );
INSERT INTO prodotto  VALUES (281, '2022-05-17', '2022-04-23 02:27:27' , 17, 32 );
INSERT INTO prodotto  VALUES (282, '2022-04-26', '2022-04-23 02:27:27' , 2, 18 );
INSERT INTO prodotto  VALUES (283, '2022-05-27', '2022-04-23 02:27:27' , 31, 11 );
INSERT INTO prodotto  VALUES (284, NULL, '2022-04-23 02:27:27' , 49, 20 );
INSERT INTO prodotto  VALUES (285, NULL, '2022-04-23 02:27:27' , 44, 34 );
INSERT INTO prodotto  VALUES (286, '2022-05-18', '2022-04-23 02:27:27' , 20, 26 );
INSERT INTO prodotto  VALUES (287, '2022-05-15', '2022-04-23 02:27:27' , 20, 24 );
INSERT INTO prodotto  VALUES (288, '2022-05-09', '2022-04-23 02:27:27' , 17, 21 );
INSERT INTO prodotto  VALUES (289, '2022-04-24', '2022-04-23 02:27:27' , 24, 25 );
INSERT INTO prodotto  VALUES (290, '2022-05-30', '2022-04-23 02:27:27' , 27, 18 );
INSERT INTO prodotto  VALUES (291, '2022-05-16', '2022-04-23 02:27:27' , 36, 31 );
INSERT INTO prodotto  VALUES (292, '2022-04-29', '2022-04-23 02:27:27' , 29, 2 );
INSERT INTO prodotto  VALUES (293, NULL, '2022-04-23 02:27:27' , 48, 6 );
INSERT INTO appuntamento  VALUES ('2022-04-01 19:06:43', 41,  1 , 'MLECPD63L19E058P', 19 );
INSERT INTO turno  VALUES ('2022-04-01 19:06:43' , 'JXBNYN10M10D870O', '2022-04-01 23:06:43', '2022-04-01 19:06:43', NULL, NULL);
INSERT INTO prodotto  VALUES (294, NULL, '2022-04-01 19:06:43' , 42, 30 );
INSERT INTO prodotto  VALUES (295, NULL, '2022-04-01 19:06:43' , 42, 33 );
INSERT INTO prodotto  VALUES (296, '2022-04-05', '2022-04-01 19:06:43' , 29, 12 );
INSERT INTO prodotto  VALUES (297, '2022-05-07', '2022-04-01 19:06:43' , 12, 18 );
INSERT INTO prodotto  VALUES (298, NULL, '2022-04-01 19:06:43' , 40, 28 );
INSERT INTO prodotto  VALUES (299, NULL, '2022-04-01 19:06:43' , 40, 2 );
INSERT INTO prodotto  VALUES (300, '2022-05-18', '2022-04-01 19:06:43' , 11, 9 );
INSERT INTO prodotto  VALUES (301, '2022-05-10', '2022-04-01 19:06:43' , 29, 20 );
INSERT INTO prodotto  VALUES (302, '2022-05-19', '2022-04-01 19:06:43' , 1, 5 );
INSERT INTO prodotto  VALUES (303, '2022-04-13', '2022-04-01 19:06:43' , 0, 17 );
INSERT INTO prodotto  VALUES (304, '2022-04-29', '2022-04-01 19:06:43' , 14, 6 );
INSERT INTO prodotto  VALUES (305, NULL, '2022-04-01 19:06:43' , 50, 5 );
INSERT INTO prodotto  VALUES (306, NULL, '2022-04-01 19:06:43' , 37, 7 );
INSERT INTO prodotto  VALUES (307, '2022-05-12', '2022-04-01 19:06:43' , 8, 14 );
INSERT INTO prodotto  VALUES (308, '2022-05-01', '2022-04-01 19:06:43' , 23, 22 );
INSERT INTO appuntamento  VALUES ('2022-04-06 12:24:33', 30,  3 , 'CHXXWP97M44A621R', 18 );
INSERT INTO turno  VALUES ('2022-04-06 12:24:33' , 'BLQTTC97M61L691J', '2022-04-06 16:24:33', '2022-04-06 12:24:33', NULL, NULL);
INSERT INTO prodotto  VALUES (309, '2022-05-12', '2022-04-06 12:24:33' , 9, 24 );
INSERT INTO prodotto  VALUES (310, '2022-05-19', '2022-04-06 12:24:33' , 22, 23 );
INSERT INTO prodotto  VALUES (311, '2022-04-22', '2022-04-06 12:24:33' , 7, 25 );
INSERT INTO prodotto  VALUES (312, '2022-04-08', '2022-04-06 12:24:33' , 19, 29 );
INSERT INTO prodotto  VALUES (313, NULL, '2022-04-06 12:24:33' , 46, 31 );
INSERT INTO prodotto  VALUES (314, '2022-04-28', '2022-04-06 12:24:33' , 36, 25 );
INSERT INTO prodotto  VALUES (315, '2022-05-07', '2022-04-06 12:24:33' , 27, 23 );
INSERT INTO prodotto  VALUES (316, '2022-04-13', '2022-04-06 12:24:33' , 4, 8 );
INSERT INTO prodotto  VALUES (317, '2022-05-27', '2022-04-06 12:24:33' , 29, 28 );
INSERT INTO prodotto  VALUES (318, '2022-04-24', '2022-04-06 12:24:33' , 34, 7 );
INSERT INTO prodotto  VALUES (319, '2022-04-10', '2022-04-06 12:24:33' , 25, 6 );
INSERT INTO appuntamento  VALUES ('2022-04-02 00:45:37', 60,  20 , 'MRRPTI31B56B762H', 5 );
INSERT INTO turno  VALUES ('2022-04-02 00:45:37' , 'ZDILLZ23P62E029F', '2022-04-02 04:45:37', '2022-04-02 00:45:37', NULL, NULL);
INSERT INTO prodotto  VALUES (320, '2022-04-07', '2022-04-02 00:45:37' , 28, 7 );
INSERT INTO prodotto  VALUES (321, NULL, '2022-04-02 00:45:37' , 41, 8 );
INSERT INTO prodotto  VALUES (322, NULL, '2022-04-02 00:45:37' , 43, 34 );
INSERT INTO prodotto  VALUES (323, '2022-05-14', '2022-04-02 00:45:37' , 12, 1 );
INSERT INTO prodotto  VALUES (324, '2022-05-13', '2022-04-02 00:45:37' , 36, 16 );
INSERT INTO prodotto  VALUES (325, NULL, '2022-04-02 00:45:37' , 50, 18 );
INSERT INTO prodotto  VALUES (326, NULL, '2022-04-02 00:45:37' , 51, 25 );
INSERT INTO prodotto  VALUES (327, '2022-05-17', '2022-04-02 00:45:37' , 22, 15 );
INSERT INTO prodotto  VALUES (328, NULL, '2022-04-02 00:45:37' , 44, 1 );
INSERT INTO prodotto  VALUES (329, '2022-05-03', '2022-04-02 00:45:37' , 34, 31 );
INSERT INTO prodotto  VALUES (330, '2022-04-03', '2022-04-02 00:45:37' , 12, 33 );
INSERT INTO prodotto  VALUES (331, '2022-04-09', '2022-04-02 00:45:37' , 20, 9 );
INSERT INTO prodotto  VALUES (332, NULL, '2022-04-02 00:45:37' , 42, 3 );
INSERT INTO prodotto  VALUES (333, NULL, '2022-04-02 00:45:37' , 49, 6 );
INSERT INTO prodotto  VALUES (334, NULL, '2022-04-02 00:45:37' , 42, 9 );
INSERT INTO appuntamento  VALUES ('2022-04-21 12:16:23', 39,  0 , 'DCXORR57S55L807O', 14 );
INSERT INTO turno  VALUES ('2022-04-21 12:16:23' , 'UPVLQA79T66D851Q', '2022-04-21 16:16:23', '2022-04-21 12:16:23', NULL, NULL);
INSERT INTO prodotto  VALUES (335, '2022-05-13', '2022-04-21 12:16:23' , 30, 15 );
INSERT INTO prodotto  VALUES (336, '2022-05-29', '2022-04-21 12:16:23' , 30, 14 );
INSERT INTO prodotto  VALUES (337, '2022-04-22', '2022-04-21 12:16:23' , 27, 14 );
INSERT INTO prodotto  VALUES (338, NULL, '2022-04-21 12:16:23' , 37, 32 );
INSERT INTO prodotto  VALUES (339, NULL, '2022-04-21 12:16:23' , 49, 12 );
INSERT INTO prodotto  VALUES (340, '2022-05-02', '2022-04-21 12:16:23' , 8, 6 );
INSERT INTO prodotto  VALUES (341, '2022-05-19', '2022-04-21 12:16:23' , 21, 33 );
INSERT INTO prodotto  VALUES (342, '2022-05-04', '2022-04-21 12:16:23' , 9, 21 );
INSERT INTO prodotto  VALUES (343, '2022-05-15', '2022-04-21 12:16:23' , 16, 7 );
INSERT INTO prodotto  VALUES (344, '2022-05-17', '2022-04-21 12:16:23' , 23, 14 );
INSERT INTO prodotto  VALUES (345, '2022-05-28', '2022-04-21 12:16:23' , 25, 34 );
INSERT INTO prodotto  VALUES (346, '2022-05-18', '2022-04-21 12:16:23' , 15, 32 );
INSERT INTO prodotto  VALUES (347, '2022-04-30', '2022-04-21 12:16:23' , 15, 0 );
INSERT INTO appuntamento  VALUES ('2022-04-20 04:15:45', 40,  3 , 'MFOFRB58E25G543T', 1 );
INSERT INTO turno  VALUES ('2022-04-20 04:15:45' , 'NPOHSG50S48F806C', '2022-04-20 08:15:45', '2022-04-20 04:15:45', NULL, NULL);
INSERT INTO prodotto  VALUES (348, '2022-05-29', '2022-04-20 04:15:45' , 9, 4 );
INSERT INTO prodotto  VALUES (349, '2022-04-29', '2022-04-20 04:15:45' , 24, 19 );
INSERT INTO prodotto  VALUES (350, '2022-05-04', '2022-04-20 04:15:45' , 30, 32 );
INSERT INTO prodotto  VALUES (351, NULL, '2022-04-20 04:15:45' , 48, 19 );
INSERT INTO prodotto  VALUES (352, NULL, '2022-04-20 04:15:45' , 43, 23 );
INSERT INTO prodotto  VALUES (353, '2022-05-22', '2022-04-20 04:15:45' , 11, 30 );
INSERT INTO prodotto  VALUES (354, '2022-05-03', '2022-04-20 04:15:45' , 11, 13 );
INSERT INTO prodotto  VALUES (355, NULL, '2022-04-20 04:15:45' , 44, 17 );
INSERT INTO prodotto  VALUES (356, NULL, '2022-04-20 04:15:45' , 38, 33 );
INSERT INTO prodotto  VALUES (357, '2022-05-29', '2022-04-20 04:15:45' , 28, 6 );
INSERT INTO prodotto  VALUES (358, '2022-04-24', '2022-04-20 04:15:45' , 35, 7 );
INSERT INTO appuntamento  VALUES ('2022-04-18 06:43:44', 50,  2 , 'XRDIMX47R02C120C', 13 );
INSERT INTO turno  VALUES ('2022-04-18 06:43:44' , 'SPZICO27C45F191V', '2022-04-18 10:43:44', '2022-04-18 06:43:44', NULL, NULL);
INSERT INTO prodotto  VALUES (359, NULL, '2022-04-18 06:43:44' , 44, 5 );
INSERT INTO prodotto  VALUES (360, NULL, '2022-04-18 06:43:44' , 41, 24 );
INSERT INTO prodotto  VALUES (361, '2022-05-19', '2022-04-18 06:43:44' , 0, 31 );
INSERT INTO prodotto  VALUES (362, NULL, '2022-04-18 06:43:44' , 51, 2 );
INSERT INTO prodotto  VALUES (363, '2022-04-24', '2022-04-18 06:43:44' , 5, 5 );
INSERT INTO prodotto  VALUES (364, '2022-05-18', '2022-04-18 06:43:44' , 18, 34 );
INSERT INTO prodotto  VALUES (365, NULL, '2022-04-18 06:43:44' , 39, 3 );
INSERT INTO prodotto  VALUES (366, NULL, '2022-04-18 06:43:44' , 48, 29 );
INSERT INTO prodotto  VALUES (367, '2022-04-25', '2022-04-18 06:43:44' , 26, 19 );
INSERT INTO prodotto  VALUES (368, NULL, '2022-04-18 06:43:44' , 39, 25 );
INSERT INTO prodotto  VALUES (369, NULL, '2022-04-18 06:43:44' , 44, 7 );
INSERT INTO prodotto  VALUES (370, '2022-04-29', '2022-04-18 06:43:44' , 24, 12 );
INSERT INTO prodotto  VALUES (371, '2022-04-29', '2022-04-18 06:43:44' , 13, 12 );
INSERT INTO appuntamento  VALUES ('2022-04-09 20:59:48', 41,  7 , 'LWEHBY56R04H534E', 2 );
INSERT INTO turno  VALUES ('2022-04-09 20:59:48' , 'ABONZY98S13L753G', '2022-04-10 00:59:48', '2022-04-09 20:59:48', NULL, NULL);
INSERT INTO prodotto  VALUES (372, '2022-05-08', '2022-04-09 20:59:48' , 7, 32 );
INSERT INTO prodotto  VALUES (373, '2022-04-19', '2022-04-09 20:59:48' , 11, 23 );
INSERT INTO prodotto  VALUES (374, NULL, '2022-04-09 20:59:48' , 47, 5 );
INSERT INTO prodotto  VALUES (375, '2022-05-15', '2022-04-09 20:59:48' , 6, 31 );
INSERT INTO prodotto  VALUES (376, '2022-05-31', '2022-04-09 20:59:48' , 28, 10 );
INSERT INTO prodotto  VALUES (377, '2022-05-16', '2022-04-09 20:59:48' , 25, 26 );
INSERT INTO prodotto  VALUES (378, '2022-05-06', '2022-04-09 20:59:48' , 3, 4 );
INSERT INTO prodotto  VALUES (379, '2022-05-13', '2022-04-09 20:59:48' , 31, 3 );
INSERT INTO prodotto  VALUES (380, '2022-04-17', '2022-04-09 20:59:48' , 7, 31 );
INSERT INTO prodotto  VALUES (381, '2022-05-21', '2022-04-09 20:59:48' , 5, 6 );
INSERT INTO prodotto  VALUES (382, '2022-04-18', '2022-04-09 20:59:48' , 2, 3 );
INSERT INTO prodotto  VALUES (383, '2022-04-29', '2022-04-09 20:59:48' , 9, 18 );
INSERT INTO prodotto  VALUES (384, '2022-05-19', '2022-04-09 20:59:48' , 14, 21 );
INSERT INTO prodotto  VALUES (385, '2022-05-12', '2022-04-09 20:59:48' , 2, 12 );
INSERT INTO prodotto  VALUES (386, '2022-05-16', '2022-04-09 20:59:48' , 2, 6 );
INSERT INTO appuntamento  VALUES ('2022-04-23 03:44:04', 44,  3 , 'XZKDOG91D02I326I', 16 );
INSERT INTO turno  VALUES ('2022-04-23 03:44:04' , 'YDAHHK07A23E202Q', '2022-04-23 07:44:04', '2022-04-23 03:44:04', NULL, NULL);
INSERT INTO prodotto  VALUES (387, NULL, '2022-04-23 03:44:04' , 45, 8 );
INSERT INTO prodotto  VALUES (388, '2022-05-31', '2022-04-23 03:44:04' , 17, 2 );
INSERT INTO prodotto  VALUES (389, '2022-04-23', '2022-04-23 03:44:04' , 26, 19 );
INSERT INTO prodotto  VALUES (390, '2022-04-27', '2022-04-23 03:44:04' , 27, 27 );
INSERT INTO prodotto  VALUES (391, '2022-05-15', '2022-04-23 03:44:04' , 33, 21 );
INSERT INTO prodotto  VALUES (392, NULL, '2022-04-23 03:44:04' , 37, 15 );
INSERT INTO prodotto  VALUES (393, '2022-05-10', '2022-04-23 03:44:04' , 22, 24 );
INSERT INTO prodotto  VALUES (394, '2022-04-30', '2022-04-23 03:44:04' , 29, 24 );
INSERT INTO prodotto  VALUES (395, NULL, '2022-04-23 03:44:04' , 50, 12 );
INSERT INTO prodotto  VALUES (396, NULL, '2022-04-23 03:44:04' , 42, 11 );
INSERT INTO prodotto  VALUES (397, '2022-05-02', '2022-04-23 03:44:04' , 19, 34 );
INSERT INTO prodotto  VALUES (398, NULL, '2022-04-23 03:44:04' , 38, 23 );
INSERT INTO prodotto  VALUES (399, '2022-04-27', '2022-04-23 03:44:04' , 14, 18 );
INSERT INTO prodotto  VALUES (400, '2022-05-16', '2022-04-23 03:44:04' , 2, 31 );
INSERT INTO prodotto  VALUES (401, '2022-05-05', '2022-04-23 03:44:04' , 16, 14 );
INSERT INTO appuntamento  VALUES ('2022-04-10 05:10:09', 52,  12 , 'ASYRDJ00B19C227V', 7 );
INSERT INTO turno  VALUES ('2022-04-10 05:10:09' , 'UTANOO85A04D231P', '2022-04-10 09:10:09', '2022-04-10 05:10:09', NULL, NULL);
INSERT INTO prodotto  VALUES (402, NULL, '2022-04-10 05:10:09' , 49, 6 );
INSERT INTO prodotto  VALUES (403, '2022-04-25', '2022-04-10 05:10:09' , 13, 30 );
INSERT INTO prodotto  VALUES (404, '2022-05-27', '2022-04-10 05:10:09' , 29, 3 );
INSERT INTO prodotto  VALUES (405, '2022-05-13', '2022-04-10 05:10:09' , 12, 20 );
INSERT INTO prodotto  VALUES (406, '2022-04-14', '2022-04-10 05:10:09' , 14, 22 );
INSERT INTO prodotto  VALUES (407, NULL, '2022-04-10 05:10:09' , 50, 21 );
INSERT INTO prodotto  VALUES (408, NULL, '2022-04-10 05:10:09' , 38, 25 );
INSERT INTO prodotto  VALUES (409, '2022-05-11', '2022-04-10 05:10:09' , 34, 1 );
INSERT INTO prodotto  VALUES (410, NULL, '2022-04-10 05:10:09' , 41, 13 );
INSERT INTO prodotto  VALUES (411, '2022-05-03', '2022-04-10 05:10:09' , 36, 9 );
INSERT INTO prodotto  VALUES (412, NULL, '2022-04-10 05:10:09' , 40, 5 );
INSERT INTO prodotto  VALUES (413, '2022-05-14', '2022-04-10 05:10:09' , 7, 19 );
INSERT INTO prodotto  VALUES (414, '2022-05-05', '2022-04-10 05:10:09' , 7, 3 );
INSERT INTO prodotto  VALUES (415, '2022-04-15', '2022-04-10 05:10:09' , 23, 7 );
INSERT INTO prodotto  VALUES (416, '2022-05-21', '2022-04-10 05:10:09' , 15, 14 );
INSERT INTO appuntamento  VALUES ('2022-05-16 19:54:18', 44,  0 , 'ANZKDG67R49E581K', 16 );
INSERT INTO turno  VALUES ('2022-05-16 19:54:18' , 'XHFQDC86C67E671T', '2022-05-16 23:54:18', '2022-05-16 19:54:18', NULL, NULL);
INSERT INTO prodotto  VALUES (417, '2022-05-29', '2022-05-16 19:54:18' , 27, 13 );
INSERT INTO prodotto  VALUES (418, '2022-05-20', '2022-05-16 19:54:18' , 30, 17 );
INSERT INTO prodotto  VALUES (419, NULL, '2022-05-16 19:54:18' , 43, 17 );
INSERT INTO prodotto  VALUES (420, NULL, '2022-05-16 19:54:18' , 51, 7 );
INSERT INTO prodotto  VALUES (421, '2022-05-30', '2022-05-16 19:54:18' , 36, 9 );
INSERT INTO prodotto  VALUES (422, '2022-05-31', '2022-05-16 19:54:18' , 1, 27 );
INSERT INTO prodotto  VALUES (423, NULL, '2022-05-16 19:54:18' , 46, 23 );
INSERT INTO prodotto  VALUES (424, '2022-05-23', '2022-05-16 19:54:18' , 10, 4 );
INSERT INTO prodotto  VALUES (425, '2022-05-19', '2022-05-16 19:54:18' , 4, 13 );
INSERT INTO prodotto  VALUES (426, '2022-05-24', '2022-05-16 19:54:18' , 24, 1 );
INSERT INTO prodotto  VALUES (427, '2022-05-23', '2022-05-16 19:54:18' , 3, 33 );
INSERT INTO prodotto  VALUES (428, '2022-05-17', '2022-05-16 19:54:18' , 29, 22 );
INSERT INTO prodotto  VALUES (429, '2022-05-31', '2022-05-16 19:54:18' , 22, 12 );
INSERT INTO prodotto  VALUES (430, NULL, '2022-05-16 19:54:18' , 45, 19 );
INSERT INTO prodotto  VALUES (431, '2022-05-26', '2022-05-16 19:54:18' , 25, 23 );
INSERT INTO appuntamento  VALUES ('2022-05-27 09:08:06', 60,  19 , 'WTNYGX04D20H238Q', 5 );
INSERT INTO turno  VALUES ('2022-05-27 09:08:06' , 'ABONZY98S13L753G', '2022-05-27 13:08:06', '2022-05-27 09:08:06', NULL, NULL);
INSERT INTO prodotto  VALUES (432, '2022-05-27', '2022-05-27 09:08:06' , 30, 0 );
INSERT INTO prodotto  VALUES (433, NULL, '2022-05-27 09:08:06' , 51, 0 );
INSERT INTO prodotto  VALUES (434, '2022-05-27', '2022-05-27 09:08:06' , 13, 24 );
INSERT INTO prodotto  VALUES (435, NULL, '2022-05-27 09:08:06' , 41, 15 );
INSERT INTO prodotto  VALUES (436, '2022-05-27', '2022-05-27 09:08:06' , 7, 5 );
INSERT INTO prodotto  VALUES (437, NULL, '2022-05-27 09:08:06' , 38, 29 );
INSERT INTO prodotto  VALUES (438, NULL, '2022-05-27 09:08:06' , 50, 12 );
INSERT INTO prodotto  VALUES (439, '2022-05-31', '2022-05-27 09:08:06' , 1, 9 );
INSERT INTO prodotto  VALUES (440, '2022-05-28', '2022-05-27 09:08:06' , 8, 14 );
INSERT INTO prodotto  VALUES (441, '2022-05-30', '2022-05-27 09:08:06' , 33, 20 );
INSERT INTO prodotto  VALUES (442, '2022-05-29', '2022-05-27 09:08:06' , 6, 32 );
INSERT INTO prodotto  VALUES (443, '2022-05-28', '2022-05-27 09:08:06' , 0, 32 );
INSERT INTO prodotto  VALUES (444, NULL, '2022-05-27 09:08:06' , 46, 31 );
INSERT INTO prodotto  VALUES (445, '2022-05-31', '2022-05-27 09:08:06' , 35, 13 );
INSERT INTO prodotto  VALUES (446, '2022-05-30', '2022-05-27 09:08:06' , 3, 32 );
INSERT INTO appuntamento  VALUES ('2022-05-03 02:56:28', 52,  9 , 'IEYPVU93L53A919T', 25 );
INSERT INTO turno  VALUES ('2022-05-03 02:56:28' , 'UTANOO85A04D231P', '2022-05-03 06:56:28', '2022-05-03 02:56:28', NULL, NULL);
INSERT INTO prodotto  VALUES (447, '2022-05-20', '2022-05-03 02:56:28' , 22, 16 );
INSERT INTO prodotto  VALUES (448, '2022-05-27', '2022-05-03 02:56:28' , 15, 6 );
INSERT INTO prodotto  VALUES (449, '2022-05-28', '2022-05-03 02:56:28' , 12, 9 );
INSERT INTO prodotto  VALUES (450, NULL, '2022-05-03 02:56:28' , 38, 28 );
INSERT INTO prodotto  VALUES (451, NULL, '2022-05-03 02:56:28' , 44, 29 );
INSERT INTO prodotto  VALUES (452, NULL, '2022-05-03 02:56:28' , 51, 8 );
INSERT INTO prodotto  VALUES (453, NULL, '2022-05-03 02:56:28' , 41, 24 );
INSERT INTO prodotto  VALUES (454, NULL, '2022-05-03 02:56:28' , 43, 31 );
INSERT INTO prodotto  VALUES (455, '2022-05-28', '2022-05-03 02:56:28' , 17, 32 );
INSERT INTO prodotto  VALUES (456, '2022-05-07', '2022-05-03 02:56:28' , 36, 27 );
INSERT INTO prodotto  VALUES (457, NULL, '2022-05-03 02:56:28' , 41, 24 );
INSERT INTO prodotto  VALUES (458, '2022-05-08', '2022-05-03 02:56:28' , 29, 3 );
INSERT INTO prodotto  VALUES (459, '2022-05-04', '2022-05-03 02:56:28' , 25, 5 );
INSERT INTO prodotto  VALUES (460, '2022-05-24', '2022-05-03 02:56:28' , 9, 23 );
INSERT INTO prodotto  VALUES (461, NULL, '2022-05-03 02:56:28' , 48, 22 );
INSERT INTO appuntamento  VALUES ('2022-05-18 11:21:06', 41,  2 , 'MLECPD63L19E058P', 19 );
INSERT INTO turno  VALUES ('2022-05-18 11:21:06' , 'JXBNYN10M10D870O', '2022-05-18 15:21:06', '2022-05-18 11:21:06', NULL, NULL);
INSERT INTO prodotto  VALUES (462, '2022-05-22', '2022-05-18 11:21:06' , 10, 26 );
INSERT INTO prodotto  VALUES (463, '2022-05-31', '2022-05-18 11:21:06' , 26, 18 );
INSERT INTO prodotto  VALUES (464, '2022-05-31', '2022-05-18 11:21:06' , 23, 0 );
INSERT INTO prodotto  VALUES (465, '2022-05-30', '2022-05-18 11:21:06' , 0, 18 );
INSERT INTO prodotto  VALUES (466, '2022-05-25', '2022-05-18 11:21:06' , 36, 9 );
INSERT INTO prodotto  VALUES (467, NULL, '2022-05-18 11:21:06' , 45, 7 );
INSERT INTO prodotto  VALUES (468, '2022-05-19', '2022-05-18 11:21:06' , 17, 2 );
INSERT INTO prodotto  VALUES (469, '2022-05-31', '2022-05-18 11:21:06' , 9, 25 );
INSERT INTO prodotto  VALUES (470, '2022-05-18', '2022-05-18 11:21:06' , 32, 21 );
INSERT INTO prodotto  VALUES (471, NULL, '2022-05-18 11:21:06' , 46, 9 );
INSERT INTO prodotto  VALUES (472, '2022-05-27', '2022-05-18 11:21:06' , 3, 23 );
INSERT INTO prodotto  VALUES (473, '2022-05-30', '2022-05-18 11:21:06' , 30, 18 );
INSERT INTO prodotto  VALUES (474, '2022-05-28', '2022-05-18 11:21:06' , 16, 29 );
INSERT INTO appuntamento  VALUES ('2022-05-18 21:41:32', 60,  18 , 'QPLWCV22R57G635R', 4 );
INSERT INTO turno  VALUES ('2022-05-18 21:41:32' , 'PYBIKG74T54C184H', '2022-05-19 01:41:32', '2022-05-18 21:41:32', NULL, NULL);
INSERT INTO prodotto  VALUES (475, NULL, '2022-05-18 21:41:32' , 48, 1 );
INSERT INTO prodotto  VALUES (476, NULL, '2022-05-18 21:41:32' , 41, 30 );
INSERT INTO prodotto  VALUES (477, '2022-05-29', '2022-05-18 21:41:32' , 16, 12 );
INSERT INTO prodotto  VALUES (478, '2022-05-30', '2022-05-18 21:41:32' , 34, 21 );
INSERT INTO prodotto  VALUES (479, '2022-05-23', '2022-05-18 21:41:32' , 25, 0 );
INSERT INTO prodotto  VALUES (480, '2022-05-23', '2022-05-18 21:41:32' , 12, 9 );
INSERT INTO prodotto  VALUES (481, NULL, '2022-05-18 21:41:32' , 48, 18 );
INSERT INTO prodotto  VALUES (482, '2022-05-24', '2022-05-18 21:41:32' , 28, 27 );
INSERT INTO prodotto  VALUES (483, '2022-05-19', '2022-05-18 21:41:32' , 13, 28 );
INSERT INTO prodotto  VALUES (484, NULL, '2022-05-18 21:41:32' , 42, 32 );
INSERT INTO prodotto  VALUES (485, '2022-05-25', '2022-05-18 21:41:32' , 3, 13 );
INSERT INTO prodotto  VALUES (486, '2022-05-19', '2022-05-18 21:41:32' , 20, 0 );
INSERT INTO prodotto  VALUES (487, NULL, '2022-05-18 21:41:32' , 40, 17 );
INSERT INTO prodotto  VALUES (488, '2022-05-29', '2022-05-18 21:41:32' , 1, 13 );
INSERT INTO prodotto  VALUES (489, NULL, '2022-05-18 21:41:32' , 50, 22 );
INSERT INTO appuntamento  VALUES ('2022-05-25 21:36:34', 30,  0 , 'CHXXWP97M44A621R', 18 );
INSERT INTO turno  VALUES ('2022-05-25 21:36:34' , 'TJZVOJ82E15F797X', '2022-05-26 01:36:34', '2022-05-25 21:36:34', NULL, NULL);
INSERT INTO prodotto  VALUES (490, NULL, '2022-05-25 21:36:34' , 51, 20 );
INSERT INTO prodotto  VALUES (491, '2022-05-31', '2022-05-25 21:36:34' , 5, 6 );
INSERT INTO prodotto  VALUES (492, '2022-05-26', '2022-05-25 21:36:34' , 2, 1 );
INSERT INTO prodotto  VALUES (493, NULL, '2022-05-25 21:36:34' , 51, 25 );
INSERT INTO prodotto  VALUES (494, '2022-05-27', '2022-05-25 21:36:34' , 0, 26 );
INSERT INTO prodotto  VALUES (495, NULL, '2022-05-25 21:36:34' , 45, 1 );
INSERT INTO prodotto  VALUES (496, '2022-05-28', '2022-05-25 21:36:34' , 2, 8 );
INSERT INTO prodotto  VALUES (497, '2022-05-31', '2022-05-25 21:36:34' , 6, 34 );
INSERT INTO prodotto  VALUES (498, '2022-05-30', '2022-05-25 21:36:34' , 17, 3 );
INSERT INTO prodotto  VALUES (499, '2022-05-30', '2022-05-25 21:36:34' , 36, 11 );
INSERT INTO appuntamento  VALUES ('2022-05-05 07:58:48', 44,  2 , 'HLNURF83P55I060K', 29 );
INSERT INTO turno  VALUES ('2022-05-05 07:58:48' , 'FDXAUP38T05C443G', '2022-05-05 11:58:48', '2022-05-05 07:58:48', NULL, NULL);
INSERT INTO prodotto  VALUES (500, '2022-05-14', '2022-05-05 07:58:48' , 18, 16 );
INSERT INTO prodotto  VALUES (501, NULL, '2022-05-05 07:58:48' , 49, 23 );
INSERT INTO prodotto  VALUES (502, '2022-05-23', '2022-05-05 07:58:48' , 27, 19 );
INSERT INTO prodotto  VALUES (503, '2022-05-05', '2022-05-05 07:58:48' , 20, 6 );
INSERT INTO prodotto  VALUES (504, '2022-05-20', '2022-05-05 07:58:48' , 24, 16 );
INSERT INTO prodotto  VALUES (505, NULL, '2022-05-05 07:58:48' , 42, 12 );
INSERT INTO prodotto  VALUES (506, '2022-05-29', '2022-05-05 07:58:48' , 1, 22 );
INSERT INTO prodotto  VALUES (507, '2022-05-19', '2022-05-05 07:58:48' , 2, 24 );
INSERT INTO prodotto  VALUES (508, '2022-05-08', '2022-05-05 07:58:48' , 5, 34 );
INSERT INTO prodotto  VALUES (509, '2022-05-14', '2022-05-05 07:58:48' , 0, 19 );
INSERT INTO prodotto  VALUES (510, NULL, '2022-05-05 07:58:48' , 38, 3 );
INSERT INTO prodotto  VALUES (511, '2022-05-16', '2022-05-05 07:58:48' , 6, 30 );
INSERT INTO prodotto  VALUES (512, '2022-05-22', '2022-05-05 07:58:48' , 7, 4 );
INSERT INTO prodotto  VALUES (513, NULL, '2022-05-05 07:58:48' , 45, 21 );
INSERT INTO prodotto  VALUES (514, NULL, '2022-05-05 07:58:48' , 37, 29 );
INSERT INTO appuntamento  VALUES ('2022-05-09 22:52:55', 52,  10 , 'ASYRDJ00B19C227V', 7 );
INSERT INTO turno  VALUES ('2022-05-09 22:52:55' , 'CKGJTT06B60B413A', '2022-05-10 02:52:55', '2022-05-09 22:52:55', NULL, NULL);
INSERT INTO prodotto  VALUES (515, '2022-05-23', '2022-05-09 22:52:55' , 26, 23 );
INSERT INTO prodotto  VALUES (516, '2022-05-20', '2022-05-09 22:52:55' , 13, 11 );
INSERT INTO prodotto  VALUES (517, '2022-05-29', '2022-05-09 22:52:55' , 28, 34 );
INSERT INTO prodotto  VALUES (518, '2022-05-29', '2022-05-09 22:52:55' , 6, 17 );
INSERT INTO prodotto  VALUES (519, NULL, '2022-05-09 22:52:55' , 45, 26 );
INSERT INTO prodotto  VALUES (520, '2022-05-12', '2022-05-09 22:52:55' , 25, 24 );
INSERT INTO prodotto  VALUES (521, '2022-05-22', '2022-05-09 22:52:55' , 28, 27 );
INSERT INTO prodotto  VALUES (522, NULL, '2022-05-09 22:52:55' , 38, 23 );
INSERT INTO prodotto  VALUES (523, '2022-05-31', '2022-05-09 22:52:55' , 35, 11 );
INSERT INTO prodotto  VALUES (524, '2022-05-18', '2022-05-09 22:52:55' , 24, 9 );
INSERT INTO prodotto  VALUES (525, '2022-05-21', '2022-05-09 22:52:55' , 10, 16 );
INSERT INTO prodotto  VALUES (526, NULL, '2022-05-09 22:52:55' , 39, 25 );
INSERT INTO prodotto  VALUES (527, '2022-05-15', '2022-05-09 22:52:55' , 35, 13 );
INSERT INTO prodotto  VALUES (528, NULL, '2022-05-09 22:52:55' , 41, 20 );
INSERT INTO prodotto  VALUES (529, '2022-05-29', '2022-05-09 22:52:55' , 6, 31 );
INSERT INTO appuntamento  VALUES ('2022-05-10 23:35:40', 39,  1 , 'DCXORR57S55L807O', 14 );
INSERT INTO turno  VALUES ('2022-05-10 23:35:40' , 'YBARYG46R52L704N', '2022-05-11 03:35:40', '2022-05-10 23:35:40', NULL, NULL);
INSERT INTO prodotto  VALUES (530, '2022-05-14', '2022-05-10 23:35:40' , 24, 20 );
INSERT INTO prodotto  VALUES (531, '2022-05-13', '2022-05-10 23:35:40' , 13, 15 );
INSERT INTO prodotto  VALUES (532, NULL, '2022-05-10 23:35:40' , 43, 15 );
INSERT INTO prodotto  VALUES (533, NULL, '2022-05-10 23:35:40' , 39, 32 );
INSERT INTO prodotto  VALUES (534, '2022-05-15', '2022-05-10 23:35:40' , 16, 7 );
INSERT INTO prodotto  VALUES (535, '2022-05-14', '2022-05-10 23:35:40' , 14, 14 );
INSERT INTO prodotto  VALUES (536, '2022-05-15', '2022-05-10 23:35:40' , 2, 6 );
INSERT INTO prodotto  VALUES (537, NULL, '2022-05-10 23:35:40' , 46, 34 );
INSERT INTO prodotto  VALUES (538, '2022-05-13', '2022-05-10 23:35:40' , 19, 20 );
INSERT INTO prodotto  VALUES (539, '2022-05-26', '2022-05-10 23:35:40' , 12, 29 );
INSERT INTO prodotto  VALUES (540, '2022-05-19', '2022-05-10 23:35:40' , 19, 17 );
INSERT INTO prodotto  VALUES (541, NULL, '2022-05-10 23:35:40' , 44, 22 );
INSERT INTO prodotto  VALUES (542, NULL, '2022-05-10 23:35:40' , 48, 24 );
INSERT INTO prodotto  VALUES (543, '2022-05-31', '2022-05-10 23:35:40' , 22, 1 );
INSERT INTO prodotto  VALUES (544, NULL, '2022-05-10 23:35:40' , 41, 13 );
INSERT INTO appuntamento  VALUES ('2022-05-14 07:19:45', 60,  19 , 'UEIPLT94M16B693M', 11 );
INSERT INTO turno  VALUES ('2022-05-14 07:19:45' , 'PYBIKG74T54C184H', '2022-05-14 11:19:45', '2022-05-14 07:19:45', NULL, NULL);
INSERT INTO prodotto  VALUES (545, '2022-05-18', '2022-05-14 07:19:45' , 25, 12 );
INSERT INTO prodotto  VALUES (546, '2022-05-16', '2022-05-14 07:19:45' , 19, 7 );
INSERT INTO prodotto  VALUES (547, '2022-05-25', '2022-05-14 07:19:45' , 6, 28 );
INSERT INTO prodotto  VALUES (548, '2022-05-23', '2022-05-14 07:19:45' , 27, 24 );
INSERT INTO prodotto  VALUES (549, '2022-05-31', '2022-05-14 07:19:45' , 13, 25 );
INSERT INTO prodotto  VALUES (550, '2022-05-16', '2022-05-14 07:19:45' , 27, 12 );
INSERT INTO prodotto  VALUES (551, '2022-05-22', '2022-05-14 07:19:45' , 23, 3 );
INSERT INTO prodotto  VALUES (552, NULL, '2022-05-14 07:19:45' , 48, 9 );
INSERT INTO prodotto  VALUES (553, '2022-05-24', '2022-05-14 07:19:45' , 29, 28 );
INSERT INTO prodotto  VALUES (554, NULL, '2022-05-14 07:19:45' , 41, 26 );
INSERT INTO prodotto  VALUES (555, '2022-05-30', '2022-05-14 07:19:45' , 17, 25 );
INSERT INTO prodotto  VALUES (556, '2022-05-17', '2022-05-14 07:19:45' , 4, 5 );
INSERT INTO prodotto  VALUES (557, NULL, '2022-05-14 07:19:45' , 40, 8 );
INSERT INTO prodotto  VALUES (558, '2022-05-16', '2022-05-14 07:19:45' , 29, 12 );
INSERT INTO prodotto  VALUES (559, NULL, '2022-05-14 07:19:45' , 39, 27 );
INSERT INTO appuntamento  VALUES ('2022-05-23 08:52:43', 40,  1 , 'MRLASD51R41A344W', 17 );
INSERT INTO turno  VALUES ('2022-05-23 08:52:43' , 'GWCUAI02P04C208I', '2022-05-23 12:52:43', '2022-05-23 08:52:43', NULL, NULL);
INSERT INTO prodotto  VALUES (560, '2022-05-29', '2022-05-23 08:52:43' , 30, 2 );
INSERT INTO prodotto  VALUES (561, NULL, '2022-05-23 08:52:43' , 46, 23 );
INSERT INTO prodotto  VALUES (562, '2022-05-23', '2022-05-23 08:52:43' , 1, 34 );
INSERT INTO prodotto  VALUES (563, NULL, '2022-05-23 08:52:43' , 44, 6 );
INSERT INTO prodotto  VALUES (564, NULL, '2022-05-23 08:52:43' , 40, 12 );
INSERT INTO prodotto  VALUES (565, '2022-05-30', '2022-05-23 08:52:43' , 6, 22 );
INSERT INTO prodotto  VALUES (566, NULL, '2022-05-23 08:52:43' , 48, 2 );
INSERT INTO prodotto  VALUES (567, '2022-05-26', '2022-05-23 08:52:43' , 12, 25 );
INSERT INTO prodotto  VALUES (568, NULL, '2022-05-23 08:52:43' , 43, 3 );
INSERT INTO prodotto  VALUES (569, '2022-05-30', '2022-05-23 08:52:43' , 24, 0 );
INSERT INTO prodotto  VALUES (570, NULL, '2022-05-23 08:52:43' , 44, 26 );
INSERT INTO prodotto  VALUES (571, NULL, '2022-05-23 08:52:43' , 38, 9 );
INSERT INTO prodotto  VALUES (572, '2022-05-30', '2022-05-23 08:52:43' , 15, 7 );
INSERT INTO prodotto  VALUES (573, '2022-05-27', '2022-05-23 08:52:43' , 1, 5 );
INSERT INTO appuntamento  VALUES ('2022-05-21 16:23:07', 50,  9 , 'XRDIMX47R02C120C', 13 );
INSERT INTO turno  VALUES ('2022-05-21 16:23:07' , 'HYJUTG52E44E512G', '2022-05-21 20:23:07', '2022-05-21 16:23:07', NULL, NULL);
INSERT INTO prodotto  VALUES (574, '2022-05-23', '2022-05-21 16:23:07' , 35, 33 );
INSERT INTO prodotto  VALUES (575, '2022-05-25', '2022-05-21 16:23:07' , 24, 18 );
INSERT INTO prodotto  VALUES (576, '2022-05-29', '2022-05-21 16:23:07' , 29, 17 );
INSERT INTO prodotto  VALUES (577, NULL, '2022-05-21 16:23:07' , 39, 6 );
INSERT INTO prodotto  VALUES (578, '2022-05-27', '2022-05-21 16:23:07' , 20, 0 );
INSERT INTO prodotto  VALUES (579, '2022-05-25', '2022-05-21 16:23:07' , 2, 30 );
INSERT INTO prodotto  VALUES (580, '2022-05-30', '2022-05-21 16:23:07' , 19, 15 );
INSERT INTO prodotto  VALUES (581, NULL, '2022-05-21 16:23:07' , 45, 8 );
INSERT INTO prodotto  VALUES (582, '2022-05-30', '2022-05-21 16:23:07' , 25, 33 );
INSERT INTO prodotto  VALUES (583, NULL, '2022-05-21 16:23:07' , 49, 23 );
INSERT INTO prodotto  VALUES (584, '2022-05-27', '2022-05-21 16:23:07' , 35, 9 );
INSERT INTO prodotto  VALUES (585, NULL, '2022-05-21 16:23:07' , 43, 5 );
INSERT INTO prodotto  VALUES (586, NULL, '2022-05-21 16:23:07' , 40, 15 );
INSERT INTO prodotto  VALUES (587, '2022-05-25', '2022-05-21 16:23:07' , 27, 30 );
INSERT INTO prodotto  VALUES (588, '2022-05-27', '2022-05-21 16:23:07' , 18, 29 );
INSERT INTO appuntamento  VALUES ('2022-05-01 20:10:50', 47,  1 , 'YSLUHO02R26B581R', 3 );
INSERT INTO turno  VALUES ('2022-05-01 20:10:50' , 'XXKHUE65S01G049L', '2022-05-02 00:10:50', '2022-05-01 20:10:50', NULL, NULL);
INSERT INTO prodotto  VALUES (589, '2022-05-30', '2022-05-01 20:10:50' , 36, 22 );
INSERT INTO prodotto  VALUES (590, NULL, '2022-05-01 20:10:50' , 51, 18 );
INSERT INTO prodotto  VALUES (591, NULL, '2022-05-01 20:10:50' , 49, 30 );
INSERT INTO prodotto  VALUES (592, '2022-05-07', '2022-05-01 20:10:50' , 18, 13 );
INSERT INTO prodotto  VALUES (593, '2022-05-22', '2022-05-01 20:10:50' , 11, 1 );
INSERT INTO prodotto  VALUES (594, '2022-05-23', '2022-05-01 20:10:50' , 26, 7 );
INSERT INTO prodotto  VALUES (595, NULL, '2022-05-01 20:10:50' , 45, 26 );
INSERT INTO prodotto  VALUES (596, '2022-05-05', '2022-05-01 20:10:50' , 8, 28 );
INSERT INTO prodotto  VALUES (597, '2022-05-13', '2022-05-01 20:10:50' , 32, 6 );
INSERT INTO prodotto  VALUES (598, '2022-05-11', '2022-05-01 20:10:50' , 25, 29 );
INSERT INTO prodotto  VALUES (599, '2022-05-20', '2022-05-01 20:10:50' , 3, 8 );
INSERT INTO prodotto  VALUES (600, NULL, '2022-05-01 20:10:50' , 51, 0 );
INSERT INTO prodotto  VALUES (601, NULL, '2022-05-01 20:10:50' , 49, 28 );
INSERT INTO appuntamento  VALUES ('2022-05-12 09:21:08', 60,  15 , 'AZFPGA59S53M009T', 23 );
INSERT INTO turno  VALUES ('2022-05-12 09:21:08' , 'GSNSSO88P61D177E', '2022-05-12 13:21:08', '2022-05-12 09:21:08', NULL, NULL);
INSERT INTO prodotto  VALUES (602, '2022-05-29', '2022-05-12 09:21:08' , 28, 24 );
INSERT INTO prodotto  VALUES (603, '2022-05-13', '2022-05-12 09:21:08' , 29, 31 );
INSERT INTO prodotto  VALUES (604, '2022-05-21', '2022-05-12 09:21:08' , 26, 15 );
INSERT INTO prodotto  VALUES (605, '2022-05-17', '2022-05-12 09:21:08' , 16, 1 );
INSERT INTO prodotto  VALUES (606, '2022-05-30', '2022-05-12 09:21:08' , 18, 1 );
INSERT INTO prodotto  VALUES (607, NULL, '2022-05-12 09:21:08' , 39, 16 );
INSERT INTO prodotto  VALUES (608, '2022-05-25', '2022-05-12 09:21:08' , 25, 10 );
INSERT INTO prodotto  VALUES (609, NULL, '2022-05-12 09:21:08' , 48, 1 );
INSERT INTO prodotto  VALUES (610, NULL, '2022-05-12 09:21:08' , 47, 33 );
INSERT INTO prodotto  VALUES (611, '2022-05-14', '2022-05-12 09:21:08' , 28, 34 );
INSERT INTO prodotto  VALUES (612, '2022-05-27', '2022-05-12 09:21:08' , 24, 33 );
INSERT INTO prodotto  VALUES (613, '2022-05-19', '2022-05-12 09:21:08' , 23, 13 );
INSERT INTO prodotto  VALUES (614, '2022-05-18', '2022-05-12 09:21:08' , 8, 33 );
INSERT INTO prodotto  VALUES (615, '2022-05-29', '2022-05-12 09:21:08' , 18, 9 );
INSERT INTO prodotto  VALUES (616, NULL, '2022-05-12 09:21:08' , 42, 13 );
INSERT INTO appuntamento  VALUES ('2022-05-22 23:43:09', 40,  3 , 'AEXKPH68B05M363O', 1 );
INSERT INTO turno  VALUES ('2022-05-22 23:43:09' , 'PYBIKG74T54C184H', '2022-05-23 03:43:09', '2022-05-22 23:43:09', NULL, NULL);
INSERT INTO prodotto  VALUES (617, '2022-05-24', '2022-05-22 23:43:09' , 34, 6 );
INSERT INTO prodotto  VALUES (618, '2022-05-25', '2022-05-22 23:43:09' , 19, 10 );
INSERT INTO prodotto  VALUES (619, NULL, '2022-05-22 23:43:09' , 40, 33 );
INSERT INTO prodotto  VALUES (620, '2022-05-26', '2022-05-22 23:43:09' , 18, 30 );
INSERT INTO prodotto  VALUES (621, '2022-05-30', '2022-05-22 23:43:09' , 29, 28 );
INSERT INTO prodotto  VALUES (622, '2022-05-23', '2022-05-22 23:43:09' , 5, 27 );
INSERT INTO prodotto  VALUES (623, NULL, '2022-05-22 23:43:09' , 44, 5 );
INSERT INTO prodotto  VALUES (624, '2022-05-26', '2022-05-22 23:43:09' , 8, 20 );
INSERT INTO prodotto  VALUES (625, '2022-05-30', '2022-05-22 23:43:09' , 7, 23 );
INSERT INTO prodotto  VALUES (626, '2022-05-27', '2022-05-22 23:43:09' , 12, 7 );
INSERT INTO prodotto  VALUES (627, NULL, '2022-05-22 23:43:09' , 40, 10 );
INSERT INTO prodotto  VALUES (628, NULL, '2022-05-22 23:43:09' , 48, 2 );
INSERT INTO prodotto  VALUES (629, '2022-05-25', '2022-05-22 23:43:09' , 20, 30 );


INSERT INTO prodotto  VALUES (630, '2020-11-19', NULL , 10, 22 );
INSERT INTO prodotto  VALUES (631, '2020-11-11', NULL , 36, 32 );
INSERT INTO prodotto  VALUES (632, '2020-12-15', NULL , 11, 18 );
INSERT INTO prodotto  VALUES (633, '2021-04-28', NULL , 17, 32 );
INSERT INTO prodotto  VALUES (634, '2021-04-27', NULL , 22, 2 );
INSERT INTO prodotto  VALUES (635, '2021-10-27', NULL , 32, 14 );
INSERT INTO prodotto  VALUES (636, '2021-08-06', NULL , 7, 24 );
INSERT INTO prodotto  VALUES (637, '2020-12-08', NULL , 2, 20 );
INSERT INTO prodotto  VALUES (638, '2020-04-16', NULL , 4, 8 );
INSERT INTO prodotto  VALUES (639, '2020-01-07', NULL , 18, 18 );
INSERT INTO prodotto  VALUES (640, '2020-09-19', NULL , 34, 25 );
INSERT INTO prodotto  VALUES (641, '2021-03-14', NULL , 31, 1 );
INSERT INTO prodotto  VALUES (642, '2021-05-21', NULL , 24, 25 );
INSERT INTO prodotto  VALUES (643, '2020-01-11', NULL , 19, 12 );
INSERT INTO prodotto  VALUES (644, '2020-10-01', NULL , 36, 34 );
INSERT INTO prodotto  VALUES (645, '2021-01-11', NULL , 12, 1 );
INSERT INTO prodotto  VALUES (646, '2021-06-01', NULL , 10, 21 );
INSERT INTO prodotto  VALUES (647, '2020-06-04', NULL , 23, 3 );
INSERT INTO prodotto  VALUES (648, '2021-05-08', NULL , 23, 2 );
INSERT INTO prodotto  VALUES (649, '2022-04-19', NULL , 11, 32 );
INSERT INTO prodotto  VALUES (650, '2020-06-09', NULL , 20, 32 );
INSERT INTO prodotto  VALUES (651, '2020-03-19', NULL , 35, 6 );
INSERT INTO prodotto  VALUES (652, '2021-02-13', NULL , 24, 19 );
INSERT INTO prodotto  VALUES (653, '2021-03-05', NULL , 9, 24 );
INSERT INTO prodotto  VALUES (654, '2021-01-25', NULL , 6, 13 );


INSERT INTO prodotto  VALUES (655, NULL, NULL , 35,  31 );
INSERT INTO prodotto  VALUES (656, '2022-06-18', NULL , 43,  9 );
INSERT INTO prodotto  VALUES (657, '2022-03-09', NULL , 43,  15 );
INSERT INTO prodotto  VALUES (658, '2022-03-27', NULL , 46,  1 );
INSERT INTO prodotto  VALUES (659, NULL, NULL , 2,  7 );
INSERT INTO prodotto  VALUES (660, NULL, NULL , 22,  5 );
INSERT INTO prodotto  VALUES (661, NULL, NULL , 27,  3 );
INSERT INTO prodotto  VALUES (662, NULL, NULL , 23,  18 );
INSERT INTO prodotto  VALUES (663, NULL, NULL , 25,  1 );
INSERT INTO prodotto  VALUES (664, '2022-02-03', NULL , 48,  21 );
INSERT INTO prodotto  VALUES (665, NULL, NULL , 9,  19 );
INSERT INTO prodotto  VALUES (666, NULL, NULL , 19,  6 );
INSERT INTO prodotto  VALUES (667, NULL, NULL , 18,  22 );
INSERT INTO prodotto  VALUES (668, '2022-03-25', NULL , 48,  19 );
INSERT INTO prodotto  VALUES (669, '2022-04-27', NULL , 49,  5 );
INSERT INTO prodotto  VALUES (670, '2022-03-29', NULL , 42,  21 );
INSERT INTO prodotto  VALUES (671, '2022-04-17', NULL , 42,  1 );
INSERT INTO prodotto  VALUES (672, NULL, NULL , 29,  1 );
INSERT INTO prodotto  VALUES (673, NULL, NULL , 33,  16 );
INSERT INTO prodotto  VALUES (674, '2022-03-29', NULL , 40,  26 );
INSERT INTO prodotto  VALUES (675, NULL, NULL , 5,  31 );
INSERT INTO prodotto  VALUES (676, '2022-02-26', NULL , 50,  21 );
INSERT INTO prodotto  VALUES (677, NULL, NULL , 13,  11 );
INSERT INTO prodotto  VALUES (678, NULL, NULL , 9,  13 );
INSERT INTO prodotto  VALUES (679, NULL, NULL , 36,  1 );
INSERT INTO prodotto  VALUES (680, NULL, NULL , 9,  14 );
INSERT INTO prodotto  VALUES (681, '2022-03-11', NULL , 49,  6 );
INSERT INTO prodotto  VALUES (682, NULL, NULL , 34,  33 );
INSERT INTO prodotto  VALUES (683, '2022-06-01', NULL , 46,  11 );
INSERT INTO prodotto  VALUES (684, NULL, NULL , 17,  23 );
INSERT INTO prodotto  VALUES (685, '2022-02-15', NULL , 49,  4 );
INSERT INTO prodotto  VALUES (686, '2022-05-21', NULL , 45,  7 );
INSERT INTO prodotto  VALUES (687, NULL, NULL , 24,  30 );
INSERT INTO prodotto  VALUES (688, NULL, NULL , 5,  32 );
INSERT INTO prodotto  VALUES (689, '2022-04-20', NULL , 51,  0 );
INSERT INTO prodotto  VALUES (690, NULL, NULL , 4,  32 );
INSERT INTO prodotto  VALUES (691, NULL, NULL , 15,  17 );
INSERT INTO prodotto  VALUES (692, '2022-01-05', NULL , 50,  29 );
INSERT INTO prodotto  VALUES (693, NULL, NULL , 23,  15 );
INSERT INTO prodotto  VALUES (694, NULL, NULL , 34,  25 );
INSERT INTO prodotto  VALUES (695, NULL, NULL , 25,  12 );
INSERT INTO prodotto  VALUES (696, NULL, NULL , 4,  26 );
INSERT INTO prodotto  VALUES (697, '2022-05-17', NULL , 37,  18 );
INSERT INTO prodotto  VALUES (698, NULL, NULL , 19,  17 );
INSERT INTO prodotto  VALUES (699, NULL, NULL , 32,  5 );
INSERT INTO prodotto  VALUES (700, NULL, NULL , 28,  6 );
INSERT INTO prodotto  VALUES (701, NULL, NULL , 22,  22 );
INSERT INTO prodotto  VALUES (702, NULL, NULL , 16,  15 );
INSERT INTO prodotto  VALUES (703, NULL, NULL , 17,  11 );
INSERT INTO prodotto  VALUES (704, NULL, NULL , 12,  16 );
INSERT INTO prodotto  VALUES (705, '2022-05-13', NULL , 45,  16 );
INSERT INTO prodotto  VALUES (706, NULL, NULL , 8,  15 );
INSERT INTO prodotto  VALUES (707, NULL, NULL , 30,  32 );
INSERT INTO prodotto  VALUES (708, '2022-06-18', NULL , 37,  13 );
INSERT INTO prodotto  VALUES (709, '2022-04-24', NULL , 50,  8 );
INSERT INTO prodotto  VALUES (710, '2022-05-06', NULL , 50,  32 );
INSERT INTO prodotto  VALUES (711, '2022-01-15', NULL , 49,  17 );
INSERT INTO prodotto  VALUES (712, NULL, NULL , 21,  8 );
INSERT INTO prodotto  VALUES (713, '2022-05-26', NULL , 48,  25 );
INSERT INTO prodotto  VALUES (714, NULL, NULL , 1,  9 );
INSERT INTO prodotto  VALUES (715, '2022-03-05', NULL , 44,  27 );
INSERT INTO prodotto  VALUES (716, NULL, NULL , 36,  10 );
INSERT INTO prodotto  VALUES (717, NULL, NULL , 17,  11 );
INSERT INTO prodotto  VALUES (718, NULL, NULL , 19,  3 );
INSERT INTO prodotto  VALUES (719, NULL, NULL , 15,  21 );
INSERT INTO prodotto  VALUES (720, NULL, NULL , 26,  30 );
INSERT INTO prodotto  VALUES (721, NULL, NULL , 7,  17 );
INSERT INTO prodotto  VALUES (722, NULL, NULL , 4,  5 );
INSERT INTO prodotto  VALUES (723, NULL, NULL , 29,  29 );
INSERT INTO prodotto  VALUES (724, '2022-04-25', NULL , 50,  28 );
INSERT INTO prodotto  VALUES (725, '2022-03-05', NULL , 42,  0 );
INSERT INTO prodotto  VALUES (726, NULL, NULL , 23,  31 );
INSERT INTO prodotto  VALUES (727, '2022-02-20', NULL , 39,  6 );
INSERT INTO prodotto  VALUES (728, '2022-06-14', NULL , 45,  6 );
INSERT INTO prodotto  VALUES (729, NULL, NULL , 36,  28 );


