set search_path to socialMarket;


INSERT INTO ente  VALUES (0 , 'Ricciardi, Moccia e Filippini s.r.l.','Piazza Adriana, 7 Appartamento 44
92014, Porto Empedocle (AG)');
INSERT INTO ente  VALUES (1 , 'Scalera, Tasca e Berlusconi e figli','Vicolo Dellucci, 5 Piano 7
00068, Rignano Flaminio (RM)');
INSERT INTO ente  VALUES (2 , 'Onio, Pisano e Mozart e figli','Vicolo Eleanora, 72
37014, Sandra (VR)');
INSERT INTO ente  VALUES (3 , 'Pelli-Nordio SPA','Stretto Adelasia, 44
23896, Bevera Di Sirtori (LC)');
INSERT INTO ente  VALUES (4 , 'Rubbia-Interiano s.r.l.','Incrocio Tuzzolino, 293 Appartamento 89
16153, Borzoli (GE)');
INSERT INTO ente  VALUES (5 , 'Blasi s.r.l.','Piazza Scarponi, 0
70019, Triggiano (BA)');
INSERT INTO ente  VALUES (6 , 'Argento, Boccioni e Pisaroni e figli','Via Elladio, 779 Piano 3
20844, Tregasio (MB)');
INSERT INTO ente  VALUES (7 , 'Florio, Badoglio e Siffredi SPA','Viale Rosmini, 64
12056, San Donato Di Mango (CN)');
INSERT INTO ente  VALUES (8 , 'Valmarana-Catenazzi SPA','Viale Laura, 57
22032, Albese Con Cassano (CO)');
INSERT INTO ente  VALUES (9 , 'Borsellino-Chinnici Group','Vicolo Gianni, 790
24035, Curno (BG)');
INSERT INTO ente  VALUES (10 , 'Bignardi-Bembo e figli','Strada Enzo, 659
70042, Mola Di Bari (BA)');
INSERT INTO ente  VALUES (11 , 'Castelli, Trombetta e Veltroni SPA','Rotonda Bernardo, 43 Appartamento 7
66034, Villa Elce (CH)');
INSERT INTO ente  VALUES (12 , 'Monduzzi, Calgari e Nievo SPA','Rotonda Lilla, 3 Appartamento 78
25018, SantAntonio (BS)');
INSERT INTO ente  VALUES (13 , 'Serraglio e figli','Incrocio Cociarelli, 58 Piano 6
02045, Limiti Di Greccio (RI)');
INSERT INTO ente  VALUES (14 , 'Gremese, Trentin e Ceri SPA','Piazza Cristina, 47
36051, Olmo (VI)');
INSERT INTO ente  VALUES (15 , 'Paganini s.r.l.','Piazza Lolita, 585 Appartamento 8
13020, Cravagliana (VC)');
INSERT INTO ente  VALUES (16 , 'Pace, Gigli e Andreozzi SPA','Stretto Anita, 82
10129, Torino (TO)');
INSERT INTO ente  VALUES (17 , 'Ricci s.r.l.','Rotonda Michela, 3
32043, Cortina DAmpezzo (BL)');
INSERT INTO ente  VALUES (18 , 'Barcella Group','Viale Dante, 17 Piano 2
42033, Marola (RE)');
INSERT INTO ente  VALUES (19 , 'Traversa, Scaduto e Mercati s.r.l.','Vicolo Basadonna, 1
97100, Ragusa (RG)');


INSERT INTO volontario  VALUES ('PJGGFT18A09C659I', 'Lilla', 'Correr', '1977-03-14', 'Canelli Recapito Gancia', '1485265148768', 'M', 'Wagon , Coupe' , NULL, NULL );
INSERT INTO volontario  VALUES ('BNDLPV00S14I393F', 'Ugo', 'Nosiglia', '1973-08-05', 'Valnegra', '2015977566116', 'M', 'Pickup' , NULL, 'Venerdì mattina  , Sabato pomeriggio' );
INSERT INTO volontario  VALUES ('SMEQJA48A21A274H', 'Uberto', 'Cesaroni', '2004-09-01', 'Garn', '0813362514768', 'F', 'Wagon , Coupe' , NULL, NULL );
INSERT INTO volontario  VALUES ('WLTFFH63P05F614G', 'Emma', 'Serraglio', '1974-08-17', 'Villammare', '9039987882100', 'Others', 'SUV' , 'ricezione', 'Martedì pomeriggio , Giovedì mattina ' );
INSERT INTO volontario  VALUES ('JTZNFI79E01A332R', 'Saverio', 'Mastroianni', '1963-12-17', 'Soprana', '2790165521075', 'F', 'Pickup' , 'ricezione , trasporto', NULL );
INSERT INTO volontario  VALUES ('EJHVKT96D63F773E', 'Vito', 'Filogamo', '2001-04-10', 'Ospedaletti', '2390078322684', 'F', 'MiniVan' , 'ricezione , trasporto , supervisione', NULL );
INSERT INTO volontario  VALUES ('ORXSBP66B49L922P', 'Calogero', 'Nugnes', '2004-12-23', 'Cataeggio', '6026789173275', 'F', NULL , 'trasporto , ricezione', 'Martedì mattina ' );
INSERT INTO volontario  VALUES ('QGGKJQ35E45M323K', 'Mauro', 'Blasi', '2002-02-07', 'Collefontana', '9156856008983', 'F', NULL , 'trasporto , supervisione , ricezione', NULL );
INSERT INTO volontario  VALUES ('XOYZAU24T61C710D', 'Antonino', 'Lovato', '1960-01-11', 'Ferla', '9905587201587', 'F', NULL , 'supervisione , ricezione , trasporto', NULL );
INSERT INTO volontario  VALUES ('KOOMPK34C63C653G', 'Ubaldo', 'Migliaccio', '1981-03-12', 'Porto Recanati', '9335574154005', 'M', NULL , 'supervisione , trasporto', NULL );
INSERT INTO volontario  VALUES ('QCBDLO81R12F932T', 'Gelsomina', 'Greco', '1994-10-17', 'Campobello Ravanusa Stazione', '0901469739699', 'Others', 'Van' , 'supervisione', 'Sabato pomeriggio' );
INSERT INTO volontario  VALUES ('WEYTFQ62H28A103E', 'Renata', 'Abate', '1994-06-28', 'Serramonacesca', '6199865127045', 'Others', 'Sedan , Coupe' , 'supervisione , trasporto', 'Mercoledì pomeriggio , Lunedì mattina ' );
INSERT INTO volontario  VALUES ('RNSGHF00B28A351R', 'Ruggiero', 'Mazzi', '1974-01-16', 'Pazzera', '1706662087241', 'Others', 'Van , Pickup' , 'ricezione , trasporto', NULL );
INSERT INTO volontario  VALUES ('NAEKLE31C47I801E', 'Alessio', 'Navone', '1989-03-27', 'Meco', '9801862901005', 'F', 'MiniVan , SUV' , 'trasporto , supervisione', 'Martedì mattina ' );
INSERT INTO volontario  VALUES ('WKWUJW56H64M072L', 'Stefani', 'Casalodi', '1969-06-21', 'Viotto', '7918077402329', 'Others', 'Van , Sedan' , 'ricezione', 'Venerdì mattina ' );
INSERT INTO volontario  VALUES ('UTYKYM78S44I357K', 'Virgilio', 'Cutuli', '2004-03-16', 'Caraffa Di Catanzaro', '4320094171965', 'M', 'Coupe , Wagon' , 'supervisione , ricezione', NULL );
INSERT INTO volontario  VALUES ('QOLNEG29H07D037U', 'Massimiliano', 'Mercantini', '1992-07-07', 'Piobesi Torinese', '2360284769954', 'F', 'Sedan , Coupe' , 'supervisione', 'Martedì mattina  , Sabato pomeriggio' );
INSERT INTO volontario  VALUES ('EPIGAD52C14G359S', 'Clelia', 'Roero', '2003-03-28', 'Monzambano', '2605880069943', 'M', 'Pickup , SUV' , 'supervisione , ricezione , trasporto', 'Mercoledì mattina  , Sabato pomeriggio' );
INSERT INTO volontario  VALUES ('XUNVJK01L10H366E', 'Giorgia', 'Flaiano', '1994-03-31', 'Grazzano Badoglio', '8033552856040', 'Others', 'Wagon' , 'trasporto , supervisione , ricezione', 'Venerdì pomeriggio' );
INSERT INTO volontario  VALUES ('OQVYVB69S64D018R', 'Eraldo', 'Renault', '1983-07-19', 'Molino Di Bascio', '9246986007532', 'Others', 'MiniVan' , 'trasporto , ricezione , supervisione', NULL );
INSERT INTO volontario  VALUES ('WROEDC49P54F068Z', 'Filippo', 'Trillini', '1996-05-30', 'Sala', '5805923187531', 'F', 'MiniVan' , 'ricezione , supervisione', 'Martedì mattina ' );
INSERT INTO volontario  VALUES ('RUIWSE90P24L359I', 'Barbara', 'Salieri', '1995-11-09', 'Vindoli', '8555850532497', 'M', 'MiniVan' , 'trasporto , ricezione , supervisione', 'Venerdì pomeriggio' );
INSERT INTO volontario  VALUES ('TUYKQW19C63B527A', 'Amanda', 'Nordio', '1994-03-31', 'Alba', '4922099547337', 'M', 'Pickup' , NULL, 'Giovedì mattina ' );
INSERT INTO volontario  VALUES ('XLZOOY10E60F065T', 'Vincenza', 'Marangoni', '1980-09-06', 'Sticciano Stazione', '1936539326358', 'M', 'Coupe' , 'supervisione , ricezione , trasporto', 'Martedì pomeriggio' );
INSERT INTO volontario  VALUES ('JYQZGN05M11C595K', 'Ottone', 'Giradello', '1999-12-04', 'Castronuovo Di SantAndrea', '3098547275390', 'Others', 'Van , Pickup' , NULL, NULL );
INSERT INTO volontario  VALUES ('PRZJFR72H05D246C', 'Greca', 'Cerquiglini', '1971-12-07', 'San Pietro Viminario', '7176696543768', 'Others', 'MiniVan , Van' , 'ricezione , trasporto , supervisione', NULL );
INSERT INTO volontario  VALUES ('UTUSQC77H54B149C', 'Alessandra', 'Scarpetta', '2003-06-29', 'Testana', '2594428443618', 'M', 'Wagon , Van' , NULL, NULL );
INSERT INTO volontario  VALUES ('OYBWJD67R43E233L', 'Bernardo', 'Ferragamo', '2003-10-15', 'Casal Di Basso', '2887021220691', 'M', 'SUV' , NULL, 'Lunedì mattina ' );
INSERT INTO volontario  VALUES ('ZCEQNJ79P24E855E', 'Alfio', 'Piazzi', '2003-10-15', 'Veronella', '9837115895436', 'M', 'Wagon , SUV' , 'supervisione , ricezione', NULL );
INSERT INTO volontario  VALUES ('XFTKKX85M60E184T', 'Cristina', 'Depero', '1962-10-09', 'Ardore Marina', '7996776674518', 'F', 'SUV' , NULL, NULL );
INSERT INTO volontario  VALUES ('AQGCGH30R26G643Q', 'Sergius', 'Bragadin', '1983-03-07', 'Rocca Pietore', '4585203598564', 'M', 'Pickup , Van' , 'ricezione', NULL );
INSERT INTO volontario  VALUES ('QMGUOB09S67M025I', 'Costanzo', 'Fioravanti', '1988-10-04', 'Crespiatica', '6861558401430', 'M', 'SUV , Van' , 'ricezione , supervisione , trasporto', 'Mercoledì mattina  , Martedì mattina ' );
INSERT INTO volontario  VALUES ('RTOYMI74T54C588X', 'Ciro', 'Pinamonte', '1975-08-07', 'Niviano Castello', '0236330683889', 'F', NULL , 'ricezione , trasporto , supervisione', 'Sabato mattina ' );
INSERT INTO volontario  VALUES ('PAIDLW18B48C395J', 'Giampiero', 'Schiavone', '1999-10-30', 'Mantova', '7604139169187', 'F', 'SUV , Coupe' , 'ricezione', 'Lunedì pomeriggio' );
INSERT INTO volontario  VALUES ('CJHUGM73A01F464Y', 'Goffredo', 'Bombieri', '1981-02-27', 'San Marco Roggiano Stazione', '3556187115734', 'Others', 'Van , SUV' , NULL, 'Mercoledì mattina  , Lunedì mattina ' );
INSERT INTO volontario  VALUES ('UWFUBQ98M05L617J', 'Osvaldo', 'Lippomano', '1974-02-17', 'Capezzine', '9028479701167', 'Others', NULL , 'ricezione', 'Sabato pomeriggio' );
INSERT INTO volontario  VALUES ('YJVJXQ26B44G979Q', 'Federico', 'Argenti', '1972-05-15', 'Zinasco Vecchio', '2465035300221', 'F', 'Pickup' , NULL, 'Lunedì mattina  , Venerdì mattina ' );
INSERT INTO volontario  VALUES ('XKXVIA43D21I382T', 'Saverio', 'Dalla', '1968-05-13', 'Macerone', '6736040054934', 'M', 'SUV' , NULL, 'Martedì pomeriggio , Mercoledì mattina ' );
INSERT INTO volontario  VALUES ('SVDDBF18B14C577B', 'Rossana', 'Casaleggio', '1986-06-10', 'Gambulaga', '7592158304808', 'M', 'Coupe , Pickup' , 'ricezione , trasporto', NULL );
INSERT INTO volontario  VALUES ('CCCXXR24A27F265F', 'Antonia', 'Deledda', '1992-07-18', 'Atena Lucana Scalo', '1642480827426', 'Others', 'Coupe , Wagon' , 'trasporto , supervisione', 'Lunedì pomeriggio , Lunedì mattina ' );
INSERT INTO volontario  VALUES ('PJGWYZ49E05E911I', 'Zaira', 'Morabito', '1980-11-07', 'Bousson', '8983457983365', 'F', 'Wagon' , NULL, 'Mercoledì mattina ' );
INSERT INTO volontario  VALUES ('NXYSTN67A64B237U', 'Loredana', 'Ubaldi', '2002-03-26', 'Celesia', '6732282123626', 'F', 'Sedan , Van' , 'trasporto , ricezione , supervisione', NULL );
INSERT INTO volontario  VALUES ('VZXVGQ57B66I607L', 'Ida', 'Passalacqua', '1986-10-27', 'Guarene', '9112969879050', 'Others', 'Wagon , Van' , 'trasporto', NULL );
INSERT INTO volontario  VALUES ('DVBPEU04M10B615X', 'Gianmarco', 'Vercelloni', '1986-10-21', 'Leopardi', '5803418027187', 'M', NULL , 'supervisione , trasporto', NULL );
INSERT INTO volontario  VALUES ('YUURTV86T02L383H', 'Uberto', 'Druso', '1998-07-07', 'Rignano Garganico', '5506990998208', 'M', 'Van , SUV' , 'ricezione , supervisione , trasporto', 'Martedì mattina  , Venerdì mattina ' );
INSERT INTO volontario  VALUES ('ZOKGJL92T05F148Z', 'Loretta', 'Tagliafierro', '1971-03-25', 'Longano', '4145357020427', 'F', 'MiniVan' , NULL, 'Lunedì mattina  , Sabato pomeriggio' );
INSERT INTO volontario  VALUES ('BFCAFI97C12D998S', 'Galasso', 'Broschi', '1979-01-25', 'Valle Di Murialdo', '5436123135870', 'M', 'MiniVan' , 'ricezione , trasporto , supervisione', NULL );
INSERT INTO volontario  VALUES ('IOVHOO93M15F927U', 'Nina', 'Baroffio', '1989-08-05', 'Arcella', '6302950038299', 'F', 'Van , Sedan' , 'ricezione', NULL );
INSERT INTO volontario  VALUES ('GZBXDV61A62F960W', 'Franco', 'Villarosa', '1999-01-16', 'Testaccio DIschia', '3685615127057', 'Others', NULL , 'trasporto , supervisione , ricezione', 'Venerdì mattina  , Mercoledì mattina ' );
INSERT INTO volontario  VALUES ('JDJREK20T07C141T', 'Licia', 'Bazzi', '1960-11-03', 'Santa Maria Del Piano', '9743836982942', 'Others', 'Pickup , SUV' , 'trasporto', NULL );


INSERT INTO collegato  VALUES (19,'UWFUBQ98M05L617J');
INSERT INTO collegato  VALUES (16,'WKWUJW56H64M072L');
INSERT INTO collegato  VALUES (9,'GZBXDV61A62F960W');
INSERT INTO collegato  VALUES (18,'XUNVJK01L10H366E');
INSERT INTO collegato  VALUES (5,'UTUSQC77H54B149C');
INSERT INTO collegato  VALUES (1,'XLZOOY10E60F065T');
INSERT INTO collegato  VALUES (1,'SMEQJA48A21A274H');
INSERT INTO collegato  VALUES (7,'IOVHOO93M15F927U');
INSERT INTO collegato  VALUES (4,'PAIDLW18B48C395J');
INSERT INTO collegato  VALUES (1,'EJHVKT96D63F773E');
INSERT INTO collegato  VALUES (19,'XLZOOY10E60F065T');
INSERT INTO collegato  VALUES (10,'WLTFFH63P05F614G');
INSERT INTO collegato  VALUES (2,'TUYKQW19C63B527A');
INSERT INTO collegato  VALUES (0,'SMEQJA48A21A274H');
INSERT INTO collegato  VALUES (3,'VZXVGQ57B66I607L');
INSERT INTO collegato  VALUES (3,'ORXSBP66B49L922P');
INSERT INTO collegato  VALUES (14,'DVBPEU04M10B615X');
INSERT INTO collegato  VALUES (15,'ZCEQNJ79P24E855E');
INSERT INTO collegato  VALUES (1,'TUYKQW19C63B527A');
INSERT INTO collegato  VALUES (16,'IOVHOO93M15F927U');
INSERT INTO collegato  VALUES (16,'ZCEQNJ79P24E855E');
INSERT INTO collegato  VALUES (0,'PAIDLW18B48C395J');
INSERT INTO collegato  VALUES (9,'BFCAFI97C12D998S');
INSERT INTO collegato  VALUES (14,'BFCAFI97C12D998S');
INSERT INTO collegato  VALUES (19,'IOVHOO93M15F927U');
INSERT INTO collegato  VALUES (9,'WKWUJW56H64M072L');
INSERT INTO collegato  VALUES (5,'WKWUJW56H64M072L');
INSERT INTO collegato  VALUES (16,'PJGWYZ49E05E911I');
INSERT INTO collegato  VALUES (2,'OQVYVB69S64D018R');
INSERT INTO collegato  VALUES (3,'WROEDC49P54F068Z');
INSERT INTO collegato  VALUES (18,'YUURTV86T02L383H');
INSERT INTO collegato  VALUES (18,'PAIDLW18B48C395J');
INSERT INTO collegato  VALUES (12,'GZBXDV61A62F960W');
INSERT INTO collegato  VALUES (6,'UTUSQC77H54B149C');
INSERT INTO collegato  VALUES (11,'AQGCGH30R26G643Q');
INSERT INTO collegato  VALUES (10,'OYBWJD67R43E233L');
INSERT INTO collegato  VALUES (5,'CCCXXR24A27F265F');
INSERT INTO collegato  VALUES (1,'XUNVJK01L10H366E');
INSERT INTO collegato  VALUES (15,'QOLNEG29H07D037U');
INSERT INTO collegato  VALUES (11,'WLTFFH63P05F614G');
INSERT INTO collegato  VALUES (1,'RNSGHF00B28A351R');
INSERT INTO collegato  VALUES (2,'ZCEQNJ79P24E855E');
INSERT INTO collegato  VALUES (4,'QGGKJQ35E45M323K');
INSERT INTO collegato  VALUES (14,'WROEDC49P54F068Z');
INSERT INTO collegato  VALUES (5,'TUYKQW19C63B527A');
INSERT INTO collegato  VALUES (12,'AQGCGH30R26G643Q');
INSERT INTO collegato  VALUES (11,'ZOKGJL92T05F148Z');
INSERT INTO collegato  VALUES (13,'BNDLPV00S14I393F');


BEGIN;
INSERT INTO carta_cliente  VALUES (0 , 'DNFXSG90C50F716O','49','0', '3', '1');
INSERT INTO familiare  VALUES ('DNFXSG90C50F716O','Sandro','Crispi', '1967-01-01', 'Sartano', '4736042966028', 'Others', '0');
INSERT INTO familiare  VALUES ('GOPSKZ68S64A376A','Santino','Crispi', '1993-11-23', 'Groppallo', '6402792566073', 'Others', '0');
INSERT INTO familiare  VALUES ('DUISBO37T22I970U','Fedele','Crispi', '1983-05-23', 'Cetraro', '7181741699576', 'Others', '0');
INSERT INTO familiare  VALUES ('HDBAVF73T11D845F','Enzo','Crispi', '1937-05-24', 'Cadelbosco Di Sopra', '7052098392795', 'F', '0');
COMMIT;

BEGIN;
INSERT INTO carta_cliente  VALUES (1 , 'PQGGKK79T23H650Z','18','1', '2', '0');
INSERT INTO familiare  VALUES ('PQGGKK79T23H650Z','Michele','Muratori', '1959-03-31', 'Verdings', '3151124078843', 'M', '1');
INSERT INTO familiare  VALUES ('SBBPCI37M06D314E','Giampiero','Muratori', '2018-07-30', 'Civitanova Marche', '1657096458028', 'F', '1');
INSERT INTO familiare  VALUES ('CIMVGU00P68I170C','Gianmarco','Muratori', '1969-12-21', 'Bardolino', '0810095323646', 'M', '1');
COMMIT;

BEGIN;
INSERT INTO carta_cliente  VALUES (2 , 'NMHYXD73H52M115S','2','0', '2', '3');
INSERT INTO familiare  VALUES ('NMHYXD73H52M115S','Rembrandt','Notarbartolo', '1982-03-08', 'Leifers', '1226638404811', 'M', '2');
INSERT INTO familiare  VALUES ('GBOAZC35T12I254H','Lolita','Notarbartolo', '1980-09-14', 'Ospedaletto', '8659415499212', 'Others', '2');
INSERT INTO familiare  VALUES ('PRHOEU29R55C496Z','Atenulf','Notarbartolo', '1938-03-24', 'Viano', '0305913574930', 'M', '2');
INSERT INTO familiare  VALUES ('LCDASW73P02C453U','Enrico','Notarbartolo', '1934-08-10', 'Sarnico', '6105389649371', 'Others', '2');
INSERT INTO familiare  VALUES ('KHKEDG05B54A004G','Donatello','Notarbartolo', '1952-06-13', 'Quaderni', '0722310191344', 'M', '2');
COMMIT;

BEGIN;
INSERT INTO carta_cliente  VALUES (3 , 'ZOPPFH33H17B966H','39','0', '5', '2');
INSERT INTO familiare  VALUES ('ZOPPFH33H17B966H','Federico','Mazzini', '2002-05-25', 'Emarese', '0968021534867', 'F', '3');
INSERT INTO familiare  VALUES ('EBIVUY94L47I425Q','Bruno','Mazzini', '1995-01-17', 'Montagnano', '3269242958242', 'Others', '3');
INSERT INTO familiare  VALUES ('UFZPKF96S67D051H','Marcello','Mazzini', '1974-01-27', 'SantElena Irpina', '1092564762191', 'M', '3');
INSERT INTO familiare  VALUES ('RDTGDG70L05F465H','Ezio','Mazzini', '1983-10-10', 'Isola Della Scala', '2612340961184', 'F', '3');
INSERT INTO familiare  VALUES ('HSHQPG85D23B500C','Sabatino','Mazzini', '1968-01-06', 'Oliena', '1419956580884', 'M', '3');
INSERT INTO familiare  VALUES ('BJWCLH58H16A365U','Liberto','Mazzini', '1940-08-11', 'Rivoltella', '8186157916758', 'Others', '3');
INSERT INTO familiare  VALUES ('URZJXF84P54A463B','Coluccio','Mazzini', '1950-01-09', 'Ripalimosani', '8153065464468', 'Others', '3');
COMMIT;

BEGIN;
INSERT INTO carta_cliente  VALUES (4 , 'QZJZZM49R20A632I','12','2', '2', '3');
INSERT INTO familiare  VALUES ('QZJZZM49R20A632I','Fausto','Amato', '2002-04-19', 'Serpiano', '3035264215123', 'Others', '4');
INSERT INTO familiare  VALUES ('XNSCSR50R14L225N','Alfredo','Amato', '2009-05-16', 'Cecchina', '6427061454373', 'Others', '4');
INSERT INTO familiare  VALUES ('FHTNDW06S56H392N','Marta','Amato', '2011-06-26', 'Antrodoco', '7925394034741', 'M', '4');
INSERT INTO familiare  VALUES ('TISLOE48P66E978W','Alfio','Amato', '1958-12-17', 'Castello DAlvito', '6027319176655', 'M', '4');
INSERT INTO familiare  VALUES ('GEAYQJ80H28C719B','Nina','Amato', '1933-08-14', 'Piandifieno', '6201921051429', 'F', '4');
INSERT INTO familiare  VALUES ('XJHFRV29D20L647A','Enzo','Amato', '1952-12-26', 'Leva Di Montecchio Precalcino', '9544102428586', 'Others', '4');
INSERT INTO familiare  VALUES ('CFDQDG71C27A051Q','Micheletto','Amato', '1947-06-06', 'Marane', '4775675405517', 'M', '4');
COMMIT;

BEGIN;
INSERT INTO carta_cliente  VALUES (5 , 'MDZQLB81D55L081A','31','3', '3', '0');
INSERT INTO familiare  VALUES ('MDZQLB81D55L081A','Edoardo','Montanelli', '1968-09-05', 'Biella', '2156049848328', 'M', '5');
INSERT INTO familiare  VALUES ('WYAJXB05B67E148I','Victoria','Montanelli', '2009-07-28', 'San Castrese', '9333333818412', 'F', '5');
INSERT INTO familiare  VALUES ('ADPFQN98T59G924I','Nicoletta','Montanelli', '2007-04-25', 'Bellaria', '9559051512761', 'M', '5');
INSERT INTO familiare  VALUES ('CNDGVI26H20G751E','Giampaolo','Montanelli', '2020-05-20', 'Castelspina', '4988132585438', 'Others', '5');
INSERT INTO familiare  VALUES ('XXXGHQ24P60I701A','Flavia','Montanelli', '1979-10-22', 'Chiusa', '4335794845471', 'Others', '5');
INSERT INTO familiare  VALUES ('NAHVPU30T68C507D','Giuliano','Montanelli', '1959-11-19', 'Cairo Montenotte', '5134738096443', 'F', '5');
COMMIT;

BEGIN;
INSERT INTO carta_cliente  VALUES (6 , 'LSMYQR37T52I968X','53','1', '2', '1');
INSERT INTO familiare  VALUES ('LSMYQR37T52I968X','Pomponio','Tremonti', '1999-07-21', 'Sutri', '9365515824599', 'M', '6');
INSERT INTO familiare  VALUES ('KTTUFE68H48E424D','Ronaldo','Tremonti', '2017-12-29', 'Gairo SantElena', '0712922394739', 'M', '6');
INSERT INTO familiare  VALUES ('HXYBTQ08M53E825Q','Marina','Tremonti', '1989-09-30', 'Ottana', '8817143732383', 'M', '6');
INSERT INTO familiare  VALUES ('JNQLGD13M28B132Q','Susanna','Tremonti', '1931-09-02', 'Po Bandino', '8468693905629', 'M', '6');
COMMIT;

BEGIN;
INSERT INTO carta_cliente  VALUES (7 , 'AXXCGO05C13F881B','34','1', '1', '3');
INSERT INTO familiare  VALUES ('AXXCGO05C13F881B','Greca','Salvini', '1989-04-02', 'Cadimare', '2771705011368', 'M', '7');
INSERT INTO familiare  VALUES ('WJJKWB47T26M169P','Coriolano','Salvini', '2010-06-19', 'Carrara', '5182686381207', 'M', '7');
INSERT INTO familiare  VALUES ('PIRWAO21P02I871A','Flora','Salvini', '1939-09-04', 'Monte Cicerale', '1990950328033', 'M', '7');
INSERT INTO familiare  VALUES ('VIDVIU03T18H275Z','Daniele','Salvini', '1937-05-27', 'Villa Agnedo', '0476511026327', 'M', '7');
INSERT INTO familiare  VALUES ('WIMJYY00S57H795E','Ida','Salvini', '1948-01-18', 'Malnate', '4808766157984', 'F', '7');
COMMIT;

BEGIN;
INSERT INTO carta_cliente  VALUES (8 , 'JLSKRS45S12B676U','34','0', '2', '0');
INSERT INTO familiare  VALUES ('JLSKRS45S12B676U','Paloma','Bonanno', '1999-04-13', 'Ceolini', '4162184452390', 'Others', '8');
INSERT INTO familiare  VALUES ('WSTUXQ33E19M111N','Cassandra','Bonanno', '2004-08-25', 'Filadelfia', '2447406761972', 'Others', '8');
COMMIT;

BEGIN;
INSERT INTO carta_cliente  VALUES (9 , 'ZMLVVY47H56C172F','45','4', '2', '0');
INSERT INTO familiare  VALUES ('ZMLVVY47H56C172F','Federigo','Burcardo', '1984-02-10', 'Santa Lucia Del Mela', '8724154203608', 'Others', '9');
INSERT INTO familiare  VALUES ('NSHNAQ79M15E016I','Maurizio','Burcardo', '2018-09-03', 'Caprarica Del Capo', '1434949482153', 'Others', '9');
INSERT INTO familiare  VALUES ('YGCKNG09H44C228J','Isabella','Burcardo', '2011-12-19', 'SantAgata Fossili', '2379254944457', 'M', '9');
INSERT INTO familiare  VALUES ('LZOLUR49E08I153U','Nicola','Burcardo', '2010-09-28', 'Montereggio', '6499190772376', 'Others', '9');
INSERT INTO familiare  VALUES ('GCQJLF00R45E647D','Antonio','Burcardo', '2013-11-30', 'Roccantica', '3739514811760', 'F', '9');
INSERT INTO familiare  VALUES ('BJMEAM16L60H194I','Maria','Burcardo', '1982-10-09', 'La Loggia', '3704581747268', 'M', '9');
COMMIT;

BEGIN;
INSERT INTO carta_cliente  VALUES (10 , 'XEZVQI08B10L205X','10','1', '5', '0');
INSERT INTO familiare  VALUES ('XEZVQI08B10L205X','Agnolo','Bianchini', '1964-04-04', 'Fagnigola', '7269606349208', 'F', '10');
INSERT INTO familiare  VALUES ('PUFMAH22A61D590S','Panfilo','Bianchini', '2016-09-29', 'Vallemaio', '3760093483740', 'F', '10');
INSERT INTO familiare  VALUES ('IAOKOO77R26A645Q','Angelina','Bianchini', '1985-04-22', 'Crocetta Del Montello', '6854426007976', 'Others', '10');
INSERT INTO familiare  VALUES ('WMFNQH76H10H424M','Rossana','Bianchini', '1969-10-03', 'Trezzo Tinella', '1529206635764', 'F', '10');
INSERT INTO familiare  VALUES ('IBDEYZ11T60L809X','Delfino','Bianchini', '1972-04-12', 'Manduria', '1529411149465', 'M', '10');
INSERT INTO familiare  VALUES ('PIYURG37L13I786N','Priscilla','Bianchini', '1996-02-06', 'Bivio Mortola', '8161841585741', 'M', '10');
COMMIT;

BEGIN;
INSERT INTO carta_cliente  VALUES (11 , 'CTVCVP05L22E372X','3','2', '1', '3');
INSERT INTO familiare  VALUES ('CTVCVP05L22E372X','Dino','Corcos', '1992-10-09', 'Torre Faro', '6480582959316', 'M', '11');
INSERT INTO familiare  VALUES ('JQDHVN52B08I963U','Lisa','Corcos', '2013-08-04', 'Monte San Giacomo', '2669565741081', 'Others', '11');
INSERT INTO familiare  VALUES ('CFXRFY48T06E570E','Sabatino','Corcos', '2020-11-17', 'Zola Predosa', '9062763157703', 'Others', '11');
INSERT INTO familiare  VALUES ('KDEMIY81M14F494T','Giacinto','Corcos', '1929-03-24', 'Prignano Sulla Secchia', '1239493601401', 'M', '11');
INSERT INTO familiare  VALUES ('PJHUSO64P14C728R','Allegra','Corcos', '1954-08-27', 'Villafontana', '9342361499133', 'F', '11');
INSERT INTO familiare  VALUES ('AYHDGE79M44I333Q','Sophia','Corcos', '1933-01-01', 'Piegaio', '7640606759132', 'F', '11');
COMMIT;

BEGIN;
INSERT INTO carta_cliente  VALUES (12 , 'YIWXDP95B47I804A','40','1', '3', '0');
INSERT INTO familiare  VALUES ('YIWXDP95B47I804A','Sophia','Soderini', '1981-08-03', 'Caravonica', '8906458438677', 'Others', '12');
INSERT INTO familiare  VALUES ('SMADOT47P60H714O','Alessio','Soderini', '2010-06-16', 'Arbatax', '1959695165092', 'F', '12');
INSERT INTO familiare  VALUES ('RQIHQC46D14C904S','Adamo','Soderini', '1963-11-28', 'Orciano Pisano', '0320528477590', 'Others', '12');
INSERT INTO familiare  VALUES ('CXJRYF84S24D715T','Ruggero','Soderini', '1974-06-22', 'Badia Prataglia', '2991496755820', 'M', '12');
COMMIT;

BEGIN;
INSERT INTO carta_cliente  VALUES (13 , 'YTUZMJ97H07I996S','8','3', '2', '1');
INSERT INTO familiare  VALUES ('YTUZMJ97H07I996S','Elisa','Ferrata', '1988-08-24', 'Alano Di Piave', '6653152961372', 'Others', '13');
INSERT INTO familiare  VALUES ('IUUHSL29M10A413G','Cirillo','Ferrata', '2011-11-03', 'Scarperia E San Piero', '3660480762342', 'M', '13');
INSERT INTO familiare  VALUES ('IDDGUE04L51L533Z','Marcantonio','Ferrata', '2017-08-15', 'Castel SantAngelo', '6421556665141', 'F', '13');
INSERT INTO familiare  VALUES ('PPIJDD91T01H266V','Puccio','Ferrata', '2008-08-23', 'Missano', '7164972985446', 'F', '13');
INSERT INTO familiare  VALUES ('ADPBUK18S20C405D','Vittorio','Ferrata', '1964-03-17', 'San Dorligo Della Valle', '8323028360694', 'Others', '13');
INSERT INTO familiare  VALUES ('CVDTIX47A59B772L','Livio','Ferrata', '1938-10-20', 'Sava', '5334535434147', 'M', '13');
COMMIT;

BEGIN;
INSERT INTO carta_cliente  VALUES (14 , 'EGNLPU58H58L567W','20','1', '4', '1');
INSERT INTO familiare  VALUES ('EGNLPU58H58L567W','Monica','Toscanini', '1973-04-23', 'Virle Treponti', '3055567273930', 'M', '14');
INSERT INTO familiare  VALUES ('AOLMQS67E66E677U','Tonia','Toscanini', '2018-03-29', 'Lisanza', '1954501666734', 'M', '14');
INSERT INTO familiare  VALUES ('YBNRZO43R44E751C','Raimondo','Toscanini', '2004-08-27', 'Chiasellis', '0240265492998', 'Others', '14');
INSERT INTO familiare  VALUES ('IQNFVR36P03H308N','Patrizia','Toscanini', '2004-08-24', 'Boccheggiano', '5920397811410', 'Others', '14');
INSERT INTO familiare  VALUES ('LTUGLS95P46H607Y','Mercedes','Toscanini', '1998-03-11', 'Goro', '4906041075913', 'Others', '14');
INSERT INTO familiare  VALUES ('TYUOXF04D26B880A','Ranieri','Toscanini', '1956-05-19', 'Villa Agnedo', '7622341434810', 'M', '14');
COMMIT;

BEGIN;
INSERT INTO carta_cliente  VALUES (15 , 'OLQTIR16P46A303V','60','3', '1', '1');
INSERT INTO familiare  VALUES ('OLQTIR16P46A303V','Ennio','Brunelleschi', '1999-12-03', 'Magliano Alfieri', '3725606046075', 'M', '15');
INSERT INTO familiare  VALUES ('DDXUIT08C55M269N','Ranieri','Brunelleschi', '2009-12-25', 'Covelano', '1805379954870', 'F', '15');
INSERT INTO familiare  VALUES ('GIAWNJ64H66M338R','Massimo','Brunelleschi', '2008-10-15', 'Decimomannu', '3773502535861', 'F', '15');
INSERT INTO familiare  VALUES ('UFFXYK02M51E615U','Sebastiano','Brunelleschi', '2008-07-25', 'Teggiano', '1313005619288', 'M', '15');
INSERT INTO familiare  VALUES ('EJGZPJ64T43M349C','Maria','Brunelleschi', '1933-09-13', 'Mura', '9688879092656', 'Others', '15');
COMMIT;

BEGIN;
INSERT INTO carta_cliente  VALUES (16 , 'BCSNAE22A57B049L','50','3', '1', '3');
INSERT INTO familiare  VALUES ('BCSNAE22A57B049L','Giada','Chechi', '1999-11-28', 'Vicobellignano', '3862152791017', 'M', '16');
INSERT INTO familiare  VALUES ('ORAIWX95L18E791G','Carlo','Chechi', '2020-04-10', 'Jaufental', '3902626608579', 'F', '16');
INSERT INTO familiare  VALUES ('RTPCKE37R24C049V','Maria','Chechi', '2011-11-18', 'Mendatica', '1225277145933', 'F', '16');
INSERT INTO familiare  VALUES ('QDORDO06L48A407O','Achille','Chechi', '2012-12-03', 'Roncoscaglia', '1015492944242', 'F', '16');
INSERT INTO familiare  VALUES ('GEEJDD75C60I138H','Simone','Chechi', '1931-06-15', 'Brunate', '8867363844070', 'F', '16');
INSERT INTO familiare  VALUES ('NTMZAZ25B24L113S','Rodolfo','Chechi', '1950-03-09', 'Ardauli', '4826716185733', 'M', '16');
INSERT INTO familiare  VALUES ('WIJJUH95M10F529O','Orlando','Chechi', '1954-02-11', 'Ampezzo', '6801219810048', 'F', '16');
COMMIT;

BEGIN;
INSERT INTO carta_cliente  VALUES (17 , 'DXISJC67B45L882Q','22','1', '1', '3');
INSERT INTO familiare  VALUES ('DXISJC67B45L882Q','Cesare','Bellò', '1973-05-21', 'Mediis', '2943678348844', 'F', '17');
INSERT INTO familiare  VALUES ('GQTJBS41A22E256P','Gastone','Bellò', '2009-11-30', 'Stellata', '7691084188488', 'F', '17');
INSERT INTO familiare  VALUES ('ZCSHJA75R15A330Q','Lara','Bellò', '1936-05-16', 'Arta Terme', '5608036531276', 'Others', '17');
INSERT INTO familiare  VALUES ('FGPBXM60L63A809C','Girolamo','Bellò', '1955-08-17', 'Quinzano', '1471268129171', 'M', '17');
INSERT INTO familiare  VALUES ('VYWADW38S15H216Y','Rembrandt','Bellò', '1932-11-22', 'Giarole', '0226220245211', 'F', '17');
COMMIT;

BEGIN;
INSERT INTO carta_cliente  VALUES (18 , 'EXJACO72D62M367V','43','0', '5', '0');
INSERT INTO familiare  VALUES ('EXJACO72D62M367V','Gabriella','Raurica', '1968-12-20', 'Barete', '4628667836201', 'F', '18');
INSERT INTO familiare  VALUES ('XCUMSX10C50A587J','Gian','Raurica', '1995-01-24', 'San Giovanni Di Baiano', '6896298581983', 'F', '18');
INSERT INTO familiare  VALUES ('EAZVIF28T55G516B','Gelsomina','Raurica', '2004-06-24', 'Castione Della Presolana', '9311539076807', 'F', '18');
INSERT INTO familiare  VALUES ('WQKJPT12C53E492N','Gilberto','Raurica', '1979-10-02', 'Castiglione Mantovano', '1671735967247', 'F', '18');
INSERT INTO familiare  VALUES ('EFMIXU02C05E565M','Vito','Raurica', '2002-12-14', 'Pfatten', '9245513541219', 'Others', '18');
COMMIT;

BEGIN;
INSERT INTO carta_cliente  VALUES (19 , 'MZWHLL30P53L772T','11','1', '1', '4');
INSERT INTO familiare  VALUES ('MZWHLL30P53L772T','Gioele','Seddio', '1968-03-08', 'Pra Di Roburent', '9667417119108', 'M', '19');
INSERT INTO familiare  VALUES ('YRWKIN94M44F980O','Ranieri','Seddio', '2018-11-14', 'Pantanelle', '9932257490903', 'Others', '19');
INSERT INTO familiare  VALUES ('NDYDDA15P56B634J','Serafina','Seddio', '1945-05-20', 'Borgonuovo', '3297430457820', 'Others', '19');
INSERT INTO familiare  VALUES ('GHBBMG65R09M331O','Giacinto','Seddio', '1938-07-06', 'Passetto', '9770248936716', 'F', '19');
INSERT INTO familiare  VALUES ('WGNJSE02D56I128C','Oreste','Seddio', '1951-06-23', 'Vicolungo', '5390146169567', 'F', '19');
INSERT INTO familiare  VALUES ('XIEQDF77A05G856X','Concetta','Seddio', '1955-09-08', 'Cesuola', '2037307247085', 'M', '19');
COMMIT;

BEGIN;
INSERT INTO carta_cliente  VALUES (20 , 'XAQUAF80R49H519V','25','5', '2', '0');
INSERT INTO familiare  VALUES ('XAQUAF80R49H519V','Filippa','Anastasi', '1971-10-06', 'Celle Di San Vito', '3051722679253', 'Others', '20');
INSERT INTO familiare  VALUES ('BWKNAX76R11A760N','Greca','Anastasi', '2012-09-29', 'Turas', '6036077675111', 'M', '20');
INSERT INTO familiare  VALUES ('WVUCBA40E46L453A','Giada','Anastasi', '2011-01-26', 'Provaglio Val Sabbia', '0772322209577', 'Others', '20');
INSERT INTO familiare  VALUES ('LZWOCX72S25F966E','Patrizio','Anastasi', '2007-03-19', 'Sini', '9132402325519', 'Others', '20');
INSERT INTO familiare  VALUES ('YXKJDH77B12L402X','Loretta','Anastasi', '2017-04-06', 'Roncole Verdi', '1152944015293', 'F', '20');
INSERT INTO familiare  VALUES ('ZYVXBF32H06C860Y','Gino','Anastasi', '2011-06-15', 'Capri Leone', '5927180667143', 'F', '20');
INSERT INTO familiare  VALUES ('TUUSCU47C03L665K','Pomponio','Anastasi', '1992-07-18', 'SantApollinare Chietino', '1428843841530', 'Others', '20');
COMMIT;

BEGIN;
INSERT INTO carta_cliente  VALUES (21 , 'HYSBFU37E21E550F','35','0', '2', '1');
INSERT INTO familiare  VALUES ('HYSBFU37E21E550F','Paoletta','Gelli', '1982-03-22', 'Castelletto Sopra Ticino', '4246855988282', 'F', '21');
INSERT INTO familiare  VALUES ('ZWDKQD27C46M318Q','Vincentio','Gelli', '1979-02-01', 'Villar Perosa', '0508279701893', 'F', '21');
INSERT INTO familiare  VALUES ('FBHJQT61E16H846V','Virgilio','Gelli', '1949-04-25', 'Tavon', '9338168861119', 'F', '21');
COMMIT;

BEGIN;
INSERT INTO carta_cliente  VALUES (22 , 'VAPQRD21M12H505Z','21','2', '3', '2');
INSERT INTO familiare  VALUES ('VAPQRD21M12H505Z','Nicola','Benigni', '1961-11-08', 'Vibonati', '8060748886244', 'Others', '22');
INSERT INTO familiare  VALUES ('IYUUUX79H65L573K','Livia','Benigni', '2019-02-12', 'St. Kassia', '3469780992364', 'M', '22');
INSERT INTO familiare  VALUES ('MYXOOB05A56H484X','Greca','Benigni', '2019-12-04', 'Manduria', '5439877571331', 'Others', '22');
INSERT INTO familiare  VALUES ('EFCNFC80L28E091B','Virgilio','Benigni', '1963-08-04', 'Colmurano', '5186171497321', 'Others', '22');
INSERT INTO familiare  VALUES ('RBGWUK74R12G445J','Concetta','Benigni', '1998-05-11', 'Lamalunga', '7012675509842', 'Others', '22');
INSERT INTO familiare  VALUES ('NAQSKR41M68C665W','Jolanda','Benigni', '1951-09-11', 'Caselle Lurani', '9352471025555', 'M', '22');
INSERT INTO familiare  VALUES ('UXWSAW88B47D952C','Michelangelo','Benigni', '1933-08-12', 'Morgano', '1239586540055', 'Others', '22');
COMMIT;

BEGIN;
INSERT INTO carta_cliente  VALUES (23 , 'ILHWZU41B57D054G','15','1', '2', '0');
INSERT INTO familiare  VALUES ('ILHWZU41B57D054G','Paulina','Ferrante', '1961-12-08', 'Fiammoi', '5827926036220', 'Others', '23');
INSERT INTO familiare  VALUES ('JLEYED11B65G395C','Sandra','Ferrante', '2008-02-10', 'Torrile', '4140140267011', 'F', '23');
INSERT INTO familiare  VALUES ('ONCLMA61L06H798P','Federigo','Ferrante', '1978-07-28', 'Ripalta Arpina', '6329611611955', 'F', '23');
COMMIT;

BEGIN;
INSERT INTO carta_cliente  VALUES (24 , 'YDWMHT38E21G873G','23','0', '1', '2');
INSERT INTO familiare  VALUES ('YDWMHT38E21G873G','Eva','Quasimodo', '2000-01-21', 'Fanna', '7477173624151', 'Others', '24');
INSERT INTO familiare  VALUES ('TYBOWC22E02D694D','Patrizia','Quasimodo', '1945-12-07', 'Castelluccio', '4214395856690', 'M', '24');
INSERT INTO familiare  VALUES ('FTTTVH20L23A765G','Augusto','Quasimodo', '1930-01-05', 'Chiaramonti', '8250331801779', 'M', '24');
COMMIT;

BEGIN;
INSERT INTO carta_cliente  VALUES (25 , 'GMAEVF36B64I449N','29','3', '1', '1');
INSERT INTO familiare  VALUES ('GMAEVF36B64I449N','Isabella','Zeffirelli', '1975-06-07', 'Borgo Ticino', '8493433928047', 'M', '25');
INSERT INTO familiare  VALUES ('QDOVLU18C65H182N','Lamberto','Zeffirelli', '2009-02-20', 'Pej', '4538953095154', 'M', '25');
INSERT INTO familiare  VALUES ('FBNHEQ08H63I431V','Santino','Zeffirelli', '2019-04-21', 'Cortile', '3517879407971', 'Others', '25');
INSERT INTO familiare  VALUES ('IGJHUC21R16I909V','Cassandra','Zeffirelli', '2007-04-03', 'Orsaria', '5137276252717', 'M', '25');
INSERT INTO familiare  VALUES ('BVYZXA86H45I460W','Roberto','Zeffirelli', '1943-06-09', 'San Quirico DAlbareto', '3496651587993', 'M', '25');
COMMIT;

BEGIN;
INSERT INTO carta_cliente  VALUES (26 , 'WBPVBN08H65H055B','18','0', '1', '1');
INSERT INTO familiare  VALUES ('WBPVBN08H65H055B','Geronimo','Esposito', '1967-11-08', 'Scala Coeli', '0129979724440', 'M', '26');
INSERT INTO familiare  VALUES ('ZKEMSA23E48B526H','Ornella','Esposito', '1942-05-13', 'Frassilongo', '2284850414430', 'Others', '26');
COMMIT;

BEGIN;
INSERT INTO carta_cliente  VALUES (27 , 'LQZBZK74C18G420L','14','1', '1', '1');
INSERT INTO familiare  VALUES ('LQZBZK74C18G420L','Tonino','Babato', '1972-09-22', 'Mernicco', '0649295936388', 'M', '27');
INSERT INTO familiare  VALUES ('UJZBAF30D17G499C','Amadeo','Babato', '2006-01-02', 'Marina DArdore', '6962509150300', 'M', '27');
INSERT INTO familiare  VALUES ('IJGAUS43B51I468G','Pierina','Babato', '1936-09-02', 'Saponara Marittima', '3459040201995', 'M', '27');
COMMIT;

BEGIN;
INSERT INTO carta_cliente  VALUES (28 , 'LLPDAJ97B12D888K','2','0', '4', '0');
INSERT INTO familiare  VALUES ('LLPDAJ97B12D888K','Coriolano','Buonauro', '2004-05-15', 'Barzana', '2049301623388', 'M', '28');
INSERT INTO familiare  VALUES ('JXBDUY86C53H688W','Gabriele','Buonauro', '1959-11-04', 'Martirano', '5802656340552', 'F', '28');
INSERT INTO familiare  VALUES ('ULYTWM53L67B796H','Costanzo','Buonauro', '1988-04-25', 'Casalvecchio Di Puglia', '9570859946895', 'F', '28');
INSERT INTO familiare  VALUES ('MXHEWK46C42F876N','Mirco','Buonauro', '1995-10-26', 'Ciano Del Montello', '3203498346772', 'F', '28');
COMMIT;

BEGIN;
INSERT INTO carta_cliente  VALUES (29 , 'BIPBJW57R47B368H','36','1', '1', '1');
INSERT INTO familiare  VALUES ('BIPBJW57R47B368H','Beppe','Battelli', '1975-03-14', 'Torricella In Sabina', '6889899080571', 'M', '29');
INSERT INTO familiare  VALUES ('FUKPIY34D64H694K','Adamo','Battelli', '2006-04-11', 'Montemurro', '3209812665421', 'F', '29');
INSERT INTO familiare  VALUES ('NGYVUQ64D47A401D','Patrizia','Battelli', '1943-01-23', 'Tretto', '5951963557503', 'F', '29');
COMMIT;



INSERT INTO autorizza VALUES (0, 0, 37, '2022-04-05');
INSERT INTO autorizza VALUES (7, 1, 43, '2022-04-28');
INSERT INTO autorizza VALUES (16, 2, 48, '2022-05-30');
INSERT INTO autorizza VALUES (16, 3, 48, '2022-03-17');
INSERT INTO autorizza VALUES (12, 4, 47, '2022-03-03');
INSERT INTO autorizza VALUES (11, 5, 30, '2022-05-02');
INSERT INTO autorizza VALUES (15, 6, 33, '2022-04-17');
INSERT INTO autorizza VALUES (1, 7, 41, '2022-03-13');
INSERT INTO autorizza VALUES (8, 8, 32, '2022-02-18');
INSERT INTO autorizza VALUES (1, 9, 35, '2022-03-30');
INSERT INTO autorizza VALUES (10, 10, 36, '2022-05-21');
INSERT INTO autorizza VALUES (17, 11, 33, '2022-04-15');
INSERT INTO autorizza VALUES (10, 12, 30, '2022-03-03');
INSERT INTO autorizza VALUES (14, 13, 32, '2022-03-29');
INSERT INTO autorizza VALUES (18, 14, 37, '2022-04-10');
INSERT INTO autorizza VALUES (16, 15, 52, '2022-05-06');
INSERT INTO autorizza VALUES (11, 16, 50, '2022-05-30');
INSERT INTO autorizza VALUES (13, 17, 57, '2022-06-02');
INSERT INTO autorizza VALUES (12, 18, 54, '2022-04-14');
INSERT INTO autorizza VALUES (17, 19, 58, '2022-03-13');
INSERT INTO autorizza VALUES (3, 20, 54, '2022-05-05');
INSERT INTO autorizza VALUES (9, 21, 34, '2022-03-01');
INSERT INTO autorizza VALUES (17, 22, 49, '2022-05-13');
INSERT INTO autorizza VALUES (10, 23, 31, '2022-06-01');
INSERT INTO autorizza VALUES (6, 24, 42, '2022-05-28');
INSERT INTO autorizza VALUES (5, 25, 55, '2022-03-16');
INSERT INTO autorizza VALUES (8, 26, 49, '2022-04-16');
INSERT INTO autorizza VALUES (15, 27, 40, '2022-05-13');
INSERT INTO autorizza VALUES (11, 28, 51, '2022-05-25');
INSERT INTO autorizza VALUES (15, 29, 49, '2022-04-04');


INSERT INTO donatore VALUES ('JNJZVP95L45I234V','3537826990655','Rosa','Iacobucci');
INSERT INTO donatore VALUES ('KMGHAR10E17I095I','7098199079050','Foà s.r.l.',NULL);
INSERT INTO donatore VALUES ('GVNFVR59L56A315Z','0915699690556','Alboni-Tamburello e figli',NULL);
INSERT INTO donatore VALUES ('CCQAYK72D54A996C','1606407699220','Stefania','Cusano');
INSERT INTO donatore VALUES ('RUBVEF63L25D689R','7772641931727','Amalia','Galtarossa');
INSERT INTO donatore VALUES ('SJIIDU05D48E473I','2726520111367','Zoppetto Group',NULL);
INSERT INTO donatore VALUES ('QRSONX28L52A902P','3181239680230','Taliani, Iacovelli e Pometta s',NULL);
INSERT INTO donatore VALUES ('ODXOUT89L07G011P','9582102425017','Brenna Group',NULL);
INSERT INTO donatore VALUES ('FNGCRH31T42I164I','8482476209841','Micca SPA',NULL);
INSERT INTO donatore VALUES ('UARMFW02M16C312T','0931745430263','Schicchi-Dulbecco SPA',NULL);
INSERT INTO donatore VALUES ('PYMODP40T01D180M','5353209469209','Gianmarco','Scarfoglio');
INSERT INTO donatore VALUES ('KXFFTJ81R58E111T','1500209736343','Rocco','Basadonna');
INSERT INTO donatore VALUES ('HDNNTI06L12M071I','4997869877182','Tacchini-Troisi Group',NULL);
INSERT INTO donatore VALUES ('PNGAST69P52E139X','4897717220649','Fabia','Inzaghi');
INSERT INTO donatore VALUES ('VTRORD59R04I483D','4358592647253','Luca','Silvestri');
INSERT INTO donatore VALUES ('HSQWBH97R07F464W','0045549599448','Ettore','Argurio');
INSERT INTO donatore VALUES ('CRONPR11B47A542G','1346618957075','Gotti-Gotti Group',NULL);
INSERT INTO donatore VALUES ('BXLJWC32H49G788F','4115239068174','Micheletto','Ferrucci');
INSERT INTO donatore VALUES ('BLMXZP15L11A293R','5713971341017','Filangieri Group',NULL);
INSERT INTO donatore VALUES ('KNANDO88C54C711M','0729086147007','Elvira','Iannotti');
INSERT INTO donatore VALUES ('FIWAAX56C11G541L','7692270374230','Cadorna SPA',NULL);
INSERT INTO donatore VALUES ('BLHOTU29C62I472F','8073017360322','Filogamo, Ammaniti e Marazzi e',NULL);
INSERT INTO donatore VALUES ('LSJWOI74H17E680M','7774373918538','Durante','Ajello');
INSERT INTO donatore VALUES ('YOAZER45E54F106R','9433454634437','Vincenzo','Valmarana');
INSERT INTO donatore VALUES ('DKDKSD11L26B182H','0712212360922','Vidoni-Mercati Group',NULL);
INSERT INTO donatore VALUES ('HKDQAD63M05M403B','6233364392870','Lorenzo','Pertini');
INSERT INTO donatore VALUES ('VEOFQX46P44A358R','4767968559319','Evangelista','Randazzo');
INSERT INTO donatore VALUES ('DUOJQS54P27F524J','6787767344789','Simone','Faugno');
INSERT INTO donatore VALUES ('IOEUBV64T03E848N','0189366872073','Garobbio-Satta Group',NULL);
INSERT INTO donatore VALUES ('ZDLQJA75D12I072T','7290453605938','Castioni, Rapisardi e Tomasell',NULL);


INSERT INTO ricezione  VALUES (0, '2022-02-21 21:14:37', '2022-02-21 22:14:37');
INSERT INTO trasporto  VALUES (0, '2022-02-21 19:14:37', '2022-02-21 21:14:37', 14, 'Rotonda Azeglio, 370', 0);
INSERT INTO turno  VALUES ('2022-02-21 19:14:37' , 'EJHVKT96D63F773E', '2022-02-21 23:14:37', NULL, 0, NULL);
INSERT INTO turno  VALUES ('2022-02-21 19:14:37' , 'ZCEQNJ79P24E855E', '2022-02-21 23:14:37', NULL, 0, 0);
INSERT INTO turno  VALUES ('2022-02-21 19:14:37' , 'DVBPEU04M10B615X', '2022-02-21 23:14:37', NULL, NULL, 0);
INSERT INTO ricezione  VALUES (1, '2022-04-03 15:21:56', '2022-04-03 16:21:56');
INSERT INTO trasporto  VALUES (1, '2022-04-03 13:21:56', '2022-04-03 15:21:56', 18, 'Rotonda Silvia, 141 Piano 9', 1);
INSERT INTO turno  VALUES ('2022-04-03 13:21:56' , 'XOYZAU24T61C710D', '2022-04-03 17:21:56', NULL, 1, NULL);
INSERT INTO turno  VALUES ('2022-04-03 13:21:56' , 'SMEQJA48A21A274H', '2022-04-03 17:21:56', NULL, 1, 1);
INSERT INTO turno  VALUES ('2022-04-03 13:21:56' , 'PRZJFR72H05D246C', '2022-04-03 17:21:56', NULL, NULL, 1);
INSERT INTO ricezione  VALUES (2, '2022-05-29 12:35:43', '2022-05-29 13:35:43');
INSERT INTO trasporto  VALUES (2, '2022-05-29 10:35:43', '2022-05-29 12:35:43', 1, 'Incrocio Missoni, 5 Appartamento 89', 2);
INSERT INTO turno  VALUES ('2022-05-29 10:35:43' , 'YJVJXQ26B44G979Q', '2022-05-29 14:35:43', NULL, 2, NULL);
INSERT INTO turno  VALUES ('2022-05-29 10:35:43' , 'CCCXXR24A27F265F', '2022-05-29 14:35:43', NULL, 2, 2);
INSERT INTO turno  VALUES ('2022-05-29 10:35:43' , 'QMGUOB09S67M025I', '2022-05-29 14:35:43', NULL, NULL, 2);
INSERT INTO ricezione  VALUES (3, '2022-04-09 07:52:09', '2022-04-09 08:52:09');
INSERT INTO trasporto  VALUES (3, '2022-04-09 05:52:09', '2022-04-09 07:52:09', 19, 'Stretto Eleanora, 72 Appartamento 77', 3);
INSERT INTO turno  VALUES ('2022-04-09 05:52:09' , 'XFTKKX85M60E184T', '2022-04-09 09:52:09', NULL, 3, NULL);
INSERT INTO turno  VALUES ('2022-04-09 05:52:09' , 'ORXSBP66B49L922P', '2022-04-09 09:52:09', NULL, 3, 3);
INSERT INTO turno  VALUES ('2022-04-09 05:52:09' , 'ZCEQNJ79P24E855E', '2022-04-09 09:52:09', NULL, NULL, 3);
INSERT INTO ricezione  VALUES (4, '2022-04-02 10:58:33', '2022-04-02 11:58:33');
INSERT INTO trasporto  VALUES (4, '2022-04-02 08:58:33', '2022-04-02 10:58:33', 19, 'Viale Marcacci, 427', 4);
INSERT INTO turno  VALUES ('2022-04-02 08:58:33' , 'PJGWYZ49E05E911I', '2022-04-02 12:58:33', NULL, 4, NULL);
INSERT INTO turno  VALUES ('2022-04-02 08:58:33' , 'UTUSQC77H54B149C', '2022-04-02 12:58:33', NULL, 4, 4);
INSERT INTO turno  VALUES ('2022-04-02 08:58:33' , 'ZOKGJL92T05F148Z', '2022-04-02 12:58:33', NULL, NULL, 4);
INSERT INTO ricezione  VALUES (5, '2022-05-31 21:29:19', '2022-05-31 22:29:19');
INSERT INTO trasporto  VALUES (5, '2022-05-31 19:29:19', '2022-05-31 21:29:19', 13, 'Incrocio Amico, 83', 5);
INSERT INTO turno  VALUES ('2022-05-31 19:29:19' , 'XFTKKX85M60E184T', '2022-05-31 23:29:19', NULL, 5, NULL);
INSERT INTO turno  VALUES ('2022-05-31 19:29:19' , 'IOVHOO93M15F927U', '2022-05-31 23:29:19', NULL, 5, 5);
INSERT INTO turno  VALUES ('2022-05-31 19:29:19' , 'SMEQJA48A21A274H', '2022-05-31 23:29:19', NULL, NULL, 5);
INSERT INTO ricezione  VALUES (6, '2022-04-28 15:09:39', '2022-04-28 16:09:39');
INSERT INTO trasporto  VALUES (6, '2022-04-28 13:09:39', '2022-04-28 15:09:39', 15, 'Rotonda Tozzi, 180 Piano 5', 6);
INSERT INTO turno  VALUES ('2022-04-28 13:09:39' , 'ZCEQNJ79P24E855E', '2022-04-28 17:09:39', NULL, 6, NULL);
INSERT INTO turno  VALUES ('2022-04-28 13:09:39' , 'WEYTFQ62H28A103E', '2022-04-28 17:09:39', NULL, 6, 6);
INSERT INTO turno  VALUES ('2022-04-28 13:09:39' , 'VZXVGQ57B66I607L', '2022-04-28 17:09:39', NULL, NULL, 6);
INSERT INTO ricezione  VALUES (7, '2022-05-20 10:40:08', '2022-05-20 11:40:08');
INSERT INTO trasporto  VALUES (7, '2022-05-20 08:40:08', '2022-05-20 10:40:08', 17, 'Piazza Tomasini, 58 Appartamento 5', 7);
INSERT INTO turno  VALUES ('2022-05-20 08:40:08' , 'EJHVKT96D63F773E', '2022-05-20 12:40:08', NULL, 7, NULL);
INSERT INTO turno  VALUES ('2022-05-20 08:40:08' , 'ORXSBP66B49L922P', '2022-05-20 12:40:08', NULL, 7, 7);
INSERT INTO turno  VALUES ('2022-05-20 08:40:08' , 'YJVJXQ26B44G979Q', '2022-05-20 12:40:08', NULL, NULL, 7);
INSERT INTO ricezione  VALUES (8, '2022-06-01 21:08:32', '2022-06-01 22:08:32');
INSERT INTO trasporto  VALUES (8, '2022-06-01 19:08:32', '2022-06-01 21:08:32', 12, 'Incrocio Beppe, 256', 8);
INSERT INTO turno  VALUES ('2022-06-01 19:08:32' , 'RNSGHF00B28A351R', '2022-06-01 23:08:32', NULL, 8, NULL);
INSERT INTO turno  VALUES ('2022-06-01 19:08:32' , 'OYBWJD67R43E233L', '2022-06-01 23:08:32', NULL, 8, 8);
INSERT INTO turno  VALUES ('2022-06-01 19:08:32' , 'UWFUBQ98M05L617J', '2022-06-01 23:08:32', NULL, NULL, 8);
INSERT INTO ricezione  VALUES (9, '2022-05-27 22:33:21', '2022-05-27 23:33:21');
INSERT INTO trasporto  VALUES (9, '2022-05-27 20:33:21', '2022-05-27 22:33:21', 15, 'Contrada Lamberto, 246', 9);
INSERT INTO turno  VALUES ('2022-05-27 20:33:21' , 'RTOYMI74T54C588X', '2022-05-28 00:33:21', NULL, 9, NULL);
INSERT INTO turno  VALUES ('2022-05-27 20:33:21' , 'PAIDLW18B48C395J', '2022-05-28 00:33:21', NULL, 9, 9);
INSERT INTO turno  VALUES ('2022-05-27 20:33:21' , 'DVBPEU04M10B615X', '2022-05-28 00:33:21', NULL, NULL, 9);
INSERT INTO ricezione  VALUES (10, '2022-03-13 01:23:18', '2022-03-13 02:23:18');
INSERT INTO trasporto  VALUES (10, '2022-03-12 23:23:18', '2022-03-13 01:23:18', 1, 'Piazza Dina, 60', 10);
INSERT INTO turno  VALUES ('2022-03-12 23:23:18' , 'AQGCGH30R26G643Q', '2022-03-13 03:23:18', NULL, 10, NULL);
INSERT INTO turno  VALUES ('2022-03-12 23:23:18' , 'YUURTV86T02L383H', '2022-03-13 03:23:18', NULL, 10, 10);
INSERT INTO turno  VALUES ('2022-03-12 23:23:18' , 'WROEDC49P54F068Z', '2022-03-13 03:23:18', NULL, NULL, 10);
INSERT INTO ricezione  VALUES (11, '2022-03-06 20:18:04', '2022-03-06 21:18:04');
INSERT INTO trasporto  VALUES (11, '2022-03-06 18:18:04', '2022-03-06 20:18:04', 6, 'Contrada Mariana, 547', 11);
INSERT INTO turno  VALUES ('2022-03-06 18:18:04' , 'QCBDLO81R12F932T', '2022-03-06 22:18:04', NULL, 11, NULL);
INSERT INTO turno  VALUES ('2022-03-06 18:18:04' , 'NAEKLE31C47I801E', '2022-03-06 22:18:04', NULL, 11, 11);
INSERT INTO turno  VALUES ('2022-03-06 18:18:04' , 'RUIWSE90P24L359I', '2022-03-06 22:18:04', NULL, NULL, 11);
INSERT INTO ricezione  VALUES (12, '2022-04-25 21:05:36', '2022-04-25 22:05:36');
INSERT INTO trasporto  VALUES (12, '2022-04-25 19:05:36', '2022-04-25 21:05:36', 6, 'Incrocio Tebaldi, 249 Piano 5', 12);
INSERT INTO turno  VALUES ('2022-04-25 19:05:36' , 'QCBDLO81R12F932T', '2022-04-25 23:05:36', NULL, 12, NULL);
INSERT INTO turno  VALUES ('2022-04-25 19:05:36' , 'DVBPEU04M10B615X', '2022-04-25 23:05:36', NULL, 12, 12);
INSERT INTO turno  VALUES ('2022-04-25 19:05:36' , 'YUURTV86T02L383H', '2022-04-25 23:05:36', NULL, NULL, 12);
INSERT INTO ricezione  VALUES (13, '2022-03-06 09:00:57', '2022-03-06 10:00:57');
INSERT INTO trasporto  VALUES (13, '2022-03-06 07:00:57', '2022-03-06 09:00:57', 3, 'Vicolo Siffredi, 570', 13);
INSERT INTO turno  VALUES ('2022-03-06 07:00:57' , 'IOVHOO93M15F927U', '2022-03-06 11:00:57', NULL, 13, NULL);
INSERT INTO turno  VALUES ('2022-03-06 07:00:57' , 'CJHUGM73A01F464Y', '2022-03-06 11:00:57', NULL, 13, 13);
INSERT INTO turno  VALUES ('2022-03-06 07:00:57' , 'WROEDC49P54F068Z', '2022-03-06 11:00:57', NULL, NULL, 13);
INSERT INTO ricezione  VALUES (14, '2022-05-11 17:18:48', '2022-05-11 18:18:48');
INSERT INTO trasporto  VALUES (14, '2022-05-11 15:18:48', '2022-05-11 17:18:48', 8, 'Canale Baldassare, 84 Appartamento 20', 14);
INSERT INTO turno  VALUES ('2022-05-11 15:18:48' , 'ORXSBP66B49L922P', '2022-05-11 19:18:48', NULL, 14, NULL);
INSERT INTO turno  VALUES ('2022-05-11 15:18:48' , 'SMEQJA48A21A274H', '2022-05-11 19:18:48', NULL, 14, 14);
INSERT INTO turno  VALUES ('2022-05-11 15:18:48' , 'WLTFFH63P05F614G', '2022-05-11 19:18:48', NULL, NULL, 14);
INSERT INTO ricezione  VALUES (15, '2022-03-20 12:40:22', '2022-03-20 13:40:22');
INSERT INTO trasporto  VALUES (15, '2022-03-20 10:40:22', '2022-03-20 12:40:22', 17, 'Vicolo Ludovico, 588 Piano 6', 15);
INSERT INTO turno  VALUES ('2022-03-20 10:40:22' , 'IOVHOO93M15F927U', '2022-03-20 14:40:22', NULL, 15, NULL);
INSERT INTO turno  VALUES ('2022-03-20 10:40:22' , 'YJVJXQ26B44G979Q', '2022-03-20 14:40:22', NULL, 15, 15);
INSERT INTO turno  VALUES ('2022-03-20 10:40:22' , 'ZOKGJL92T05F148Z', '2022-03-20 14:40:22', NULL, NULL, 15);
INSERT INTO ricezione  VALUES (16, '2022-04-27 00:04:21', '2022-04-27 01:04:21');
INSERT INTO trasporto  VALUES (16, '2022-04-26 22:04:21', '2022-04-27 00:04:21', 13, 'Incrocio Navone, 870 Appartamento 14', 16);
INSERT INTO turno  VALUES ('2022-04-26 22:04:21' , 'OYBWJD67R43E233L', '2022-04-27 02:04:21', NULL, 16, NULL);
INSERT INTO turno  VALUES ('2022-04-26 22:04:21' , 'CCCXXR24A27F265F', '2022-04-27 02:04:21', NULL, 16, 16);
INSERT INTO turno  VALUES ('2022-04-26 22:04:21' , 'BFCAFI97C12D998S', '2022-04-27 02:04:21', NULL, NULL, 16);
INSERT INTO ricezione  VALUES (17, '2022-06-02 13:47:47', '2022-06-02 14:47:47');
INSERT INTO trasporto  VALUES (17, '2022-06-02 11:47:47', '2022-06-02 13:47:47', 17, 'Rotonda Gramsci, 25 Appartamento 58', 17);
INSERT INTO turno  VALUES ('2022-06-02 11:47:47' , 'UTUSQC77H54B149C', '2022-06-02 15:47:47', NULL, 17, NULL);
INSERT INTO turno  VALUES ('2022-06-02 11:47:47' , 'RTOYMI74T54C588X', '2022-06-02 15:47:47', NULL, 17, 17);
INSERT INTO turno  VALUES ('2022-06-02 11:47:47' , 'JYQZGN05M11C595K', '2022-06-02 15:47:47', NULL, NULL, 17);
INSERT INTO ricezione  VALUES (18, '2022-04-15 03:37:33', '2022-04-15 04:37:33');
INSERT INTO trasporto  VALUES (18, '2022-04-15 01:37:33', '2022-04-15 03:37:33', 16, 'Piazza Fischetti, 1 Piano 2', 18);
INSERT INTO turno  VALUES ('2022-04-15 01:37:33' , 'CCCXXR24A27F265F', '2022-04-15 05:37:33', NULL, 18, NULL);
INSERT INTO turno  VALUES ('2022-04-15 01:37:33' , 'NAEKLE31C47I801E', '2022-04-15 05:37:33', NULL, 18, 18);
INSERT INTO turno  VALUES ('2022-04-15 01:37:33' , 'WLTFFH63P05F614G', '2022-04-15 05:37:33', NULL, NULL, 18);
INSERT INTO ricezione  VALUES (19, '2022-04-16 23:00:16', '2022-04-17 00:00:16');
INSERT INTO trasporto  VALUES (19, '2022-04-16 21:00:16', '2022-04-16 23:00:16', 3, 'Piazza Casagrande, 423 Piano 7', 19);
INSERT INTO turno  VALUES ('2022-04-16 21:00:16' , 'ORXSBP66B49L922P', '2022-04-17 01:00:16', NULL, 19, NULL);
INSERT INTO turno  VALUES ('2022-04-16 21:00:16' , 'EJHVKT96D63F773E', '2022-04-17 01:00:16', NULL, 19, 19);
INSERT INTO turno  VALUES ('2022-04-16 21:00:16' , 'XOYZAU24T61C710D', '2022-04-17 01:00:16', NULL, NULL, 19);
INSERT INTO ricezione  VALUES (20, '2022-05-31 07:10:19', '2022-05-31 08:10:19');
INSERT INTO trasporto  VALUES (20, '2022-05-31 05:10:19', '2022-05-31 07:10:19', 13, 'Canale Nibali, 3 Piano 1', 20);
INSERT INTO turno  VALUES ('2022-05-31 05:10:19' , 'QCBDLO81R12F932T', '2022-05-31 09:10:19', NULL, 20, NULL);
INSERT INTO turno  VALUES ('2022-05-31 05:10:19' , 'GZBXDV61A62F960W', '2022-05-31 09:10:19', NULL, 20, 20);
INSERT INTO turno  VALUES ('2022-05-31 05:10:19' , 'YUURTV86T02L383H', '2022-05-31 09:10:19', NULL, NULL, 20);
INSERT INTO ricezione  VALUES (21, '2022-04-20 15:12:18', '2022-04-20 16:12:18');
INSERT INTO trasporto  VALUES (21, '2022-04-20 13:12:18', '2022-04-20 15:12:18', 11, 'Piazza Marzorati, 254 Appartamento 35', 21);
INSERT INTO turno  VALUES ('2022-04-20 13:12:18' , 'PJGGFT18A09C659I', '2022-04-20 17:12:18', NULL, 21, NULL);
INSERT INTO turno  VALUES ('2022-04-20 13:12:18' , 'UTYKYM78S44I357K', '2022-04-20 17:12:18', NULL, 21, 21);
INSERT INTO turno  VALUES ('2022-04-20 13:12:18' , 'EPIGAD52C14G359S', '2022-04-20 17:12:18', NULL, NULL, 21);
INSERT INTO ricezione  VALUES (22, '2022-02-22 08:51:54', '2022-02-22 09:51:54');
INSERT INTO trasporto  VALUES (22, '2022-02-22 06:51:54', '2022-02-22 08:51:54', 14, 'Canale Zamorani, 9', 22);
INSERT INTO turno  VALUES ('2022-02-22 06:51:54' , 'NXYSTN67A64B237U', '2022-02-22 10:51:54', NULL, 22, NULL);
INSERT INTO turno  VALUES ('2022-02-22 06:51:54' , 'PJGWYZ49E05E911I', '2022-02-22 10:51:54', NULL, 22, 22);
INSERT INTO turno  VALUES ('2022-02-22 06:51:54' , 'ZOKGJL92T05F148Z', '2022-02-22 10:51:54', NULL, NULL, 22);
INSERT INTO ricezione  VALUES (23, '2022-04-12 06:52:51', '2022-04-12 07:52:51');
INSERT INTO trasporto  VALUES (23, '2022-04-12 04:52:51', '2022-04-12 06:52:51', 10, 'Rotonda Gelsomina, 796 Appartamento 4', 23);
INSERT INTO turno  VALUES ('2022-04-12 04:52:51' , 'UTYKYM78S44I357K', '2022-04-12 08:52:51', NULL, 23, NULL);
INSERT INTO turno  VALUES ('2022-04-12 04:52:51' , 'AQGCGH30R26G643Q', '2022-04-12 08:52:51', NULL, 23, 23);
INSERT INTO turno  VALUES ('2022-04-12 04:52:51' , 'ZCEQNJ79P24E855E', '2022-04-12 08:52:51', NULL, NULL, 23);
INSERT INTO ricezione  VALUES (24, '2022-05-06 22:19:20', '2022-05-06 23:19:20');
INSERT INTO trasporto  VALUES (24, '2022-05-06 20:19:20', '2022-05-06 22:19:20', 7, 'Incrocio Pomponio, 24 Piano 8', 24);
INSERT INTO turno  VALUES ('2022-05-06 20:19:20' , 'NAEKLE31C47I801E', '2022-05-07 00:19:20', NULL, 24, NULL);
INSERT INTO turno  VALUES ('2022-05-06 20:19:20' , 'BFCAFI97C12D998S', '2022-05-07 00:19:20', NULL, 24, 24);
INSERT INTO turno  VALUES ('2022-05-06 20:19:20' , 'ZCEQNJ79P24E855E', '2022-05-07 00:19:20', NULL, NULL, 24);
INSERT INTO ricezione  VALUES (25, '2022-04-11 08:50:03', '2022-04-11 09:50:03');
INSERT INTO trasporto  VALUES (25, '2022-04-11 06:50:03', '2022-04-11 08:50:03', 15, 'Viale Ciro, 80', 25);
INSERT INTO turno  VALUES ('2022-04-11 06:50:03' , 'CJHUGM73A01F464Y', '2022-04-11 10:50:03', NULL, 25, NULL);
INSERT INTO turno  VALUES ('2022-04-11 06:50:03' , 'JDJREK20T07C141T', '2022-04-11 10:50:03', NULL, 25, 25);
INSERT INTO turno  VALUES ('2022-04-11 06:50:03' , 'XLZOOY10E60F065T', '2022-04-11 10:50:03', NULL, NULL, 25);
INSERT INTO ricezione  VALUES (26, '2022-04-03 05:33:47', '2022-04-03 06:33:47');
INSERT INTO trasporto  VALUES (26, '2022-04-03 03:33:47', '2022-04-03 05:33:47', 11, 'Viale Malacarne, 5', 26);
INSERT INTO turno  VALUES ('2022-04-03 03:33:47' , 'RTOYMI74T54C588X', '2022-04-03 07:33:47', NULL, 26, NULL);
INSERT INTO turno  VALUES ('2022-04-03 03:33:47' , 'JYQZGN05M11C595K', '2022-04-03 07:33:47', NULL, 26, 26);
INSERT INTO turno  VALUES ('2022-04-03 03:33:47' , 'QCBDLO81R12F932T', '2022-04-03 07:33:47', NULL, NULL, 26);
INSERT INTO ricezione  VALUES (27, '2022-04-29 07:24:35', '2022-04-29 08:24:35');
INSERT INTO trasporto  VALUES (27, '2022-04-29 05:24:35', '2022-04-29 07:24:35', 3, 'Stretto Gentili, 60 Piano 0', 27);
INSERT INTO turno  VALUES ('2022-04-29 05:24:35' , 'QMGUOB09S67M025I', '2022-04-29 09:24:35', NULL, 27, NULL);
INSERT INTO turno  VALUES ('2022-04-29 05:24:35' , 'TUYKQW19C63B527A', '2022-04-29 09:24:35', NULL, 27, 27);
INSERT INTO turno  VALUES ('2022-04-29 05:24:35' , 'QOLNEG29H07D037U', '2022-04-29 09:24:35', NULL, NULL, 27);
INSERT INTO ricezione  VALUES (28, '2022-04-07 14:03:50', '2022-04-07 15:03:50');
INSERT INTO trasporto  VALUES (28, '2022-04-07 12:03:50', '2022-04-07 14:03:50', 14, 'Borgo Ronaldo, 485', 28);
INSERT INTO turno  VALUES ('2022-04-07 12:03:50' , 'JDJREK20T07C141T', '2022-04-07 16:03:50', NULL, 28, NULL);
INSERT INTO turno  VALUES ('2022-04-07 12:03:50' , 'WLTFFH63P05F614G', '2022-04-07 16:03:50', NULL, 28, 28);
INSERT INTO turno  VALUES ('2022-04-07 12:03:50' , 'EJHVKT96D63F773E', '2022-04-07 16:03:50', NULL, NULL, 28);
INSERT INTO ricezione  VALUES (29, '2022-05-05 00:15:26', '2022-05-05 01:15:26');
INSERT INTO trasporto  VALUES (29, '2022-05-04 22:15:26', '2022-05-05 00:15:26', 3, 'Strada Lombardi, 410', 29);
INSERT INTO turno  VALUES ('2022-05-04 22:15:26' , 'TUYKQW19C63B527A', '2022-05-05 02:15:26', NULL, 29, NULL);
INSERT INTO turno  VALUES ('2022-05-04 22:15:26' , 'QOLNEG29H07D037U', '2022-05-05 02:15:26', NULL, 29, 29);
INSERT INTO turno  VALUES ('2022-05-04 22:15:26' , 'OYBWJD67R43E233L', '2022-05-05 02:15:26', NULL, NULL, 29);


INSERT INTO spesa  VALUES (0, 65);
INSERT INTO donazione  VALUES (0, '2022-06-26 11:30:43', 65, NULL, 'KMGHAR10E17I095I' , NULL);
INSERT INTO donazione  VALUES (1, '2022-05-25', NULL , 9, NULL, 0);
INSERT INTO spesa  VALUES (1, 44);
INSERT INTO donazione  VALUES (2, '2022-06-08 09:29:02', 44, NULL, 'DUOJQS54P27F524J' , NULL);
INSERT INTO donazione  VALUES (3, '2022-01-22', NULL , 14, NULL, 1);
INSERT INTO spesa  VALUES (2, 82);
INSERT INTO donazione  VALUES (4, '2022-02-02 11:08:59', 82, NULL, 'VEOFQX46P44A358R' , NULL);
INSERT INTO donazione  VALUES (5, '2022-03-08', NULL , 20, NULL, 2);
INSERT INTO spesa  VALUES (3, 58);
INSERT INTO donazione  VALUES (6, '2022-04-20 00:22:33', 58, NULL, 'HDNNTI06L12M071I' , NULL);
INSERT INTO donazione  VALUES (7, '2022-02-17', NULL , 2, NULL, 3);
INSERT INTO spesa  VALUES (4, 10);
INSERT INTO donazione  VALUES (8, '2022-02-24 15:29:53', 10, NULL, 'KNANDO88C54C711M' , NULL);
INSERT INTO donazione  VALUES (9, '2021-12-22', NULL , 3, NULL, 4);
INSERT INTO spesa  VALUES (5, 82);
INSERT INTO donazione  VALUES (10, '2022-03-21 14:52:54', 82, NULL, 'PYMODP40T01D180M' , NULL);
INSERT INTO donazione  VALUES (11, '2022-03-08', NULL , 21, NULL, 5);
INSERT INTO spesa  VALUES (6, 31);
INSERT INTO donazione  VALUES (12, '2022-02-18 03:18:33', 31, NULL, 'PNGAST69P52E139X' , NULL);
INSERT INTO donazione  VALUES (13, '2022-01-06', NULL , 1, NULL, 6);
INSERT INTO spesa  VALUES (7, 90);
INSERT INTO donazione  VALUES (14, '2022-01-31 02:25:18', 90, NULL, 'IOEUBV64T03E848N' , NULL);
INSERT INTO donazione  VALUES (15, '2021-12-26', NULL , 3, NULL, 7);
INSERT INTO spesa  VALUES (8, 58);
INSERT INTO donazione  VALUES (16, '2022-05-29 02:28:25', 58, NULL, 'FNGCRH31T42I164I' , NULL);
INSERT INTO donazione  VALUES (17, '2021-12-18', NULL , 25, NULL, 8);
INSERT INTO spesa  VALUES (9, 19);
INSERT INTO donazione  VALUES (18, '2022-03-31 17:33:00', 19, NULL, 'VTRORD59R04I483D' , NULL);
INSERT INTO donazione  VALUES (19, '2022-03-26', NULL , 17, NULL, 9);


INSERT INTO donazione  VALUES (20, '2022-03-08', NULL , 15, 'GVNFVR59L56A315Z' , NULL );
INSERT INTO donazione  VALUES (21, '2022-01-19', NULL , 27, 'BXLJWC32H49G788F' , NULL );
INSERT INTO donazione  VALUES (22, '2022-04-29', NULL , 29, 'HSQWBH97R07F464W' , NULL );
INSERT INTO donazione  VALUES (23, '2022-04-06', NULL , 25, 'BXLJWC32H49G788F' , NULL );
INSERT INTO donazione  VALUES (24, '2022-02-25', NULL , 29, 'VEOFQX46P44A358R' , NULL );
INSERT INTO donazione  VALUES (25, '2022-05-08', NULL , 7, 'KNANDO88C54C711M' , NULL );
INSERT INTO donazione  VALUES (26, '2022-02-05', NULL , 14, 'KNANDO88C54C711M' , NULL );
INSERT INTO donazione  VALUES (27, '2021-12-18', NULL , 15, 'CRONPR11B47A542G' , NULL );
INSERT INTO donazione  VALUES (28, '2022-03-28', NULL , 25, 'YOAZER45E54F106R' , NULL );
INSERT INTO donazione  VALUES (29, '2022-01-13', NULL , 0, 'KXFFTJ81R58E111T' , NULL );
INSERT INTO donazione  VALUES (30, '2022-04-25', NULL , 14, 'FIWAAX56C11G541L' , NULL );
INSERT INTO donazione  VALUES (31, '2022-04-12', NULL , 12, 'GVNFVR59L56A315Z' , NULL );
INSERT INTO donazione  VALUES (32, '2022-01-19', NULL , 7, 'SJIIDU05D48E473I' , NULL );
INSERT INTO donazione  VALUES (33, '2022-03-31', NULL , 1, 'BLMXZP15L11A293R' , NULL );
INSERT INTO donazione  VALUES (34, '2022-01-06', NULL , 5, 'IOEUBV64T03E848N' , NULL );


INSERT INTO inventario  VALUES (0, 0, 'pasta', 'penne Barilla', 3 , '10' );
INSERT INTO inventario  VALUES (1, 0, 'pasta', 'fusilli DeCecco', 1 , '10' );
INSERT INTO inventario  VALUES (2, 0, 'pasta', 'farfalle Barilla', 2 , '10' );
INSERT INTO inventario  VALUES (3, 0, 'pasta', 'spaghetti Barilla', 5 , '10' );
INSERT INTO inventario  VALUES (4, 0, 'pasta', 'cannelloni DeCecco', 4 , '10' );
INSERT INTO inventario  VALUES (5, 0, 'riso', 'riso Scotti', 3 , '9' );
INSERT INTO inventario  VALUES (6, 0, 'riso', 'riso Scotti basmati', 2 , '9' );
INSERT INTO inventario  VALUES (7, 0, 'riso', 'riso Gallo', 1 , '9' );
INSERT INTO inventario  VALUES (8, 0, 'latte', 'Parmalat scremato', 4 , NULL );
INSERT INTO inventario  VALUES (9, 0, 'latte', 'Parmalat intero', 2 , NULL );
INSERT INTO inventario  VALUES (10, 0, 'latte', 'latte Tiguglio', 1 , NULL );
INSERT INTO inventario  VALUES (11, 0, 'latte', 'Latte di Soia', 4 , NULL );
INSERT INTO inventario  VALUES (12, 0, 'latte', 'Latte di Mandorla', 2 , NULL );
INSERT INTO inventario  VALUES (13, 0, 'formaggi', 'Parmigiano Reggiano', 4 , NULL );
INSERT INTO inventario  VALUES (14, 0, 'formaggi', 'Asiago', 2 , NULL );
INSERT INTO inventario  VALUES (15, 0, 'formaggi', 'Mozzarella', 1 , NULL );
INSERT INTO inventario  VALUES (16, 0, 'formaggi', 'Caciotto', 4 , NULL );
INSERT INTO inventario  VALUES (17, 0, 'formaggi', 'Stracchino', 4 , NULL );
INSERT INTO inventario  VALUES (18, 0, 'formaggi', 'Gorgonzola', 4 , NULL );
INSERT INTO inventario  VALUES (19, 0, 'yogurt', 'Muller yogurt frutta', 2 , NULL );
INSERT INTO inventario  VALUES (20, 0, 'yogurt', 'Muller yogurt bianco', 5 , NULL );
INSERT INTO inventario  VALUES (21, 0, 'yogurt', 'Activia yogurt', 4 , NULL );
INSERT INTO inventario  VALUES (22, 0, 'yogurt', 'yogurt greco', 4 , NULL );
INSERT INTO inventario  VALUES (23, 0, 'olio', 'Olio oliva Carli', 3 , '12' );
INSERT INTO inventario  VALUES (24, 0, 'olio', 'Olio oliva Fabbri', 4 , '12' );
INSERT INTO inventario  VALUES (25, 0, 'olio', 'Olio di semi', 4 , '12' );
INSERT INTO inventario  VALUES (26, 0, 'olio', 'Olio di palma', 2 , '12' );
INSERT INTO inventario  VALUES (27, 0, 'salse', 'pesto Barilla', 1 , '5' );
INSERT INTO inventario  VALUES (28, 0, 'salse', 'sugo Barilla', 1 , '5' );
INSERT INTO inventario  VALUES (29, 0, 'salse', 'ketchapp', 5 , '5' );
INSERT INTO inventario  VALUES (30, 0, 'salse', 'maionese', 5 , '5' );
INSERT INTO inventario  VALUES (31, 0, 'salse', 'senape', 1 , '5' );
INSERT INTO inventario  VALUES (32, 0, 'salse', 'aceto balsamico', 1 , '5' );
INSERT INTO inventario  VALUES (33, 0, 'caffe', 'Lavazza arabico', 3 , '6' );
INSERT INTO inventario  VALUES (34, 0, 'caffe', 'Lavazza rossa', 3 , '6' );
INSERT INTO inventario  VALUES (35, 0, 'caffe', 'Lavazza gold', 2 , '6' );
INSERT INTO inventario  VALUES (36, 0, 'caffe', 'Illy classico', 5 , '6' );
INSERT INTO inventario  VALUES (37, 0, 'igene', 'Carta Igenica', 2 , NULL );
INSERT INTO inventario  VALUES (38, 0, 'igene', 'Sapone neutro', 5 , NULL );
INSERT INTO inventario  VALUES (39, 0, 'igene', 'Amuchina', 1 , NULL );
INSERT INTO inventario  VALUES (40, 0, 'igene', 'Shampoo', 3 , NULL );
INSERT INTO inventario  VALUES (41, 0, 'igene', 'DocciaSchiuma', 5 , NULL );
INSERT INTO inventario  VALUES (42, 0, 'igene', 'deodorante', 4 , NULL );
INSERT INTO inventario  VALUES (43, 0, 'igene', 'sgrassatore', 1 , NULL );
INSERT INTO inventario  VALUES (44, 0, 'igene', 'candeggina', 1 , NULL );
INSERT INTO inventario  VALUES (45, 0, 'igene', 'spugna', 3 , NULL );
INSERT INTO inventario  VALUES (46, 0, 'bibite', 'Acqua Eva', 1 , NULL );
INSERT INTO inventario  VALUES (47, 0, 'bibite', 'SantAnna', 5 , NULL );
INSERT INTO inventario  VALUES (48, 0, 'bibite', 'Acqua Simply', 2 , NULL );
INSERT INTO inventario  VALUES (49, 0, 'bibite', 'CocaCola', 4 , NULL );
INSERT INTO inventario  VALUES (50, 0, 'bibite', 'Pepsi', 1 , NULL );
INSERT INTO inventario  VALUES (51, 0, 'bibite', 'Fanta', 1 , NULL );


CREATE OR REPLACE FUNCTION funIncr() RETURNS trigger AS
$$
BEGIN
    IF (NEW.dataOra is null AND NEW.dataScarico is null) 
    THEN
        UPDATE Inventario
        SET quantità = quantità+1
        WHERE codProdotto = NEW.codProdotto;
    END IF;
    RETURN NEW;
END;
$$ LANGUAGE plpgsql;

CREATE OR REPLACE TRIGGER incrQnt
AFTER INSERT ON Prodotto
FOR EACH ROW
EXECUTE FUNCTION funIncr();


INSERT INTO scarico VALUES ('2022-02-06' );
INSERT INTO prodotto  VALUES (0, '2020-12-30', NULL , 4, '2022-02-06' , 27  );
INSERT INTO prodotto  VALUES (1, '2021-01-04', NULL , 18, '2022-02-06' , 25  );
INSERT INTO prodotto  VALUES (2, '2022-01-16', NULL , 19, '2022-02-06' , 1  );
INSERT INTO prodotto  VALUES (3, '2021-11-01', NULL , 8, '2022-02-06' , 34  );
INSERT INTO prodotto  VALUES (4, NULL, NULL , 49, '2022-02-06' , 11  );
INSERT INTO prodotto  VALUES (5, '2021-10-23', NULL , 26, '2022-02-06' , 12  );
INSERT INTO prodotto  VALUES (6, NULL, NULL , 40, '2022-02-06' , 13  );
INSERT INTO prodotto  VALUES (7, NULL, NULL , 42, '2022-02-06' , 2  );
INSERT INTO prodotto  VALUES (8, '2021-07-12', NULL , 5, '2022-02-06' , 17  );
INSERT INTO prodotto  VALUES (9, '2021-12-09', NULL , 36, '2022-02-06' , 21  );
INSERT INTO scarico VALUES ('2022-01-15' );
INSERT INTO prodotto  VALUES (10, NULL, NULL , 43, '2022-01-15' , 26  );
INSERT INTO prodotto  VALUES (11, '2020-12-19', NULL , 13, '2022-01-15' , 25  );
INSERT INTO prodotto  VALUES (12, '2022-01-11', NULL , 2, '2022-01-15' , 12  );
INSERT INTO prodotto  VALUES (13, NULL, NULL , 42, '2022-01-15' , 22  );
INSERT INTO prodotto  VALUES (14, '2020-12-29', NULL , 30, '2022-01-15' , 28  );
INSERT INTO prodotto  VALUES (15, NULL, NULL , 43, '2022-01-15' , 17  );
INSERT INTO prodotto  VALUES (16, '2021-05-21', NULL , 33, '2022-01-15' , 4  );
INSERT INTO prodotto  VALUES (17, '2021-05-11', NULL , 29, '2022-01-15' , 0  );
INSERT INTO prodotto  VALUES (18, '2021-11-26', NULL , 10, '2022-01-15' , 23  );
INSERT INTO prodotto  VALUES (19, '2021-07-24', NULL , 0, '2022-01-15' , 32  );
INSERT INTO scarico VALUES ('2022-03-29' );
INSERT INTO prodotto  VALUES (20, NULL, NULL , 44, '2022-03-29' , 10  );
INSERT INTO prodotto  VALUES (21, '2022-03-05', NULL , 33, '2022-03-29' , 26  );
INSERT INTO prodotto  VALUES (22, NULL, NULL , 45, '2022-03-29' , 11  );
INSERT INTO prodotto  VALUES (23, '2022-02-06', NULL , 5, '2022-03-29' , 16  );
INSERT INTO prodotto  VALUES (24, NULL, NULL , 43, '2022-03-29' , 7  );
INSERT INTO prodotto  VALUES (25, '2022-01-06', NULL , 0, '2022-03-29' , 22  );
INSERT INTO prodotto  VALUES (26, '2021-09-29', NULL , 14, '2022-03-29' , 23  );
INSERT INTO prodotto  VALUES (27, NULL, NULL , 37, '2022-03-29' , 7  );
INSERT INTO prodotto  VALUES (28, '2022-01-10', NULL , 16, '2022-03-29' , 26  );
INSERT INTO prodotto  VALUES (29, '2021-09-14', NULL , 28, '2022-03-29' , 23  );
INSERT INTO scarico VALUES ('2022-06-18' );
INSERT INTO prodotto  VALUES (30, '2021-07-20', NULL , 11, '2022-06-18' , 7  );
INSERT INTO prodotto  VALUES (31, '2021-11-08', NULL , 30, '2022-06-18' , 1  );
INSERT INTO prodotto  VALUES (32, '2021-11-22', NULL , 17, '2022-06-18' , 27  );
INSERT INTO prodotto  VALUES (33, NULL, NULL , 37, '2022-06-18' , 9  );
INSERT INTO prodotto  VALUES (34, NULL, NULL , 43, '2022-06-18' , 16  );
INSERT INTO prodotto  VALUES (35, NULL, NULL , 48, '2022-06-18' , 33  );
INSERT INTO prodotto  VALUES (36, '2021-05-30', NULL , 30, '2022-06-18' , 1  );
INSERT INTO prodotto  VALUES (37, '2021-02-15', NULL , 20, '2022-06-18' , 14  );
INSERT INTO prodotto  VALUES (38, '2021-11-02', NULL , 4, '2022-06-18' , 10  );
INSERT INTO prodotto  VALUES (39, '2022-05-22', NULL , 8, '2022-06-18' , 12  );
INSERT INTO scarico VALUES ('2022-03-12' );
INSERT INTO prodotto  VALUES (40, '2020-12-24', NULL , 9, '2022-03-12' , 3  );
INSERT INTO prodotto  VALUES (41, '2021-12-14', NULL , 0, '2022-03-12' , 6  );
INSERT INTO prodotto  VALUES (42, '2022-02-15', NULL , 35, '2022-03-12' , 25  );
INSERT INTO prodotto  VALUES (43, '2021-08-04', NULL , 34, '2022-03-12' , 4  );
INSERT INTO prodotto  VALUES (44, NULL, NULL , 46, '2022-03-12' , 10  );
INSERT INTO prodotto  VALUES (45, NULL, NULL , 45, '2022-03-12' , 4  );
INSERT INTO prodotto  VALUES (46, '2021-03-09', NULL , 26, '2022-03-12' , 30  );
INSERT INTO prodotto  VALUES (47, '2021-10-07', NULL , 16, '2022-03-12' , 34  );
INSERT INTO prodotto  VALUES (48, '2021-08-15', NULL , 19, '2022-03-12' , 11  );
INSERT INTO prodotto  VALUES (49, '2020-12-29', NULL , 30, '2022-03-12' , 28  );
INSERT INTO scarico VALUES ('2022-02-08' );
INSERT INTO prodotto  VALUES (50, NULL, NULL , 47, '2022-02-08' , 10  );
INSERT INTO prodotto  VALUES (51, '2021-02-06', NULL , 3, '2022-02-08' , 12  );
INSERT INTO prodotto  VALUES (52, '2021-01-04', NULL , 32, '2022-02-08' , 30  );
INSERT INTO prodotto  VALUES (53, NULL, NULL , 43, '2022-02-08' , 14  );
INSERT INTO prodotto  VALUES (54, '2021-01-10', NULL , 2, '2022-02-08' , 34  );
INSERT INTO prodotto  VALUES (55, NULL, NULL , 42, '2022-02-08' , 22  );
INSERT INTO prodotto  VALUES (56, '2021-03-31', NULL , 24, '2022-02-08' , 7  );
INSERT INTO prodotto  VALUES (57, NULL, NULL , 42, '2022-02-08' , 13  );
INSERT INTO prodotto  VALUES (58, '2021-07-24', NULL , 20, '2022-02-08' , 21  );
INSERT INTO prodotto  VALUES (59, '2021-02-06', NULL , 31, '2022-02-08' , 10  );
INSERT INTO scarico VALUES ('2022-05-26' );
INSERT INTO prodotto  VALUES (60, '2021-04-18', NULL , 22, '2022-05-26' , 17  );
INSERT INTO prodotto  VALUES (61, '2022-02-03', NULL , 33, '2022-05-26' , 26  );
INSERT INTO prodotto  VALUES (62, NULL, NULL , 46, '2022-05-26' , 31  );
INSERT INTO prodotto  VALUES (63, NULL, NULL , 48, '2022-05-26' , 3  );
INSERT INTO prodotto  VALUES (64, '2022-01-07', NULL , 18, '2022-05-26' , 5  );
INSERT INTO prodotto  VALUES (65, '2022-02-10', NULL , 32, '2022-05-26' , 0  );
INSERT INTO prodotto  VALUES (66, '2021-11-01', NULL , 14, '2022-05-26' , 11  );
INSERT INTO prodotto  VALUES (67, NULL, NULL , 48, '2022-05-26' , 7  );
INSERT INTO prodotto  VALUES (68, '2022-05-02', NULL , 15, '2022-05-26' , 14  );
INSERT INTO prodotto  VALUES (69, '2022-03-29', NULL , 34, '2022-05-26' , 17  );
INSERT INTO scarico VALUES ('2022-04-01' );
INSERT INTO prodotto  VALUES (70, '2021-09-10', NULL , 10, '2022-04-01' , 25  );
INSERT INTO prodotto  VALUES (71, '2020-12-29', NULL , 0, '2022-04-01' , 31  );
INSERT INTO prodotto  VALUES (72, NULL, NULL , 45, '2022-04-01' , 25  );
INSERT INTO prodotto  VALUES (73, NULL, NULL , 37, '2022-04-01' , 2  );
INSERT INTO prodotto  VALUES (74, '2022-03-24', NULL , 25, '2022-04-01' , 8  );
INSERT INTO prodotto  VALUES (75, '2021-09-13', NULL , 21, '2022-04-01' , 29  );
INSERT INTO prodotto  VALUES (76, '2021-02-02', NULL , 11, '2022-04-01' , 17  );
INSERT INTO prodotto  VALUES (77, '2021-07-10', NULL , 20, '2022-04-01' , 20  );
INSERT INTO prodotto  VALUES (78, '2021-10-18', NULL , 25, '2022-04-01' , 31  );
INSERT INTO prodotto  VALUES (79, NULL, NULL , 37, '2022-04-01' , 9  );
INSERT INTO scarico VALUES ('2022-01-09' );
INSERT INTO prodotto  VALUES (80, '2021-01-01', NULL , 29, '2022-01-09' , 14  );
INSERT INTO prodotto  VALUES (81, '2021-01-09', NULL , 3, '2022-01-09' , 7  );
INSERT INTO prodotto  VALUES (82, NULL, NULL , 50, '2022-01-09' , 27  );
INSERT INTO prodotto  VALUES (83, '2021-03-18', NULL , 29, '2022-01-09' , 0  );
INSERT INTO prodotto  VALUES (84, '2021-08-12', NULL , 19, '2022-01-09' , 12  );
INSERT INTO prodotto  VALUES (85, '2021-05-08', NULL , 17, '2022-01-09' , 26  );
INSERT INTO prodotto  VALUES (86, NULL, NULL , 42, '2022-01-09' , 0  );
INSERT INTO prodotto  VALUES (87, '2021-06-25', NULL , 36, '2022-01-09' , 11  );
INSERT INTO prodotto  VALUES (88, NULL, NULL , 39, '2022-01-09' , 18  );
INSERT INTO prodotto  VALUES (89, NULL, NULL , 43, '2022-01-09' , 15  );
INSERT INTO scarico VALUES ('2022-06-22' );
INSERT INTO prodotto  VALUES (90, '2021-06-09', NULL , 1, '2022-06-22' , 28  );
INSERT INTO prodotto  VALUES (91, '2021-05-12', NULL , 1, '2022-06-22' , 24  );
INSERT INTO prodotto  VALUES (92, '2021-03-14', NULL , 14, '2022-06-22' , 9  );
INSERT INTO prodotto  VALUES (93, NULL, NULL , 48, '2022-06-22' , 3  );
INSERT INTO prodotto  VALUES (94, '2021-08-19', NULL , 10, '2022-06-22' , 10  );
INSERT INTO prodotto  VALUES (95, '2021-11-05', NULL , 4, '2022-06-22' , 7  );
INSERT INTO prodotto  VALUES (96, '2021-05-21', NULL , 6, '2022-06-22' , 10  );
INSERT INTO prodotto  VALUES (97, '2021-06-19', NULL , 4, '2022-06-22' , 29  );
INSERT INTO prodotto  VALUES (98, NULL, NULL , 46, '2022-06-22' , 14  );
INSERT INTO prodotto  VALUES (99, '2021-04-07', NULL , 14, '2022-06-22' , 9  );


INSERT INTO appuntamento  VALUES ('2022-03-24 14:12:59', 32,  2 , 'CVDTIX47A59B772L', 13 );
INSERT INTO turno  VALUES ('2022-03-24 14:12:59' , 'WKWUJW56H64M072L', '2022-03-24 18:12:59', '2022-03-24 14:12:59', NULL, NULL);
INSERT INTO prodotto  VALUES (100, '2022-05-23', '2022-03-24 14:12:59' , 32, NULL , 17 );
INSERT INTO prodotto  VALUES (101, NULL, '2022-03-24 14:12:59' , 46, NULL , 8 );
INSERT INTO prodotto  VALUES (102, '2022-04-04', '2022-03-24 14:12:59' , 4, NULL , 32 );
INSERT INTO prodotto  VALUES (103, NULL, '2022-03-24 14:12:59' , 38, NULL , 29 );
INSERT INTO prodotto  VALUES (104, NULL, '2022-03-24 14:12:59' , 51, NULL , 5 );
INSERT INTO prodotto  VALUES (105, '2022-04-07', '2022-03-24 14:12:59' , 26, NULL , 31 );
INSERT INTO prodotto  VALUES (106, '2022-05-23', '2022-03-24 14:12:59' , 21, NULL , 26 );
INSERT INTO prodotto  VALUES (107, '2022-04-26', '2022-03-24 14:12:59' , 13, NULL , 10 );
INSERT INTO prodotto  VALUES (108, '2022-04-08', '2022-03-24 14:12:59' , 27, NULL , 8 );
INSERT INTO prodotto  VALUES (109, '2022-03-25', '2022-03-24 14:12:59' , 8, NULL , 8 );
INSERT INTO prodotto  VALUES (110, NULL, '2022-03-24 14:12:59' , 50, NULL , 23 );
INSERT INTO prodotto  VALUES (111, '2022-05-17', '2022-03-24 14:12:59' , 12, NULL , 29 );
INSERT INTO appuntamento  VALUES ('2022-03-27 18:37:23', 47,  4 , 'QZJZZM49R20A632I', 4 );
INSERT INTO turno  VALUES ('2022-03-27 18:37:23' , 'PJGGFT18A09C659I', '2022-03-27 22:37:23', '2022-03-27 18:37:23', NULL, NULL);
INSERT INTO prodotto  VALUES (112, '2022-04-19', '2022-03-27 18:37:23' , 4, NULL , 12 );
INSERT INTO prodotto  VALUES (113, '2022-05-14', '2022-03-27 18:37:23' , 3, NULL , 20 );
INSERT INTO prodotto  VALUES (114, NULL, '2022-03-27 18:37:23' , 49, NULL , 8 );
INSERT INTO prodotto  VALUES (115, '2022-05-19', '2022-03-27 18:37:23' , 30, NULL , 25 );
INSERT INTO prodotto  VALUES (116, '2022-04-04', '2022-03-27 18:37:23' , 24, NULL , 15 );
INSERT INTO prodotto  VALUES (117, '2022-04-19', '2022-03-27 18:37:23' , 8, NULL , 28 );
INSERT INTO prodotto  VALUES (118, '2022-04-24', '2022-03-27 18:37:23' , 20, NULL , 5 );
INSERT INTO prodotto  VALUES (119, '2022-05-04', '2022-03-27 18:37:23' , 13, NULL , 12 );
INSERT INTO prodotto  VALUES (120, '2022-05-25', '2022-03-27 18:37:23' , 25, NULL , 19 );
INSERT INTO prodotto  VALUES (121, '2022-03-31', '2022-03-27 18:37:23' , 13, NULL , 16 );
INSERT INTO appuntamento  VALUES ('2022-03-03 19:35:58', 57,  12 , 'VYWADW38S15H216Y', 17 );
INSERT INTO turno  VALUES ('2022-03-03 19:35:58' , 'DVBPEU04M10B615X', '2022-03-03 23:35:58', '2022-03-03 19:35:58', NULL, NULL);
INSERT INTO prodotto  VALUES (122, '2022-03-12', '2022-03-03 19:35:58' , 21, NULL , 30 );
INSERT INTO prodotto  VALUES (123, NULL, '2022-03-03 19:35:58' , 41, NULL , 21 );
INSERT INTO prodotto  VALUES (124, NULL, '2022-03-03 19:35:58' , 46, NULL , 12 );
INSERT INTO prodotto  VALUES (125, NULL, '2022-03-03 19:35:58' , 44, NULL , 33 );
INSERT INTO prodotto  VALUES (126, '2022-03-20', '2022-03-03 19:35:58' , 5, NULL , 32 );
INSERT INTO prodotto  VALUES (127, '2022-05-22', '2022-03-03 19:35:58' , 21, NULL , 15 );
INSERT INTO prodotto  VALUES (128, NULL, '2022-03-03 19:35:58' , 38, NULL , 4 );
INSERT INTO prodotto  VALUES (129, '2022-05-25', '2022-03-03 19:35:58' , 18, NULL , 22 );
INSERT INTO prodotto  VALUES (130, '2022-03-25', '2022-03-03 19:35:58' , 2, NULL , 12 );
INSERT INTO prodotto  VALUES (131, NULL, '2022-03-03 19:35:58' , 50, NULL , 11 );
INSERT INTO prodotto  VALUES (132, '2022-04-16', '2022-03-03 19:35:58' , 4, NULL , 18 );
INSERT INTO prodotto  VALUES (133, '2022-04-02', '2022-03-03 19:35:58' , 34, NULL , 8 );
INSERT INTO prodotto  VALUES (134, '2022-03-16', '2022-03-03 19:35:58' , 13, NULL , 29 );
INSERT INTO prodotto  VALUES (135, '2022-04-07', '2022-03-03 19:35:58' , 2, NULL , 21 );
INSERT INTO prodotto  VALUES (136, '2022-05-25', '2022-03-03 19:35:58' , 26, NULL , 13 );
INSERT INTO appuntamento  VALUES ('2022-03-15 19:14:06', 42,  2 , 'TYBOWC22E02D694D', 24 );
INSERT INTO turno  VALUES ('2022-03-15 19:14:06' , 'XLZOOY10E60F065T', '2022-03-15 23:14:06', '2022-03-15 19:14:06', NULL, NULL);
INSERT INTO prodotto  VALUES (137, '2022-04-14', '2022-03-15 19:14:06' , 3, NULL , 28 );
INSERT INTO prodotto  VALUES (138, NULL, '2022-03-15 19:14:06' , 49, NULL , 11 );
INSERT INTO prodotto  VALUES (139, '2022-03-23', '2022-03-15 19:14:06' , 17, NULL , 2 );
INSERT INTO prodotto  VALUES (140, '2022-04-04', '2022-03-15 19:14:06' , 2, NULL , 13 );
INSERT INTO prodotto  VALUES (141, NULL, '2022-03-15 19:14:06' , 45, NULL , 21 );
INSERT INTO prodotto  VALUES (142, '2022-04-22', '2022-03-15 19:14:06' , 28, NULL , 0 );
INSERT INTO prodotto  VALUES (143, NULL, '2022-03-15 19:14:06' , 51, NULL , 28 );
INSERT INTO prodotto  VALUES (144, NULL, '2022-03-15 19:14:06' , 49, NULL , 27 );
INSERT INTO prodotto  VALUES (145, NULL, '2022-03-15 19:14:06' , 42, NULL , 10 );
INSERT INTO prodotto  VALUES (146, '2022-04-02', '2022-03-15 19:14:06' , 6, NULL , 25 );
INSERT INTO prodotto  VALUES (147, '2022-04-14', '2022-03-15 19:14:06' , 35, NULL , 33 );
INSERT INTO prodotto  VALUES (148, '2022-05-13', '2022-03-15 19:14:06' , 22, NULL , 15 );
INSERT INTO prodotto  VALUES (149, '2022-05-02', '2022-03-15 19:14:06' , 25, NULL , 22 );
INSERT INTO appuntamento  VALUES ('2022-03-26 14:25:12', 58,  20 , 'WGNJSE02D56I128C', 19 );
INSERT INTO turno  VALUES ('2022-03-26 14:25:12' , 'EJHVKT96D63F773E', '2022-03-26 18:25:12', '2022-03-26 14:25:12', NULL, NULL);
INSERT INTO prodotto  VALUES (150, NULL, '2022-03-26 14:25:12' , 39, NULL , 0 );
INSERT INTO prodotto  VALUES (151, '2022-05-13', '2022-03-26 14:25:12' , 28, NULL , 26 );
INSERT INTO prodotto  VALUES (152, NULL, '2022-03-26 14:25:12' , 47, NULL , 17 );
INSERT INTO prodotto  VALUES (153, '2022-04-02', '2022-03-26 14:25:12' , 32, NULL , 17 );
INSERT INTO prodotto  VALUES (154, '2022-05-19', '2022-03-26 14:25:12' , 22, NULL , 2 );
INSERT INTO prodotto  VALUES (155, '2022-04-11', '2022-03-26 14:25:12' , 1, NULL , 6 );
INSERT INTO prodotto  VALUES (156, '2022-04-14', '2022-03-26 14:25:12' , 34, NULL , 23 );
INSERT INTO prodotto  VALUES (157, '2022-04-13', '2022-03-26 14:25:12' , 0, NULL , 17 );
INSERT INTO prodotto  VALUES (158, NULL, '2022-03-26 14:25:12' , 47, NULL , 0 );
INSERT INTO prodotto  VALUES (159, '2022-03-28', '2022-03-26 14:25:12' , 35, NULL , 2 );
INSERT INTO prodotto  VALUES (160, '2022-05-10', '2022-03-26 14:25:12' , 21, NULL , 29 );
INSERT INTO prodotto  VALUES (161, '2022-05-19', '2022-03-26 14:25:12' , 4, NULL , 28 );
INSERT INTO prodotto  VALUES (162, NULL, '2022-03-26 14:25:12' , 48, NULL , 8 );
INSERT INTO prodotto  VALUES (163, '2022-05-26', '2022-03-26 14:25:12' , 10, NULL , 23 );
INSERT INTO prodotto  VALUES (164, NULL, '2022-03-26 14:25:12' , 39, NULL , 1 );
INSERT INTO appuntamento  VALUES ('2022-03-29 16:17:02', 52,  18 , 'EJGZPJ64T43M349C', 15 );
INSERT INTO turno  VALUES ('2022-03-29 16:17:02' , 'UWFUBQ98M05L617J', '2022-03-29 20:17:02', '2022-03-29 16:17:02', NULL, NULL);
INSERT INTO prodotto  VALUES (165, NULL, '2022-03-29 16:17:02' , 40, NULL , 8 );
INSERT INTO prodotto  VALUES (166, NULL, '2022-03-29 16:17:02' , 46, NULL , 9 );
INSERT INTO prodotto  VALUES (167, '2022-04-24', '2022-03-29 16:17:02' , 33, NULL , 33 );
INSERT INTO prodotto  VALUES (168, '2022-04-15', '2022-03-29 16:17:02' , 8, NULL , 18 );
INSERT INTO prodotto  VALUES (169, '2022-04-12', '2022-03-29 16:17:02' , 26, NULL , 4 );
INSERT INTO prodotto  VALUES (170, '2022-04-28', '2022-03-29 16:17:02' , 28, NULL , 6 );
INSERT INTO prodotto  VALUES (171, NULL, '2022-03-29 16:17:02' , 44, NULL , 9 );
INSERT INTO prodotto  VALUES (172, '2022-04-07', '2022-03-29 16:17:02' , 7, NULL , 18 );
INSERT INTO prodotto  VALUES (173, NULL, '2022-03-29 16:17:02' , 43, NULL , 13 );
INSERT INTO prodotto  VALUES (174, '2022-04-13', '2022-03-29 16:17:02' , 29, NULL , 15 );
INSERT INTO prodotto  VALUES (175, NULL, '2022-03-29 16:17:02' , 49, NULL , 9 );
INSERT INTO prodotto  VALUES (176, '2022-04-25', '2022-03-29 16:17:02' , 18, NULL , 19 );
INSERT INTO prodotto  VALUES (177, NULL, '2022-03-29 16:17:02' , 37, NULL , 16 );
INSERT INTO prodotto  VALUES (178, NULL, '2022-03-29 16:17:02' , 44, NULL , 21 );
INSERT INTO prodotto  VALUES (179, NULL, '2022-03-29 16:17:02' , 51, NULL , 16 );
INSERT INTO appuntamento  VALUES ('2022-03-22 17:30:45', 30,  2 , 'NAHVPU30T68C507D', 5 );
INSERT INTO turno  VALUES ('2022-03-22 17:30:45' , 'RTOYMI74T54C588X', '2022-03-22 21:30:45', '2022-03-22 17:30:45', NULL, NULL);
INSERT INTO prodotto  VALUES (180, '2022-05-22', '2022-03-22 17:30:45' , 31, NULL , 6 );
INSERT INTO prodotto  VALUES (181, '2022-04-06', '2022-03-22 17:30:45' , 20, NULL , 15 );
INSERT INTO prodotto  VALUES (182, '2022-05-04', '2022-03-22 17:30:45' , 31, NULL , 28 );
INSERT INTO prodotto  VALUES (183, NULL, '2022-03-22 17:30:45' , 44, NULL , 15 );
INSERT INTO prodotto  VALUES (184, '2022-04-18', '2022-03-22 17:30:45' , 21, NULL , 10 );
INSERT INTO prodotto  VALUES (185, '2022-04-10', '2022-03-22 17:30:45' , 3, NULL , 5 );
INSERT INTO prodotto  VALUES (186, '2022-05-26', '2022-03-22 17:30:45' , 34, NULL , 9 );
INSERT INTO prodotto  VALUES (187, NULL, '2022-03-22 17:30:45' , 47, NULL , 21 );
INSERT INTO prodotto  VALUES (188, '2022-05-26', '2022-03-22 17:30:45' , 0, NULL , 3 );
INSERT INTO appuntamento  VALUES ('2022-03-07 01:39:20', 30,  2 , 'CXJRYF84S24D715T', 12 );
INSERT INTO turno  VALUES ('2022-03-07 01:39:20' , 'YUURTV86T02L383H', '2022-03-07 05:39:20', '2022-03-07 01:39:20', NULL, NULL);
INSERT INTO prodotto  VALUES (189, '2022-04-25', '2022-03-07 01:39:20' , 20, NULL , 23 );
INSERT INTO prodotto  VALUES (190, '2022-05-14', '2022-03-07 01:39:20' , 11, NULL , 24 );
INSERT INTO prodotto  VALUES (191, '2022-05-17', '2022-03-07 01:39:20' , 24, NULL , 32 );
INSERT INTO prodotto  VALUES (192, NULL, '2022-03-07 01:39:20' , 38, NULL , 34 );
INSERT INTO prodotto  VALUES (193, '2022-05-27', '2022-03-07 01:39:20' , 7, NULL , 4 );
INSERT INTO prodotto  VALUES (194, NULL, '2022-03-07 01:39:20' , 43, NULL , 32 );
INSERT INTO prodotto  VALUES (195, NULL, '2022-03-07 01:39:20' , 49, NULL , 19 );
INSERT INTO prodotto  VALUES (196, NULL, '2022-03-07 01:39:20' , 37, NULL , 19 );
INSERT INTO prodotto  VALUES (197, '2022-05-23', '2022-03-07 01:39:20' , 26, NULL , 6 );
INSERT INTO appuntamento  VALUES ('2022-03-14 01:15:27', 37,  0 , 'YBNRZO43R44E751C', 14 );
INSERT INTO turno  VALUES ('2022-03-14 01:15:27' , 'ZOKGJL92T05F148Z', '2022-03-14 05:15:27', '2022-03-14 01:15:27', NULL, NULL);
INSERT INTO prodotto  VALUES (198, '2022-04-26', '2022-03-14 01:15:27' , 25, NULL , 13 );
INSERT INTO prodotto  VALUES (199, '2022-04-02', '2022-03-14 01:15:27' , 8, NULL , 0 );
INSERT INTO prodotto  VALUES (200, '2022-04-01', '2022-03-14 01:15:27' , 26, NULL , 19 );
INSERT INTO prodotto  VALUES (201, NULL, '2022-03-14 01:15:27' , 43, NULL , 25 );
INSERT INTO prodotto  VALUES (202, '2022-03-31', '2022-03-14 01:15:27' , 25, NULL , 13 );
INSERT INTO prodotto  VALUES (203, '2022-03-22', '2022-03-14 01:15:27' , 31, NULL , 14 );
INSERT INTO prodotto  VALUES (204, '2022-04-12', '2022-03-14 01:15:27' , 14, NULL , 17 );
INSERT INTO prodotto  VALUES (205, NULL, '2022-03-14 01:15:27' , 38, NULL , 30 );
INSERT INTO prodotto  VALUES (206, NULL, '2022-03-14 01:15:27' , 48, NULL , 18 );
INSERT INTO prodotto  VALUES (207, '2022-04-01', '2022-03-14 01:15:27' , 25, NULL , 19 );
INSERT INTO prodotto  VALUES (208, '2022-03-20', '2022-03-14 01:15:27' , 22, NULL , 5 );
INSERT INTO prodotto  VALUES (209, '2022-05-08', '2022-03-14 01:15:27' , 9, NULL , 20 );
INSERT INTO prodotto  VALUES (210, '2022-05-06', '2022-03-14 01:15:27' , 32, NULL , 16 );
INSERT INTO prodotto  VALUES (211, '2022-05-21', '2022-03-14 01:15:27' , 7, NULL , 2 );
INSERT INTO appuntamento  VALUES ('2022-03-03 17:07:05', 55,  13 , 'BVYZXA86H45I460W', 25 );
INSERT INTO turno  VALUES ('2022-03-03 17:07:05' , 'EPIGAD52C14G359S', '2022-03-03 21:07:05', '2022-03-03 17:07:05', NULL, NULL);
INSERT INTO prodotto  VALUES (212, '2022-03-08', '2022-03-03 17:07:05' , 16, NULL , 22 );
INSERT INTO prodotto  VALUES (213, NULL, '2022-03-03 17:07:05' , 39, NULL , 7 );
INSERT INTO prodotto  VALUES (214, NULL, '2022-03-03 17:07:05' , 44, NULL , 25 );
INSERT INTO prodotto  VALUES (215, NULL, '2022-03-03 17:07:05' , 39, NULL , 2 );
INSERT INTO prodotto  VALUES (216, NULL, '2022-03-03 17:07:05' , 38, NULL , 22 );
INSERT INTO prodotto  VALUES (217, '2022-03-31', '2022-03-03 17:07:05' , 35, NULL , 2 );
INSERT INTO prodotto  VALUES (218, '2022-03-18', '2022-03-03 17:07:05' , 13, NULL , 7 );
INSERT INTO prodotto  VALUES (219, NULL, '2022-03-03 17:07:05' , 46, NULL , 4 );
INSERT INTO prodotto  VALUES (220, NULL, '2022-03-03 17:07:05' , 45, NULL , 20 );
INSERT INTO prodotto  VALUES (221, NULL, '2022-03-03 17:07:05' , 40, NULL , 14 );
INSERT INTO prodotto  VALUES (222, '2022-04-25', '2022-03-03 17:07:05' , 4, NULL , 32 );
INSERT INTO prodotto  VALUES (223, '2022-05-09', '2022-03-03 17:07:05' , 31, NULL , 22 );
INSERT INTO prodotto  VALUES (224, NULL, '2022-03-03 17:07:05' , 38, NULL , 1 );
INSERT INTO prodotto  VALUES (225, NULL, '2022-03-03 17:07:05' , 48, NULL , 8 );
INSERT INTO prodotto  VALUES (226, '2022-04-27', '2022-03-03 17:07:05' , 30, NULL , 7 );
INSERT INTO appuntamento  VALUES ('2022-03-08 21:36:59', 48,  2 , 'LCDASW73P02C453U', 2 );
INSERT INTO turno  VALUES ('2022-03-08 21:36:59' , 'WEYTFQ62H28A103E', '2022-03-09 01:36:59', '2022-03-08 21:36:59', NULL, NULL);
INSERT INTO prodotto  VALUES (227, '2022-05-29', '2022-03-08 21:36:59' , 24, NULL , 13 );
INSERT INTO prodotto  VALUES (228, NULL, '2022-03-08 21:36:59' , 38, NULL , 19 );
INSERT INTO prodotto  VALUES (229, '2022-04-24', '2022-03-08 21:36:59' , 16, NULL , 21 );
INSERT INTO prodotto  VALUES (230, '2022-05-13', '2022-03-08 21:36:59' , 11, NULL , 5 );
INSERT INTO prodotto  VALUES (231, '2022-05-26', '2022-03-08 21:36:59' , 23, NULL , 7 );
INSERT INTO prodotto  VALUES (232, '2022-04-03', '2022-03-08 21:36:59' , 0, NULL , 10 );
INSERT INTO prodotto  VALUES (233, '2022-03-13', '2022-03-08 21:36:59' , 4, NULL , 23 );
INSERT INTO prodotto  VALUES (234, '2022-04-18', '2022-03-08 21:36:59' , 5, NULL , 18 );
INSERT INTO prodotto  VALUES (235, '2022-03-28', '2022-03-08 21:36:59' , 5, NULL , 30 );
INSERT INTO prodotto  VALUES (236, '2022-04-28', '2022-03-08 21:36:59' , 0, NULL , 31 );
INSERT INTO prodotto  VALUES (237, NULL, '2022-03-08 21:36:59' , 48, NULL , 16 );
INSERT INTO prodotto  VALUES (238, '2022-04-12', '2022-03-08 21:36:59' , 25, NULL , 20 );
INSERT INTO prodotto  VALUES (239, NULL, '2022-03-08 21:36:59' , 51, NULL , 11 );
INSERT INTO prodotto  VALUES (240, NULL, '2022-03-08 21:36:59' , 51, NULL , 33 );
INSERT INTO prodotto  VALUES (241, '2022-05-20', '2022-03-08 21:36:59' , 14, NULL , 15 );
INSERT INTO appuntamento  VALUES ('2022-03-06 19:19:12', 31,  0 , 'ONCLMA61L06H798P', 23 );
INSERT INTO turno  VALUES ('2022-03-06 19:19:12' , 'CCCXXR24A27F265F', '2022-03-06 23:19:12', '2022-03-06 19:19:12', NULL, NULL);
INSERT INTO prodotto  VALUES (242, '2022-04-06', '2022-03-06 19:19:12' , 17, NULL , 24 );
INSERT INTO prodotto  VALUES (243, NULL, '2022-03-06 19:19:12' , 44, NULL , 28 );
INSERT INTO prodotto  VALUES (244, '2022-04-20', '2022-03-06 19:19:12' , 8, NULL , 32 );
INSERT INTO prodotto  VALUES (245, '2022-05-07', '2022-03-06 19:19:12' , 27, NULL , 13 );
INSERT INTO prodotto  VALUES (246, '2022-04-02', '2022-03-06 19:19:12' , 35, NULL , 7 );
INSERT INTO prodotto  VALUES (247, '2022-04-28', '2022-03-06 19:19:12' , 18, NULL , 34 );
INSERT INTO prodotto  VALUES (248, '2022-05-18', '2022-03-06 19:19:12' , 2, NULL , 31 );
INSERT INTO prodotto  VALUES (249, '2022-05-01', '2022-03-06 19:19:12' , 22, NULL , 27 );
INSERT INTO prodotto  VALUES (250, NULL, '2022-03-06 19:19:12' , 50, NULL , 25 );
INSERT INTO prodotto  VALUES (251, '2022-05-02', '2022-03-06 19:19:12' , 6, NULL , 17 );
INSERT INTO prodotto  VALUES (252, '2022-04-17', '2022-03-06 19:19:12' , 12, NULL , 3 );
INSERT INTO prodotto  VALUES (253, '2022-03-12', '2022-03-06 19:19:12' , 21, NULL , 14 );
INSERT INTO appuntamento  VALUES ('2022-03-29 10:04:52', 43,  0 , 'CIMVGU00P68I170C', 1 );
INSERT INTO turno  VALUES ('2022-03-29 10:04:52' , 'QGGKJQ35E45M323K', '2022-03-29 14:04:52', '2022-03-29 10:04:52', NULL, NULL);
INSERT INTO prodotto  VALUES (254, '2022-05-13', '2022-03-29 10:04:52' , 13, NULL , 20 );
INSERT INTO prodotto  VALUES (255, '2022-05-11', '2022-03-29 10:04:52' , 29, NULL , 9 );
INSERT INTO prodotto  VALUES (256, NULL, '2022-03-29 10:04:52' , 44, NULL , 6 );
INSERT INTO prodotto  VALUES (257, '2022-05-29', '2022-03-29 10:04:52' , 16, NULL , 13 );
INSERT INTO prodotto  VALUES (258, '2022-05-09', '2022-03-29 10:04:52' , 35, NULL , 16 );
INSERT INTO prodotto  VALUES (259, '2022-03-29', '2022-03-29 10:04:52' , 32, NULL , 28 );
INSERT INTO prodotto  VALUES (260, '2022-04-04', '2022-03-29 10:04:52' , 36, NULL , 23 );
INSERT INTO prodotto  VALUES (261, NULL, '2022-03-29 10:04:52' , 40, NULL , 34 );
INSERT INTO prodotto  VALUES (262, NULL, '2022-03-29 10:04:52' , 46, NULL , 34 );
INSERT INTO prodotto  VALUES (263, '2022-04-02', '2022-03-29 10:04:52' , 19, NULL , 24 );
INSERT INTO prodotto  VALUES (264, '2022-04-27', '2022-03-29 10:04:52' , 24, NULL , 1 );
INSERT INTO prodotto  VALUES (265, '2022-05-10', '2022-03-29 10:04:52' , 19, NULL , 5 );
INSERT INTO prodotto  VALUES (266, '2022-04-14', '2022-03-29 10:04:52' , 16, NULL , 12 );
INSERT INTO prodotto  VALUES (267, '2022-05-11', '2022-03-29 10:04:52' , 31, NULL , 2 );
INSERT INTO prodotto  VALUES (268, '2022-05-31', '2022-03-29 10:04:52' , 13, NULL , 27 );
INSERT INTO appuntamento  VALUES ('2022-03-16 12:51:34', 49,  11 , 'NGYVUQ64D47A401D', 29 );
INSERT INTO turno  VALUES ('2022-03-16 12:51:34' , 'NXYSTN67A64B237U', '2022-03-16 16:51:34', '2022-03-16 12:51:34', NULL, NULL);
INSERT INTO prodotto  VALUES (269, '2022-04-28', '2022-03-16 12:51:34' , 29, NULL , 21 );
INSERT INTO prodotto  VALUES (270, NULL, '2022-03-16 12:51:34' , 39, NULL , 25 );
INSERT INTO prodotto  VALUES (271, '2022-05-12', '2022-03-16 12:51:34' , 23, NULL , 1 );
INSERT INTO prodotto  VALUES (272, NULL, '2022-03-16 12:51:34' , 42, NULL , 16 );
INSERT INTO prodotto  VALUES (273, NULL, '2022-03-16 12:51:34' , 41, NULL , 15 );
INSERT INTO prodotto  VALUES (274, '2022-03-16', '2022-03-16 12:51:34' , 32, NULL , 34 );
INSERT INTO prodotto  VALUES (275, '2022-03-28', '2022-03-16 12:51:34' , 21, NULL , 23 );
INSERT INTO prodotto  VALUES (276, '2022-04-19', '2022-03-16 12:51:34' , 7, NULL , 30 );
INSERT INTO prodotto  VALUES (277, NULL, '2022-03-16 12:51:34' , 44, NULL , 32 );
INSERT INTO prodotto  VALUES (278, '2022-05-04', '2022-03-16 12:51:34' , 7, NULL , 15 );
INSERT INTO prodotto  VALUES (279, '2022-05-13', '2022-03-16 12:51:34' , 12, NULL , 12 );
INSERT INTO prodotto  VALUES (280, '2022-05-08', '2022-03-16 12:51:34' , 23, NULL , 7 );
INSERT INTO prodotto  VALUES (281, NULL, '2022-03-16 12:51:34' , 39, NULL , 14 );
INSERT INTO prodotto  VALUES (282, NULL, '2022-03-16 12:51:34' , 38, NULL , 22 );
INSERT INTO prodotto  VALUES (283, NULL, '2022-03-16 12:51:34' , 44, NULL , 7 );
INSERT INTO appuntamento  VALUES ('2022-03-13 10:21:28', 49,  6 , 'EFCNFC80L28E091B', 22 );
INSERT INTO turno  VALUES ('2022-03-13 10:21:28' , 'QGGKJQ35E45M323K', '2022-03-13 14:21:28', '2022-03-13 10:21:28', NULL, NULL);
INSERT INTO prodotto  VALUES (284, NULL, '2022-03-13 10:21:28' , 37, NULL , 32 );
INSERT INTO prodotto  VALUES (285, '2022-04-03', '2022-03-13 10:21:28' , 13, NULL , 13 );
INSERT INTO prodotto  VALUES (286, NULL, '2022-03-13 10:21:28' , 48, NULL , 7 );
INSERT INTO prodotto  VALUES (287, '2022-05-18', '2022-03-13 10:21:28' , 33, NULL , 21 );
INSERT INTO prodotto  VALUES (288, '2022-05-29', '2022-03-13 10:21:28' , 22, NULL , 5 );
INSERT INTO prodotto  VALUES (289, NULL, '2022-03-13 10:21:28' , 45, NULL , 15 );
INSERT INTO prodotto  VALUES (290, '2022-05-15', '2022-03-13 10:21:28' , 15, NULL , 21 );
INSERT INTO prodotto  VALUES (291, '2022-04-19', '2022-03-13 10:21:28' , 28, NULL , 33 );
INSERT INTO prodotto  VALUES (292, '2022-04-08', '2022-03-13 10:21:28' , 29, NULL , 20 );
INSERT INTO prodotto  VALUES (293, '2022-05-01', '2022-03-13 10:21:28' , 17, NULL , 34 );
INSERT INTO prodotto  VALUES (294, '2022-05-30', '2022-03-13 10:21:28' , 0, NULL , 10 );
INSERT INTO prodotto  VALUES (295, '2022-05-28', '2022-03-13 10:21:28' , 0, NULL , 28 );
INSERT INTO prodotto  VALUES (296, NULL, '2022-03-13 10:21:28' , 37, NULL , 16 );
INSERT INTO prodotto  VALUES (297, '2022-05-13', '2022-03-13 10:21:28' , 1, NULL , 27 );
INSERT INTO prodotto  VALUES (298, '2022-05-24', '2022-03-13 10:21:28' , 29, NULL , 24 );
INSERT INTO appuntamento  VALUES ('2022-04-19 12:56:45', 47,  4 , 'XJHFRV29D20L647A', 4 );
INSERT INTO turno  VALUES ('2022-04-19 12:56:45' , 'WEYTFQ62H28A103E', '2022-04-19 16:56:45', '2022-04-19 12:56:45', NULL, NULL);
INSERT INTO prodotto  VALUES (299, '2022-04-23', '2022-04-19 12:56:45' , 11, NULL , 5 );
INSERT INTO prodotto  VALUES (300, '2022-04-28', '2022-04-19 12:56:45' , 20, NULL , 28 );
INSERT INTO prodotto  VALUES (301, NULL, '2022-04-19 12:56:45' , 41, NULL , 28 );
INSERT INTO prodotto  VALUES (302, '2022-04-30', '2022-04-19 12:56:45' , 7, NULL , 31 );
INSERT INTO prodotto  VALUES (303, NULL, '2022-04-19 12:56:45' , 39, NULL , 24 );
INSERT INTO prodotto  VALUES (304, '2022-05-01', '2022-04-19 12:56:45' , 8, NULL , 6 );
INSERT INTO prodotto  VALUES (305, NULL, '2022-04-19 12:56:45' , 39, NULL , 11 );
INSERT INTO prodotto  VALUES (306, '2022-05-21', '2022-04-19 12:56:45' , 0, NULL , 13 );
INSERT INTO prodotto  VALUES (307, '2022-05-19', '2022-04-19 12:56:45' , 13, NULL , 3 );
INSERT INTO prodotto  VALUES (308, '2022-05-25', '2022-04-19 12:56:45' , 26, NULL , 14 );
INSERT INTO prodotto  VALUES (309, '2022-05-11', '2022-04-19 12:56:45' , 9, NULL , 17 );
INSERT INTO prodotto  VALUES (310, '2022-05-18', '2022-04-19 12:56:45' , 30, NULL , 15 );
INSERT INTO prodotto  VALUES (311, '2022-04-20', '2022-04-19 12:56:45' , 22, NULL , 17 );
INSERT INTO prodotto  VALUES (312, NULL, '2022-04-19 12:56:45' , 39, NULL , 34 );
INSERT INTO prodotto  VALUES (313, NULL, '2022-04-19 12:56:45' , 50, NULL , 23 );
INSERT INTO appuntamento  VALUES ('2022-04-16 16:48:36', 40,  0 , 'IJGAUS43B51I468G', 27 );
INSERT INTO turno  VALUES ('2022-04-16 16:48:36' , 'ZOKGJL92T05F148Z', '2022-04-16 20:48:36', '2022-04-16 16:48:36', NULL, NULL);
INSERT INTO prodotto  VALUES (314, NULL, '2022-04-16 16:48:36' , 40, NULL , 27 );
INSERT INTO prodotto  VALUES (315, '2022-05-01', '2022-04-16 16:48:36' , 6, NULL , 21 );
INSERT INTO prodotto  VALUES (316, NULL, '2022-04-16 16:48:36' , 50, NULL , 11 );
INSERT INTO prodotto  VALUES (317, '2022-05-17', '2022-04-16 16:48:36' , 13, NULL , 29 );
INSERT INTO prodotto  VALUES (318, '2022-05-14', '2022-04-16 16:48:36' , 26, NULL , 21 );
INSERT INTO prodotto  VALUES (319, '2022-04-19', '2022-04-16 16:48:36' , 24, NULL , 23 );
INSERT INTO prodotto  VALUES (320, '2022-05-31', '2022-04-16 16:48:36' , 22, NULL , 14 );
INSERT INTO prodotto  VALUES (321, '2022-05-27', '2022-04-16 16:48:36' , 31, NULL , 4 );
INSERT INTO prodotto  VALUES (322, '2022-04-23', '2022-04-16 16:48:36' , 36, NULL , 14 );
INSERT INTO prodotto  VALUES (323, '2022-05-23', '2022-04-16 16:48:36' , 2, NULL , 22 );
INSERT INTO prodotto  VALUES (324, NULL, '2022-04-16 16:48:36' , 41, NULL , 18 );
INSERT INTO prodotto  VALUES (325, '2022-04-27', '2022-04-16 16:48:36' , 17, NULL , 29 );
INSERT INTO prodotto  VALUES (326, '2022-04-25', '2022-04-16 16:48:36' , 31, NULL , 0 );
INSERT INTO prodotto  VALUES (327, '2022-05-16', '2022-04-16 16:48:36' , 15, NULL , 24 );
INSERT INTO prodotto  VALUES (328, '2022-05-20', '2022-04-16 16:48:36' , 27, NULL , 22 );
INSERT INTO appuntamento  VALUES ('2022-04-23 09:06:24', 54,  25 , 'EAZVIF28T55G516B', 18 );
INSERT INTO turno  VALUES ('2022-04-23 09:06:24' , 'VZXVGQ57B66I607L', '2022-04-23 13:06:24', '2022-04-23 09:06:24', NULL, NULL);
INSERT INTO prodotto  VALUES (329, NULL, '2022-04-23 09:06:24' , 51, NULL , 17 );
INSERT INTO prodotto  VALUES (330, '2022-05-25', '2022-04-23 09:06:24' , 19, NULL , 10 );
INSERT INTO prodotto  VALUES (331, NULL, '2022-04-23 09:06:24' , 37, NULL , 26 );
INSERT INTO prodotto  VALUES (332, NULL, '2022-04-23 09:06:24' , 37, NULL , 9 );
INSERT INTO prodotto  VALUES (333, '2022-04-27', '2022-04-23 09:06:24' , 13, NULL , 34 );
INSERT INTO prodotto  VALUES (334, NULL, '2022-04-23 09:06:24' , 46, NULL , 3 );
INSERT INTO prodotto  VALUES (335, '2022-04-24', '2022-04-23 09:06:24' , 11, NULL , 22 );
INSERT INTO prodotto  VALUES (336, NULL, '2022-04-23 09:06:24' , 51, NULL , 33 );
INSERT INTO prodotto  VALUES (337, '2022-05-24', '2022-04-23 09:06:24' , 19, NULL , 15 );
INSERT INTO prodotto  VALUES (338, NULL, '2022-04-23 09:06:24' , 47, NULL , 21 );
INSERT INTO prodotto  VALUES (339, NULL, '2022-04-23 09:06:24' , 50, NULL , 27 );
INSERT INTO prodotto  VALUES (340, NULL, '2022-04-23 09:06:24' , 46, NULL , 3 );
INSERT INTO prodotto  VALUES (341, NULL, '2022-04-23 09:06:24' , 46, NULL , 15 );
INSERT INTO prodotto  VALUES (342, '2022-05-19', '2022-04-23 09:06:24' , 15, NULL , 8 );
INSERT INTO prodotto  VALUES (343, '2022-04-30', '2022-04-23 09:06:24' , 1, NULL , 5 );
INSERT INTO appuntamento  VALUES ('2022-04-02 21:04:52', 37,  0 , 'DUISBO37T22I970U', 0 );
INSERT INTO turno  VALUES ('2022-04-02 21:04:52' , 'XOYZAU24T61C710D', '2022-04-03 01:04:52', '2022-04-02 21:04:52', NULL, NULL);
INSERT INTO prodotto  VALUES (344, '2022-04-20', '2022-04-02 21:04:52' , 25, NULL , 31 );
INSERT INTO prodotto  VALUES (345, '2022-04-14', '2022-04-02 21:04:52' , 27, NULL , 31 );
INSERT INTO prodotto  VALUES (346, '2022-05-25', '2022-04-02 21:04:52' , 7, NULL , 30 );
INSERT INTO prodotto  VALUES (347, NULL, '2022-04-02 21:04:52' , 48, NULL , 0 );
INSERT INTO prodotto  VALUES (348, '2022-05-02', '2022-04-02 21:04:52' , 20, NULL , 1 );
INSERT INTO prodotto  VALUES (349, '2022-04-06', '2022-04-02 21:04:52' , 21, NULL , 6 );
INSERT INTO prodotto  VALUES (350, NULL, '2022-04-02 21:04:52' , 47, NULL , 15 );
INSERT INTO prodotto  VALUES (351, '2022-05-20', '2022-04-02 21:04:52' , 3, NULL , 25 );
INSERT INTO prodotto  VALUES (352, NULL, '2022-04-02 21:04:52' , 44, NULL , 13 );
INSERT INTO prodotto  VALUES (353, '2022-04-30', '2022-04-02 21:04:52' , 29, NULL , 2 );
INSERT INTO prodotto  VALUES (354, '2022-04-30', '2022-04-02 21:04:52' , 26, NULL , 27 );
INSERT INTO prodotto  VALUES (355, NULL, '2022-04-02 21:04:52' , 37, NULL , 6 );
INSERT INTO appuntamento  VALUES ('2022-04-21 17:37:02', 41,  3 , 'WIMJYY00S57H795E', 7 );
INSERT INTO turno  VALUES ('2022-04-21 17:37:02' , 'OQVYVB69S64D018R', '2022-04-21 21:37:02', '2022-04-21 17:37:02', NULL, NULL);
INSERT INTO prodotto  VALUES (356, '2022-05-18', '2022-04-21 17:37:02' , 12, NULL , 13 );
INSERT INTO prodotto  VALUES (357, '2022-04-21', '2022-04-21 17:37:02' , 24, NULL , 17 );
INSERT INTO prodotto  VALUES (358, NULL, '2022-04-21 17:37:02' , 45, NULL , 11 );
INSERT INTO prodotto  VALUES (359, '2022-05-10', '2022-04-21 17:37:02' , 20, NULL , 6 );
INSERT INTO prodotto  VALUES (360, '2022-05-27', '2022-04-21 17:37:02' , 27, NULL , 24 );
INSERT INTO prodotto  VALUES (361, '2022-05-24', '2022-04-21 17:37:02' , 34, NULL , 14 );
INSERT INTO prodotto  VALUES (362, NULL, '2022-04-21 17:37:02' , 44, NULL , 24 );
INSERT INTO prodotto  VALUES (363, '2022-04-29', '2022-04-21 17:37:02' , 26, NULL , 32 );
INSERT INTO prodotto  VALUES (364, NULL, '2022-04-21 17:37:02' , 43, NULL , 13 );
INSERT INTO prodotto  VALUES (365, '2022-05-01', '2022-04-21 17:37:02' , 2, NULL , 14 );
INSERT INTO prodotto  VALUES (366, NULL, '2022-04-21 17:37:02' , 51, NULL , 15 );
INSERT INTO prodotto  VALUES (367, '2022-04-22', '2022-04-21 17:37:02' , 33, NULL , 20 );
INSERT INTO prodotto  VALUES (368, '2022-05-05', '2022-04-21 17:37:02' , 15, NULL , 9 );
INSERT INTO prodotto  VALUES (369, NULL, '2022-04-21 17:37:02' , 49, NULL , 27 );
INSERT INTO prodotto  VALUES (370, NULL, '2022-04-21 17:37:02' , 38, NULL , 18 );
INSERT INTO appuntamento  VALUES ('2022-04-13 14:13:40', 32,  2 , 'CVDTIX47A59B772L', 13 );
INSERT INTO turno  VALUES ('2022-04-13 14:13:40' , 'NXYSTN67A64B237U', '2022-04-13 18:13:40', '2022-04-13 14:13:40', NULL, NULL);
INSERT INTO prodotto  VALUES (371, '2022-04-24', '2022-04-13 14:13:40' , 5, NULL , 26 );
INSERT INTO prodotto  VALUES (372, '2022-05-02', '2022-04-13 14:13:40' , 35, NULL , 7 );
INSERT INTO prodotto  VALUES (373, NULL, '2022-04-13 14:13:40' , 37, NULL , 32 );
INSERT INTO prodotto  VALUES (374, '2022-04-15', '2022-04-13 14:13:40' , 28, NULL , 5 );
INSERT INTO prodotto  VALUES (375, '2022-04-23', '2022-04-13 14:13:40' , 6, NULL , 29 );
INSERT INTO prodotto  VALUES (376, NULL, '2022-04-13 14:13:40' , 43, NULL , 18 );
INSERT INTO prodotto  VALUES (377, '2022-05-31', '2022-04-13 14:13:40' , 18, NULL , 1 );
INSERT INTO prodotto  VALUES (378, '2022-04-28', '2022-04-13 14:13:40' , 29, NULL , 6 );
INSERT INTO prodotto  VALUES (379, '2022-05-27', '2022-04-13 14:13:40' , 20, NULL , 30 );
INSERT INTO prodotto  VALUES (380, NULL, '2022-04-13 14:13:40' , 38, NULL , 30 );
INSERT INTO appuntamento  VALUES ('2022-04-17 07:34:23', 42,  14 , 'YDWMHT38E21G873G', 24 );
INSERT INTO turno  VALUES ('2022-04-17 07:34:23' , 'EPIGAD52C14G359S', '2022-04-17 11:34:23', '2022-04-17 07:34:23', NULL, NULL);
INSERT INTO prodotto  VALUES (381, NULL, '2022-04-17 07:34:23' , 50, NULL , 13 );
INSERT INTO prodotto  VALUES (382, '2022-05-25', '2022-04-17 07:34:23' , 2, NULL , 14 );
INSERT INTO prodotto  VALUES (383, '2022-05-11', '2022-04-17 07:34:23' , 10, NULL , 18 );
INSERT INTO prodotto  VALUES (384, NULL, '2022-04-17 07:34:23' , 44, NULL , 12 );
INSERT INTO prodotto  VALUES (385, '2022-05-12', '2022-04-17 07:34:23' , 12, NULL , 28 );
INSERT INTO prodotto  VALUES (386, '2022-05-09', '2022-04-17 07:34:23' , 31, NULL , 16 );
INSERT INTO prodotto  VALUES (387, '2022-04-29', '2022-04-17 07:34:23' , 2, NULL , 30 );
INSERT INTO prodotto  VALUES (388, '2022-05-02', '2022-04-17 07:34:23' , 35, NULL , 13 );
INSERT INTO prodotto  VALUES (389, '2022-05-07', '2022-04-17 07:34:23' , 18, NULL , 0 );
INSERT INTO prodotto  VALUES (390, NULL, '2022-04-17 07:34:23' , 37, NULL , 30 );
INSERT INTO prodotto  VALUES (391, '2022-05-31', '2022-04-17 07:34:23' , 6, NULL , 6 );
INSERT INTO prodotto  VALUES (392, '2022-04-24', '2022-04-17 07:34:23' , 14, NULL , 5 );
INSERT INTO prodotto  VALUES (393, '2022-05-02', '2022-04-17 07:34:23' , 32, NULL , 18 );
INSERT INTO prodotto  VALUES (394, '2022-05-13', '2022-04-17 07:34:23' , 8, NULL , 21 );
INSERT INTO prodotto  VALUES (395, NULL, '2022-04-17 07:34:23' , 51, NULL , 34 );
INSERT INTO appuntamento  VALUES ('2022-04-01 18:53:43', 52,  6 , 'EJGZPJ64T43M349C', 15 );
INSERT INTO turno  VALUES ('2022-04-01 18:53:43' , 'WEYTFQ62H28A103E', '2022-04-01 22:53:43', '2022-04-01 18:53:43', NULL, NULL);
INSERT INTO prodotto  VALUES (396, '2022-04-06', '2022-04-01 18:53:43' , 18, NULL , 5 );
INSERT INTO prodotto  VALUES (397, '2022-04-25', '2022-04-01 18:53:43' , 23, NULL , 17 );
INSERT INTO prodotto  VALUES (398, '2022-04-10', '2022-04-01 18:53:43' , 16, NULL , 24 );
INSERT INTO prodotto  VALUES (399, NULL, '2022-04-01 18:53:43' , 48, NULL , 27 );
INSERT INTO prodotto  VALUES (400, NULL, '2022-04-01 18:53:43' , 39, NULL , 26 );
INSERT INTO prodotto  VALUES (401, '2022-04-28', '2022-04-01 18:53:43' , 7, NULL , 13 );
INSERT INTO prodotto  VALUES (402, '2022-04-17', '2022-04-01 18:53:43' , 19, NULL , 13 );
INSERT INTO prodotto  VALUES (403, NULL, '2022-04-01 18:53:43' , 37, NULL , 10 );
INSERT INTO prodotto  VALUES (404, '2022-04-25', '2022-04-01 18:53:43' , 16, NULL , 33 );
INSERT INTO prodotto  VALUES (405, NULL, '2022-04-01 18:53:43' , 41, NULL , 15 );
INSERT INTO prodotto  VALUES (406, '2022-05-07', '2022-04-01 18:53:43' , 18, NULL , 11 );
INSERT INTO prodotto  VALUES (407, '2022-04-15', '2022-04-01 18:53:43' , 8, NULL , 15 );
INSERT INTO prodotto  VALUES (408, '2022-05-28', '2022-04-01 18:53:43' , 27, NULL , 32 );
INSERT INTO prodotto  VALUES (409, '2022-05-12', '2022-04-01 18:53:43' , 3, NULL , 29 );
INSERT INTO prodotto  VALUES (410, '2022-05-26', '2022-04-01 18:53:43' , 16, NULL , 19 );
INSERT INTO appuntamento  VALUES ('2022-04-11 09:19:41', 55,  1 , 'BVYZXA86H45I460W', 25 );
INSERT INTO turno  VALUES ('2022-04-11 09:19:41' , 'BNDLPV00S14I393F', '2022-04-11 13:19:41', '2022-04-11 09:19:41', NULL, NULL);
INSERT INTO prodotto  VALUES (411, '2022-05-29', '2022-04-11 09:19:41' , 33, NULL , 25 );
INSERT INTO prodotto  VALUES (412, '2022-05-23', '2022-04-11 09:19:41' , 21, NULL , 5 );
INSERT INTO prodotto  VALUES (413, '2022-04-11', '2022-04-11 09:19:41' , 11, NULL , 28 );
INSERT INTO prodotto  VALUES (414, '2022-05-04', '2022-04-11 09:19:41' , 24, NULL , 21 );
INSERT INTO prodotto  VALUES (415, NULL, '2022-04-11 09:19:41' , 38, NULL , 29 );
INSERT INTO prodotto  VALUES (416, '2022-04-30', '2022-04-11 09:19:41' , 34, NULL , 20 );
INSERT INTO prodotto  VALUES (417, '2022-05-20', '2022-04-11 09:19:41' , 11, NULL , 15 );
INSERT INTO prodotto  VALUES (418, '2022-05-04', '2022-04-11 09:19:41' , 16, NULL , 4 );
INSERT INTO prodotto  VALUES (419, '2022-04-16', '2022-04-11 09:19:41' , 30, NULL , 11 );
INSERT INTO prodotto  VALUES (420, '2022-05-31', '2022-04-11 09:19:41' , 27, NULL , 21 );
INSERT INTO prodotto  VALUES (421, NULL, '2022-04-11 09:19:41' , 43, NULL , 32 );
INSERT INTO prodotto  VALUES (422, '2022-05-09', '2022-04-11 09:19:41' , 17, NULL , 24 );
INSERT INTO prodotto  VALUES (423, NULL, '2022-04-11 09:19:41' , 38, NULL , 27 );
INSERT INTO prodotto  VALUES (424, '2022-05-04', '2022-04-11 09:19:41' , 30, NULL , 10 );
INSERT INTO prodotto  VALUES (425, NULL, '2022-04-11 09:19:41' , 37, NULL , 21 );
INSERT INTO appuntamento  VALUES ('2022-04-20 16:54:08', 36,  2 , 'IAOKOO77R26A645Q', 10 );
INSERT INTO turno  VALUES ('2022-04-20 16:54:08' , 'UWFUBQ98M05L617J', '2022-04-20 20:54:08', '2022-04-20 16:54:08', NULL, NULL);
INSERT INTO prodotto  VALUES (426, '2022-04-21', '2022-04-20 16:54:08' , 13, NULL , 2 );
INSERT INTO prodotto  VALUES (427, '2022-04-21', '2022-04-20 16:54:08' , 21, NULL , 30 );
INSERT INTO prodotto  VALUES (428, '2022-05-02', '2022-04-20 16:54:08' , 2, NULL , 23 );
INSERT INTO prodotto  VALUES (429, '2022-05-16', '2022-04-20 16:54:08' , 36, NULL , 10 );
INSERT INTO prodotto  VALUES (430, '2022-05-23', '2022-04-20 16:54:08' , 18, NULL , 7 );
INSERT INTO prodotto  VALUES (431, '2022-04-27', '2022-04-20 16:54:08' , 16, NULL , 4 );
INSERT INTO prodotto  VALUES (432, '2022-05-26', '2022-04-20 16:54:08' , 17, NULL , 17 );
INSERT INTO prodotto  VALUES (433, '2022-05-11', '2022-04-20 16:54:08' , 8, NULL , 34 );
INSERT INTO prodotto  VALUES (434, '2022-05-10', '2022-04-20 16:54:08' , 5, NULL , 12 );
INSERT INTO appuntamento  VALUES ('2022-04-08 22:19:02', 43,  8 , 'CIMVGU00P68I170C', 1 );
INSERT INTO turno  VALUES ('2022-04-08 22:19:02' , 'JTZNFI79E01A332R', '2022-04-09 02:19:02', '2022-04-08 22:19:02', NULL, NULL);
INSERT INTO prodotto  VALUES (435, '2022-04-25', '2022-04-08 22:19:02' , 27, NULL , 19 );
INSERT INTO prodotto  VALUES (436, '2022-04-17', '2022-04-08 22:19:02' , 23, NULL , 10 );
INSERT INTO prodotto  VALUES (437, NULL, '2022-04-08 22:19:02' , 42, NULL , 16 );
INSERT INTO prodotto  VALUES (438, NULL, '2022-04-08 22:19:02' , 46, NULL , 33 );
INSERT INTO prodotto  VALUES (439, '2022-05-07', '2022-04-08 22:19:02' , 1, NULL , 23 );
INSERT INTO prodotto  VALUES (440, NULL, '2022-04-08 22:19:02' , 46, NULL , 20 );
INSERT INTO prodotto  VALUES (441, '2022-05-24', '2022-04-08 22:19:02' , 19, NULL , 0 );
INSERT INTO prodotto  VALUES (442, '2022-05-24', '2022-04-08 22:19:02' , 16, NULL , 1 );
INSERT INTO prodotto  VALUES (443, '2022-04-10', '2022-04-08 22:19:02' , 7, NULL , 17 );
INSERT INTO prodotto  VALUES (444, '2022-05-07', '2022-04-08 22:19:02' , 1, NULL , 4 );
INSERT INTO prodotto  VALUES (445, '2022-04-25', '2022-04-08 22:19:02' , 16, NULL , 5 );
INSERT INTO prodotto  VALUES (446, '2022-04-25', '2022-04-08 22:19:02' , 31, NULL , 23 );
INSERT INTO prodotto  VALUES (447, '2022-05-14', '2022-04-08 22:19:02' , 31, NULL , 8 );
INSERT INTO prodotto  VALUES (448, '2022-05-29', '2022-04-08 22:19:02' , 36, NULL , 26 );
INSERT INTO prodotto  VALUES (449, '2022-05-15', '2022-04-08 22:19:02' , 29, NULL , 18 );
INSERT INTO appuntamento  VALUES ('2022-04-15 15:34:25', 33,  2 , 'AYHDGE79M44I333Q', 11 );
INSERT INTO turno  VALUES ('2022-04-15 15:34:25' , 'EJHVKT96D63F773E', '2022-04-15 19:34:25', '2022-04-15 15:34:25', NULL, NULL);
INSERT INTO prodotto  VALUES (450, '2022-05-22', '2022-04-15 15:34:25' , 16, NULL , 12 );
INSERT INTO prodotto  VALUES (451, '2022-05-23', '2022-04-15 15:34:25' , 34, NULL , 17 );
INSERT INTO prodotto  VALUES (452, '2022-05-01', '2022-04-15 15:34:25' , 11, NULL , 20 );
INSERT INTO prodotto  VALUES (453, NULL, '2022-04-15 15:34:25' , 43, NULL , 28 );
INSERT INTO prodotto  VALUES (454, NULL, '2022-04-15 15:34:25' , 45, NULL , 3 );
INSERT INTO prodotto  VALUES (455, '2022-05-09', '2022-04-15 15:34:25' , 14, NULL , 24 );
INSERT INTO prodotto  VALUES (456, '2022-05-31', '2022-04-15 15:34:25' , 27, NULL , 6 );
INSERT INTO prodotto  VALUES (457, '2022-04-17', '2022-04-15 15:34:25' , 25, NULL , 27 );
INSERT INTO prodotto  VALUES (458, '2022-04-21', '2022-04-15 15:34:25' , 30, NULL , 31 );
INSERT INTO prodotto  VALUES (459, '2022-05-10', '2022-04-15 15:34:25' , 17, NULL , 22 );
INSERT INTO appuntamento  VALUES ('2022-04-01 12:40:21', 33,  0 , 'HXYBTQ08M53E825Q', 6 );
INSERT INTO turno  VALUES ('2022-04-01 12:40:21' , 'RTOYMI74T54C588X', '2022-04-01 16:40:21', '2022-04-01 12:40:21', NULL, NULL);
INSERT INTO prodotto  VALUES (460, NULL, '2022-04-01 12:40:21' , 46, NULL , 29 );
INSERT INTO prodotto  VALUES (461, '2022-05-26', '2022-04-01 12:40:21' , 19, NULL , 21 );
INSERT INTO prodotto  VALUES (462, '2022-04-04', '2022-04-01 12:40:21' , 35, NULL , 7 );
INSERT INTO prodotto  VALUES (463, '2022-05-18', '2022-04-01 12:40:21' , 11, NULL , 9 );
INSERT INTO prodotto  VALUES (464, '2022-05-02', '2022-04-01 12:40:21' , 23, NULL , 3 );
INSERT INTO prodotto  VALUES (465, '2022-05-26', '2022-04-01 12:40:21' , 2, NULL , 19 );
INSERT INTO prodotto  VALUES (466, '2022-04-22', '2022-04-01 12:40:21' , 13, NULL , 2 );
INSERT INTO prodotto  VALUES (467, '2022-05-12', '2022-04-01 12:40:21' , 7, NULL , 29 );
INSERT INTO prodotto  VALUES (468, '2022-05-21', '2022-04-01 12:40:21' , 13, NULL , 0 );
INSERT INTO prodotto  VALUES (469, '2022-05-27', '2022-04-01 12:40:21' , 26, NULL , 29 );
INSERT INTO prodotto  VALUES (470, NULL, '2022-04-01 12:40:21' , 37, NULL , 31 );
INSERT INTO prodotto  VALUES (471, '2022-05-17', '2022-04-01 12:40:21' , 23, NULL , 6 );
INSERT INTO prodotto  VALUES (472, NULL, '2022-04-01 12:40:21' , 50, NULL , 28 );
INSERT INTO prodotto  VALUES (473, '2022-04-05', '2022-04-01 12:40:21' , 9, NULL , 34 );
INSERT INTO appuntamento  VALUES ('2022-04-14 00:22:21', 54,  10 , 'XAQUAF80R49H519V', 20 );
INSERT INTO turno  VALUES ('2022-04-14 00:22:21' , 'DVBPEU04M10B615X', '2022-04-14 04:22:21', '2022-04-14 00:22:21', NULL, NULL);
INSERT INTO prodotto  VALUES (474, NULL, '2022-04-14 00:22:21' , 40, NULL , 31 );
INSERT INTO prodotto  VALUES (475, NULL, '2022-04-14 00:22:21' , 37, NULL , 13 );
INSERT INTO prodotto  VALUES (476, '2022-04-27', '2022-04-14 00:22:21' , 33, NULL , 21 );
INSERT INTO prodotto  VALUES (477, '2022-05-24', '2022-04-14 00:22:21' , 12, NULL , 9 );
INSERT INTO prodotto  VALUES (478, '2022-05-15', '2022-04-14 00:22:21' , 17, NULL , 9 );
INSERT INTO prodotto  VALUES (479, '2022-05-20', '2022-04-14 00:22:21' , 2, NULL , 26 );
INSERT INTO prodotto  VALUES (480, '2022-04-23', '2022-04-14 00:22:21' , 34, NULL , 3 );
INSERT INTO prodotto  VALUES (481, '2022-04-26', '2022-04-14 00:22:21' , 12, NULL , 33 );
INSERT INTO prodotto  VALUES (482, NULL, '2022-04-14 00:22:21' , 50, NULL , 33 );
INSERT INTO prodotto  VALUES (483, '2022-05-08', '2022-04-14 00:22:21' , 19, NULL , 16 );
INSERT INTO prodotto  VALUES (484, '2022-04-27', '2022-04-14 00:22:21' , 36, NULL , 7 );
INSERT INTO prodotto  VALUES (485, NULL, '2022-04-14 00:22:21' , 41, NULL , 25 );
INSERT INTO prodotto  VALUES (486, NULL, '2022-04-14 00:22:21' , 48, NULL , 5 );
INSERT INTO prodotto  VALUES (487, '2022-05-21', '2022-04-14 00:22:21' , 21, NULL , 16 );
INSERT INTO prodotto  VALUES (488, '2022-04-16', '2022-04-14 00:22:21' , 24, NULL , 26 );
INSERT INTO appuntamento  VALUES ('2022-04-04 04:20:51', 48,  16 , 'GBOAZC35T12I254H', 2 );
INSERT INTO turno  VALUES ('2022-04-04 04:20:51' , 'BFCAFI97C12D998S', '2022-04-04 08:20:51', '2022-04-04 04:20:51', NULL, NULL);
INSERT INTO prodotto  VALUES (489, '2022-05-16', '2022-04-04 04:20:51' , 6, NULL , 7 );
INSERT INTO prodotto  VALUES (490, '2022-04-21', '2022-04-04 04:20:51' , 10, NULL , 33 );
INSERT INTO prodotto  VALUES (491, '2022-05-13', '2022-04-04 04:20:51' , 34, NULL , 30 );
INSERT INTO prodotto  VALUES (492, '2022-05-30', '2022-04-04 04:20:51' , 23, NULL , 0 );
INSERT INTO prodotto  VALUES (493, NULL, '2022-04-04 04:20:51' , 44, NULL , 25 );
INSERT INTO prodotto  VALUES (494, '2022-04-06', '2022-04-04 04:20:51' , 27, NULL , 33 );
INSERT INTO prodotto  VALUES (495, '2022-05-13', '2022-04-04 04:20:51' , 5, NULL , 18 );
INSERT INTO prodotto  VALUES (496, '2022-04-14', '2022-04-04 04:20:51' , 8, NULL , 3 );
INSERT INTO prodotto  VALUES (497, '2022-04-05', '2022-04-04 04:20:51' , 26, NULL , 32 );
INSERT INTO prodotto  VALUES (498, NULL, '2022-04-04 04:20:51' , 44, NULL , 18 );
INSERT INTO prodotto  VALUES (499, '2022-05-05', '2022-04-04 04:20:51' , 11, NULL , 28 );
INSERT INTO prodotto  VALUES (500, '2022-04-26', '2022-04-04 04:20:51' , 35, NULL , 6 );
INSERT INTO prodotto  VALUES (501, '2022-05-20', '2022-04-04 04:20:51' , 34, NULL , 1 );
INSERT INTO prodotto  VALUES (502, NULL, '2022-04-04 04:20:51' , 46, NULL , 10 );
INSERT INTO prodotto  VALUES (503, '2022-04-13', '2022-04-04 04:20:51' , 32, NULL , 11 );
INSERT INTO appuntamento  VALUES ('2022-05-12 21:04:09', 41,  0 , 'VIDVIU03T18H275Z', 7 );
INSERT INTO turno  VALUES ('2022-05-12 21:04:09' , 'ZCEQNJ79P24E855E', '2022-05-13 01:04:09', '2022-05-12 21:04:09', NULL, NULL);
INSERT INTO prodotto  VALUES (504, NULL, '2022-05-12 21:04:09' , 49, NULL , 24 );
INSERT INTO prodotto  VALUES (505, '2022-05-14', '2022-05-12 21:04:09' , 33, NULL , 10 );
INSERT INTO prodotto  VALUES (506, '2022-05-13', '2022-05-12 21:04:09' , 17, NULL , 10 );
INSERT INTO prodotto  VALUES (507, '2022-05-14', '2022-05-12 21:04:09' , 10, NULL , 16 );
INSERT INTO prodotto  VALUES (508, '2022-05-25', '2022-05-12 21:04:09' , 12, NULL , 27 );
INSERT INTO prodotto  VALUES (509, '2022-05-24', '2022-05-12 21:04:09' , 11, NULL , 22 );
INSERT INTO prodotto  VALUES (510, NULL, '2022-05-12 21:04:09' , 45, NULL , 14 );
INSERT INTO prodotto  VALUES (511, '2022-05-19', '2022-05-12 21:04:09' , 11, NULL , 24 );
INSERT INTO prodotto  VALUES (512, '2022-05-26', '2022-05-12 21:04:09' , 9, NULL , 19 );
INSERT INTO prodotto  VALUES (513, '2022-05-18', '2022-05-12 21:04:09' , 19, NULL , 20 );
INSERT INTO prodotto  VALUES (514, '2022-05-20', '2022-05-12 21:04:09' , 33, NULL , 3 );
INSERT INTO prodotto  VALUES (515, '2022-05-22', '2022-05-12 21:04:09' , 9, NULL , 25 );
INSERT INTO prodotto  VALUES (516, '2022-05-13', '2022-05-12 21:04:09' , 34, NULL , 10 );
INSERT INTO prodotto  VALUES (517, '2022-05-24', '2022-05-12 21:04:09' , 4, NULL , 8 );
INSERT INTO appuntamento  VALUES ('2022-05-22 23:29:17', 57,  13 , 'ZCSHJA75R15A330Q', 17 );
INSERT INTO turno  VALUES ('2022-05-22 23:29:17' , 'JTZNFI79E01A332R', '2022-05-23 03:29:17', '2022-05-22 23:29:17', NULL, NULL);
INSERT INTO prodotto  VALUES (518, NULL, '2022-05-22 23:29:17' , 49, NULL , 11 );
INSERT INTO prodotto  VALUES (519, '2022-05-28', '2022-05-22 23:29:17' , 34, NULL , 12 );
INSERT INTO prodotto  VALUES (520, '2022-05-25', '2022-05-22 23:29:17' , 9, NULL , 20 );
INSERT INTO prodotto  VALUES (521, '2022-05-23', '2022-05-22 23:29:17' , 20, NULL , 18 );
INSERT INTO prodotto  VALUES (522, NULL, '2022-05-22 23:29:17' , 39, NULL , 8 );
INSERT INTO prodotto  VALUES (523, NULL, '2022-05-22 23:29:17' , 48, NULL , 12 );
INSERT INTO prodotto  VALUES (524, '2022-05-25', '2022-05-22 23:29:17' , 17, NULL , 9 );
INSERT INTO prodotto  VALUES (525, '2022-05-31', '2022-05-22 23:29:17' , 11, NULL , 4 );
INSERT INTO prodotto  VALUES (526, '2022-05-26', '2022-05-22 23:29:17' , 34, NULL , 3 );
INSERT INTO prodotto  VALUES (527, '2022-05-31', '2022-05-22 23:29:17' , 34, NULL , 16 );
INSERT INTO prodotto  VALUES (528, '2022-05-30', '2022-05-22 23:29:17' , 15, NULL , 17 );
INSERT INTO prodotto  VALUES (529, '2022-05-30', '2022-05-22 23:29:17' , 5, NULL , 25 );
INSERT INTO prodotto  VALUES (530, NULL, '2022-05-22 23:29:17' , 46, NULL , 19 );
INSERT INTO prodotto  VALUES (531, '2022-05-23', '2022-05-22 23:29:17' , 16, NULL , 26 );
INSERT INTO prodotto  VALUES (532, '2022-05-28', '2022-05-22 23:29:17' , 22, NULL , 5 );
INSERT INTO appuntamento  VALUES ('2022-05-17 23:54:06', 42,  5 , 'FTTTVH20L23A765G', 24 );
INSERT INTO turno  VALUES ('2022-05-17 23:54:06' , 'UTYKYM78S44I357K', '2022-05-18 03:54:06', '2022-05-17 23:54:06', NULL, NULL);
INSERT INTO prodotto  VALUES (533, '2022-05-23', '2022-05-17 23:54:06' , 7, NULL , 19 );
INSERT INTO prodotto  VALUES (534, '2022-05-18', '2022-05-17 23:54:06' , 26, NULL , 13 );
INSERT INTO prodotto  VALUES (535, NULL, '2022-05-17 23:54:06' , 50, NULL , 23 );
INSERT INTO prodotto  VALUES (536, NULL, '2022-05-17 23:54:06' , 51, NULL , 16 );
INSERT INTO prodotto  VALUES (537, '2022-05-22', '2022-05-17 23:54:06' , 26, NULL , 10 );
INSERT INTO prodotto  VALUES (538, '2022-05-26', '2022-05-17 23:54:06' , 5, NULL , 22 );
INSERT INTO prodotto  VALUES (539, '2022-05-18', '2022-05-17 23:54:06' , 23, NULL , 5 );
INSERT INTO prodotto  VALUES (540, NULL, '2022-05-17 23:54:06' , 47, NULL , 31 );
INSERT INTO prodotto  VALUES (541, '2022-05-21', '2022-05-17 23:54:06' , 33, NULL , 17 );
INSERT INTO prodotto  VALUES (542, '2022-05-30', '2022-05-17 23:54:06' , 34, NULL , 4 );
INSERT INTO prodotto  VALUES (543, '2022-05-29', '2022-05-17 23:54:06' , 22, NULL , 15 );
INSERT INTO prodotto  VALUES (544, NULL, '2022-05-17 23:54:06' , 45, NULL , 26 );
INSERT INTO prodotto  VALUES (545, NULL, '2022-05-17 23:54:06' , 46, NULL , 29 );
INSERT INTO prodotto  VALUES (546, '2022-05-29', '2022-05-17 23:54:06' , 13, NULL , 32 );
INSERT INTO prodotto  VALUES (547, '2022-05-19', '2022-05-17 23:54:06' , 32, NULL , 3 );
INSERT INTO appuntamento  VALUES ('2022-05-27 19:17:05', 47,  7 , 'CFDQDG71C27A051Q', 4 );
INSERT INTO turno  VALUES ('2022-05-27 19:17:05' , 'WKWUJW56H64M072L', '2022-05-27 23:17:05', '2022-05-27 19:17:05', NULL, NULL);
INSERT INTO prodotto  VALUES (548, '2022-05-29', '2022-05-27 19:17:05' , 34, NULL , 28 );
INSERT INTO prodotto  VALUES (549, '2022-05-31', '2022-05-27 19:17:05' , 29, NULL , 26 );
INSERT INTO prodotto  VALUES (550, '2022-05-30', '2022-05-27 19:17:05' , 18, NULL , 11 );
INSERT INTO prodotto  VALUES (551, NULL, '2022-05-27 19:17:05' , 50, NULL , 6 );
INSERT INTO prodotto  VALUES (552, NULL, '2022-05-27 19:17:05' , 51, NULL , 23 );
INSERT INTO prodotto  VALUES (553, '2022-05-29', '2022-05-27 19:17:05' , 35, NULL , 33 );
INSERT INTO prodotto  VALUES (554, '2022-05-28', '2022-05-27 19:17:05' , 33, NULL , 31 );
INSERT INTO prodotto  VALUES (555, NULL, '2022-05-27 19:17:05' , 50, NULL , 32 );
INSERT INTO prodotto  VALUES (556, '2022-05-30', '2022-05-27 19:17:05' , 16, NULL , 25 );
INSERT INTO prodotto  VALUES (557, NULL, '2022-05-27 19:17:05' , 37, NULL , 10 );
INSERT INTO prodotto  VALUES (558, NULL, '2022-05-27 19:17:05' , 50, NULL , 33 );
INSERT INTO prodotto  VALUES (559, '2022-05-31', '2022-05-27 19:17:05' , 13, NULL , 20 );
INSERT INTO prodotto  VALUES (560, '2022-05-28', '2022-05-27 19:17:05' , 22, NULL , 34 );
INSERT INTO prodotto  VALUES (561, '2022-05-29', '2022-05-27 19:17:05' , 9, NULL , 12 );
INSERT INTO prodotto  VALUES (562, '2022-05-28', '2022-05-27 19:17:05' , 33, NULL , 11 );
INSERT INTO appuntamento  VALUES ('2022-05-23 00:58:37', 36,  1 , 'PIYURG37L13I786N', 10 );
INSERT INTO turno  VALUES ('2022-05-23 00:58:37' , 'WLTFFH63P05F614G', '2022-05-23 04:58:37', '2022-05-23 00:58:37', NULL, NULL);
INSERT INTO prodotto  VALUES (563, '2022-05-23', '2022-05-23 00:58:37' , 7, NULL , 1 );
INSERT INTO prodotto  VALUES (564, NULL, '2022-05-23 00:58:37' , 37, NULL , 25 );
INSERT INTO prodotto  VALUES (565, NULL, '2022-05-23 00:58:37' , 46, NULL , 29 );
INSERT INTO prodotto  VALUES (566, NULL, '2022-05-23 00:58:37' , 42, NULL , 23 );
INSERT INTO prodotto  VALUES (567, '2022-05-23', '2022-05-23 00:58:37' , 25, NULL , 26 );
INSERT INTO prodotto  VALUES (568, NULL, '2022-05-23 00:58:37' , 41, NULL , 17 );
INSERT INTO prodotto  VALUES (569, '2022-05-31', '2022-05-23 00:58:37' , 24, NULL , 10 );
INSERT INTO prodotto  VALUES (570, '2022-05-30', '2022-05-23 00:58:37' , 33, NULL , 3 );
INSERT INTO prodotto  VALUES (571, NULL, '2022-05-23 00:58:37' , 46, NULL , 33 );
INSERT INTO prodotto  VALUES (572, '2022-05-30', '2022-05-23 00:58:37' , 33, NULL , 5 );
INSERT INTO prodotto  VALUES (573, NULL, '2022-05-23 00:58:37' , 38, NULL , 8 );
INSERT INTO prodotto  VALUES (574, NULL, '2022-05-23 00:58:37' , 51, NULL , 34 );
INSERT INTO prodotto  VALUES (575, '2022-05-31', '2022-05-23 00:58:37' , 28, NULL , 0 );
INSERT INTO appuntamento  VALUES ('2022-05-03 06:54:33', 50,  0 , 'BCSNAE22A57B049L', 16 );
INSERT INTO turno  VALUES ('2022-05-03 06:54:33' , 'XKXVIA43D21I382T', '2022-05-03 10:54:33', '2022-05-03 06:54:33', NULL, NULL);
INSERT INTO prodotto  VALUES (576, '2022-05-10', '2022-05-03 06:54:33' , 21, NULL , 16 );
INSERT INTO prodotto  VALUES (577, NULL, '2022-05-03 06:54:33' , 41, NULL , 22 );
INSERT INTO prodotto  VALUES (578, '2022-05-24', '2022-05-03 06:54:33' , 36, NULL , 5 );
INSERT INTO prodotto  VALUES (579, '2022-05-06', '2022-05-03 06:54:33' , 2, NULL , 21 );
INSERT INTO prodotto  VALUES (580, '2022-05-27', '2022-05-03 06:54:33' , 18, NULL , 6 );
INSERT INTO prodotto  VALUES (581, '2022-05-30', '2022-05-03 06:54:33' , 16, NULL , 34 );
INSERT INTO prodotto  VALUES (582, '2022-05-14', '2022-05-03 06:54:33' , 34, NULL , 0 );
INSERT INTO prodotto  VALUES (583, '2022-05-11', '2022-05-03 06:54:33' , 18, NULL , 20 );
INSERT INTO prodotto  VALUES (584, NULL, '2022-05-03 06:54:33' , 45, NULL , 9 );
INSERT INTO prodotto  VALUES (585, '2022-05-21', '2022-05-03 06:54:33' , 16, NULL , 21 );
INSERT INTO prodotto  VALUES (586, '2022-05-18', '2022-05-03 06:54:33' , 25, NULL , 33 );
INSERT INTO prodotto  VALUES (587, '2022-05-24', '2022-05-03 06:54:33' , 13, NULL , 21 );
INSERT INTO prodotto  VALUES (588, NULL, '2022-05-03 06:54:33' , 45, NULL , 10 );
INSERT INTO prodotto  VALUES (589, '2022-05-17', '2022-05-03 06:54:33' , 15, NULL , 2 );
INSERT INTO appuntamento  VALUES ('2022-05-24 15:13:59', 30,  1 , 'XXXGHQ24P60I701A', 5 );
INSERT INTO turno  VALUES ('2022-05-24 15:13:59' , 'CCCXXR24A27F265F', '2022-05-24 19:13:59', '2022-05-24 15:13:59', NULL, NULL);
INSERT INTO prodotto  VALUES (590, '2022-05-25', '2022-05-24 15:13:59' , 23, NULL , 34 );
INSERT INTO prodotto  VALUES (591, '2022-05-31', '2022-05-24 15:13:59' , 6, NULL , 31 );
INSERT INTO prodotto  VALUES (592, NULL, '2022-05-24 15:13:59' , 40, NULL , 17 );
INSERT INTO prodotto  VALUES (593, '2022-05-25', '2022-05-24 15:13:59' , 14, NULL , 14 );
INSERT INTO prodotto  VALUES (594, '2022-05-30', '2022-05-24 15:13:59' , 16, NULL , 20 );
INSERT INTO prodotto  VALUES (595, '2022-05-26', '2022-05-24 15:13:59' , 13, NULL , 26 );
INSERT INTO prodotto  VALUES (596, '2022-05-26', '2022-05-24 15:13:59' , 19, NULL , 29 );
INSERT INTO prodotto  VALUES (597, '2022-05-31', '2022-05-24 15:13:59' , 33, NULL , 28 );
INSERT INTO prodotto  VALUES (598, '2022-05-29', '2022-05-24 15:13:59' , 31, NULL , 23 );
INSERT INTO prodotto  VALUES (599, '2022-05-27', '2022-05-24 15:13:59' , 3, NULL , 23 );
INSERT INTO appuntamento  VALUES ('2022-05-21 01:15:38', 31,  3 , 'ONCLMA61L06H798P', 23 );
INSERT INTO turno  VALUES ('2022-05-21 01:15:38' , 'JTZNFI79E01A332R', '2022-05-21 05:15:38', '2022-05-21 01:15:38', NULL, NULL);
INSERT INTO prodotto  VALUES (600, '2022-05-30', '2022-05-21 01:15:38' , 25, NULL , 20 );
INSERT INTO prodotto  VALUES (601, '2022-05-26', '2022-05-21 01:15:38' , 6, NULL , 12 );
INSERT INTO prodotto  VALUES (602, NULL, '2022-05-21 01:15:38' , 50, NULL , 2 );
INSERT INTO prodotto  VALUES (603, '2022-05-22', '2022-05-21 01:15:38' , 11, NULL , 5 );
INSERT INTO prodotto  VALUES (604, '2022-05-28', '2022-05-21 01:15:38' , 10, NULL , 6 );
INSERT INTO prodotto  VALUES (605, NULL, '2022-05-21 01:15:38' , 49, NULL , 13 );
INSERT INTO prodotto  VALUES (606, '2022-05-27', '2022-05-21 01:15:38' , 18, NULL , 3 );
INSERT INTO prodotto  VALUES (607, NULL, '2022-05-21 01:15:38' , 41, NULL , 23 );
INSERT INTO prodotto  VALUES (608, NULL, '2022-05-21 01:15:38' , 44, NULL , 21 );
INSERT INTO prodotto  VALUES (609, '2022-05-27', '2022-05-21 01:15:38' , 35, NULL , 33 );
INSERT INTO appuntamento  VALUES ('2022-05-26 15:47:50', 49,  6 , 'ZKEMSA23E48B526H', 26 );
INSERT INTO turno  VALUES ('2022-05-26 15:47:50' , 'NXYSTN67A64B237U', '2022-05-26 19:47:50', '2022-05-26 15:47:50', NULL, NULL);
INSERT INTO prodotto  VALUES (610, '2022-05-31', '2022-05-26 15:47:50' , 34, NULL , 11 );
INSERT INTO prodotto  VALUES (611, '2022-05-29', '2022-05-26 15:47:50' , 6, NULL , 0 );
INSERT INTO prodotto  VALUES (612, '2022-05-28', '2022-05-26 15:47:50' , 16, NULL , 7 );
INSERT INTO prodotto  VALUES (613, '2022-05-29', '2022-05-26 15:47:50' , 30, NULL , 7 );
INSERT INTO prodotto  VALUES (614, NULL, '2022-05-26 15:47:50' , 41, NULL , 2 );
INSERT INTO prodotto  VALUES (615, NULL, '2022-05-26 15:47:50' , 43, NULL , 25 );
INSERT INTO prodotto  VALUES (616, '2022-05-28', '2022-05-26 15:47:50' , 36, NULL , 28 );
INSERT INTO prodotto  VALUES (617, NULL, '2022-05-26 15:47:50' , 39, NULL , 25 );
INSERT INTO prodotto  VALUES (618, '2022-05-31', '2022-05-26 15:47:50' , 5, NULL , 27 );
INSERT INTO prodotto  VALUES (619, NULL, '2022-05-26 15:47:50' , 45, NULL , 8 );
INSERT INTO prodotto  VALUES (620, '2022-05-27', '2022-05-26 15:47:50' , 15, NULL , 33 );
INSERT INTO prodotto  VALUES (621, '2022-05-30', '2022-05-26 15:47:50' , 25, NULL , 9 );
INSERT INTO prodotto  VALUES (622, NULL, '2022-05-26 15:47:50' , 44, NULL , 23 );
INSERT INTO prodotto  VALUES (623, NULL, '2022-05-26 15:47:50' , 50, NULL , 34 );
INSERT INTO prodotto  VALUES (624, '2022-05-29', '2022-05-26 15:47:50' , 13, NULL , 31 );
INSERT INTO appuntamento  VALUES ('2022-05-29 12:55:36', 35,  1 , 'ZMLVVY47H56C172F', 9 );
INSERT INTO turno  VALUES ('2022-05-29 12:55:36' , 'RNSGHF00B28A351R', '2022-05-29 16:55:36', '2022-05-29 12:55:36', NULL, NULL);
INSERT INTO prodotto  VALUES (625, '2022-05-29', '2022-05-29 12:55:36' , 22, NULL , 18 );
INSERT INTO prodotto  VALUES (626, '2022-05-31', '2022-05-29 12:55:36' , 24, NULL , 18 );
INSERT INTO prodotto  VALUES (627, '2022-05-29', '2022-05-29 12:55:36' , 27, NULL , 11 );
INSERT INTO prodotto  VALUES (628, '2022-05-29', '2022-05-29 12:55:36' , 20, NULL , 22 );
INSERT INTO prodotto  VALUES (629, NULL, '2022-05-29 12:55:36' , 41, NULL , 11 );
INSERT INTO prodotto  VALUES (630, NULL, '2022-05-29 12:55:36' , 48, NULL , 2 );
INSERT INTO prodotto  VALUES (631, '2022-05-30', '2022-05-29 12:55:36' , 29, NULL , 32 );
INSERT INTO prodotto  VALUES (632, '2022-05-30', '2022-05-29 12:55:36' , 17, NULL , 23 );
INSERT INTO prodotto  VALUES (633, '2022-05-31', '2022-05-29 12:55:36' , 21, NULL , 29 );
INSERT INTO appuntamento  VALUES ('2022-05-19 11:59:10', 33,  2 , 'LSMYQR37T52I968X', 6 );
INSERT INTO turno  VALUES ('2022-05-19 11:59:10' , 'ZCEQNJ79P24E855E', '2022-05-19 15:59:10', '2022-05-19 11:59:10', NULL, NULL);
INSERT INTO prodotto  VALUES (634, '2022-05-30', '2022-05-19 11:59:10' , 5, NULL , 12 );
INSERT INTO prodotto  VALUES (635, '2022-05-23', '2022-05-19 11:59:10' , 31, NULL , 14 );
INSERT INTO prodotto  VALUES (636, NULL, '2022-05-19 11:59:10' , 39, NULL , 12 );
INSERT INTO prodotto  VALUES (637, '2022-05-26', '2022-05-19 11:59:10' , 22, NULL , 24 );
INSERT INTO prodotto  VALUES (638, '2022-05-30', '2022-05-19 11:59:10' , 32, NULL , 25 );
INSERT INTO prodotto  VALUES (639, '2022-05-28', '2022-05-19 11:59:10' , 1, NULL , 33 );
INSERT INTO prodotto  VALUES (640, NULL, '2022-05-19 11:59:10' , 49, NULL , 0 );
INSERT INTO prodotto  VALUES (641, '2022-05-28', '2022-05-19 11:59:10' , 17, NULL , 18 );
INSERT INTO prodotto  VALUES (642, NULL, '2022-05-19 11:59:10' , 48, NULL , 2 );
INSERT INTO prodotto  VALUES (643, '2022-05-26', '2022-05-19 11:59:10' , 13, NULL , 30 );
INSERT INTO prodotto  VALUES (644, '2022-05-22', '2022-05-19 11:59:10' , 12, NULL , 17 );
INSERT INTO prodotto  VALUES (645, '2022-05-31', '2022-05-19 11:59:10' , 23, NULL , 32 );
INSERT INTO prodotto  VALUES (646, NULL, '2022-05-19 11:59:10' , 39, NULL , 3 );
INSERT INTO appuntamento  VALUES ('2022-05-08 17:30:19', 48,  8 , 'PRHOEU29R55C496Z', 2 );
INSERT INTO turno  VALUES ('2022-05-08 17:30:19' , 'PJGGFT18A09C659I', '2022-05-08 21:30:19', '2022-05-08 17:30:19', NULL, NULL);
INSERT INTO prodotto  VALUES (647, '2022-05-30', '2022-05-08 17:30:19' , 27, NULL , 23 );
INSERT INTO prodotto  VALUES (648, '2022-05-26', '2022-05-08 17:30:19' , 30, NULL , 5 );
INSERT INTO prodotto  VALUES (649, '2022-05-25', '2022-05-08 17:30:19' , 27, NULL , 24 );
INSERT INTO prodotto  VALUES (650, '2022-05-21', '2022-05-08 17:30:19' , 5, NULL , 18 );
INSERT INTO prodotto  VALUES (651, '2022-05-12', '2022-05-08 17:30:19' , 9, NULL , 11 );
INSERT INTO prodotto  VALUES (652, '2022-05-22', '2022-05-08 17:30:19' , 21, NULL , 25 );
INSERT INTO prodotto  VALUES (653, NULL, '2022-05-08 17:30:19' , 49, NULL , 31 );
INSERT INTO prodotto  VALUES (654, NULL, '2022-05-08 17:30:19' , 45, NULL , 24 );
INSERT INTO prodotto  VALUES (655, NULL, '2022-05-08 17:30:19' , 48, NULL , 12 );
INSERT INTO prodotto  VALUES (656, '2022-05-30', '2022-05-08 17:30:19' , 23, NULL , 7 );
INSERT INTO prodotto  VALUES (657, '2022-05-13', '2022-05-08 17:30:19' , 25, NULL , 21 );
INSERT INTO prodotto  VALUES (658, NULL, '2022-05-08 17:30:19' , 50, NULL , 6 );
INSERT INTO prodotto  VALUES (659, '2022-05-17', '2022-05-08 17:30:19' , 29, NULL , 14 );
INSERT INTO prodotto  VALUES (660, NULL, '2022-05-08 17:30:19' , 43, NULL , 27 );
INSERT INTO prodotto  VALUES (661, NULL, '2022-05-08 17:30:19' , 43, NULL , 21 );
INSERT INTO appuntamento  VALUES ('2022-05-08 21:02:06', 37,  0 , 'HDBAVF73T11D845F', 0 );
INSERT INTO turno  VALUES ('2022-05-08 21:02:06' , 'SMEQJA48A21A274H', '2022-05-09 01:02:06', '2022-05-08 21:02:06', NULL, NULL);
INSERT INTO prodotto  VALUES (662, NULL, '2022-05-08 21:02:06' , 47, NULL , 2 );
INSERT INTO prodotto  VALUES (663, '2022-05-26', '2022-05-08 21:02:06' , 2, NULL , 9 );
INSERT INTO prodotto  VALUES (664, '2022-05-11', '2022-05-08 21:02:06' , 3, NULL , 4 );
INSERT INTO prodotto  VALUES (665, '2022-05-09', '2022-05-08 21:02:06' , 2, NULL , 32 );
INSERT INTO prodotto  VALUES (666, NULL, '2022-05-08 21:02:06' , 50, NULL , 19 );
INSERT INTO prodotto  VALUES (667, '2022-05-21', '2022-05-08 21:02:06' , 25, NULL , 10 );
INSERT INTO prodotto  VALUES (668, '2022-05-17', '2022-05-08 21:02:06' , 32, NULL , 19 );
INSERT INTO prodotto  VALUES (669, NULL, '2022-05-08 21:02:06' , 50, NULL , 16 );
INSERT INTO prodotto  VALUES (670, '2022-05-31', '2022-05-08 21:02:06' , 20, NULL , 0 );
INSERT INTO prodotto  VALUES (671, '2022-05-11', '2022-05-08 21:02:06' , 35, NULL , 25 );
INSERT INTO prodotto  VALUES (672, '2022-05-27', '2022-05-08 21:02:06' , 18, NULL , 11 );
INSERT INTO prodotto  VALUES (673, '2022-05-29', '2022-05-08 21:02:06' , 36, NULL , 34 );
INSERT INTO appuntamento  VALUES ('2022-05-12 00:50:30', 49,  4 , 'VAPQRD21M12H505Z', 22 );
INSERT INTO turno  VALUES ('2022-05-12 00:50:30' , 'SVDDBF18B14C577B', '2022-05-12 04:50:30', '2022-05-12 00:50:30', NULL, NULL);
INSERT INTO prodotto  VALUES (674, '2022-05-12', '2022-05-12 00:50:30' , 9, NULL , 33 );
INSERT INTO prodotto  VALUES (675, NULL, '2022-05-12 00:50:30' , 45, NULL , 25 );
INSERT INTO prodotto  VALUES (676, '2022-05-13', '2022-05-12 00:50:30' , 35, NULL , 15 );
INSERT INTO prodotto  VALUES (677, '2022-05-15', '2022-05-12 00:50:30' , 18, NULL , 22 );
INSERT INTO prodotto  VALUES (678, NULL, '2022-05-12 00:50:30' , 44, NULL , 17 );
INSERT INTO prodotto  VALUES (679, '2022-05-16', '2022-05-12 00:50:30' , 26, NULL , 7 );
INSERT INTO prodotto  VALUES (680, '2022-05-12', '2022-05-12 00:50:30' , 8, NULL , 15 );
INSERT INTO prodotto  VALUES (681, '2022-05-20', '2022-05-12 00:50:30' , 9, NULL , 29 );
INSERT INTO prodotto  VALUES (682, '2022-05-20', '2022-05-12 00:50:30' , 14, NULL , 24 );
INSERT INTO prodotto  VALUES (683, NULL, '2022-05-12 00:50:30' , 43, NULL , 5 );
INSERT INTO prodotto  VALUES (684, '2022-05-18', '2022-05-12 00:50:30' , 4, NULL , 9 );
INSERT INTO prodotto  VALUES (685, '2022-05-24', '2022-05-12 00:50:30' , 3, NULL , 27 );
INSERT INTO prodotto  VALUES (686, NULL, '2022-05-12 00:50:30' , 47, NULL , 21 );
INSERT INTO prodotto  VALUES (687, '2022-05-29', '2022-05-12 00:50:30' , 11, NULL , 23 );
INSERT INTO prodotto  VALUES (688, NULL, '2022-05-12 00:50:30' , 49, NULL , 3 );
INSERT INTO appuntamento  VALUES ('2022-05-02 14:27:11', 51,  15 , 'ULYTWM53L67B796H', 28 );
INSERT INTO turno  VALUES ('2022-05-02 14:27:11' , 'GZBXDV61A62F960W', '2022-05-02 18:27:11', '2022-05-02 14:27:11', NULL, NULL);
INSERT INTO prodotto  VALUES (689, '2022-05-12', '2022-05-02 14:27:11' , 28, NULL , 29 );
INSERT INTO prodotto  VALUES (690, '2022-05-17', '2022-05-02 14:27:11' , 17, NULL , 5 );
INSERT INTO prodotto  VALUES (691, NULL, '2022-05-02 14:27:11' , 37, NULL , 22 );
INSERT INTO prodotto  VALUES (692, '2022-05-18', '2022-05-02 14:27:11' , 16, NULL , 6 );
INSERT INTO prodotto  VALUES (693, '2022-05-10', '2022-05-02 14:27:11' , 14, NULL , 12 );
INSERT INTO prodotto  VALUES (694, NULL, '2022-05-02 14:27:11' , 44, NULL , 1 );
INSERT INTO prodotto  VALUES (695, '2022-05-02', '2022-05-02 14:27:11' , 24, NULL , 17 );
INSERT INTO prodotto  VALUES (696, '2022-05-31', '2022-05-02 14:27:11' , 25, NULL , 10 );
INSERT INTO prodotto  VALUES (697, '2022-05-19', '2022-05-02 14:27:11' , 8, NULL , 20 );
INSERT INTO prodotto  VALUES (698, '2022-05-19', '2022-05-02 14:27:11' , 32, NULL , 0 );
INSERT INTO prodotto  VALUES (699, '2022-05-10', '2022-05-02 14:27:11' , 5, NULL , 9 );
INSERT INTO prodotto  VALUES (700, NULL, '2022-05-02 14:27:11' , 39, NULL , 14 );
INSERT INTO prodotto  VALUES (701, '2022-05-21', '2022-05-02 14:27:11' , 32, NULL , 1 );
INSERT INTO prodotto  VALUES (702, NULL, '2022-05-02 14:27:11' , 51, NULL , 17 );
INSERT INTO prodotto  VALUES (703, '2022-05-19', '2022-05-02 14:27:11' , 34, NULL , 10 );


INSERT INTO prodotto  VALUES (704, '2020-11-19', NULL , 9, NULL , 21 );
INSERT INTO prodotto  VALUES (705, '2020-01-15', NULL , 6, NULL , 2 );
INSERT INTO prodotto  VALUES (706, '2021-03-02', NULL , 9, NULL , 2 );
INSERT INTO prodotto  VALUES (707, '2021-04-14', NULL , 7, NULL , 11 );
INSERT INTO prodotto  VALUES (708, '2020-09-04', NULL , 21, NULL , 23 );
INSERT INTO prodotto  VALUES (709, '2020-09-04', NULL , 18, NULL , 12 );
INSERT INTO prodotto  VALUES (710, '2021-02-16', NULL , 19, NULL , 21 );
INSERT INTO prodotto  VALUES (711, '2020-12-18', NULL , 18, NULL , 21 );
INSERT INTO prodotto  VALUES (712, '2020-08-17', NULL , 23, NULL , 29 );
INSERT INTO prodotto  VALUES (713, '2020-04-13', NULL , 23, NULL , 10 );
INSERT INTO prodotto  VALUES (714, '2020-08-27', NULL , 23, NULL , 20 );
INSERT INTO prodotto  VALUES (715, '2021-08-16', NULL , 17, NULL , 12 );
INSERT INTO prodotto  VALUES (716, '2022-04-06', NULL , 13, NULL , 15 );
INSERT INTO prodotto  VALUES (717, '2021-11-04', NULL , 30, NULL , 10 );
INSERT INTO prodotto  VALUES (718, '2021-04-25', NULL , 11, NULL , 12 );
INSERT INTO prodotto  VALUES (719, '2021-01-06', NULL , 6, NULL , 20 );
INSERT INTO prodotto  VALUES (720, '2021-05-18', NULL , 21, NULL , 2 );
INSERT INTO prodotto  VALUES (721, '2020-06-05', NULL , 16, NULL , 24 );
INSERT INTO prodotto  VALUES (722, '2021-04-17', NULL , 26, NULL , 1 );
INSERT INTO prodotto  VALUES (723, '2022-06-07', NULL , 22, NULL , 8 );
INSERT INTO prodotto  VALUES (724, '2022-04-04', NULL , 15, NULL , 29 );
INSERT INTO prodotto  VALUES (725, '2021-03-10', NULL , 27, NULL , 0 );
INSERT INTO prodotto  VALUES (726, '2021-01-13', NULL , 10, NULL , 15 );
INSERT INTO prodotto  VALUES (727, '2020-09-24', NULL , 27, NULL , 0 );
INSERT INTO prodotto  VALUES (728, '2022-03-08', NULL , 10, NULL , 21 );


