set search_path to socialMarket;


INSERT INTO ente  VALUES (0 , 'Einaudi, Sauli e Munari s.r.l.','Viale Onio, 5
13020, Vocca (VC)');
INSERT INTO ente  VALUES (1 , 'Brichese-Druso Group','Contrada Raffaellino, 32 Piano 9
60020, Polverigi (AN)');
INSERT INTO ente  VALUES (2 , 'Micheletti Group','Canale Vito, 569
40050, Bisano (BO)');
INSERT INTO ente  VALUES (3 , 'Morlacchi Group','Strada Rosario, 64 Piano 2
84134, Giovi (SA)');
INSERT INTO ente  VALUES (4 , 'Malacarne-Orlando Group','Viale Augusto, 86
28842, Bognanco (VB)');
INSERT INTO ente  VALUES (5 , 'Trezzini s.r.l.','Via Renata, 98 Appartamento 94
30123, Dorsoduro (VE)');
INSERT INTO ente  VALUES (6 , 'Paolini-Galtarossa e figli','Canale Stefania, 8
73055, Racale (LE)');
INSERT INTO ente  VALUES (7 , 'Amaldi Group','Rotonda Tullio, 7
20877, Roncello (MB)');
INSERT INTO ente  VALUES (8 , 'Camuccini-Pertile SPA','Incrocio Ceschi, 8
01017, Tuscania (VT)');
INSERT INTO ente  VALUES (9 , 'Udinesi-Tognazzi e figli','Strada Pierpaolo, 48
88811, Ciro Marina (KR)');
INSERT INTO ente  VALUES (10 , 'Burcardo Group','Rotonda Vincenza, 21
66054, Vasto (CH)');
INSERT INTO ente  VALUES (11 , 'Molesini, Murri e Prodi SPA','Via Celentano, 692 Piano 5
31014, San Martino Di Colle Umberto (TV)');
INSERT INTO ente  VALUES (12 , 'Ferretti e figli','Strada Gianluca, 936
28873, Castiglione (VB)');
INSERT INTO ente  VALUES (13 , 'Bergoglio e figli','Stretto Marco, 5 Piano 4
16153, Borzoli (GE)');
INSERT INTO ente  VALUES (14 , 'Milanesi, Mazzeo e Scamarcio SPA','Canale Bettin, 686 Appartamento 7
89831, Soriano Calabro (VV)');
INSERT INTO ente  VALUES (15 , 'Gottardi s.r.l.','Contrada Giannotti, 60
52025, Montevarchi (AR)');
INSERT INTO ente  VALUES (16 , 'Pignatti Group','Incrocio Platini, 80
67013, Poggio Cancelli (AQ)');
INSERT INTO ente  VALUES (17 , 'Gentili e figli','Borgo Melania, 0 Appartamento 91
08012, Bortigali (NU)');
INSERT INTO ente  VALUES (18 , 'Gottardi-Aporti s.r.l.','Borgo Marco, 45 Piano 6
56048, Mazzolla (PI)');
INSERT INTO ente  VALUES (19 , 'Ughi, Cuomo e Saracino SPA','Incrocio Piergiuseppe, 50
28071, Borgolavezzaro (NO)');


INSERT INTO volontario  VALUES ('JMQUIB70R09H196A', 'Michela', 'Cabibbo', '1986-01-02', 'Godi', '9920032187881', 'M', NULL , 'trasporto , ricezione , supervisione', 'Mercoledì pomeriggio' );
INSERT INTO volontario  VALUES ('WRNXMZ93A28A499C', 'Carla', 'Dellucci', '1969-03-26', 'Ancona', '5217688361843', 'M', 'Pickup' , 'trasporto , ricezione', 'Mercoledì mattina ' );
INSERT INTO volontario  VALUES ('JKVRJM55H24C538S', 'Coriolano', 'Farinelli', '2002-04-23', 'San Paolo Di Civitate', '0626721865796', 'Others', 'Coupe' , NULL, 'Lunedì mattina  , Giovedì pomeriggio' );
INSERT INTO volontario  VALUES ('KKJZFH70S24A914T', 'Francesca', 'Ruggieri', '1968-07-31', 'Remedello', '5906503027098', 'F', 'Coupe , Van' , 'supervisione , ricezione , trasporto', 'Martedì pomeriggio , Mercoledì mattina ' );
INSERT INTO volontario  VALUES ('VRSWHX51H53L009V', 'Irma', 'Monte', '1973-10-15', 'Bellano', '6513114262229', 'F', 'Sedan , SUV' , 'trasporto', NULL );
INSERT INTO volontario  VALUES ('NVZKLH26L18L850A', 'Donna', 'Scarlatti', '1966-06-03', 'Schiava', '3388911094958', 'M', 'Wagon , Pickup' , NULL, 'Lunedì mattina ' );
INSERT INTO volontario  VALUES ('NMECGH15S47A309B', 'Giacobbe', 'Tarantino', '2001-06-15', 'Tereglio', '7292576118460', 'Others', NULL , 'supervisione , trasporto', 'Venerdì mattina ' );
INSERT INTO volontario  VALUES ('NTOWMR96S08A821E', 'Vanessa', 'Nolcini', '1965-05-05', 'Drizzona', '0208372232813', 'F', NULL , 'ricezione', 'Giovedì mattina  , Sabato mattina ' );
INSERT INTO volontario  VALUES ('TGWAKA64D08E685Z', 'Lucrezia', 'Bellocchio', '1994-10-16', 'Bordonaro', '3599131509161', 'F', NULL , 'ricezione , trasporto , supervisione', 'Martedì mattina  , Lunedì pomeriggio' );
INSERT INTO volontario  VALUES ('NUCUSC11A28D127U', 'Mirko', 'Spallanzani', '1961-04-22', 'Mosciano SantAngelo', '2094408253482', 'Others', NULL , NULL, 'Sabato pomeriggio' );
INSERT INTO volontario  VALUES ('JQGLUQ21M12L164V', 'Marta', 'Cicala', '1993-09-21', 'Trivignano Udinese', '2515592465937', 'F', NULL , 'trasporto', 'Martedì mattina  , Venerdì mattina ' );
INSERT INTO volontario  VALUES ('LYTRHN97S21D554F', 'Gianni', 'Basadonna', '2002-05-20', 'Domusnovas Canales', '1852504540225', 'F', 'Sedan , Van' , 'trasporto , supervisione , ricezione', 'Mercoledì pomeriggio , Sabato pomeriggio' );
INSERT INTO volontario  VALUES ('CWUFTT47A27E252G', 'Stefania', 'Abbagnale', '2004-02-05', 'Fiume Veneto', '9083314857694', 'F', NULL , NULL, NULL );
INSERT INTO volontario  VALUES ('BRBBSK58L56G575U', 'Baldassare', 'Fusani', '1998-03-25', 'Frassinetto', '8797024444949', 'M', 'Coupe , Wagon' , 'trasporto , ricezione', 'Mercoledì mattina  , Mercoledì pomeriggio' );
INSERT INTO volontario  VALUES ('GBANUR20M10F084H', 'Marco', 'Tedesco', '1966-02-04', 'Grancia', '5335851897571', 'F', NULL , 'supervisione', 'Mercoledì pomeriggio' );
INSERT INTO volontario  VALUES ('TGCBII54D17D316R', 'Massimo', 'Filzi', '1967-04-15', 'Morcone', '7205840103373', 'F', NULL , NULL, NULL );
INSERT INTO volontario  VALUES ('PBIRUN88C12A508J', 'Carla', 'Gottardi', '1983-06-22', 'Moio De Calvi', '2175340282176', 'F', 'Sedan , Van' , 'ricezione , supervisione', 'Mercoledì pomeriggio , Lunedì mattina ' );
INSERT INTO volontario  VALUES ('RFZWRW71A17H733D', 'Alessio', 'Satriani', '1973-01-11', 'Raito', '2870143106560', 'F', 'Sedan , Van' , 'supervisione , trasporto', 'Lunedì mattina  , Mercoledì pomeriggio' );
INSERT INTO volontario  VALUES ('GTOCLO36C54C972C', 'Delfino', 'Correr', '1998-02-12', 'Roccaravindola', '0478072843196', 'Others', 'MiniVan' , NULL, 'Mercoledì mattina ' );
INSERT INTO volontario  VALUES ('KSSRKR47P57A149E', 'Gianna', 'Morgagni', '1973-12-18', 'Overì', '3835100071910', 'Others', 'Coupe , MiniVan' , 'ricezione , trasporto , supervisione', NULL );
INSERT INTO volontario  VALUES ('XBNNXN60P09I465Q', 'Gianni', 'Morosini', '1975-01-14', 'Schignano', '9409807715748', 'M', 'SUV , Coupe' , NULL, 'Mercoledì pomeriggio , Sabato pomeriggio' );
INSERT INTO volontario  VALUES ('DINCME50C01C815I', 'Dario', 'Scarpa', '1985-04-19', 'SantAngelo In Villa', '2608860808975', 'M', 'MiniVan , Van' , NULL, 'Mercoledì mattina ' );
INSERT INTO volontario  VALUES ('YBVOPR65D23G886X', 'Amanda', 'Vittadello', '2002-06-07', 'Seit', '5113524620583', 'Others', 'MiniVan , SUV' , 'ricezione , trasporto', 'Sabato pomeriggio , Lunedì pomeriggio' );
INSERT INTO volontario  VALUES ('HIIDML47M08D693H', 'Gianluigi', 'Pietrangeli', '1979-10-14', 'Tancau Sul Mare', '8204186304480', 'M', NULL , 'supervisione , trasporto', 'Mercoledì mattina ' );
INSERT INTO volontario  VALUES ('EZCULZ93H05L700P', 'Sophia', 'Cilea', '1968-09-25', 'Riva Di Solto', '7488473664358', 'M', 'SUV , Wagon' , 'supervisione', 'Lunedì mattina ' );
INSERT INTO volontario  VALUES ('SAOUWY47A49A318C', 'Berenice', 'Civaschi', '1961-11-12', 'Pandino', '7961143112715', 'M', 'MiniVan , SUV' , 'ricezione', NULL );
INSERT INTO volontario  VALUES ('VXVAJT29B08H156N', 'Benito', 'Pisaroni', '1976-02-25', 'Pianezze', '3053980468423', 'M', 'Pickup , MiniVan' , 'trasporto', 'Mercoledì pomeriggio' );
INSERT INTO volontario  VALUES ('TODUZQ97S18G192S', 'Isa', 'Foa', '1975-03-06', 'Fusine In Valromana', '2006375258616', 'Others', 'Pickup , Sedan' , 'supervisione', NULL );
INSERT INTO volontario  VALUES ('BUQKWQ22C61D711J', 'Donna', 'Filippelli', '1985-08-11', 'Fabro', '0997383353745', 'M', 'SUV , Van' , 'supervisione , ricezione , trasporto', NULL );
INSERT INTO volontario  VALUES ('JSCSWC99H17B937L', 'Ernesto', 'Tamborini', '1963-04-02', 'San Donato Di Mango', '1478902256230', 'F', 'Van' , NULL, 'Martedì mattina ' );
INSERT INTO volontario  VALUES ('VECVSO98D58A533T', 'Costantino', 'Malacarne', '1993-05-31', 'Morre', '2799003665802', 'M', 'Pickup , Sedan' , 'ricezione', NULL );
INSERT INTO volontario  VALUES ('XPYXNY48C60B920D', 'Leone', 'Camicione', '1998-05-26', 'Marter', '3675788557551', 'F', NULL , 'ricezione , trasporto , supervisione', 'Martedì pomeriggio' );
INSERT INTO volontario  VALUES ('QIJQVR67E52A823R', 'Orazio', 'Gagliano', '2004-08-23', 'Ghiaie', '9570785118059', 'Others', 'Sedan , Coupe' , 'supervisione , trasporto', NULL );
INSERT INTO volontario  VALUES ('ANCPKG68P25C826R', 'Pina', 'Trevisan', '2003-08-10', 'Stazzu Mesu', '2593379728403', 'F', NULL , 'supervisione , ricezione', NULL );
INSERT INTO volontario  VALUES ('TWUIOI39H45D260O', 'Nicola', 'Tafuri', '1984-08-11', 'Selve Marcone', '5638798505013', 'Others', NULL , 'supervisione', 'Venerdì mattina ' );
INSERT INTO volontario  VALUES ('IWCOCT46L27E341H', 'Ilaria', 'Gentilini', '1994-10-11', 'Stazione Di Montale', '1019604120486', 'M', NULL , 'trasporto , supervisione', 'Sabato pomeriggio , Venerdì mattina ' );
INSERT INTO volontario  VALUES ('MHYVYV54L02I635Y', 'Riccardo', 'Sansoni', '1971-01-16', 'Massiola', '3206260849383', 'F', 'MiniVan , Wagon' , NULL, 'Sabato pomeriggio' );
INSERT INTO volontario  VALUES ('VPUULP66A48D773D', 'Romina', 'Gatto', '1986-12-05', 'Mornico', '9092957441084', 'M', 'Pickup' , 'ricezione , trasporto', 'Mercoledì mattina  , Venerdì mattina ' );
INSERT INTO volontario  VALUES ('IIRZNR03B58D605A', 'Susanna', 'Zecchini', '1986-03-03', 'Cavalleri', '4452838509717', 'Others', 'Sedan' , 'supervisione', NULL );
INSERT INTO volontario  VALUES ('PGYRRC10M57H987X', 'Marcello', 'Virgilio', '1972-05-31', 'Galliera Frazione', '7664356792175', 'F', NULL , 'supervisione', NULL );
INSERT INTO volontario  VALUES ('COYDYF99C64I444Z', 'Gilberto', 'Palazzo', '1962-10-01', 'Galleane', '1930775802394', 'F', 'Pickup' , 'ricezione', NULL );
INSERT INTO volontario  VALUES ('JYVFOD13M44A081N', 'Alfredo', 'Brugnaro', '1969-04-28', 'Braies', '8876615096561', 'Others', 'Coupe , MiniVan' , NULL, 'Mercoledì mattina  , Giovedì pomeriggio' );
INSERT INTO volontario  VALUES ('QIQEXZ59S18D321K', 'Flora', 'Fo', '1961-10-11', 'Villa Campanile', '5387396508093', 'Others', 'Wagon , MiniVan' , NULL, 'Mercoledì pomeriggio' );
INSERT INTO volontario  VALUES ('GYIJRN45P04I253J', 'Patrizia', 'Moneta', '1985-06-10', 'Faedo Valtellino', '7812807327252', 'M', NULL , 'trasporto , ricezione , supervisione', 'Mercoledì pomeriggio' );
INSERT INTO volontario  VALUES ('IYMHAN32A45F721D', 'Antonino', 'Jovinelli', '1968-04-14', 'Pont Canavese', '0071388938002', 'M', 'Wagon , Sedan' , 'ricezione , supervisione', NULL );
INSERT INTO volontario  VALUES ('IKYZGD45R62E204R', 'Marisa', 'Cremonesi', '1994-09-24', 'Birgalavo', '5136365034477', 'Others', 'Wagon , MiniVan' , 'ricezione , trasporto , supervisione', NULL );
INSERT INTO volontario  VALUES ('ZMAIDB88R45H508N', 'Maura', 'Gozzi', '1994-10-26', 'Teodone', '3805657893591', 'Others', 'Sedan' , 'ricezione', 'Lunedì mattina ' );
INSERT INTO volontario  VALUES ('VKNGMA16A41E794K', 'Gian', 'Argento', '1972-12-12', 'Bozen', '2224320318578', 'F', 'Pickup , SUV' , 'supervisione', 'Venerdì pomeriggio , Giovedì pomeriggio' );
INSERT INTO volontario  VALUES ('EPAJBE93B49H412F', 'Marina', 'Leone', '1995-07-28', 'Palazzo Canavese', '3271659115244', 'F', 'MiniVan' , NULL, 'Mercoledì pomeriggio , Lunedì mattina ' );
INSERT INTO volontario  VALUES ('FAYBWA51S25C033K', 'Osvaldo', 'Morellato', '1992-11-11', 'Mornico', '2553336625014', 'F', 'Sedan' , 'trasporto', NULL );


INSERT INTO collegato  VALUES (8,'XPYXNY48C60B920D');
INSERT INTO collegato  VALUES (8,'FAYBWA51S25C033K');
INSERT INTO collegato  VALUES (3,'VECVSO98D58A533T');
INSERT INTO collegato  VALUES (0,'EZCULZ93H05L700P');
INSERT INTO collegato  VALUES (13,'TODUZQ97S18G192S');
INSERT INTO collegato  VALUES (10,'NMECGH15S47A309B');
INSERT INTO collegato  VALUES (11,'GYIJRN45P04I253J');
INSERT INTO collegato  VALUES (17,'QIJQVR67E52A823R');
INSERT INTO collegato  VALUES (16,'PBIRUN88C12A508J');
INSERT INTO collegato  VALUES (6,'EZCULZ93H05L700P');
INSERT INTO collegato  VALUES (17,'DINCME50C01C815I');
INSERT INTO collegato  VALUES (7,'XPYXNY48C60B920D');
INSERT INTO collegato  VALUES (6,'BUQKWQ22C61D711J');
INSERT INTO collegato  VALUES (12,'YBVOPR65D23G886X');
INSERT INTO collegato  VALUES (18,'CWUFTT47A27E252G');
INSERT INTO collegato  VALUES (16,'QIJQVR67E52A823R');
INSERT INTO collegato  VALUES (3,'XPYXNY48C60B920D');
INSERT INTO collegato  VALUES (6,'VECVSO98D58A533T');
INSERT INTO collegato  VALUES (8,'XBNNXN60P09I465Q');
INSERT INTO collegato  VALUES (12,'IIRZNR03B58D605A');
INSERT INTO collegato  VALUES (6,'NVZKLH26L18L850A');
INSERT INTO collegato  VALUES (7,'QIJQVR67E52A823R');
INSERT INTO collegato  VALUES (10,'TGCBII54D17D316R');
INSERT INTO collegato  VALUES (19,'NUCUSC11A28D127U');
INSERT INTO collegato  VALUES (8,'IIRZNR03B58D605A');
INSERT INTO collegato  VALUES (15,'ZMAIDB88R45H508N');
INSERT INTO collegato  VALUES (12,'QIJQVR67E52A823R');
INSERT INTO collegato  VALUES (11,'NTOWMR96S08A821E');
INSERT INTO collegato  VALUES (9,'TODUZQ97S18G192S');
INSERT INTO collegato  VALUES (13,'JYVFOD13M44A081N');
INSERT INTO collegato  VALUES (0,'WRNXMZ93A28A499C');
INSERT INTO collegato  VALUES (19,'SAOUWY47A49A318C');
INSERT INTO collegato  VALUES (5,'NTOWMR96S08A821E');
INSERT INTO collegato  VALUES (8,'NTOWMR96S08A821E');
INSERT INTO collegato  VALUES (18,'LYTRHN97S21D554F');
INSERT INTO collegato  VALUES (19,'IIRZNR03B58D605A');
INSERT INTO collegato  VALUES (19,'GBANUR20M10F084H');
INSERT INTO collegato  VALUES (1,'NTOWMR96S08A821E');
INSERT INTO collegato  VALUES (14,'VRSWHX51H53L009V');
INSERT INTO collegato  VALUES (18,'DINCME50C01C815I');
INSERT INTO collegato  VALUES (17,'IYMHAN32A45F721D');
INSERT INTO collegato  VALUES (11,'VRSWHX51H53L009V');
INSERT INTO collegato  VALUES (10,'COYDYF99C64I444Z');
INSERT INTO collegato  VALUES (6,'GTOCLO36C54C972C');
INSERT INTO collegato  VALUES (1,'NUCUSC11A28D127U');
INSERT INTO collegato  VALUES (2,'HIIDML47M08D693H');
INSERT INTO collegato  VALUES (1,'DINCME50C01C815I');


BEGIN;
INSERT INTO carta_cliente  VALUES (0 , 'DBHIGS95E02B406B','120','2', '2', '0');
INSERT INTO familiare  VALUES ('DBHIGS95E02B406B','Lucia','Vasari', '2001-08-18', 'Trucchi', '6736299098758', 'Others', '0');
INSERT INTO familiare  VALUES ('PFJVHN71T63M411R','Gianna','Vasari', '2019-02-24', 'Casnate Con Bernate', '6038153400104', 'M', '0');
INSERT INTO familiare  VALUES ('HUCEUL90P42H033U','Loretta','Vasari', '2009-11-29', 'Camparada', '1715855573231', 'M', '0');
INSERT INTO familiare  VALUES ('IGDBWQ90P61D683E','Annetta','Vasari', '1978-09-22', 'Pilzone', '6334791861086', 'M', '0');
COMMIT;

BEGIN;
INSERT INTO carta_cliente  VALUES (1 , 'XSGLCT63C47B031M','106','1', '1', '1');
INSERT INTO familiare  VALUES ('XSGLCT63C47B031M','Achille','Altera', '1965-02-06', 'Coreglia Ligure', '9972099819440', 'F', '1');
INSERT INTO familiare  VALUES ('JNKLCZ51T45I418D','Filippo','Altera', '2013-11-15', 'Bellombra', '7967102332044', 'Others', '1');
INSERT INTO familiare  VALUES ('SJNAJA61A54A272G','Costanzo','Altera', '1935-08-21', 'Carife', '7445823543287', 'M', '1');
COMMIT;

BEGIN;
INSERT INTO carta_cliente  VALUES (2 , 'QMOUGK48P49G985L','138','4', '1', '1');
INSERT INTO familiare  VALUES ('QMOUGK48P49G985L','Ivo','Scialpi', '1962-11-11', 'Cassola', '2957373615986', 'Others', '2');
INSERT INTO familiare  VALUES ('FSWGKZ96A01B538U','Stefania','Scialpi', '2020-11-13', 'Anfo', '0761431132221', 'M', '2');
INSERT INTO familiare  VALUES ('SWCLHX39H42E029E','Luisa','Scialpi', '2008-04-25', 'Mediano', '1053615138663', 'M', '2');
INSERT INTO familiare  VALUES ('BHYYOI51C44L312A','Ninetta','Scialpi', '2011-08-26', 'Floresta', '6147200112127', 'F', '2');
INSERT INTO familiare  VALUES ('JTYJGD86H14G434O','Fabio','Scialpi', '2018-07-20', 'Vaneze', '5699901164358', 'F', '2');
INSERT INTO familiare  VALUES ('EJEDTT34S51D123Z','Gastone','Scialpi', '1954-02-01', 'Medole', '0859478284578', 'M', '2');
COMMIT;

BEGIN;
INSERT INTO carta_cliente  VALUES (3 , 'IRCNAS98T24A883F','54','1', '4', '1');
INSERT INTO familiare  VALUES ('IRCNAS98T24A883F','Marisa','Terragni', '1990-06-20', 'Borgomanero', '8683943734108', 'Others', '3');
INSERT INTO familiare  VALUES ('AIJJMQ33E53D959Y','Elladio','Terragni', '2007-09-20', 'Mandas', '9471324329152', 'M', '3');
INSERT INTO familiare  VALUES ('WJLRKI98B04H498O','Guido','Terragni', '2004-09-16', 'Casateia', '9186999873561', 'F', '3');
INSERT INTO familiare  VALUES ('IJBAIW24E20C263G','Michele','Terragni', '1960-03-10', 'Schlinig', '1163486275114', 'Others', '3');
INSERT INTO familiare  VALUES ('VOYGYR60H62M052F','Fabio','Terragni', '1965-02-14', 'Giaveno', '3143223347697', 'F', '3');
INSERT INTO familiare  VALUES ('IUNTQL50B06F963G','Dionigi','Terragni', '1948-03-30', 'Fardella', '0678280682276', 'M', '3');
COMMIT;

BEGIN;
INSERT INTO carta_cliente  VALUES (4 , 'TZQLXZ02P05A570Q','28','4', '1', '2');
INSERT INTO familiare  VALUES ('TZQLXZ02P05A570Q','Orlando','Lucarelli', '1972-02-03', 'Termeno Sulla Strada Del Vino', '8801228556149', 'M', '4');
INSERT INTO familiare  VALUES ('ETSHCE84B04G179S','Guido','Lucarelli', '2016-09-21', 'Villaggio Bucchi', '6985596474547', 'F', '4');
INSERT INTO familiare  VALUES ('ZEDHYZ45L66F815L','Adelmo','Lucarelli', '2009-08-27', 'Ghizzano', '6671126805644', 'F', '4');
INSERT INTO familiare  VALUES ('NIKDAM68H44G658O','Annamaria','Lucarelli', '2014-11-28', 'Pantalla', '4302860637029', 'M', '4');
INSERT INTO familiare  VALUES ('GUIAXV55S16E023E','Isa','Lucarelli', '2007-03-25', 'Rio Saliceto', '5935296793554', 'F', '4');
INSERT INTO familiare  VALUES ('JQMLBH86B53F762N','Pompeo','Lucarelli', '1938-04-02', 'Aversa', '6015728712995', 'M', '4');
INSERT INTO familiare  VALUES ('USXAZN08D45L061Q','Romana','Lucarelli', '1941-01-05', 'Margreid', '4470886920645', 'M', '4');
COMMIT;

BEGIN;
INSERT INTO carta_cliente  VALUES (5 , 'BEYDFZ24C64E040E','59','0', '2', '1');
INSERT INTO familiare  VALUES ('BEYDFZ24C64E040E','Leopoldo','Guarana', '1993-07-18', 'Pietrarubbia', '5703402191653', 'F', '5');
INSERT INTO familiare  VALUES ('GVKUOG77B62B934O','Imelda','Guarana', '2000-01-20', 'Ginestreto', '1643572310355', 'F', '5');
INSERT INTO familiare  VALUES ('YNJTSM85A61G878B','Gianpaolo','Guarana', '1942-11-15', 'Bastia Mondovi', '6371066771035', 'Others', '5');
COMMIT;

BEGIN;
INSERT INTO carta_cliente  VALUES (6 , 'EHUYYG91H65B374M','8','1', '1', '1');
INSERT INTO familiare  VALUES ('EHUYYG91H65B374M','Marcello','Cortese', '1962-10-14', 'Cartignano', '1376154978644', 'M', '6');
INSERT INTO familiare  VALUES ('WTJFJF47P07H646O','Etta','Cortese', '2014-05-29', 'Congiunti', '0850892305414', 'Others', '6');
INSERT INTO familiare  VALUES ('FZAFWQ07R08H436V','Ugo','Cortese', '1929-07-12', 'Rosignano Marittimo', '4739486585125', 'M', '6');
COMMIT;

BEGIN;
INSERT INTO carta_cliente  VALUES (7 , 'LNOJUY24C01A256M','124','4', '3', '0');
INSERT INTO familiare  VALUES ('LNOJUY24C01A256M','Caterina','Semitecolo', '1982-07-22', 'Curtatone', '7371312626064', 'Others', '7');
INSERT INTO familiare  VALUES ('KVEZPE54A62L655H','Marco','Semitecolo', '2014-01-30', 'San Polo Sabino', '1105849590820', 'M', '7');
INSERT INTO familiare  VALUES ('CKHIHS83L07H958O','Carlo','Semitecolo', '2014-05-06', 'Fiumicello Santa Venere', '6179138988277', 'F', '7');
INSERT INTO familiare  VALUES ('SMTNIP69D51D969Q','Hugo','Semitecolo', '2018-05-25', 'Celzi', '9329629951983', 'Others', '7');
INSERT INTO familiare  VALUES ('WHEQKJ17C41G682L','Nina','Semitecolo', '2006-08-06', 'Seggiano', '5234716464198', 'Others', '7');
INSERT INTO familiare  VALUES ('HJKGYE55M45E654S','Loretta','Semitecolo', '1978-05-12', 'Ronco Biellese', '0436204779588', 'F', '7');
INSERT INTO familiare  VALUES ('ZPGYHL94L64A193J','Eva','Semitecolo', '1995-02-21', 'Lutrano', '4508472453227', 'M', '7');
COMMIT;

BEGIN;
INSERT INTO carta_cliente  VALUES (8 , 'APDOQU69D61D767N','22','3', '1', '1');
INSERT INTO familiare  VALUES ('APDOQU69D61D767N','Germana','Comboni', '1993-02-24', 'Ripattoni', '8888855048146', 'F', '8');
INSERT INTO familiare  VALUES ('MNXDJD84A67D088F','Filippo','Comboni', '2013-08-10', 'Campomaggiore', '0414724211715', 'M', '8');
INSERT INTO familiare  VALUES ('MOTUKW69M53M362S','Ramona','Comboni', '2007-01-20', 'Dello', '8777384683298', 'F', '8');
INSERT INTO familiare  VALUES ('RAQYBX14H09G925P','Carla','Comboni', '2017-08-20', 'Orero', '3485468662803', 'M', '8');
INSERT INTO familiare  VALUES ('GERQVU86P60H405H','Fabia','Comboni', '1943-09-14', 'Mas', '8471986927937', 'F', '8');
COMMIT;

BEGIN;
INSERT INTO carta_cliente  VALUES (9 , 'YLJLFV75M25C771A','27','0', '4', '3');
INSERT INTO familiare  VALUES ('YLJLFV75M25C771A','Gabriele','Antonello', '1977-11-19', 'Roccaromana', '1893338486273', 'M', '9');
INSERT INTO familiare  VALUES ('KAMRFC70S13L378D','Adelasia','Antonello', '1961-12-17', 'Mara', '4559731365942', 'Others', '9');
INSERT INTO familiare  VALUES ('GINUBL63T22F152Y','Daria','Antonello', '2000-04-12', 'Mugnano Del Cardinale', '7803752071562', 'F', '9');
INSERT INTO familiare  VALUES ('QOZEAP79A66F058L','Ida','Antonello', '2003-02-14', 'Ponticello', '3112751456583', 'F', '9');
INSERT INTO familiare  VALUES ('LZEXSV77H68H704L','Bettina','Antonello', '1929-11-14', 'Perzacco', '4534939870536', 'M', '9');
INSERT INTO familiare  VALUES ('ENNSTL40H57A065X','Pompeo','Antonello', '1941-05-28', 'Canneto Di Caronia', '1192192677291', 'F', '9');
INSERT INTO familiare  VALUES ('SSWNXG04M28G403G','Raffaello','Antonello', '1948-11-06', 'Romano Di Lombardia', '4510921344310', 'Others', '9');
COMMIT;

BEGIN;
INSERT INTO carta_cliente  VALUES (10 , 'LJUZDH27L08F902E','51','0', '3', '3');
INSERT INTO familiare  VALUES ('LJUZDH27L08F902E','Annetta','Castioni', '1992-09-20', 'Paquier', '5974942071034', 'M', '10');
INSERT INTO familiare  VALUES ('MWWQWL10S41F067A','Teresa','Castioni', '1973-04-01', 'Lovara', '3222678480957', 'M', '10');
INSERT INTO familiare  VALUES ('QBZBKP05L11H331Y','Lidia','Castioni', '1965-05-18', 'Zuri', '5663481838200', 'Others', '10');
INSERT INTO familiare  VALUES ('IIRWCY20P45F636T','Damiano','Castioni', '1936-06-10', 'Vighizzolo DEste', '3846487410002', 'F', '10');
INSERT INTO familiare  VALUES ('RQTIWP98C11E925C','Adriana','Castioni', '1947-07-20', 'Vallio Terme', '8770092620479', 'F', '10');
INSERT INTO familiare  VALUES ('QLDDZC66T56D087G','Massimiliano','Castioni', '1936-08-06', 'St.Jakob In Ahrnta', '8414824643446', 'F', '10');
COMMIT;

BEGIN;
INSERT INTO carta_cliente  VALUES (11 , 'EWDZXE91L50G259F','45','1', '1', '3');
INSERT INTO familiare  VALUES ('EWDZXE91L50G259F','Ansaldo','Volterra', '2002-11-05', 'Commezzadura', '4009263434444', 'Others', '11');
INSERT INTO familiare  VALUES ('FYDAUH23P10B166Y','Federigo','Volterra', '2013-12-02', 'SantAngelo A Scala', '7314167527800', 'Others', '11');
INSERT INTO familiare  VALUES ('UVKSUV58A05D892J','Alina','Volterra', '1953-12-16', 'Onano', '3372021690577', 'Others', '11');
INSERT INTO familiare  VALUES ('MPOFAI67C11I288W','Alessandro','Volterra', '1941-01-25', 'Moschiano', '7965166822453', 'Others', '11');
INSERT INTO familiare  VALUES ('KMWFIS23E57B838D','Gionata','Volterra', '1943-11-21', 'Borghetto Santo Spirito', '3611579976897', 'M', '11');
COMMIT;

BEGIN;
INSERT INTO carta_cliente  VALUES (12 , 'GKWDHK50C03L689B','31','1', '2', '0');
INSERT INTO familiare  VALUES ('GKWDHK50C03L689B','Elladio','Musatti', '1998-05-10', 'Verzegnis', '6929085879825', 'M', '12');
INSERT INTO familiare  VALUES ('LFXEAS73R42H500L','Gemma','Musatti', '2011-02-05', 'Travagliato', '3380840001890', 'F', '12');
INSERT INTO familiare  VALUES ('BDVTHS56T65G054K','Antonino','Musatti', '1986-02-10', 'Mirabello', '7548326539311', 'Others', '12');
COMMIT;

BEGIN;
INSERT INTO carta_cliente  VALUES (13 , 'HTKLQY40A53C973I','82','2', '2', '2');
INSERT INTO familiare  VALUES ('HTKLQY40A53C973I','Ansaldo','Bembo', '1969-09-09', 'Colle San Magno', '8930675789768', 'M', '13');
INSERT INTO familiare  VALUES ('ULBNMJ08T01C841L','Piermaria','Bembo', '2015-01-28', 'Pomaretto', '5953561558139', 'Others', '13');
INSERT INTO familiare  VALUES ('NGHFKU41A04G270F','Eva','Bembo', '2009-01-01', 'Larino', '9062115689548', 'Others', '13');
INSERT INTO familiare  VALUES ('YGATNS38A60F247M','Lidia','Bembo', '1973-07-28', 'Vizzola Ticino', '3099608342310', 'F', '13');
INSERT INTO familiare  VALUES ('DDNNGU36S03F872Q','Antonina','Bembo', '1937-01-06', 'Miramare Di Rimini', '4560957262700', 'F', '13');
INSERT INTO familiare  VALUES ('HWQGZJ99M09H203P','Ottone','Bembo', '1948-12-31', 'Andretta', '2603274261774', 'M', '13');
COMMIT;

BEGIN;
INSERT INTO carta_cliente  VALUES (14 , 'GNLZTS73B67G788A','5','0', '1', '2');
INSERT INTO familiare  VALUES ('GNLZTS73B67G788A','Benedetto','Ovadia', '1984-07-18', 'Castelvetere Sul Calore', '4536186313990', 'F', '14');
INSERT INTO familiare  VALUES ('ABSFYF15R45F754K','Ermenegildo','Ovadia', '1956-07-09', 'Samugheo', '8819723648358', 'M', '14');
INSERT INTO familiare  VALUES ('PPHBKQ64C55F267Z','Ciro','Ovadia', '1949-01-24', 'Binasco', '4619230678986', 'M', '14');
COMMIT;

BEGIN;
INSERT INTO carta_cliente  VALUES (15 , 'FRZNKD94B10G859T','22','4', '3', '0');
INSERT INTO familiare  VALUES ('FRZNKD94B10G859T','Ferdinando','Lamborghini', '1999-01-13', 'Castelbello', '6446193278193', 'M', '15');
INSERT INTO familiare  VALUES ('VBBUVW78M23I573U','Barbara','Lamborghini', '2018-08-27', 'Ticineto', '4514228989295', 'F', '15');
INSERT INTO familiare  VALUES ('POVGVW30M07F730D','Paloma','Lamborghini', '2017-10-15', 'Migliaro', '8926791304029', 'M', '15');
INSERT INTO familiare  VALUES ('JQQRDO44R20C630W','Piergiuseppe','Lamborghini', '2009-08-31', 'Passo Corese', '0370599429145', 'F', '15');
INSERT INTO familiare  VALUES ('GQEIUC96S43D473M','Franco','Lamborghini', '2010-05-07', 'Frasso Telesino', '1793191777255', 'Others', '15');
INSERT INTO familiare  VALUES ('KCZZSX01B26M403E','Antonina','Lamborghini', '1989-04-13', 'Frassilongo', '1112281449692', 'M', '15');
INSERT INTO familiare  VALUES ('KMUCDW24R25H943C','Renata','Lamborghini', '1987-06-04', 'Castellucchio', '5441627045395', 'Others', '15');
COMMIT;

BEGIN;
INSERT INTO carta_cliente  VALUES (16 , 'EUSMCV92M47B332B','92','1', '1', '4');
INSERT INTO familiare  VALUES ('EUSMCV92M47B332B','Nicolò','Samele', '1982-11-20', 'Barzio', '3849687048921', 'F', '16');
INSERT INTO familiare  VALUES ('IZJIGF88T55G149B','Tiziana','Samele', '2020-09-07', 'Groppoducale', '4611957622101', 'M', '16');
INSERT INTO familiare  VALUES ('FICFWD57H07F528T','Gioacchino','Samele', '1943-01-13', 'Tardiano', '5347684133104', 'Others', '16');
INSERT INTO familiare  VALUES ('PJDIJL02S43I820L','Elisa','Samele', '1951-03-08', 'Casemolino', '8184842106949', 'Others', '16');
INSERT INTO familiare  VALUES ('GTPKBZ28H02E343Z','Sonia','Samele', '1933-01-10', 'Gerace', '3814488580713', 'Others', '16');
INSERT INTO familiare  VALUES ('HVIRHG94L59L566P','Romeo','Samele', '1949-05-01', 'Reppia', '7264284212739', 'F', '16');
COMMIT;

BEGIN;
INSERT INTO carta_cliente  VALUES (17 , 'WWYMUS56B62I307U','13','1', '1', '4');
INSERT INTO familiare  VALUES ('WWYMUS56B62I307U','Geronimo','Pareto', '1971-02-06', 'Cortandone', '7644306448306', 'F', '17');
INSERT INTO familiare  VALUES ('CPTTIZ61E62E394G','Venancio','Pareto', '2007-04-14', 'Cavallina', '5360637642041', 'M', '17');
INSERT INTO familiare  VALUES ('VZSSDV05S19I431X','Graziella','Pareto', '1954-01-03', 'Foresto', '3825798492628', 'M', '17');
INSERT INTO familiare  VALUES ('UWVIOW35T19D734N','Ferdinando','Pareto', '1950-05-24', 'Fantasina', '8471499199349', 'M', '17');
INSERT INTO familiare  VALUES ('OGDLTI38C01E040J','Mariano','Pareto', '1955-08-23', 'Raveo', '0764196488828', 'M', '17');
INSERT INTO familiare  VALUES ('LWGZET68E57B514Q','Roman','Pareto', '1930-12-25', 'San Giuliano DArezzo', '7619748531671', 'F', '17');
COMMIT;

BEGIN;
INSERT INTO carta_cliente  VALUES (18 , 'XBGYER19E14B018L','43','0', '4', '1');
INSERT INTO familiare  VALUES ('XBGYER19E14B018L','Agostino','Marcacci', '1994-04-08', 'Guidomandri', '0098631839079', 'Others', '18');
INSERT INTO familiare  VALUES ('SGDKKP48A52H878C','Isa','Marcacci', '1961-08-27', 'Bagnaia', '1711342275244', 'Others', '18');
INSERT INTO familiare  VALUES ('INLVPC80H12C670Z','Ottavio','Marcacci', '1974-07-07', 'Corona', '7649264833614', 'F', '18');
INSERT INTO familiare  VALUES ('CZKYVY81D58F383M','Dina','Marcacci', '1994-11-04', 'Venetico Superiore', '3156448056130', 'M', '18');
INSERT INTO familiare  VALUES ('HNBPCB35D46G671N','Patrizia','Marcacci', '1945-09-12', 'Agrustos', '2264145890436', 'F', '18');
COMMIT;

BEGIN;
INSERT INTO carta_cliente  VALUES (19 , 'TBKWHL26B61B790I','17','2', '2', '0');
INSERT INTO familiare  VALUES ('TBKWHL26B61B790I','Vincentio','Casale', '1996-11-16', 'Ridotti Di Balsorano', '6579128719397', 'F', '19');
INSERT INTO familiare  VALUES ('VZSKRO74S03L809O','Maurilio','Casale', '2014-11-08', 'Rastellino', '1960552384105', 'Others', '19');
INSERT INTO familiare  VALUES ('IJHADH97H21C201J','Giuseppina','Casale', '2013-06-06', 'Verbania', '3085452454043', 'M', '19');
INSERT INTO familiare  VALUES ('ZLHTUB68R62C630U','Valeria','Casale', '1969-01-07', 'Valmacca', '2467675912685', 'Others', '19');
COMMIT;

BEGIN;
INSERT INTO carta_cliente  VALUES (20 , 'YVUXTE11C15D825D','112','4', '2', '0');
INSERT INTO familiare  VALUES ('YVUXTE11C15D825D','Eugenia','Galiazzo', '1990-12-30', 'Baratte', '0675158719201', 'M', '20');
INSERT INTO familiare  VALUES ('CXBXBG77D04M113N','Arnulfo','Galiazzo', '2016-01-03', 'Orsogna', '3298057311430', 'F', '20');
INSERT INTO familiare  VALUES ('PPBQZR29L46F407M','Agnolo','Galiazzo', '2007-12-11', 'Vidracco', '4823071672887', 'Others', '20');
INSERT INTO familiare  VALUES ('NHOZPQ88R02L835M','Iolanda','Galiazzo', '2019-07-26', 'Castel Rigone', '3423838283337', 'Others', '20');
INSERT INTO familiare  VALUES ('PLHKLJ47A16L812T','Dino','Galiazzo', '2008-05-11', 'Novaledo', '0718828466190', 'F', '20');
INSERT INTO familiare  VALUES ('UZTAHK10S20G839Q','Gionata','Galiazzo', '1984-04-15', 'Champdepraz', '5293323325472', 'M', '20');
COMMIT;

BEGIN;
INSERT INTO carta_cliente  VALUES (21 , 'KJBLSE12E06B787D','0','1', '1', '1');
INSERT INTO familiare  VALUES ('KJBLSE12E06B787D','Raffaellino','Meucci', '1982-08-10', 'Badia Cantignano', '1538450086699', 'F', '21');
INSERT INTO familiare  VALUES ('IFBAYQ01E43C903M','Gabriella','Meucci', '2016-04-15', 'Massiola', '4990538779469', 'Others', '21');
INSERT INTO familiare  VALUES ('MMNCUD34H64I090D','Ciro','Meucci', '1953-07-05', 'Molassana', '8309840462447', 'Others', '21');
COMMIT;

BEGIN;
INSERT INTO carta_cliente  VALUES (22 , 'JGQUEL59B64H501A','100','0', '1', '1');
INSERT INTO familiare  VALUES ('JGQUEL59B64H501A','Amico','Calgari', '1976-12-27', 'Capoliveri', '2124699100601', 'F', '22');
INSERT INTO familiare  VALUES ('IDNWFX69P21B612V','Giulia','Calgari', '1950-06-17', 'Monte Caminetto', '0420540859448', 'F', '22');
COMMIT;

BEGIN;
INSERT INTO carta_cliente  VALUES (23 , 'AGLHNU94L04G505Y','141','0', '2', '2');
INSERT INTO familiare  VALUES ('AGLHNU94L04G505Y','Ranieri','Bettin', '1979-07-05', 'Baldaria', '4098008144326', 'F', '23');
INSERT INTO familiare  VALUES ('XRPKYT73B12E535B','Giuseppe','Bettin', '1971-03-15', 'Villaseta', '8604138115076', 'F', '23');
INSERT INTO familiare  VALUES ('KMPKQM05L15L250N','Dario','Bettin', '1940-11-23', 'Cade', '8590160045453', 'Others', '23');
INSERT INTO familiare  VALUES ('BIXLOL77C62F883P','Alphons','Bettin', '1953-04-01', 'Mezzolombardo', '2942610829217', 'Others', '23');
COMMIT;

BEGIN;
INSERT INTO carta_cliente  VALUES (24 , 'ZYIEVM12L54I065K','117','0', '6', '1');
INSERT INTO familiare  VALUES ('ZYIEVM12L54I065K','Fredo','Gasperi', '1975-04-10', 'Pedivigliano', '9392516348308', 'M', '24');
INSERT INTO familiare  VALUES ('OMXROG16E04G047E','Gionata','Gasperi', '1974-06-17', 'Poffabro', '8207246233191', 'M', '24');
INSERT INTO familiare  VALUES ('SNEIGL39P54D226W','Elladio','Gasperi', '1983-03-01', 'Montaldo Di Mondovi', '6720180507843', 'F', '24');
INSERT INTO familiare  VALUES ('UCWCAV45B18I271O','Rosario','Gasperi', '1967-06-23', 'Fontanella Ozino', '5005110553326', 'Others', '24');
INSERT INTO familiare  VALUES ('UWEKGK08D66L623Y','Nicolò','Gasperi', '1997-11-27', 'Papigno', '1335539426969', 'F', '24');
INSERT INTO familiare  VALUES ('UVQUPX55S01L348E','Patrizio','Gasperi', '1960-11-29', 'Lungavilla', '3151532208068', 'F', '24');
INSERT INTO familiare  VALUES ('LQBTNJ16M25A818Q','Valeria','Gasperi', '1949-02-20', 'Bibbiena', '9905194272115', 'F', '24');
COMMIT;

BEGIN;
INSERT INTO carta_cliente  VALUES (25 , 'TYXRDA76T27D459Z','62','3', '1', '1');
INSERT INTO familiare  VALUES ('TYXRDA76T27D459Z','Alfredo','Silvestri', '1997-07-03', 'Vistrorio', '5831843683110', 'F', '25');
INSERT INTO familiare  VALUES ('KLOAXA42H62L332K','Pasqual','Silvestri', '2006-09-16', 'Caivano', '9865074955687', 'F', '25');
INSERT INTO familiare  VALUES ('YIOVFQ52M51I215C','Fabrizia','Silvestri', '2007-04-26', 'Semelano', '2486483312161', 'M', '25');
INSERT INTO familiare  VALUES ('RKAYFG93E24L638Y','Bartolomeo','Silvestri', '2010-04-06', 'Savazza', '3578478553947', 'M', '25');
INSERT INTO familiare  VALUES ('AGHZZT89P67H807G','Barbara','Silvestri', '1938-02-28', 'Calvisano', '2694818029906', 'F', '25');
COMMIT;

BEGIN;
INSERT INTO carta_cliente  VALUES (26 , 'VIYASB19M44A850Q','109','0', '1', '2');
INSERT INTO familiare  VALUES ('VIYASB19M44A850Q','Raffaellino','Cadorna', '1989-10-22', 'San Lorenzo Di Rovetta', '7301151989281', 'M', '26');
INSERT INTO familiare  VALUES ('ZYHLPE82T43H882L','Alina','Cadorna', '1934-11-22', 'Nago Torbole', '2517414732149', 'M', '26');
INSERT INTO familiare  VALUES ('BWQFAX41T18A182K','Gianpaolo','Cadorna', '1951-12-22', 'Molina Di Vietri Sul Mare', '1001251053702', 'Others', '26');
COMMIT;

BEGIN;
INSERT INTO carta_cliente  VALUES (27 , 'QDESYD97B28A896Z','108','0', '1', '6');
INSERT INTO familiare  VALUES ('QDESYD97B28A896Z','Luigina','Infantino', '1972-09-12', 'Grancia', '7347493708265', 'M', '27');
INSERT INTO familiare  VALUES ('HNOUMQ69M62E507A','Rosa','Infantino', '1954-09-26', 'Marcallo Con Casone', '4580981439642', 'Others', '27');
INSERT INTO familiare  VALUES ('GCJFRO42H43E232R','Annalisa','Infantino', '1934-11-17', 'Castellonorato', '4528663952853', 'Others', '27');
INSERT INTO familiare  VALUES ('HQTRIF56M18M284X','Nina','Infantino', '1932-11-20', 'San Chirico Nuovo', '0706397349371', 'M', '27');
INSERT INTO familiare  VALUES ('ASOKMQ31E57G627X','Gioele','Infantino', '1939-07-05', 'Grisolia', '5642916785922', 'F', '27');
INSERT INTO familiare  VALUES ('FPVESP23M68C472N','Giacomo','Infantino', '1950-05-17', 'Cala Di Volpe', '2562226039563', 'Others', '27');
INSERT INTO familiare  VALUES ('NEUFZQ34P42D114Q','Gianni','Infantino', '1934-05-19', 'Centola', '4276495162806', 'M', '27');
COMMIT;

BEGIN;
INSERT INTO carta_cliente  VALUES (28 , 'HPGPML26C26E705C','6','1', '1', '1');
INSERT INTO familiare  VALUES ('HPGPML26C26E705C','Augusto','Mastroianni', '1988-02-17', 'Fornacette', '0399829283544', 'Others', '28');
INSERT INTO familiare  VALUES ('YPDXQV07T66B808W','Veronica','Mastroianni', '2018-10-14', 'Torreglia', '1205151530379', 'Others', '28');
INSERT INTO familiare  VALUES ('TBIICK32D14F944S','Ezio','Mastroianni', '1944-09-24', 'Musso', '4669532518920', 'M', '28');
COMMIT;

BEGIN;
INSERT INTO carta_cliente  VALUES (29 , 'WDTFBD55D58D497E','40','0', '5', '0');
INSERT INTO familiare  VALUES ('WDTFBD55D58D497E','Salvatore','Argan', '1989-10-23', 'Beltiglio', '6268722528810', 'Others', '29');
INSERT INTO familiare  VALUES ('GQXEEX63P02F566B','Raimondo','Argan', '1962-10-10', 'Olle', '6636962699357', 'M', '29');
INSERT INTO familiare  VALUES ('WMCQVF02L21D688U','Rosina','Argan', '2003-09-04', 'Alteta', '6313244073609', 'Others', '29');
INSERT INTO familiare  VALUES ('PSPMPW57H12G823I','Daria','Argan', '2003-10-24', 'Popiglio', '8982173108921', 'M', '29');
INSERT INTO familiare  VALUES ('TLUJVI30B63B162W','Amico','Argan', '1958-10-02', 'Lanzara', '6401003537461', 'F', '29');
COMMIT;



INSERT INTO autorizza VALUES (19, 0, 48, '2022-06-05');
INSERT INTO autorizza VALUES (14, 1, 39, '2022-05-29');
INSERT INTO autorizza VALUES (13, 2, 40, '2022-05-27');
INSERT INTO autorizza VALUES (1, 3, 36, '2022-04-19');
INSERT INTO autorizza VALUES (13, 4, 48, '2022-05-15');
INSERT INTO autorizza VALUES (14, 5, 40, '2022-05-08');
INSERT INTO autorizza VALUES (7, 6, 54, '2022-04-22');
INSERT INTO autorizza VALUES (14, 7, 49, '2022-04-01');
INSERT INTO autorizza VALUES (9, 8, 46, '2022-03-09');
INSERT INTO autorizza VALUES (3, 9, 60, '2022-05-01');
INSERT INTO autorizza VALUES (8, 10, 37, '2022-05-13');
INSERT INTO autorizza VALUES (3, 11, 59, '2022-05-21');
INSERT INTO autorizza VALUES (17, 12, 44, '2022-03-19');
INSERT INTO autorizza VALUES (2, 13, 54, '2022-03-08');
INSERT INTO autorizza VALUES (1, 14, 45, '2022-03-30');
INSERT INTO autorizza VALUES (3, 15, 60, '2022-03-09');
INSERT INTO autorizza VALUES (17, 16, 35, '2022-05-04');
INSERT INTO autorizza VALUES (7, 17, 30, '2022-05-29');
INSERT INTO autorizza VALUES (11, 18, 50, '2022-04-07');
INSERT INTO autorizza VALUES (14, 19, 37, '2022-04-17');
INSERT INTO autorizza VALUES (13, 20, 30, '2022-03-10');
INSERT INTO autorizza VALUES (17, 21, 50, '2022-02-27');
INSERT INTO autorizza VALUES (15, 22, 59, '2022-05-20');
INSERT INTO autorizza VALUES (0, 23, 52, '2022-02-18');
INSERT INTO autorizza VALUES (3, 24, 48, '2022-05-06');
INSERT INTO autorizza VALUES (7, 25, 37, '2022-03-05');
INSERT INTO autorizza VALUES (15, 26, 47, '2022-06-02');
INSERT INTO autorizza VALUES (9, 27, 38, '2022-04-23');
INSERT INTO autorizza VALUES (3, 28, 55, '2022-05-11');
INSERT INTO autorizza VALUES (9, 29, 60, '2022-05-26');


INSERT INTO donatore VALUES ('NIIVZW70B15A742O','9760219724149','Boldù, Fornaciari e Zichichi S',NULL);
INSERT INTO donatore VALUES ('LZRARA72A60A621L','4774900707754','Amedeo','Olivetti');
INSERT INTO donatore VALUES ('OLTTER30M59L287R','0679624429451','Beppe','Gaiatto');
INSERT INTO donatore VALUES ('XXLZXK55D08F930E','0602018960676','Gianpietro','Pennetta');
INSERT INTO donatore VALUES ('ECIUNV85A09H533L','4362074360640','Luciana','Parini');
INSERT INTO donatore VALUES ('WSYKYF38D46I445W','0860821312770','Jacopo','Gregorio');
INSERT INTO donatore VALUES ('XVDWSS04C53M150P','9249668676959','Renzo','Pederiva');
INSERT INTO donatore VALUES ('EFGZFF45M07B763W','0387311254472','Geronimo','Battaglia');
INSERT INTO donatore VALUES ('NWEXPA55T49L093G','6081304955323','Eva','Boccherini');
INSERT INTO donatore VALUES ('VBKJNJ01B58I892O','5998053895534','Florio-Lupo s.r.l.',NULL);
INSERT INTO donatore VALUES ('MECCMV73B64C038Y','5771446211273','Renzi, Balbo e Corbo e figli',NULL);
INSERT INTO donatore VALUES ('VOHMSW31B18I603P','7905150176291','Girolamo','Tebaldi');
INSERT INTO donatore VALUES ('BPUTTZ28E04A434L','1934470213991','Lattuada-Tarantino Group',NULL);
INSERT INTO donatore VALUES ('HLFQRE82R16E504K','8600710502895','Cirillo','Favata');
INSERT INTO donatore VALUES ('RHSBVP39H67L811K','5252052575355','Osvaldo','Govoni');
INSERT INTO donatore VALUES ('NSYORG11T08F063N','5816086416381','Ermes','Bixio');
INSERT INTO donatore VALUES ('NVSGFO72S02L073S','5676520562506','Simonetta','Ricciardi');
INSERT INTO donatore VALUES ('MADNBZ23D53G485W','8284187651863','Giuliana','Tuzzolino');
INSERT INTO donatore VALUES ('PBSPPT12S48A202W','9264031853535','Scarpa-Lettiere s.r.l.',NULL);
INSERT INTO donatore VALUES ('DGEVTT86H43I113P','1997862563613','Manuel','Ceschi');
INSERT INTO donatore VALUES ('VTYGHJ02R17D482J','0542263593021','Asprucci, Errigo e Pausini Gro',NULL);
INSERT INTO donatore VALUES ('IYDXVX12R64A255Y','7297552670176','Sole','Orsini');
INSERT INTO donatore VALUES ('ZDQTSJ88E14L039Y','1427194669937','Polani e figli',NULL);
INSERT INTO donatore VALUES ('SETXQL77B08B369S','0804296022468','Dino','Sonnino');
INSERT INTO donatore VALUES ('RZKJLQ03D44A599B','8455856453965','Paoletta','Offredi');
INSERT INTO donatore VALUES ('YUUREM95C67L281U','7375908111389','Donatella','Marinetti');
INSERT INTO donatore VALUES ('HTVFOA28S10G972Y','7040820624639','Gabriele','Beccheria');
INSERT INTO donatore VALUES ('HTNLAF07P17F157Z','4781360373653','Poerio, Lettiere e Tornatore s',NULL);
INSERT INTO donatore VALUES ('NGZHNE01D51L912C','6539300181488','Flora','Scalfaro');
INSERT INTO donatore VALUES ('DQCPMN35D25H888F','4698222082737','Carriera SPA',NULL);


INSERT INTO ricezione  VALUES (0, '2022-04-09 13:26:02', '2022-04-09 14:26:02');
INSERT INTO trasporto  VALUES (0, '2022-04-09 11:26:02', '2022-04-09 13:26:02', 20, 'Strada Priscilla, 3', 0);
INSERT INTO turno  VALUES ('2022-04-09 11:26:02' , 'VXVAJT29B08H156N', '2022-04-09 15:26:02', NULL, 0, NULL);
INSERT INTO turno  VALUES ('2022-04-09 11:26:02' , 'SAOUWY47A49A318C', '2022-04-09 15:26:02', NULL, 0, 0);
INSERT INTO turno  VALUES ('2022-04-09 11:26:02' , 'WRNXMZ93A28A499C', '2022-04-09 15:26:02', NULL, NULL, 0);
INSERT INTO ricezione  VALUES (1, '2022-03-19 18:38:30', '2022-03-19 19:38:30');
INSERT INTO trasporto  VALUES (1, '2022-03-19 16:38:30', '2022-03-19 18:38:30', 5, 'Contrada Liberto, 491', 1);
INSERT INTO turno  VALUES ('2022-03-19 16:38:30' , 'QIJQVR67E52A823R', '2022-03-19 20:38:30', NULL, 1, NULL);
INSERT INTO turno  VALUES ('2022-03-19 16:38:30' , 'ANCPKG68P25C826R', '2022-03-19 20:38:30', NULL, 1, 1);
INSERT INTO turno  VALUES ('2022-03-19 16:38:30' , 'WRNXMZ93A28A499C', '2022-03-19 20:38:30', NULL, NULL, 1);
INSERT INTO ricezione  VALUES (2, '2022-03-24 02:39:16', '2022-03-24 03:39:16');
INSERT INTO trasporto  VALUES (2, '2022-03-24 00:39:16', '2022-03-24 02:39:16', 20, 'Viale Jolanda, 13', 2);
INSERT INTO turno  VALUES ('2022-03-24 00:39:16' , 'KSSRKR47P57A149E', '2022-03-24 04:39:16', NULL, 2, NULL);
INSERT INTO turno  VALUES ('2022-03-24 00:39:16' , 'WRNXMZ93A28A499C', '2022-03-24 04:39:16', NULL, 2, 2);
INSERT INTO turno  VALUES ('2022-03-24 00:39:16' , 'KKJZFH70S24A914T', '2022-03-24 04:39:16', NULL, NULL, 2);
INSERT INTO ricezione  VALUES (3, '2022-04-13 17:40:47', '2022-04-13 18:40:47');
INSERT INTO trasporto  VALUES (3, '2022-04-13 15:40:47', '2022-04-13 17:40:47', 16, 'Rotonda Calogero, 18 Piano 4', 3);
INSERT INTO turno  VALUES ('2022-04-13 15:40:47' , 'GYIJRN45P04I253J', '2022-04-13 19:40:47', NULL, 3, NULL);
INSERT INTO turno  VALUES ('2022-04-13 15:40:47' , 'EPAJBE93B49H412F', '2022-04-13 19:40:47', NULL, 3, 3);
INSERT INTO turno  VALUES ('2022-04-13 15:40:47' , 'BUQKWQ22C61D711J', '2022-04-13 19:40:47', NULL, NULL, 3);
INSERT INTO ricezione  VALUES (4, '2022-03-02 04:35:33', '2022-03-02 05:35:33');
INSERT INTO trasporto  VALUES (4, '2022-03-02 02:35:33', '2022-03-02 04:35:33', 20, 'Stretto Baggio, 41', 4);
INSERT INTO turno  VALUES ('2022-03-02 02:35:33' , 'IIRZNR03B58D605A', '2022-03-02 06:35:33', NULL, 4, NULL);
INSERT INTO turno  VALUES ('2022-03-02 02:35:33' , 'SAOUWY47A49A318C', '2022-03-02 06:35:33', NULL, 4, 4);
INSERT INTO turno  VALUES ('2022-03-02 02:35:33' , 'PGYRRC10M57H987X', '2022-03-02 06:35:33', NULL, NULL, 4);
INSERT INTO ricezione  VALUES (5, '2022-05-12 08:14:59', '2022-05-12 09:14:59');
INSERT INTO trasporto  VALUES (5, '2022-05-12 06:14:59', '2022-05-12 08:14:59', 1, 'Viale Bombieri, 82 Appartamento 63', 5);
INSERT INTO turno  VALUES ('2022-05-12 06:14:59' , 'IWCOCT46L27E341H', '2022-05-12 10:14:59', NULL, 5, NULL);
INSERT INTO turno  VALUES ('2022-05-12 06:14:59' , 'COYDYF99C64I444Z', '2022-05-12 10:14:59', NULL, 5, 5);
INSERT INTO turno  VALUES ('2022-05-12 06:14:59' , 'DINCME50C01C815I', '2022-05-12 10:14:59', NULL, NULL, 5);
INSERT INTO ricezione  VALUES (6, '2022-04-19 09:33:26', '2022-04-19 10:33:26');
INSERT INTO trasporto  VALUES (6, '2022-04-19 07:33:26', '2022-04-19 09:33:26', 8, 'Viale Tanzini, 36 Appartamento 8', 6);
INSERT INTO turno  VALUES ('2022-04-19 07:33:26' , 'HIIDML47M08D693H', '2022-04-19 11:33:26', NULL, 6, NULL);
INSERT INTO turno  VALUES ('2022-04-19 07:33:26' , 'BUQKWQ22C61D711J', '2022-04-19 11:33:26', NULL, 6, 6);
INSERT INTO turno  VALUES ('2022-04-19 07:33:26' , 'NMECGH15S47A309B', '2022-04-19 11:33:26', NULL, NULL, 6);
INSERT INTO ricezione  VALUES (7, '2022-03-05 20:32:43', '2022-03-05 21:32:43');
INSERT INTO trasporto  VALUES (7, '2022-03-05 18:32:43', '2022-03-05 20:32:43', 9, 'Contrada Pavarotti, 67 Appartamento 6', 7);
INSERT INTO turno  VALUES ('2022-03-05 18:32:43' , 'KSSRKR47P57A149E', '2022-03-05 22:32:43', NULL, 7, NULL);
INSERT INTO turno  VALUES ('2022-03-05 18:32:43' , 'ANCPKG68P25C826R', '2022-03-05 22:32:43', NULL, 7, 7);
INSERT INTO turno  VALUES ('2022-03-05 18:32:43' , 'PGYRRC10M57H987X', '2022-03-05 22:32:43', NULL, NULL, 7);
INSERT INTO ricezione  VALUES (8, '2022-04-22 11:51:53', '2022-04-22 12:51:53');
INSERT INTO trasporto  VALUES (8, '2022-04-22 09:51:53', '2022-04-22 11:51:53', 17, 'Incrocio Lazzaro, 10 Appartamento 32', 8);
INSERT INTO turno  VALUES ('2022-04-22 09:51:53' , 'KKJZFH70S24A914T', '2022-04-22 13:51:53', NULL, 8, NULL);
INSERT INTO turno  VALUES ('2022-04-22 09:51:53' , 'MHYVYV54L02I635Y', '2022-04-22 13:51:53', NULL, 8, 8);
INSERT INTO turno  VALUES ('2022-04-22 09:51:53' , 'HIIDML47M08D693H', '2022-04-22 13:51:53', NULL, NULL, 8);
INSERT INTO ricezione  VALUES (9, '2022-05-18 09:32:18', '2022-05-18 10:32:18');
INSERT INTO trasporto  VALUES (9, '2022-05-18 07:32:18', '2022-05-18 09:32:18', 19, 'Stretto Giannelli, 5 Piano 3', 9);
INSERT INTO turno  VALUES ('2022-05-18 07:32:18' , 'KKJZFH70S24A914T', '2022-05-18 11:32:18', NULL, 9, NULL);
INSERT INTO turno  VALUES ('2022-05-18 07:32:18' , 'ZMAIDB88R45H508N', '2022-05-18 11:32:18', NULL, 9, 9);
INSERT INTO turno  VALUES ('2022-05-18 07:32:18' , 'QIQEXZ59S18D321K', '2022-05-18 11:32:18', NULL, NULL, 9);
INSERT INTO ricezione  VALUES (10, '2022-05-17 12:33:29', '2022-05-17 13:33:29');
INSERT INTO trasporto  VALUES (10, '2022-05-17 10:33:29', '2022-05-17 12:33:29', 20, 'Canale Prati, 932', 10);
INSERT INTO turno  VALUES ('2022-05-17 10:33:29' , 'HIIDML47M08D693H', '2022-05-17 14:33:29', NULL, 10, NULL);
INSERT INTO turno  VALUES ('2022-05-17 10:33:29' , 'JMQUIB70R09H196A', '2022-05-17 14:33:29', NULL, 10, 10);
INSERT INTO turno  VALUES ('2022-05-17 10:33:29' , 'TWUIOI39H45D260O', '2022-05-17 14:33:29', NULL, NULL, 10);
INSERT INTO ricezione  VALUES (11, '2022-03-06 15:58:08', '2022-03-06 16:58:08');
INSERT INTO trasporto  VALUES (11, '2022-03-06 13:58:08', '2022-03-06 15:58:08', 17, 'Rotonda Gioele, 81', 11);
INSERT INTO turno  VALUES ('2022-03-06 13:58:08' , 'GTOCLO36C54C972C', '2022-03-06 17:58:08', NULL, 11, NULL);
INSERT INTO turno  VALUES ('2022-03-06 13:58:08' , 'NTOWMR96S08A821E', '2022-03-06 17:58:08', NULL, 11, 11);
INSERT INTO turno  VALUES ('2022-03-06 13:58:08' , 'DINCME50C01C815I', '2022-03-06 17:58:08', NULL, NULL, 11);
INSERT INTO ricezione  VALUES (12, '2022-04-05 03:02:16', '2022-04-05 04:02:16');
INSERT INTO trasporto  VALUES (12, '2022-04-05 01:02:16', '2022-04-05 03:02:16', 12, 'Viale Pietrangeli, 52 Appartamento 26', 12);
INSERT INTO turno  VALUES ('2022-04-05 01:02:16' , 'FAYBWA51S25C033K', '2022-04-05 05:02:16', NULL, 12, NULL);
INSERT INTO turno  VALUES ('2022-04-05 01:02:16' , 'VPUULP66A48D773D', '2022-04-05 05:02:16', NULL, 12, 12);
INSERT INTO turno  VALUES ('2022-04-05 01:02:16' , 'JQGLUQ21M12L164V', '2022-04-05 05:02:16', NULL, NULL, 12);
INSERT INTO ricezione  VALUES (13, '2022-04-22 00:56:35', '2022-04-22 01:56:35');
INSERT INTO trasporto  VALUES (13, '2022-04-21 22:56:35', '2022-04-22 00:56:35', 3, 'Strada Giacconi, 39', 13);
INSERT INTO turno  VALUES ('2022-04-21 22:56:35' , 'EZCULZ93H05L700P', '2022-04-22 02:56:35', NULL, 13, NULL);
INSERT INTO turno  VALUES ('2022-04-21 22:56:35' , 'XBNNXN60P09I465Q', '2022-04-22 02:56:35', NULL, 13, 13);
INSERT INTO turno  VALUES ('2022-04-21 22:56:35' , 'JMQUIB70R09H196A', '2022-04-22 02:56:35', NULL, NULL, 13);
INSERT INTO ricezione  VALUES (14, '2022-05-19 07:20:33', '2022-05-19 08:20:33');
INSERT INTO trasporto  VALUES (14, '2022-05-19 05:20:33', '2022-05-19 07:20:33', 9, 'Incrocio Bondumier, 60 Appartamento 10', 14);
INSERT INTO turno  VALUES ('2022-05-19 05:20:33' , 'VXVAJT29B08H156N', '2022-05-19 09:20:33', NULL, 14, NULL);
INSERT INTO turno  VALUES ('2022-05-19 05:20:33' , 'EPAJBE93B49H412F', '2022-05-19 09:20:33', NULL, 14, 14);
INSERT INTO turno  VALUES ('2022-05-19 05:20:33' , 'TWUIOI39H45D260O', '2022-05-19 09:20:33', NULL, NULL, 14);
INSERT INTO ricezione  VALUES (15, '2022-02-19 15:34:46', '2022-02-19 16:34:46');
INSERT INTO trasporto  VALUES (15, '2022-02-19 13:34:46', '2022-02-19 15:34:46', 18, 'Strada Amadeo, 11 Appartamento 3', 15);
INSERT INTO turno  VALUES ('2022-02-19 13:34:46' , 'KKJZFH70S24A914T', '2022-02-19 17:34:46', NULL, 15, NULL);
INSERT INTO turno  VALUES ('2022-02-19 13:34:46' , 'MHYVYV54L02I635Y', '2022-02-19 17:34:46', NULL, 15, 15);
INSERT INTO turno  VALUES ('2022-02-19 13:34:46' , 'WRNXMZ93A28A499C', '2022-02-19 17:34:46', NULL, NULL, 15);
INSERT INTO ricezione  VALUES (16, '2022-05-28 11:58:45', '2022-05-28 12:58:45');
INSERT INTO trasporto  VALUES (16, '2022-05-28 09:58:45', '2022-05-28 11:58:45', 13, 'Strada Stefania, 7', 16);
INSERT INTO turno  VALUES ('2022-05-28 09:58:45' , 'WRNXMZ93A28A499C', '2022-05-28 13:58:45', NULL, 16, NULL);
INSERT INTO turno  VALUES ('2022-05-28 09:58:45' , 'ZMAIDB88R45H508N', '2022-05-28 13:58:45', NULL, 16, 16);
INSERT INTO turno  VALUES ('2022-05-28 09:58:45' , 'SAOUWY47A49A318C', '2022-05-28 13:58:45', NULL, NULL, 16);
INSERT INTO ricezione  VALUES (17, '2022-03-26 15:43:11', '2022-03-26 16:43:11');
INSERT INTO trasporto  VALUES (17, '2022-03-26 13:43:11', '2022-03-26 15:43:11', 10, 'Incrocio Montecchi, 83 Piano 9', 17);
INSERT INTO turno  VALUES ('2022-03-26 13:43:11' , 'BRBBSK58L56G575U', '2022-03-26 17:43:11', NULL, 17, NULL);
INSERT INTO turno  VALUES ('2022-03-26 13:43:11' , 'COYDYF99C64I444Z', '2022-03-26 17:43:11', NULL, 17, 17);
INSERT INTO turno  VALUES ('2022-03-26 13:43:11' , 'YBVOPR65D23G886X', '2022-03-26 17:43:11', NULL, NULL, 17);
INSERT INTO ricezione  VALUES (18, '2022-05-16 02:27:53', '2022-05-16 03:27:53');
INSERT INTO trasporto  VALUES (18, '2022-05-16 00:27:53', '2022-05-16 02:27:53', 10, 'Strada Tomasetti, 2', 18);
INSERT INTO turno  VALUES ('2022-05-16 00:27:53' , 'PBIRUN88C12A508J', '2022-05-16 04:27:53', NULL, 18, NULL);
INSERT INTO turno  VALUES ('2022-05-16 00:27:53' , 'FAYBWA51S25C033K', '2022-05-16 04:27:53', NULL, 18, 18);
INSERT INTO turno  VALUES ('2022-05-16 00:27:53' , 'GYIJRN45P04I253J', '2022-05-16 04:27:53', NULL, NULL, 18);
INSERT INTO ricezione  VALUES (19, '2022-04-22 00:25:48', '2022-04-22 01:25:48');
INSERT INTO trasporto  VALUES (19, '2022-04-21 22:25:48', '2022-04-22 00:25:48', 7, 'Contrada Modigliani, 94', 19);
INSERT INTO turno  VALUES ('2022-04-21 22:25:48' , 'IWCOCT46L27E341H', '2022-04-22 02:25:48', NULL, 19, NULL);
INSERT INTO turno  VALUES ('2022-04-21 22:25:48' , 'BRBBSK58L56G575U', '2022-04-22 02:25:48', NULL, 19, 19);
INSERT INTO turno  VALUES ('2022-04-21 22:25:48' , 'VXVAJT29B08H156N', '2022-04-22 02:25:48', NULL, NULL, 19);
INSERT INTO ricezione  VALUES (20, '2022-04-21 18:08:05', '2022-04-21 19:08:05');
INSERT INTO trasporto  VALUES (20, '2022-04-21 16:08:05', '2022-04-21 18:08:05', 19, 'Vicolo Petralli, 2 Appartamento 38', 20);
INSERT INTO turno  VALUES ('2022-04-21 16:08:05' , 'JSCSWC99H17B937L', '2022-04-21 20:08:05', NULL, 20, NULL);
INSERT INTO turno  VALUES ('2022-04-21 16:08:05' , 'RFZWRW71A17H733D', '2022-04-21 20:08:05', NULL, 20, 20);
INSERT INTO turno  VALUES ('2022-04-21 16:08:05' , 'JQGLUQ21M12L164V', '2022-04-21 20:08:05', NULL, NULL, 20);
INSERT INTO ricezione  VALUES (21, '2022-03-29 21:13:04', '2022-03-29 22:13:04');
INSERT INTO trasporto  VALUES (21, '2022-03-29 19:13:04', '2022-03-29 21:13:04', 12, 'Canale Augusto, 27 Piano 1', 21);
INSERT INTO turno  VALUES ('2022-03-29 19:13:04' , 'GYIJRN45P04I253J', '2022-03-29 23:13:04', NULL, 21, NULL);
INSERT INTO turno  VALUES ('2022-03-29 19:13:04' , 'IYMHAN32A45F721D', '2022-03-29 23:13:04', NULL, 21, 21);
INSERT INTO turno  VALUES ('2022-03-29 19:13:04' , 'IKYZGD45R62E204R', '2022-03-29 23:13:04', NULL, NULL, 21);
INSERT INTO ricezione  VALUES (22, '2022-03-24 06:23:00', '2022-03-24 07:23:00');
INSERT INTO trasporto  VALUES (22, '2022-03-24 04:23:00', '2022-03-24 06:23:00', 14, 'Via Bulzoni, 776 Appartamento 67', 22);
INSERT INTO turno  VALUES ('2022-03-24 04:23:00' , 'QIQEXZ59S18D321K', '2022-03-24 08:23:00', NULL, 22, NULL);
INSERT INTO turno  VALUES ('2022-03-24 04:23:00' , 'FAYBWA51S25C033K', '2022-03-24 08:23:00', NULL, 22, 22);
INSERT INTO turno  VALUES ('2022-03-24 04:23:00' , 'NTOWMR96S08A821E', '2022-03-24 08:23:00', NULL, NULL, 22);
INSERT INTO ricezione  VALUES (23, '2022-04-25 12:52:34', '2022-04-25 13:52:34');
INSERT INTO trasporto  VALUES (23, '2022-04-25 10:52:34', '2022-04-25 12:52:34', 9, 'Viale Maggioli, 1 Piano 3', 23);
INSERT INTO turno  VALUES ('2022-04-25 10:52:34' , 'TGWAKA64D08E685Z', '2022-04-25 14:52:34', NULL, 23, NULL);
INSERT INTO turno  VALUES ('2022-04-25 10:52:34' , 'KSSRKR47P57A149E', '2022-04-25 14:52:34', NULL, 23, 23);
INSERT INTO turno  VALUES ('2022-04-25 10:52:34' , 'QIQEXZ59S18D321K', '2022-04-25 14:52:34', NULL, NULL, 23);
INSERT INTO ricezione  VALUES (24, '2022-03-14 04:53:02', '2022-03-14 05:53:02');
INSERT INTO trasporto  VALUES (24, '2022-03-14 02:53:02', '2022-03-14 04:53:02', 16, 'Canale Arsenio, 60', 24);
INSERT INTO turno  VALUES ('2022-03-14 02:53:02' , 'SAOUWY47A49A318C', '2022-03-14 06:53:02', NULL, 24, NULL);
INSERT INTO turno  VALUES ('2022-03-14 02:53:02' , 'IKYZGD45R62E204R', '2022-03-14 06:53:02', NULL, 24, 24);
INSERT INTO turno  VALUES ('2022-03-14 02:53:02' , 'VKNGMA16A41E794K', '2022-03-14 06:53:02', NULL, NULL, 24);
INSERT INTO ricezione  VALUES (25, '2022-04-07 15:56:31', '2022-04-07 16:56:31');
INSERT INTO trasporto  VALUES (25, '2022-04-07 13:56:31', '2022-04-07 15:56:31', 3, 'Stretto Mocenigo, 468 Appartamento 49', 25);
INSERT INTO turno  VALUES ('2022-04-07 13:56:31' , 'IWCOCT46L27E341H', '2022-04-07 17:56:31', NULL, 25, NULL);
INSERT INTO turno  VALUES ('2022-04-07 13:56:31' , 'JSCSWC99H17B937L', '2022-04-07 17:56:31', NULL, 25, 25);
INSERT INTO turno  VALUES ('2022-04-07 13:56:31' , 'PBIRUN88C12A508J', '2022-04-07 17:56:31', NULL, NULL, 25);
INSERT INTO ricezione  VALUES (26, '2022-04-07 07:47:25', '2022-04-07 08:47:25');
INSERT INTO trasporto  VALUES (26, '2022-04-07 05:47:25', '2022-04-07 07:47:25', 10, 'Viale Mancini, 65 Appartamento 1', 26);
INSERT INTO turno  VALUES ('2022-04-07 05:47:25' , 'COYDYF99C64I444Z', '2022-04-07 09:47:25', NULL, 26, NULL);
INSERT INTO turno  VALUES ('2022-04-07 05:47:25' , 'FAYBWA51S25C033K', '2022-04-07 09:47:25', NULL, 26, 26);
INSERT INTO turno  VALUES ('2022-04-07 05:47:25' , 'NVZKLH26L18L850A', '2022-04-07 09:47:25', NULL, NULL, 26);
INSERT INTO ricezione  VALUES (27, '2022-04-13 14:36:19', '2022-04-13 15:36:19');
INSERT INTO trasporto  VALUES (27, '2022-04-13 12:36:19', '2022-04-13 14:36:19', 9, 'Stretto Roth, 812', 27);
INSERT INTO turno  VALUES ('2022-04-13 12:36:19' , 'EZCULZ93H05L700P', '2022-04-13 16:36:19', NULL, 27, NULL);
INSERT INTO turno  VALUES ('2022-04-13 12:36:19' , 'TWUIOI39H45D260O', '2022-04-13 16:36:19', NULL, 27, 27);
INSERT INTO turno  VALUES ('2022-04-13 12:36:19' , 'TODUZQ97S18G192S', '2022-04-13 16:36:19', NULL, NULL, 27);
INSERT INTO ricezione  VALUES (28, '2022-04-14 11:05:54', '2022-04-14 12:05:54');
INSERT INTO trasporto  VALUES (28, '2022-04-14 09:05:54', '2022-04-14 11:05:54', 3, 'Contrada Gabba, 8 Appartamento 30', 28);
INSERT INTO turno  VALUES ('2022-04-14 09:05:54' , 'LYTRHN97S21D554F', '2022-04-14 13:05:54', NULL, 28, NULL);
INSERT INTO turno  VALUES ('2022-04-14 09:05:54' , 'QIQEXZ59S18D321K', '2022-04-14 13:05:54', NULL, 28, 28);
INSERT INTO turno  VALUES ('2022-04-14 09:05:54' , 'NTOWMR96S08A821E', '2022-04-14 13:05:54', NULL, NULL, 28);
INSERT INTO ricezione  VALUES (29, '2022-03-05 02:08:11', '2022-03-05 03:08:11');
INSERT INTO trasporto  VALUES (29, '2022-03-05 00:08:11', '2022-03-05 02:08:11', 10, 'Contrada Dionigi, 0', 29);
INSERT INTO turno  VALUES ('2022-03-05 00:08:11' , 'RFZWRW71A17H733D', '2022-03-05 04:08:11', NULL, 29, NULL);
INSERT INTO turno  VALUES ('2022-03-05 00:08:11' , 'TGCBII54D17D316R', '2022-03-05 04:08:11', NULL, 29, 29);
INSERT INTO turno  VALUES ('2022-03-05 00:08:11' , 'IWCOCT46L27E341H', '2022-03-05 04:08:11', NULL, NULL, 29);


INSERT INTO spesa  VALUES (0, 87);
INSERT INTO donazione  VALUES (0, '2022-05-21 17:32:59', 87, NULL, 'NSYORG11T08F063N' , NULL);
INSERT INTO donazione  VALUES (1, '2022-02-22', NULL , 1, NULL, 0);
INSERT INTO spesa  VALUES (1, 51);
INSERT INTO donazione  VALUES (2, '2022-06-23 15:04:55', 51, NULL, 'DGEVTT86H43I113P' , NULL);
INSERT INTO donazione  VALUES (3, '2022-01-19', NULL , 13, NULL, 1);
INSERT INTO spesa  VALUES (2, 67);
INSERT INTO donazione  VALUES (4, '2022-01-16 00:10:09', 67, NULL, 'OLTTER30M59L287R' , NULL);
INSERT INTO donazione  VALUES (5, '2022-03-10', NULL , 24, NULL, 2);
INSERT INTO spesa  VALUES (3, 100);
INSERT INTO donazione  VALUES (6, '2022-05-12 02:48:30', 100, NULL, 'XXLZXK55D08F930E' , NULL);
INSERT INTO donazione  VALUES (7, '2021-12-28', NULL , 5, NULL, 3);
INSERT INTO spesa  VALUES (4, 91);
INSERT INTO donazione  VALUES (8, '2022-01-08 04:21:49', 91, NULL, 'DGEVTT86H43I113P' , NULL);
INSERT INTO donazione  VALUES (9, '2022-02-18', NULL , 17, NULL, 4);
INSERT INTO spesa  VALUES (5, 91);
INSERT INTO donazione  VALUES (10, '2022-06-20 05:19:24', 91, NULL, 'SETXQL77B08B369S' , NULL);
INSERT INTO donazione  VALUES (11, '2022-01-12', NULL , 8, NULL, 5);
INSERT INTO spesa  VALUES (6, 92);
INSERT INTO donazione  VALUES (12, '2022-03-08 12:34:03', 92, NULL, 'ECIUNV85A09H533L' , NULL);
INSERT INTO donazione  VALUES (13, '2021-12-20', NULL , 24, NULL, 6);
INSERT INTO spesa  VALUES (7, 43);
INSERT INTO donazione  VALUES (14, '2022-02-17 09:52:09', 43, NULL, 'VOHMSW31B18I603P' , NULL);
INSERT INTO donazione  VALUES (15, '2022-01-14', NULL , 25, NULL, 7);
INSERT INTO spesa  VALUES (8, 19);
INSERT INTO donazione  VALUES (16, '2022-03-18 00:45:34', 19, NULL, 'HTVFOA28S10G972Y' , NULL);
INSERT INTO donazione  VALUES (17, '2022-01-05', NULL , 0, NULL, 8);
INSERT INTO spesa  VALUES (9, 68);
INSERT INTO donazione  VALUES (18, '2022-06-01 04:14:09', 68, NULL, 'EFGZFF45M07B763W' , NULL);
INSERT INTO donazione  VALUES (19, '2022-01-16', NULL , 11, NULL, 9);


INSERT INTO donazione  VALUES (20, '2022-03-19', NULL , 16, 'MADNBZ23D53G485W' , NULL );
INSERT INTO donazione  VALUES (21, '2022-02-01', NULL , 0, 'PBSPPT12S48A202W' , NULL );
INSERT INTO donazione  VALUES (22, '2022-01-16', NULL , 21, 'WSYKYF38D46I445W' , NULL );
INSERT INTO donazione  VALUES (23, '2022-03-01', NULL , 13, 'XVDWSS04C53M150P' , NULL );
INSERT INTO donazione  VALUES (24, '2022-02-23', NULL , 28, 'RZKJLQ03D44A599B' , NULL );
INSERT INTO donazione  VALUES (25, '2022-01-23', NULL , 15, 'OLTTER30M59L287R' , NULL );
INSERT INTO donazione  VALUES (26, '2022-02-07', NULL , 28, 'MECCMV73B64C038Y' , NULL );
INSERT INTO donazione  VALUES (27, '2022-01-02', NULL , 9, 'MECCMV73B64C038Y' , NULL );
INSERT INTO donazione  VALUES (28, '2022-01-31', NULL , 7, 'RZKJLQ03D44A599B' , NULL );
INSERT INTO donazione  VALUES (29, '2022-03-26', NULL , 25, 'OLTTER30M59L287R' , NULL );
INSERT INTO donazione  VALUES (30, '2021-12-31', NULL , 2, 'VBKJNJ01B58I892O' , NULL );
INSERT INTO donazione  VALUES (31, '2022-05-01', NULL , 9, 'XXLZXK55D08F930E' , NULL );
INSERT INTO donazione  VALUES (32, '2022-01-18', NULL , 4, 'MECCMV73B64C038Y' , NULL );
INSERT INTO donazione  VALUES (33, '2022-01-25', NULL , 29, 'VTYGHJ02R17D482J' , NULL );
INSERT INTO donazione  VALUES (34, '2022-03-18', NULL , 25, 'XXLZXK55D08F930E' , NULL );


INSERT INTO inventario  VALUES (0, 0, 'pasta', 'penne Barilla', 5 , '10' );
INSERT INTO inventario  VALUES (1, 0, 'pasta', 'fusilli DeCecco', 3 , '10' );
INSERT INTO inventario  VALUES (2, 0, 'pasta', 'farfalle Barilla', 1 , '10' );
INSERT INTO inventario  VALUES (3, 0, 'pasta', 'spaghetti Barilla', 2 , '10' );
INSERT INTO inventario  VALUES (4, 0, 'pasta', 'cannelloni DeCecco', 4 , '10' );
INSERT INTO inventario  VALUES (5, 0, 'riso', 'riso Scotti', 3 , '9' );
INSERT INTO inventario  VALUES (6, 0, 'riso', 'riso Scotti basmati', 4 , '9' );
INSERT INTO inventario  VALUES (7, 0, 'riso', 'riso Gallo', 3 , '9' );
INSERT INTO inventario  VALUES (8, 0, 'latte', 'Parmalat scremato', 1 , NULL );
INSERT INTO inventario  VALUES (9, 0, 'latte', 'Parmalat intero', 2 , NULL );
INSERT INTO inventario  VALUES (10, 0, 'latte', 'latte Tiguglio', 2 , NULL );
INSERT INTO inventario  VALUES (11, 0, 'latte', 'Latte di Soia', 1 , NULL );
INSERT INTO inventario  VALUES (12, 0, 'latte', 'Latte di Mandorla', 5 , NULL );
INSERT INTO inventario  VALUES (13, 0, 'formaggi', 'Parmigiano Reggiano', 4 , NULL );
INSERT INTO inventario  VALUES (14, 0, 'formaggi', 'Asiago', 5 , NULL );
INSERT INTO inventario  VALUES (15, 0, 'formaggi', 'Mozzarella', 2 , NULL );
INSERT INTO inventario  VALUES (16, 0, 'formaggi', 'Caciotto', 4 , NULL );
INSERT INTO inventario  VALUES (17, 0, 'formaggi', 'Stracchino', 4 , NULL );
INSERT INTO inventario  VALUES (18, 0, 'formaggi', 'Gorgonzola', 5 , NULL );
INSERT INTO inventario  VALUES (19, 0, 'yogurt', 'Muller yogurt frutta', 4 , NULL );
INSERT INTO inventario  VALUES (20, 0, 'yogurt', 'Muller yogurt bianco', 5 , NULL );
INSERT INTO inventario  VALUES (21, 0, 'yogurt', 'Activia yogurt', 3 , NULL );
INSERT INTO inventario  VALUES (22, 0, 'yogurt', 'yogurt greco', 5 , NULL );
INSERT INTO inventario  VALUES (23, 0, 'olio', 'Olio oliva Carli', 4 , '12' );
INSERT INTO inventario  VALUES (24, 0, 'olio', 'Olio oliva Fabbri', 1 , '12' );
INSERT INTO inventario  VALUES (25, 0, 'olio', 'Olio di semi', 3 , '12' );
INSERT INTO inventario  VALUES (26, 0, 'olio', 'Olio di palma', 2 , '12' );
INSERT INTO inventario  VALUES (27, 0, 'salse', 'pesto Barilla', 1 , '5' );
INSERT INTO inventario  VALUES (28, 0, 'salse', 'sugo Barilla', 4 , '5' );
INSERT INTO inventario  VALUES (29, 0, 'salse', 'ketchapp', 3 , '5' );
INSERT INTO inventario  VALUES (30, 0, 'salse', 'maionese', 4 , '5' );
INSERT INTO inventario  VALUES (31, 0, 'salse', 'senape', 5 , '5' );
INSERT INTO inventario  VALUES (32, 0, 'salse', 'aceto balsamico', 1 , '5' );
INSERT INTO inventario  VALUES (33, 0, 'caffe', 'Lavazza arabico', 4 , '6' );
INSERT INTO inventario  VALUES (34, 0, 'caffe', 'Lavazza rossa', 3 , '6' );
INSERT INTO inventario  VALUES (35, 0, 'caffe', 'Lavazza gold', 2 , '6' );
INSERT INTO inventario  VALUES (36, 0, 'caffe', 'Illy classico', 1 , '6' );
INSERT INTO inventario  VALUES (37, 0, 'igene', 'Carta Igenica', 4 , NULL );
INSERT INTO inventario  VALUES (38, 0, 'igene', 'Sapone neutro', 4 , NULL );
INSERT INTO inventario  VALUES (39, 0, 'igene', 'Amuchina', 2 , NULL );
INSERT INTO inventario  VALUES (40, 0, 'igene', 'Shampoo', 3 , NULL );
INSERT INTO inventario  VALUES (41, 0, 'igene', 'DocciaSchiuma', 3 , NULL );
INSERT INTO inventario  VALUES (42, 0, 'igene', 'deodorante', 4 , NULL );
INSERT INTO inventario  VALUES (43, 0, 'igene', 'sgrassatore', 5 , NULL );
INSERT INTO inventario  VALUES (44, 0, 'igene', 'candeggina', 1 , NULL );
INSERT INTO inventario  VALUES (45, 0, 'igene', 'spugna', 2 , NULL );
INSERT INTO inventario  VALUES (46, 0, 'bibite', 'Acqua Eva', 4 , NULL );
INSERT INTO inventario  VALUES (47, 0, 'bibite', 'SantAnna', 5 , NULL );
INSERT INTO inventario  VALUES (48, 0, 'bibite', 'Acqua Simply', 1 , NULL );
INSERT INTO inventario  VALUES (49, 0, 'bibite', 'CocaCola', 3 , NULL );
INSERT INTO inventario  VALUES (50, 0, 'bibite', 'Pepsi', 1 , NULL );
INSERT INTO inventario  VALUES (51, 0, 'bibite', 'Fanta', 5 , NULL );


CREATE OR REPLACE FUNCTION funIncr() RETURNS trigger AS
$$
BEGIN
	UPDATE Inventario
	SET quantità = quantità+1
	WHERE codProdotto = NEW.codProdotto;
	RETURN NEW;
END;
$$ LANGUAGE plpgsql;

CREATE OR REPLACE TRIGGER incrQnt
AFTER INSERT ON Prodotto
FOR EACH ROW
EXECUTE FUNCTION funIncr();


INSERT INTO scarico VALUES ('2022-03-12' );
INSERT INTO prodotto  VALUES (0, NULL, NULL , 46, '2022-03-12' , 32  );
INSERT INTO prodotto  VALUES (1, '2021-11-23', NULL , 34, '2022-03-12' , 33  );
INSERT INTO prodotto  VALUES (2, '2021-10-13', NULL , 34, '2022-03-12' , 31  );
INSERT INTO prodotto  VALUES (3, '2021-02-12', NULL , 12, '2022-03-12' , 27  );
INSERT INTO prodotto  VALUES (4, '2021-10-20', NULL , 36, '2022-03-12' , 33  );
INSERT INTO prodotto  VALUES (5, '2022-01-20', NULL , 8, '2022-03-12' , 31  );
INSERT INTO prodotto  VALUES (6, NULL, NULL , 48, '2022-03-12' , 24  );
INSERT INTO prodotto  VALUES (7, NULL, NULL , 42, '2022-03-12' , 33  );
INSERT INTO prodotto  VALUES (8, '2021-09-23', NULL , 4, '2022-03-12' , 28  );
INSERT INTO prodotto  VALUES (9, NULL, NULL , 51, '2022-03-12' , 33  );
INSERT INTO scarico VALUES ('2022-05-21' );
INSERT INTO prodotto  VALUES (10, '2021-01-18', NULL , 20, '2022-05-21' , 0  );
INSERT INTO prodotto  VALUES (11, NULL, NULL , 51, '2022-05-21' , 17  );
INSERT INTO prodotto  VALUES (12, '2022-02-13', NULL , 9, '2022-05-21' , 15  );
INSERT INTO prodotto  VALUES (13, '2021-04-27', NULL , 21, '2022-05-21' , 24  );
INSERT INTO prodotto  VALUES (14, '2022-01-07', NULL , 0, '2022-05-21' , 2  );
INSERT INTO prodotto  VALUES (15, NULL, NULL , 43, '2022-05-21' , 14  );
INSERT INTO prodotto  VALUES (16, '2021-11-22', NULL , 3, '2022-05-21' , 8  );
INSERT INTO prodotto  VALUES (17, '2021-09-27', NULL , 20, '2022-05-21' , 16  );
INSERT INTO prodotto  VALUES (18, '2021-11-23', NULL , 31, '2022-05-21' , 18  );
INSERT INTO prodotto  VALUES (19, '2021-08-05', NULL , 35, '2022-05-21' , 9  );
INSERT INTO scarico VALUES ('2022-06-16' );
INSERT INTO prodotto  VALUES (20, '2021-06-03', NULL , 29, '2022-06-16' , 23  );
INSERT INTO prodotto  VALUES (21, NULL, NULL , 48, '2022-06-16' , 30  );
INSERT INTO prodotto  VALUES (22, NULL, NULL , 48, '2022-06-16' , 0  );
INSERT INTO prodotto  VALUES (23, '2021-08-09', NULL , 5, '2022-06-16' , 31  );
INSERT INTO prodotto  VALUES (24, '2021-07-08', NULL , 27, '2022-06-16' , 0  );
INSERT INTO prodotto  VALUES (25, '2022-03-02', NULL , 0, '2022-06-16' , 32  );
INSERT INTO prodotto  VALUES (26, '2020-12-27', NULL , 18, '2022-06-16' , 19  );
INSERT INTO prodotto  VALUES (27, '2021-12-02', NULL , 13, '2022-06-16' , 23  );
INSERT INTO prodotto  VALUES (28, '2022-06-09', NULL , 0, '2022-06-16' , 11  );
INSERT INTO prodotto  VALUES (29, NULL, NULL , 45, '2022-06-16' , 3  );
INSERT INTO scarico VALUES ('2022-01-21' );
INSERT INTO prodotto  VALUES (30, '2021-02-18', NULL , 3, '2022-01-21' , 30  );
INSERT INTO prodotto  VALUES (31, '2021-01-03', NULL , 24, '2022-01-21' , 23  );
INSERT INTO prodotto  VALUES (32, NULL, NULL , 37, '2022-01-21' , 24  );
INSERT INTO prodotto  VALUES (33, '2021-03-15', NULL , 25, '2022-01-21' , 17  );
INSERT INTO prodotto  VALUES (34, '2021-09-03', NULL , 28, '2022-01-21' , 19  );
INSERT INTO prodotto  VALUES (35, '2022-01-10', NULL , 28, '2022-01-21' , 12  );
INSERT INTO prodotto  VALUES (36, '2021-07-15', NULL , 25, '2022-01-21' , 2  );
INSERT INTO prodotto  VALUES (37, NULL, NULL , 42, '2022-01-21' , 13  );
INSERT INTO prodotto  VALUES (38, '2021-05-28', NULL , 21, '2022-01-21' , 9  );
INSERT INTO prodotto  VALUES (39, NULL, NULL , 39, '2022-01-21' , 14  );
INSERT INTO scarico VALUES ('2022-03-24' );
INSERT INTO prodotto  VALUES (40, '2021-05-09', NULL , 17, '2022-03-24' , 16  );
INSERT INTO prodotto  VALUES (41, '2021-03-16', NULL , 11, '2022-03-24' , 3  );
INSERT INTO prodotto  VALUES (42, NULL, NULL , 51, '2022-03-24' , 17  );
INSERT INTO prodotto  VALUES (43, NULL, NULL , 38, '2022-03-24' , 9  );
INSERT INTO prodotto  VALUES (44, '2022-02-08', NULL , 17, '2022-03-24' , 1  );
INSERT INTO prodotto  VALUES (45, NULL, NULL , 44, '2022-03-24' , 20  );
INSERT INTO prodotto  VALUES (46, '2022-01-07', NULL , 7, '2022-03-24' , 0  );
INSERT INTO prodotto  VALUES (47, '2021-03-09', NULL , 6, '2022-03-24' , 23  );
INSERT INTO prodotto  VALUES (48, '2021-04-03', NULL , 14, '2022-03-24' , 12  );
INSERT INTO prodotto  VALUES (49, '2021-08-23', NULL , 31, '2022-03-24' , 27  );
INSERT INTO scarico VALUES ('2022-03-21' );
INSERT INTO prodotto  VALUES (50, '2021-08-15', NULL , 2, '2022-03-21' , 27  );
INSERT INTO prodotto  VALUES (51, NULL, NULL , 44, '2022-03-21' , 27  );
INSERT INTO prodotto  VALUES (52, '2022-01-16', NULL , 4, '2022-03-21' , 27  );
INSERT INTO prodotto  VALUES (53, '2021-10-03', NULL , 7, '2022-03-21' , 29  );
INSERT INTO prodotto  VALUES (54, NULL, NULL , 47, '2022-03-21' , 7  );
INSERT INTO prodotto  VALUES (55, '2021-05-08', NULL , 2, '2022-03-21' , 5  );
INSERT INTO prodotto  VALUES (56, '2021-02-17', NULL , 13, '2022-03-21' , 18  );
INSERT INTO prodotto  VALUES (57, '2021-06-23', NULL , 0, '2022-03-21' , 19  );
INSERT INTO prodotto  VALUES (58, NULL, NULL , 48, '2022-03-21' , 11  );
INSERT INTO prodotto  VALUES (59, '2021-06-08', NULL , 17, '2022-03-21' , 16  );
INSERT INTO scarico VALUES ('2022-04-20' );
INSERT INTO prodotto  VALUES (60, '2021-10-26', NULL , 0, '2022-04-20' , 32  );
INSERT INTO prodotto  VALUES (61, '2021-01-27', NULL , 0, '2022-04-20' , 27  );
INSERT INTO prodotto  VALUES (62, '2021-03-24', NULL , 16, '2022-04-20' , 9  );
INSERT INTO prodotto  VALUES (63, '2021-09-22', NULL , 22, '2022-04-20' , 12  );
INSERT INTO prodotto  VALUES (64, '2021-12-19', NULL , 13, '2022-04-20' , 32  );
INSERT INTO prodotto  VALUES (65, '2021-01-30', NULL , 20, '2022-04-20' , 21  );
INSERT INTO prodotto  VALUES (66, NULL, NULL , 44, '2022-04-20' , 7  );
INSERT INTO prodotto  VALUES (67, '2021-11-25', NULL , 1, '2022-04-20' , 9  );
INSERT INTO prodotto  VALUES (68, '2021-11-20', NULL , 9, '2022-04-20' , 24  );
INSERT INTO prodotto  VALUES (69, '2021-09-04', NULL , 11, '2022-04-20' , 31  );
INSERT INTO scarico VALUES ('2022-06-13' );
INSERT INTO prodotto  VALUES (70, NULL, NULL , 41, '2022-06-13' , 5  );
INSERT INTO prodotto  VALUES (71, '2021-02-20', NULL , 5, '2022-06-13' , 5  );
INSERT INTO prodotto  VALUES (72, '2022-05-29', NULL , 26, '2022-06-13' , 13  );
INSERT INTO prodotto  VALUES (73, '2021-10-15', NULL , 7, '2022-06-13' , 30  );
INSERT INTO prodotto  VALUES (74, '2020-12-25', NULL , 27, '2022-06-13' , 32  );
INSERT INTO prodotto  VALUES (75, '2021-08-19', NULL , 16, '2022-06-13' , 19  );
INSERT INTO prodotto  VALUES (76, NULL, NULL , 51, '2022-06-13' , 24  );
INSERT INTO prodotto  VALUES (77, '2021-06-06', NULL , 9, '2022-06-13' , 6  );
INSERT INTO prodotto  VALUES (78, NULL, NULL , 42, '2022-06-13' , 4  );
INSERT INTO prodotto  VALUES (79, '2021-04-22', NULL , 13, '2022-06-13' , 3  );
INSERT INTO scarico VALUES ('2022-06-14' );
INSERT INTO prodotto  VALUES (80, NULL, NULL , 45, '2022-06-14' , 32  );
INSERT INTO prodotto  VALUES (81, '2021-10-05', NULL , 7, '2022-06-14' , 8  );
INSERT INTO prodotto  VALUES (82, '2021-04-14', NULL , 29, '2022-06-14' , 4  );
INSERT INTO prodotto  VALUES (83, '2021-03-05', NULL , 16, '2022-06-14' , 9  );
INSERT INTO prodotto  VALUES (84, '2021-03-13', NULL , 10, '2022-06-14' , 28  );
INSERT INTO prodotto  VALUES (85, NULL, NULL , 44, '2022-06-14' , 8  );
INSERT INTO prodotto  VALUES (86, '2021-07-05', NULL , 18, '2022-06-14' , 24  );
INSERT INTO prodotto  VALUES (87, NULL, NULL , 49, '2022-06-14' , 30  );
INSERT INTO prodotto  VALUES (88, '2021-05-25', NULL , 1, '2022-06-14' , 3  );
INSERT INTO prodotto  VALUES (89, '2021-12-10', NULL , 15, '2022-06-14' , 15  );
INSERT INTO scarico VALUES ('2022-05-15' );
INSERT INTO prodotto  VALUES (90, '2022-04-12', NULL , 27, '2022-05-15' , 33  );
INSERT INTO prodotto  VALUES (91, '2021-03-12', NULL , 21, '2022-05-15' , 26  );
INSERT INTO prodotto  VALUES (92, '2021-08-10', NULL , 3, '2022-05-15' , 23  );
INSERT INTO prodotto  VALUES (93, NULL, NULL , 48, '2022-05-15' , 1  );
INSERT INTO prodotto  VALUES (94, '2021-02-09', NULL , 15, '2022-05-15' , 12  );
INSERT INTO prodotto  VALUES (95, NULL, NULL , 43, '2022-05-15' , 15  );
INSERT INTO prodotto  VALUES (96, NULL, NULL , 38, '2022-05-15' , 23  );
INSERT INTO prodotto  VALUES (97, NULL, NULL , 48, '2022-05-15' , 11  );
INSERT INTO prodotto  VALUES (98, NULL, NULL , 46, '2022-05-15' , 5  );
INSERT INTO prodotto  VALUES (99, '2021-08-13', NULL , 21, '2022-05-15' , 2  );


INSERT INTO appuntamento  VALUES ('2022-03-07 04:05:05', 60,  4 , 'KAMRFC70S13L378D', 9 );
INSERT INTO turno  VALUES ('2022-03-07 04:05:05' , 'IYMHAN32A45F721D', '2022-03-07 08:05:05', '2022-03-07 04:05:05', NULL, NULL);
INSERT INTO prodotto  VALUES (100, NULL, '2022-03-07 04:05:05' , 47, NULL , 16 );
INSERT INTO prodotto  VALUES (101, '2022-04-22', '2022-03-07 04:05:05' , 13, NULL , 6 );
INSERT INTO prodotto  VALUES (102, '2022-03-11', '2022-03-07 04:05:05' , 15, NULL , 17 );
INSERT INTO prodotto  VALUES (103, '2022-04-25', '2022-03-07 04:05:05' , 22, NULL , 21 );
INSERT INTO prodotto  VALUES (104, NULL, '2022-03-07 04:05:05' , 48, NULL , 12 );
INSERT INTO prodotto  VALUES (105, '2022-03-25', '2022-03-07 04:05:05' , 22, NULL , 30 );
INSERT INTO prodotto  VALUES (106, '2022-05-30', '2022-03-07 04:05:05' , 26, NULL , 4 );
INSERT INTO prodotto  VALUES (107, '2022-04-16', '2022-03-07 04:05:05' , 3, NULL , 4 );
INSERT INTO prodotto  VALUES (108, NULL, '2022-03-07 04:05:05' , 49, NULL , 8 );
INSERT INTO prodotto  VALUES (109, '2022-04-25', '2022-03-07 04:05:05' , 20, NULL , 29 );
INSERT INTO prodotto  VALUES (110, NULL, '2022-03-07 04:05:05' , 40, NULL , 12 );
INSERT INTO prodotto  VALUES (111, NULL, '2022-03-07 04:05:05' , 47, NULL , 34 );
INSERT INTO prodotto  VALUES (112, '2022-04-11', '2022-03-07 04:05:05' , 14, NULL , 2 );
INSERT INTO prodotto  VALUES (113, '2022-05-13', '2022-03-07 04:05:05' , 19, NULL , 20 );
INSERT INTO prodotto  VALUES (114, '2022-04-08', '2022-03-07 04:05:05' , 12, NULL , 33 );
INSERT INTO appuntamento  VALUES ('2022-03-05 15:48:19', 49,  -4 , 'ZPGYHL94L64A193J', 7 );
INSERT INTO turno  VALUES ('2022-03-05 15:48:19' , 'TWUIOI39H45D260O', '2022-03-05 19:48:19', '2022-03-05 15:48:19', NULL, NULL);
INSERT INTO prodotto  VALUES (115, '2022-03-14', '2022-03-05 15:48:19' , 0, NULL , 22 );
INSERT INTO prodotto  VALUES (116, '2022-03-26', '2022-03-05 15:48:19' , 1, NULL , 21 );
INSERT INTO prodotto  VALUES (117, '2022-05-03', '2022-03-05 15:48:19' , 31, NULL , 12 );
INSERT INTO prodotto  VALUES (118, '2022-05-21', '2022-03-05 15:48:19' , 6, NULL , 7 );
INSERT INTO prodotto  VALUES (119, '2022-05-03', '2022-03-05 15:48:19' , 27, NULL , 4 );
INSERT INTO prodotto  VALUES (120, '2022-04-16', '2022-03-05 15:48:19' , 21, NULL , 17 );
INSERT INTO prodotto  VALUES (121, '2022-03-14', '2022-03-05 15:48:19' , 26, NULL , 20 );
INSERT INTO prodotto  VALUES (122, '2022-04-26', '2022-03-05 15:48:19' , 6, NULL , 12 );
INSERT INTO prodotto  VALUES (123, NULL, '2022-03-05 15:48:19' , 44, NULL , 32 );
INSERT INTO prodotto  VALUES (124, '2022-05-04', '2022-03-05 15:48:19' , 25, NULL , 18 );
INSERT INTO prodotto  VALUES (125, '2022-05-22', '2022-03-05 15:48:19' , 16, NULL , 9 );
INSERT INTO prodotto  VALUES (126, '2022-03-26', '2022-03-05 15:48:19' , 6, NULL , 16 );
INSERT INTO prodotto  VALUES (127, '2022-05-17', '2022-03-05 15:48:19' , 20, NULL , 13 );
INSERT INTO prodotto  VALUES (128, '2022-03-09', '2022-03-05 15:48:19' , 17, NULL , 4 );
INSERT INTO prodotto  VALUES (129, '2022-03-13', '2022-03-05 15:48:19' , 0, NULL , 20 );
INSERT INTO appuntamento  VALUES ('2022-03-23 03:21:42', 46,  11 , 'GERQVU86P60H405H', 8 );
INSERT INTO turno  VALUES ('2022-03-23 03:21:42' , 'JKVRJM55H24C538S', '2022-03-23 07:21:42', '2022-03-23 03:21:42', NULL, NULL);
INSERT INTO prodotto  VALUES (130, '2022-04-15', '2022-03-23 03:21:42' , 21, NULL , 9 );
INSERT INTO prodotto  VALUES (131, NULL, '2022-03-23 03:21:42' , 41, NULL , 12 );
INSERT INTO prodotto  VALUES (132, '2022-05-17', '2022-03-23 03:21:42' , 29, NULL , 7 );
INSERT INTO prodotto  VALUES (133, '2022-03-24', '2022-03-23 03:21:42' , 9, NULL , 27 );
INSERT INTO prodotto  VALUES (134, NULL, '2022-03-23 03:21:42' , 44, NULL , 26 );
INSERT INTO prodotto  VALUES (135, NULL, '2022-03-23 03:21:42' , 49, NULL , 23 );
INSERT INTO prodotto  VALUES (136, '2022-05-28', '2022-03-23 03:21:42' , 1, NULL , 6 );
INSERT INTO prodotto  VALUES (137, '2022-05-15', '2022-03-23 03:21:42' , 32, NULL , 15 );
INSERT INTO prodotto  VALUES (138, '2022-04-27', '2022-03-23 03:21:42' , 8, NULL , 19 );
INSERT INTO prodotto  VALUES (139, '2022-04-28', '2022-03-23 03:21:42' , 5, NULL , 13 );
INSERT INTO prodotto  VALUES (140, '2022-04-19', '2022-03-23 03:21:42' , 1, NULL , 14 );
INSERT INTO prodotto  VALUES (141, '2022-05-14', '2022-03-23 03:21:42' , 35, NULL , 19 );
INSERT INTO prodotto  VALUES (142, NULL, '2022-03-23 03:21:42' , 49, NULL , 14 );
INSERT INTO prodotto  VALUES (143, '2022-04-13', '2022-03-23 03:21:42' , 5, NULL , 30 );
INSERT INTO prodotto  VALUES (144, '2022-04-07', '2022-03-23 03:21:42' , 32, NULL , 28 );
INSERT INTO appuntamento  VALUES ('2022-03-10 13:42:14', 40,  1 , 'EJEDTT34S51D123Z', 2 );
INSERT INTO turno  VALUES ('2022-03-10 13:42:14' , 'GTOCLO36C54C972C', '2022-03-10 17:42:14', '2022-03-10 13:42:14', NULL, NULL);
INSERT INTO prodotto  VALUES (145, '2022-05-04', '2022-03-10 13:42:14' , 14, NULL , 22 );
INSERT INTO prodotto  VALUES (146, '2022-04-11', '2022-03-10 13:42:14' , 36, NULL , 25 );
INSERT INTO prodotto  VALUES (147, '2022-04-29', '2022-03-10 13:42:14' , 8, NULL , 24 );
INSERT INTO prodotto  VALUES (148, '2022-05-29', '2022-03-10 13:42:14' , 19, NULL , 4 );
INSERT INTO prodotto  VALUES (149, NULL, '2022-03-10 13:42:14' , 48, NULL , 27 );
INSERT INTO prodotto  VALUES (150, '2022-04-12', '2022-03-10 13:42:14' , 22, NULL , 0 );
INSERT INTO prodotto  VALUES (151, NULL, '2022-03-10 13:42:14' , 51, NULL , 27 );
INSERT INTO prodotto  VALUES (152, '2022-05-18', '2022-03-10 13:42:14' , 13, NULL , 2 );
INSERT INTO prodotto  VALUES (153, '2022-04-29', '2022-03-10 13:42:14' , 24, NULL , 10 );
INSERT INTO prodotto  VALUES (154, NULL, '2022-03-10 13:42:14' , 48, NULL , 22 );
INSERT INTO prodotto  VALUES (155, NULL, '2022-03-10 13:42:14' , 48, NULL , 24 );
INSERT INTO prodotto  VALUES (156, '2022-03-27', '2022-03-10 13:42:14' , 25, NULL , 33 );
INSERT INTO prodotto  VALUES (157, NULL, '2022-03-10 13:42:14' , 41, NULL , 10 );
INSERT INTO prodotto  VALUES (158, '2022-05-02', '2022-03-10 13:42:14' , 27, NULL , 26 );
INSERT INTO prodotto  VALUES (159, '2022-04-12', '2022-03-10 13:42:14' , 1, NULL , 16 );
INSERT INTO appuntamento  VALUES ('2022-03-05 13:31:37', 55,  0 , 'HPGPML26C26E705C', 28 );
INSERT INTO turno  VALUES ('2022-03-05 13:31:37' , 'COYDYF99C64I444Z', '2022-03-05 17:31:37', '2022-03-05 13:31:37', NULL, NULL);
INSERT INTO prodotto  VALUES (160, NULL, '2022-03-05 13:31:37' , 43, NULL , 12 );
INSERT INTO prodotto  VALUES (161, '2022-03-16', '2022-03-05 13:31:37' , 16, NULL , 22 );
INSERT INTO prodotto  VALUES (162, NULL, '2022-03-05 13:31:37' , 43, NULL , 31 );
INSERT INTO prodotto  VALUES (163, '2022-04-26', '2022-03-05 13:31:37' , 17, NULL , 20 );
INSERT INTO prodotto  VALUES (164, '2022-05-08', '2022-03-05 13:31:37' , 30, NULL , 1 );
INSERT INTO prodotto  VALUES (165, NULL, '2022-03-05 13:31:37' , 42, NULL , 31 );
INSERT INTO prodotto  VALUES (166, NULL, '2022-03-05 13:31:37' , 47, NULL , 17 );
INSERT INTO prodotto  VALUES (167, '2022-05-25', '2022-03-05 13:31:37' , 15, NULL , 29 );
INSERT INTO prodotto  VALUES (168, NULL, '2022-03-05 13:31:37' , 41, NULL , 22 );
INSERT INTO prodotto  VALUES (169, '2022-03-06', '2022-03-05 13:31:37' , 19, NULL , 1 );
INSERT INTO prodotto  VALUES (170, '2022-05-15', '2022-03-05 13:31:37' , 4, NULL , 0 );
INSERT INTO prodotto  VALUES (171, '2022-04-25', '2022-03-05 13:31:37' , 7, NULL , 9 );
INSERT INTO prodotto  VALUES (172, '2022-03-21', '2022-03-05 13:31:37' , 10, NULL , 29 );
INSERT INTO prodotto  VALUES (173, '2022-05-03', '2022-03-05 13:31:37' , 4, NULL , 17 );
INSERT INTO prodotto  VALUES (174, NULL, '2022-03-05 13:31:37' , 39, NULL , 22 );
INSERT INTO appuntamento  VALUES ('2022-03-14 21:48:03', 50,  4 , 'MMNCUD34H64I090D', 21 );
INSERT INTO turno  VALUES ('2022-03-14 21:48:03' , 'DINCME50C01C815I', '2022-03-15 01:48:03', '2022-03-14 21:48:03', NULL, NULL);
INSERT INTO prodotto  VALUES (175, '2022-04-08', '2022-03-14 21:48:03' , 14, NULL , 23 );
INSERT INTO prodotto  VALUES (176, NULL, '2022-03-14 21:48:03' , 38, NULL , 2 );
INSERT INTO prodotto  VALUES (177, '2022-04-14', '2022-03-14 21:48:03' , 25, NULL , 2 );
INSERT INTO prodotto  VALUES (178, NULL, '2022-03-14 21:48:03' , 46, NULL , 14 );
INSERT INTO prodotto  VALUES (179, NULL, '2022-03-14 21:48:03' , 39, NULL , 5 );
INSERT INTO prodotto  VALUES (180, '2022-03-20', '2022-03-14 21:48:03' , 23, NULL , 28 );
INSERT INTO prodotto  VALUES (181, NULL, '2022-03-14 21:48:03' , 40, NULL , 15 );
INSERT INTO prodotto  VALUES (182, '2022-04-05', '2022-03-14 21:48:03' , 9, NULL , 22 );
INSERT INTO prodotto  VALUES (183, '2022-04-18', '2022-03-14 21:48:03' , 26, NULL , 15 );
INSERT INTO prodotto  VALUES (184, '2022-05-30', '2022-03-14 21:48:03' , 35, NULL , 26 );
INSERT INTO prodotto  VALUES (185, '2022-05-25', '2022-03-14 21:48:03' , 26, NULL , 9 );
INSERT INTO prodotto  VALUES (186, '2022-04-05', '2022-03-14 21:48:03' , 22, NULL , 13 );
INSERT INTO prodotto  VALUES (187, NULL, '2022-03-14 21:48:03' , 41, NULL , 17 );
INSERT INTO prodotto  VALUES (188, NULL, '2022-03-14 21:48:03' , 50, NULL , 18 );
INSERT INTO prodotto  VALUES (189, '2022-05-17', '2022-03-14 21:48:03' , 4, NULL , 11 );
INSERT INTO appuntamento  VALUES ('2022-03-03 23:59:46', 48,  7 , 'IGDBWQ90P61D683E', 0 );
INSERT INTO turno  VALUES ('2022-03-03 23:59:46' , 'FAYBWA51S25C033K', '2022-03-04 03:59:46', '2022-03-03 23:59:46', NULL, NULL);
INSERT INTO prodotto  VALUES (190, NULL, '2022-03-03 23:59:46' , 48, NULL , 10 );
INSERT INTO prodotto  VALUES (191, '2022-04-23', '2022-03-03 23:59:46' , 36, NULL , 8 );
INSERT INTO prodotto  VALUES (192, '2022-03-17', '2022-03-03 23:59:46' , 3, NULL , 14 );
INSERT INTO prodotto  VALUES (193, NULL, '2022-03-03 23:59:46' , 46, NULL , 24 );
INSERT INTO prodotto  VALUES (194, NULL, '2022-03-03 23:59:46' , 48, NULL , 14 );
INSERT INTO prodotto  VALUES (195, '2022-03-27', '2022-03-03 23:59:46' , 20, NULL , 24 );
INSERT INTO prodotto  VALUES (196, '2022-05-23', '2022-03-03 23:59:46' , 4, NULL , 10 );
INSERT INTO prodotto  VALUES (197, '2022-04-01', '2022-03-03 23:59:46' , 34, NULL , 30 );
INSERT INTO prodotto  VALUES (198, '2022-04-06', '2022-03-03 23:59:46' , 36, NULL , 31 );
INSERT INTO prodotto  VALUES (199, '2022-03-31', '2022-03-03 23:59:46' , 6, NULL , 17 );
INSERT INTO prodotto  VALUES (200, '2022-03-05', '2022-03-03 23:59:46' , 7, NULL , 15 );
INSERT INTO prodotto  VALUES (201, '2022-04-22', '2022-03-03 23:59:46' , 34, NULL , 13 );
INSERT INTO prodotto  VALUES (202, '2022-05-23', '2022-03-03 23:59:46' , 4, NULL , 28 );
INSERT INTO prodotto  VALUES (203, NULL, '2022-03-03 23:59:46' , 38, NULL , 9 );
INSERT INTO prodotto  VALUES (204, '2022-03-04', '2022-03-03 23:59:46' , 2, NULL , 6 );
INSERT INTO appuntamento  VALUES ('2022-03-11 22:37:40', 48,  -6 , 'TZQLXZ02P05A570Q', 4 );
INSERT INTO turno  VALUES ('2022-03-11 22:37:40' , 'JKVRJM55H24C538S', '2022-03-12 02:37:40', '2022-03-11 22:37:40', NULL, NULL);
INSERT INTO prodotto  VALUES (205, NULL, '2022-03-11 22:37:40' , 39, NULL , 5 );
INSERT INTO prodotto  VALUES (206, '2022-04-27', '2022-03-11 22:37:40' , 17, NULL , 23 );
INSERT INTO prodotto  VALUES (207, '2022-03-19', '2022-03-11 22:37:40' , 10, NULL , 27 );
INSERT INTO prodotto  VALUES (208, '2022-04-30', '2022-03-11 22:37:40' , 20, NULL , 2 );
INSERT INTO prodotto  VALUES (209, '2022-05-26', '2022-03-11 22:37:40' , 19, NULL , 10 );
INSERT INTO prodotto  VALUES (210, '2022-05-29', '2022-03-11 22:37:40' , 20, NULL , 17 );
INSERT INTO prodotto  VALUES (211, '2022-04-29', '2022-03-11 22:37:40' , 27, NULL , 1 );
INSERT INTO prodotto  VALUES (212, NULL, '2022-03-11 22:37:40' , 41, NULL , 8 );
INSERT INTO prodotto  VALUES (213, '2022-04-06', '2022-03-11 22:37:40' , 19, NULL , 8 );
INSERT INTO prodotto  VALUES (214, '2022-03-20', '2022-03-11 22:37:40' , 33, NULL , 10 );
INSERT INTO prodotto  VALUES (215, '2022-04-15', '2022-03-11 22:37:40' , 30, NULL , 5 );
INSERT INTO prodotto  VALUES (216, '2022-04-21', '2022-03-11 22:37:40' , 17, NULL , 28 );
INSERT INTO prodotto  VALUES (217, NULL, '2022-03-11 22:37:40' , 37, NULL , 29 );
INSERT INTO prodotto  VALUES (218, '2022-05-12', '2022-03-11 22:37:40' , 28, NULL , 22 );
INSERT INTO prodotto  VALUES (219, NULL, '2022-03-11 22:37:40' , 42, NULL , 32 );
INSERT INTO appuntamento  VALUES ('2022-03-20 21:50:01', 54,  5 , 'YGATNS38A60F247M', 13 );
INSERT INTO turno  VALUES ('2022-03-20 21:50:01' , 'GTOCLO36C54C972C', '2022-03-21 01:50:01', '2022-03-20 21:50:01', NULL, NULL);
INSERT INTO prodotto  VALUES (220, '2022-04-24', '2022-03-20 21:50:01' , 28, NULL , 15 );
INSERT INTO prodotto  VALUES (221, '2022-03-24', '2022-03-20 21:50:01' , 3, NULL , 23 );
INSERT INTO prodotto  VALUES (222, '2022-05-06', '2022-03-20 21:50:01' , 35, NULL , 30 );
INSERT INTO prodotto  VALUES (223, NULL, '2022-03-20 21:50:01' , 51, NULL , 29 );
INSERT INTO prodotto  VALUES (224, '2022-03-31', '2022-03-20 21:50:01' , 20, NULL , 8 );
INSERT INTO prodotto  VALUES (225, '2022-04-06', '2022-03-20 21:50:01' , 27, NULL , 34 );
INSERT INTO prodotto  VALUES (226, '2022-05-24', '2022-03-20 21:50:01' , 21, NULL , 21 );
INSERT INTO prodotto  VALUES (227, NULL, '2022-03-20 21:50:01' , 48, NULL , 16 );
INSERT INTO prodotto  VALUES (228, '2022-05-30', '2022-03-20 21:50:01' , 6, NULL , 1 );
INSERT INTO prodotto  VALUES (229, '2022-05-21', '2022-03-20 21:50:01' , 28, NULL , 34 );
INSERT INTO prodotto  VALUES (230, '2022-04-09', '2022-03-20 21:50:01' , 29, NULL , 8 );
INSERT INTO prodotto  VALUES (231, '2022-04-15', '2022-03-20 21:50:01' , 13, NULL , 7 );
INSERT INTO prodotto  VALUES (232, '2022-04-06', '2022-03-20 21:50:01' , 14, NULL , 6 );
INSERT INTO prodotto  VALUES (233, NULL, '2022-03-20 21:50:01' , 49, NULL , 18 );
INSERT INTO prodotto  VALUES (234, '2022-04-09', '2022-03-20 21:50:01' , 7, NULL , 30 );
INSERT INTO appuntamento  VALUES ('2022-03-08 00:46:02', 59,  15 , 'IDNWFX69P21B612V', 22 );
INSERT INTO turno  VALUES ('2022-03-08 00:46:02' , 'NVZKLH26L18L850A', '2022-03-08 04:46:02', '2022-03-08 00:46:02', NULL, NULL);
INSERT INTO prodotto  VALUES (235, NULL, '2022-03-08 00:46:02' , 41, NULL , 22 );
INSERT INTO prodotto  VALUES (236, '2022-04-09', '2022-03-08 00:46:02' , 32, NULL , 22 );
INSERT INTO prodotto  VALUES (237, '2022-03-30', '2022-03-08 00:46:02' , 14, NULL , 0 );
INSERT INTO prodotto  VALUES (238, NULL, '2022-03-08 00:46:02' , 50, NULL , 31 );
INSERT INTO prodotto  VALUES (239, '2022-04-21', '2022-03-08 00:46:02' , 3, NULL , 22 );
INSERT INTO prodotto  VALUES (240, '2022-05-27', '2022-03-08 00:46:02' , 29, NULL , 12 );
INSERT INTO prodotto  VALUES (241, '2022-03-09', '2022-03-08 00:46:02' , 28, NULL , 28 );
INSERT INTO prodotto  VALUES (242, '2022-04-24', '2022-03-08 00:46:02' , 34, NULL , 26 );
INSERT INTO prodotto  VALUES (243, NULL, '2022-03-08 00:46:02' , 37, NULL , 14 );
INSERT INTO prodotto  VALUES (244, '2022-05-10', '2022-03-08 00:46:02' , 12, NULL , 13 );
INSERT INTO prodotto  VALUES (245, '2022-05-30', '2022-03-08 00:46:02' , 26, NULL , 0 );
INSERT INTO prodotto  VALUES (246, '2022-04-13', '2022-03-08 00:46:02' , 9, NULL , 11 );
INSERT INTO prodotto  VALUES (247, '2022-04-30', '2022-03-08 00:46:02' , 1, NULL , 7 );
INSERT INTO prodotto  VALUES (248, '2022-04-01', '2022-03-08 00:46:02' , 20, NULL , 5 );
INSERT INTO prodotto  VALUES (249, '2022-03-21', '2022-03-08 00:46:02' , 8, NULL , 31 );
INSERT INTO appuntamento  VALUES ('2022-03-24 19:41:03', 38,  5 , 'HNOUMQ69M62E507A', 27 );
INSERT INTO turno  VALUES ('2022-03-24 19:41:03' , 'YBVOPR65D23G886X', '2022-03-24 23:41:03', '2022-03-24 19:41:03', NULL, NULL);
INSERT INTO prodotto  VALUES (250, '2022-05-24', '2022-03-24 19:41:03' , 9, NULL , 0 );
INSERT INTO prodotto  VALUES (251, NULL, '2022-03-24 19:41:03' , 48, NULL , 15 );
INSERT INTO prodotto  VALUES (252, '2022-04-15', '2022-03-24 19:41:03' , 8, NULL , 20 );
INSERT INTO prodotto  VALUES (253, '2022-05-13', '2022-03-24 19:41:03' , 17, NULL , 23 );
INSERT INTO prodotto  VALUES (254, '2022-05-29', '2022-03-24 19:41:03' , 27, NULL , 14 );
INSERT INTO prodotto  VALUES (255, '2022-04-05', '2022-03-24 19:41:03' , 17, NULL , 20 );
INSERT INTO prodotto  VALUES (256, '2022-05-23', '2022-03-24 19:41:03' , 11, NULL , 28 );
INSERT INTO prodotto  VALUES (257, '2022-04-26', '2022-03-24 19:41:03' , 2, NULL , 12 );
INSERT INTO prodotto  VALUES (258, '2022-05-28', '2022-03-24 19:41:03' , 1, NULL , 11 );
INSERT INTO prodotto  VALUES (259, '2022-05-28', '2022-03-24 19:41:03' , 3, NULL , 17 );
INSERT INTO prodotto  VALUES (260, '2022-05-10', '2022-03-24 19:41:03' , 21, NULL , 0 );
INSERT INTO prodotto  VALUES (261, '2022-04-02', '2022-03-24 19:41:03' , 7, NULL , 28 );
INSERT INTO prodotto  VALUES (262, '2022-05-15', '2022-03-24 19:41:03' , 18, NULL , 9 );
INSERT INTO prodotto  VALUES (263, NULL, '2022-03-24 19:41:03' , 44, NULL , 23 );
INSERT INTO prodotto  VALUES (264, '2022-05-29', '2022-03-24 19:41:03' , 11, NULL , 31 );
INSERT INTO appuntamento  VALUES ('2022-03-03 23:45:52', 30,  -13 , 'UZTAHK10S20G839Q', 20 );
INSERT INTO turno  VALUES ('2022-03-03 23:45:52' , 'SAOUWY47A49A318C', '2022-03-04 03:45:52', '2022-03-03 23:45:52', NULL, NULL);
INSERT INTO prodotto  VALUES (265, NULL, '2022-03-03 23:45:52' , 42, NULL , 22 );
INSERT INTO prodotto  VALUES (266, NULL, '2022-03-03 23:45:52' , 49, NULL , 4 );
INSERT INTO prodotto  VALUES (267, '2022-05-14', '2022-03-03 23:45:52' , 5, NULL , 0 );
INSERT INTO prodotto  VALUES (268, NULL, '2022-03-03 23:45:52' , 40, NULL , 29 );
INSERT INTO prodotto  VALUES (269, NULL, '2022-03-03 23:45:52' , 44, NULL , 17 );
INSERT INTO prodotto  VALUES (270, '2022-04-14', '2022-03-03 23:45:52' , 36, NULL , 7 );
INSERT INTO prodotto  VALUES (271, NULL, '2022-03-03 23:45:52' , 40, NULL , 21 );
INSERT INTO prodotto  VALUES (272, '2022-05-07', '2022-03-03 23:45:52' , 17, NULL , 18 );
INSERT INTO prodotto  VALUES (273, '2022-05-24', '2022-03-03 23:45:52' , 36, NULL , 11 );
INSERT INTO prodotto  VALUES (274, NULL, '2022-03-03 23:45:52' , 41, NULL , 33 );
INSERT INTO prodotto  VALUES (275, NULL, '2022-03-03 23:45:52' , 37, NULL , 9 );
INSERT INTO prodotto  VALUES (276, NULL, '2022-03-03 23:45:52' , 46, NULL , 5 );
INSERT INTO prodotto  VALUES (277, '2022-05-03', '2022-03-03 23:45:52' , 23, NULL , 3 );
INSERT INTO prodotto  VALUES (278, '2022-03-26', '2022-03-03 23:45:52' , 24, NULL , 23 );
INSERT INTO prodotto  VALUES (279, '2022-04-20', '2022-03-03 23:45:52' , 30, NULL , 5 );
INSERT INTO appuntamento  VALUES ('2022-03-20 13:25:25', 60,  2 , 'KMUCDW24R25H943C', 15 );
INSERT INTO turno  VALUES ('2022-03-20 13:25:25' , 'PGYRRC10M57H987X', '2022-03-20 17:25:25', '2022-03-20 13:25:25', NULL, NULL);
INSERT INTO prodotto  VALUES (280, NULL, '2022-03-20 13:25:25' , 42, NULL , 32 );
INSERT INTO prodotto  VALUES (281, NULL, '2022-03-20 13:25:25' , 47, NULL , 24 );
INSERT INTO prodotto  VALUES (282, '2022-05-17', '2022-03-20 13:25:25' , 28, NULL , 15 );
INSERT INTO prodotto  VALUES (283, NULL, '2022-03-20 13:25:25' , 51, NULL , 8 );
INSERT INTO prodotto  VALUES (284, '2022-03-21', '2022-03-20 13:25:25' , 10, NULL , 6 );
INSERT INTO prodotto  VALUES (285, '2022-03-28', '2022-03-20 13:25:25' , 9, NULL , 9 );
INSERT INTO prodotto  VALUES (286, NULL, '2022-03-20 13:25:25' , 42, NULL , 31 );
INSERT INTO prodotto  VALUES (287, '2022-05-24', '2022-03-20 13:25:25' , 30, NULL , 23 );
INSERT INTO prodotto  VALUES (288, '2022-03-21', '2022-03-20 13:25:25' , 1, NULL , 5 );
INSERT INTO prodotto  VALUES (289, '2022-05-22', '2022-03-20 13:25:25' , 12, NULL , 5 );
INSERT INTO prodotto  VALUES (290, '2022-05-08', '2022-03-20 13:25:25' , 12, NULL , 0 );
INSERT INTO prodotto  VALUES (291, '2022-05-11', '2022-03-20 13:25:25' , 0, NULL , 14 );
INSERT INTO prodotto  VALUES (292, '2022-03-30', '2022-03-20 13:25:25' , 19, NULL , 34 );
INSERT INTO prodotto  VALUES (293, NULL, '2022-03-20 13:25:25' , 45, NULL , 25 );
INSERT INTO prodotto  VALUES (294, '2022-05-23', '2022-03-20 13:25:25' , 28, NULL , 24 );
INSERT INTO appuntamento  VALUES ('2022-03-15 00:26:49', 37,  -12 , 'QBZBKP05L11H331Y', 10 );
INSERT INTO turno  VALUES ('2022-03-15 00:26:49' , 'VXVAJT29B08H156N', '2022-03-15 04:26:49', '2022-03-15 00:26:49', NULL, NULL);
INSERT INTO prodotto  VALUES (295, '2022-03-17', '2022-03-15 00:26:49' , 25, NULL , 29 );
INSERT INTO prodotto  VALUES (296, '2022-04-01', '2022-03-15 00:26:49' , 12, NULL , 26 );
INSERT INTO prodotto  VALUES (297, '2022-04-01', '2022-03-15 00:26:49' , 22, NULL , 25 );
INSERT INTO prodotto  VALUES (298, '2022-04-18', '2022-03-15 00:26:49' , 17, NULL , 13 );
INSERT INTO prodotto  VALUES (299, '2022-03-16', '2022-03-15 00:26:49' , 20, NULL , 12 );
INSERT INTO prodotto  VALUES (300, NULL, '2022-03-15 00:26:49' , 50, NULL , 18 );
INSERT INTO prodotto  VALUES (301, '2022-05-07', '2022-03-15 00:26:49' , 10, NULL , 16 );
INSERT INTO prodotto  VALUES (302, '2022-05-12', '2022-03-15 00:26:49' , 14, NULL , 11 );
INSERT INTO prodotto  VALUES (303, NULL, '2022-03-15 00:26:49' , 48, NULL , 33 );
INSERT INTO prodotto  VALUES (304, '2022-05-30', '2022-03-15 00:26:49' , 23, NULL , 10 );
INSERT INTO prodotto  VALUES (305, NULL, '2022-03-15 00:26:49' , 45, NULL , 13 );
INSERT INTO prodotto  VALUES (306, '2022-05-22', '2022-03-15 00:26:49' , 4, NULL , 34 );
INSERT INTO prodotto  VALUES (307, NULL, '2022-03-15 00:26:49' , 48, NULL , 34 );
INSERT INTO prodotto  VALUES (308, '2022-04-16', '2022-03-15 00:26:49' , 13, NULL , 25 );
INSERT INTO prodotto  VALUES (309, '2022-03-21', '2022-03-15 00:26:49' , 21, NULL , 8 );
INSERT INTO appuntamento  VALUES ('2022-03-02 02:57:36', 37,  -15 , 'AGHZZT89P67H807G', 25 );
INSERT INTO turno  VALUES ('2022-03-02 02:57:36' , 'DINCME50C01C815I', '2022-03-02 06:57:36', '2022-03-02 02:57:36', NULL, NULL);
INSERT INTO prodotto  VALUES (310, '2022-04-17', '2022-03-02 02:57:36' , 24, NULL , 29 );
INSERT INTO prodotto  VALUES (311, '2022-05-02', '2022-03-02 02:57:36' , 6, NULL , 28 );
INSERT INTO prodotto  VALUES (312, '2022-03-18', '2022-03-02 02:57:36' , 12, NULL , 11 );
INSERT INTO prodotto  VALUES (313, '2022-05-21', '2022-03-02 02:57:36' , 4, NULL , 18 );
INSERT INTO prodotto  VALUES (314, '2022-05-04', '2022-03-02 02:57:36' , 25, NULL , 0 );
INSERT INTO prodotto  VALUES (315, '2022-04-25', '2022-03-02 02:57:36' , 12, NULL , 4 );
INSERT INTO prodotto  VALUES (316, '2022-05-31', '2022-03-02 02:57:36' , 0, NULL , 4 );
INSERT INTO prodotto  VALUES (317, NULL, '2022-03-02 02:57:36' , 47, NULL , 22 );
INSERT INTO prodotto  VALUES (318, '2022-05-21', '2022-03-02 02:57:36' , 32, NULL , 22 );
INSERT INTO prodotto  VALUES (319, '2022-04-07', '2022-03-02 02:57:36' , 3, NULL , 2 );
INSERT INTO prodotto  VALUES (320, '2022-03-15', '2022-03-02 02:57:36' , 12, NULL , 31 );
INSERT INTO prodotto  VALUES (321, '2022-04-27', '2022-03-02 02:57:36' , 36, NULL , 11 );
INSERT INTO prodotto  VALUES (322, '2022-04-03', '2022-03-02 02:57:36' , 18, NULL , 16 );
INSERT INTO prodotto  VALUES (323, '2022-05-08', '2022-03-02 02:57:36' , 5, NULL , 25 );
INSERT INTO prodotto  VALUES (324, '2022-05-14', '2022-03-02 02:57:36' , 29, NULL , 1 );
INSERT INTO appuntamento  VALUES ('2022-04-23 11:43:54', 50,  5 , 'MMNCUD34H64I090D', 21 );
INSERT INTO turno  VALUES ('2022-04-23 11:43:54' , 'HIIDML47M08D693H', '2022-04-23 15:43:54', '2022-04-23 11:43:54', NULL, NULL);
INSERT INTO prodotto  VALUES (325, '2022-04-30', '2022-04-23 11:43:54' , 10, NULL , 14 );
INSERT INTO prodotto  VALUES (326, '2022-05-17', '2022-04-23 11:43:54' , 33, NULL , 22 );
INSERT INTO prodotto  VALUES (327, '2022-05-28', '2022-04-23 11:43:54' , 6, NULL , 12 );
INSERT INTO prodotto  VALUES (328, '2022-04-29', '2022-04-23 11:43:54' , 2, NULL , 1 );
INSERT INTO prodotto  VALUES (329, NULL, '2022-04-23 11:43:54' , 44, NULL , 9 );
INSERT INTO prodotto  VALUES (330, '2022-05-01', '2022-04-23 11:43:54' , 19, NULL , 15 );
INSERT INTO prodotto  VALUES (331, '2022-05-13', '2022-04-23 11:43:54' , 1, NULL , 15 );
INSERT INTO prodotto  VALUES (332, '2022-04-29', '2022-04-23 11:43:54' , 28, NULL , 21 );
INSERT INTO prodotto  VALUES (333, '2022-04-25', '2022-04-23 11:43:54' , 20, NULL , 20 );
INSERT INTO prodotto  VALUES (334, NULL, '2022-04-23 11:43:54' , 44, NULL , 6 );
INSERT INTO prodotto  VALUES (335, '2022-05-29', '2022-04-23 11:43:54' , 20, NULL , 12 );
INSERT INTO prodotto  VALUES (336, '2022-04-29', '2022-04-23 11:43:54' , 4, NULL , 19 );
INSERT INTO prodotto  VALUES (337, NULL, '2022-04-23 11:43:54' , 50, NULL , 31 );
INSERT INTO prodotto  VALUES (338, '2022-05-18', '2022-04-23 11:43:54' , 8, NULL , 1 );
INSERT INTO prodotto  VALUES (339, '2022-05-12', '2022-04-23 11:43:54' , 18, NULL , 7 );
INSERT INTO appuntamento  VALUES ('2022-04-16 05:27:41', 36,  -11 , 'IUNTQL50B06F963G', 3 );
INSERT INTO turno  VALUES ('2022-04-16 05:27:41' , 'NUCUSC11A28D127U', '2022-04-16 09:27:41', '2022-04-16 05:27:41', NULL, NULL);
INSERT INTO prodotto  VALUES (340, '2022-04-16', '2022-04-16 05:27:41' , 25, NULL , 10 );
INSERT INTO prodotto  VALUES (341, '2022-05-25', '2022-04-16 05:27:41' , 13, NULL , 33 );
INSERT INTO prodotto  VALUES (342, '2022-04-23', '2022-04-16 05:27:41' , 0, NULL , 7 );
INSERT INTO prodotto  VALUES (343, NULL, '2022-04-16 05:27:41' , 42, NULL , 8 );
INSERT INTO prodotto  VALUES (344, '2022-05-26', '2022-04-16 05:27:41' , 1, NULL , 10 );
INSERT INTO prodotto  VALUES (345, NULL, '2022-04-16 05:27:41' , 41, NULL , 6 );
INSERT INTO prodotto  VALUES (346, NULL, '2022-04-16 05:27:41' , 40, NULL , 33 );
INSERT INTO prodotto  VALUES (347, '2022-05-10', '2022-04-16 05:27:41' , 5, NULL , 13 );
INSERT INTO prodotto  VALUES (348, '2022-04-17', '2022-04-16 05:27:41' , 24, NULL , 7 );
INSERT INTO prodotto  VALUES (349, '2022-05-03', '2022-04-16 05:27:41' , 1, NULL , 25 );
INSERT INTO prodotto  VALUES (350, '2022-05-17', '2022-04-16 05:27:41' , 21, NULL , 0 );
INSERT INTO prodotto  VALUES (351, NULL, '2022-04-16 05:27:41' , 46, NULL , 14 );
INSERT INTO prodotto  VALUES (352, NULL, '2022-04-16 05:27:41' , 48, NULL , 16 );
INSERT INTO prodotto  VALUES (353, '2022-04-18', '2022-04-16 05:27:41' , 14, NULL , 26 );
INSERT INTO prodotto  VALUES (354, '2022-05-29', '2022-04-16 05:27:41' , 3, NULL , 1 );
INSERT INTO appuntamento  VALUES ('2022-04-16 14:39:14', 38,  -3 , 'NEUFZQ34P42D114Q', 27 );
INSERT INTO turno  VALUES ('2022-04-16 14:39:14' , 'TGCBII54D17D316R', '2022-04-16 18:39:14', '2022-04-16 14:39:14', NULL, NULL);
INSERT INTO prodotto  VALUES (355, '2022-05-25', '2022-04-16 14:39:14' , 24, NULL , 10 );
INSERT INTO prodotto  VALUES (356, NULL, '2022-04-16 14:39:14' , 47, NULL , 29 );
INSERT INTO prodotto  VALUES (357, '2022-05-28', '2022-04-16 14:39:14' , 3, NULL , 7 );
INSERT INTO prodotto  VALUES (358, '2022-04-21', '2022-04-16 14:39:14' , 2, NULL , 9 );
INSERT INTO prodotto  VALUES (359, '2022-05-02', '2022-04-16 14:39:14' , 0, NULL , 3 );
INSERT INTO prodotto  VALUES (360, '2022-05-04', '2022-04-16 14:39:14' , 25, NULL , 2 );
INSERT INTO prodotto  VALUES (361, '2022-05-14', '2022-04-16 14:39:14' , 35, NULL , 34 );
INSERT INTO prodotto  VALUES (362, '2022-04-17', '2022-04-16 14:39:14' , 15, NULL , 13 );
INSERT INTO prodotto  VALUES (363, '2022-05-07', '2022-04-16 14:39:14' , 33, NULL , 0 );
INSERT INTO prodotto  VALUES (364, '2022-04-22', '2022-04-16 14:39:14' , 3, NULL , 32 );
INSERT INTO prodotto  VALUES (365, NULL, '2022-04-16 14:39:14' , 41, NULL , 10 );
INSERT INTO prodotto  VALUES (366, '2022-04-21', '2022-04-16 14:39:14' , 6, NULL , 17 );
INSERT INTO prodotto  VALUES (367, '2022-05-11', '2022-04-16 14:39:14' , 8, NULL , 19 );
INSERT INTO prodotto  VALUES (368, '2022-05-30', '2022-04-16 14:39:14' , 8, NULL , 17 );
INSERT INTO prodotto  VALUES (369, '2022-05-23', '2022-04-16 14:39:14' , 12, NULL , 10 );
INSERT INTO appuntamento  VALUES ('2022-04-02 06:09:36', 44,  1 , 'GKWDHK50C03L689B', 12 );
INSERT INTO turno  VALUES ('2022-04-02 06:09:36' , 'COYDYF99C64I444Z', '2022-04-02 10:09:36', '2022-04-02 06:09:36', NULL, NULL);
INSERT INTO prodotto  VALUES (370, '2022-04-24', '2022-04-02 06:09:36' , 36, NULL , 18 );
INSERT INTO prodotto  VALUES (371, '2022-05-31', '2022-04-02 06:09:36' , 2, NULL , 22 );
INSERT INTO prodotto  VALUES (372, '2022-05-22', '2022-04-02 06:09:36' , 11, NULL , 24 );
INSERT INTO prodotto  VALUES (373, '2022-05-09', '2022-04-02 06:09:36' , 22, NULL , 27 );
INSERT INTO prodotto  VALUES (374, NULL, '2022-04-02 06:09:36' , 40, NULL , 12 );
INSERT INTO prodotto  VALUES (375, '2022-05-24', '2022-04-02 06:09:36' , 15, NULL , 27 );
INSERT INTO prodotto  VALUES (376, NULL, '2022-04-02 06:09:36' , 37, NULL , 1 );
INSERT INTO prodotto  VALUES (377, '2022-04-13', '2022-04-02 06:09:36' , 10, NULL , 8 );
INSERT INTO prodotto  VALUES (378, NULL, '2022-04-02 06:09:36' , 39, NULL , 34 );
INSERT INTO prodotto  VALUES (379, '2022-05-31', '2022-04-02 06:09:36' , 5, NULL , 31 );
INSERT INTO prodotto  VALUES (380, '2022-04-29', '2022-04-02 06:09:36' , 12, NULL , 5 );
INSERT INTO prodotto  VALUES (381, '2022-05-31', '2022-04-02 06:09:36' , 17, NULL , 17 );
INSERT INTO prodotto  VALUES (382, '2022-05-06', '2022-04-02 06:09:36' , 6, NULL , 11 );
INSERT INTO prodotto  VALUES (383, '2022-05-19', '2022-04-02 06:09:36' , 36, NULL , 17 );
INSERT INTO prodotto  VALUES (384, '2022-05-30', '2022-04-02 06:09:36' , 0, NULL , 29 );
INSERT INTO appuntamento  VALUES ('2022-04-16 07:46:40', 37,  -7 , 'TBKWHL26B61B790I', 19 );
INSERT INTO turno  VALUES ('2022-04-16 07:46:40' , 'NTOWMR96S08A821E', '2022-04-16 11:46:40', '2022-04-16 07:46:40', NULL, NULL);
INSERT INTO prodotto  VALUES (385, NULL, '2022-04-16 07:46:40' , 40, NULL , 0 );
INSERT INTO prodotto  VALUES (386, NULL, '2022-04-16 07:46:40' , 43, NULL , 19 );
INSERT INTO prodotto  VALUES (387, '2022-04-29', '2022-04-16 07:46:40' , 27, NULL , 7 );
INSERT INTO prodotto  VALUES (388, '2022-04-30', '2022-04-16 07:46:40' , 29, NULL , 8 );
INSERT INTO prodotto  VALUES (389, '2022-04-29', '2022-04-16 07:46:40' , 36, NULL , 8 );
INSERT INTO prodotto  VALUES (390, '2022-05-28', '2022-04-16 07:46:40' , 26, NULL , 24 );
INSERT INTO prodotto  VALUES (391, NULL, '2022-04-16 07:46:40' , 46, NULL , 7 );
INSERT INTO prodotto  VALUES (392, '2022-05-13', '2022-04-16 07:46:40' , 15, NULL , 15 );
INSERT INTO prodotto  VALUES (393, '2022-05-27', '2022-04-16 07:46:40' , 4, NULL , 13 );
INSERT INTO prodotto  VALUES (394, '2022-04-17', '2022-04-16 07:46:40' , 13, NULL , 12 );
INSERT INTO prodotto  VALUES (395, NULL, '2022-04-16 07:46:40' , 45, NULL , 8 );
INSERT INTO prodotto  VALUES (396, '2022-05-22', '2022-04-16 07:46:40' , 14, NULL , 29 );
INSERT INTO prodotto  VALUES (397, NULL, '2022-04-16 07:46:40' , 40, NULL , 1 );
INSERT INTO prodotto  VALUES (398, '2022-05-15', '2022-04-16 07:46:40' , 1, NULL , 29 );
INSERT INTO prodotto  VALUES (399, '2022-05-23', '2022-04-16 07:46:40' , 3, NULL , 12 );
INSERT INTO appuntamento  VALUES ('2022-04-25 18:34:52', 50,  14 , 'SGDKKP48A52H878C', 18 );
INSERT INTO turno  VALUES ('2022-04-25 18:34:52' , 'MHYVYV54L02I635Y', '2022-04-25 22:34:52', '2022-04-25 18:34:52', NULL, NULL);
INSERT INTO prodotto  VALUES (400, '2022-04-30', '2022-04-25 18:34:52' , 11, NULL , 4 );
INSERT INTO prodotto  VALUES (401, NULL, '2022-04-25 18:34:52' , 39, NULL , 22 );
INSERT INTO prodotto  VALUES (402, '2022-05-13', '2022-04-25 18:34:52' , 11, NULL , 20 );
INSERT INTO prodotto  VALUES (403, '2022-05-03', '2022-04-25 18:34:52' , 19, NULL , 11 );
INSERT INTO prodotto  VALUES (404, '2022-05-02', '2022-04-25 18:34:52' , 9, NULL , 29 );
INSERT INTO prodotto  VALUES (405, NULL, '2022-04-25 18:34:52' , 49, NULL , 2 );
INSERT INTO prodotto  VALUES (406, NULL, '2022-04-25 18:34:52' , 43, NULL , 19 );
INSERT INTO prodotto  VALUES (407, '2022-04-28', '2022-04-25 18:34:52' , 2, NULL , 20 );
INSERT INTO prodotto  VALUES (408, '2022-05-11', '2022-04-25 18:34:52' , 24, NULL , 3 );
INSERT INTO prodotto  VALUES (409, '2022-05-30', '2022-04-25 18:34:52' , 2, NULL , 6 );
INSERT INTO prodotto  VALUES (410, NULL, '2022-04-25 18:34:52' , 49, NULL , 13 );
INSERT INTO prodotto  VALUES (411, '2022-05-26', '2022-04-25 18:34:52' , 10, NULL , 11 );
INSERT INTO prodotto  VALUES (412, NULL, '2022-04-25 18:34:52' , 42, NULL , 29 );
INSERT INTO prodotto  VALUES (413, '2022-05-18', '2022-04-25 18:34:52' , 28, NULL , 1 );
INSERT INTO prodotto  VALUES (414, '2022-05-17', '2022-04-25 18:34:52' , 15, NULL , 17 );
INSERT INTO appuntamento  VALUES ('2022-04-18 16:46:14', 30,  -25 , 'LWGZET68E57B514Q', 17 );
INSERT INTO turno  VALUES ('2022-04-18 16:46:14' , 'VKNGMA16A41E794K', '2022-04-18 20:46:14', '2022-04-18 16:46:14', NULL, NULL);
INSERT INTO prodotto  VALUES (415, NULL, '2022-04-18 16:46:14' , 46, NULL , 6 );
INSERT INTO prodotto  VALUES (416, '2022-04-25', '2022-04-18 16:46:14' , 14, NULL , 29 );
INSERT INTO prodotto  VALUES (417, '2022-05-18', '2022-04-18 16:46:14' , 10, NULL , 7 );
INSERT INTO prodotto  VALUES (418, '2022-04-20', '2022-04-18 16:46:14' , 22, NULL , 33 );
INSERT INTO prodotto  VALUES (419, '2022-04-29', '2022-04-18 16:46:14' , 7, NULL , 25 );
INSERT INTO prodotto  VALUES (420, NULL, '2022-04-18 16:46:14' , 46, NULL , 30 );
INSERT INTO prodotto  VALUES (421, NULL, '2022-04-18 16:46:14' , 38, NULL , 5 );
INSERT INTO prodotto  VALUES (422, '2022-04-19', '2022-04-18 16:46:14' , 27, NULL , 14 );
INSERT INTO prodotto  VALUES (423, '2022-05-11', '2022-04-18 16:46:14' , 7, NULL , 29 );
INSERT INTO prodotto  VALUES (424, '2022-05-17', '2022-04-18 16:46:14' , 14, NULL , 8 );
INSERT INTO prodotto  VALUES (425, '2022-04-29', '2022-04-18 16:46:14' , 16, NULL , 23 );
INSERT INTO prodotto  VALUES (426, '2022-04-21', '2022-04-18 16:46:14' , 12, NULL , 28 );
INSERT INTO prodotto  VALUES (427, '2022-05-23', '2022-04-18 16:46:14' , 23, NULL , 2 );
INSERT INTO prodotto  VALUES (428, NULL, '2022-04-18 16:46:14' , 44, NULL , 13 );
INSERT INTO prodotto  VALUES (429, NULL, '2022-04-18 16:46:14' , 43, NULL , 26 );
INSERT INTO appuntamento  VALUES ('2022-04-24 02:45:13', 59,  12 , 'UVKSUV58A05D892J', 11 );
INSERT INTO turno  VALUES ('2022-04-24 02:45:13' , 'CWUFTT47A27E252G', '2022-04-24 06:45:13', '2022-04-24 02:45:13', NULL, NULL);
INSERT INTO prodotto  VALUES (430, '2022-05-20', '2022-04-24 02:45:13' , 33, NULL , 13 );
INSERT INTO prodotto  VALUES (431, NULL, '2022-04-24 02:45:13' , 39, NULL , 11 );
INSERT INTO prodotto  VALUES (432, '2022-04-28', '2022-04-24 02:45:13' , 31, NULL , 32 );
INSERT INTO prodotto  VALUES (433, NULL, '2022-04-24 02:45:13' , 47, NULL , 11 );
INSERT INTO prodotto  VALUES (434, '2022-05-04', '2022-04-24 02:45:13' , 9, NULL , 18 );
INSERT INTO prodotto  VALUES (435, '2022-05-23', '2022-04-24 02:45:13' , 32, NULL , 7 );
INSERT INTO prodotto  VALUES (436, '2022-04-28', '2022-04-24 02:45:13' , 36, NULL , 24 );
INSERT INTO prodotto  VALUES (437, '2022-04-27', '2022-04-24 02:45:13' , 18, NULL , 23 );
INSERT INTO prodotto  VALUES (438, NULL, '2022-04-24 02:45:13' , 44, NULL , 30 );
INSERT INTO prodotto  VALUES (439, '2022-05-19', '2022-04-24 02:45:13' , 31, NULL , 33 );
INSERT INTO prodotto  VALUES (440, '2022-05-30', '2022-04-24 02:45:13' , 1, NULL , 16 );
INSERT INTO prodotto  VALUES (441, '2022-05-28', '2022-04-24 02:45:13' , 4, NULL , 20 );
INSERT INTO prodotto  VALUES (442, '2022-04-27', '2022-04-24 02:45:13' , 11, NULL , 33 );
INSERT INTO prodotto  VALUES (443, NULL, '2022-04-24 02:45:13' , 38, NULL , 13 );
INSERT INTO prodotto  VALUES (444, '2022-05-22', '2022-04-24 02:45:13' , 16, NULL , 10 );
INSERT INTO appuntamento  VALUES ('2022-04-01 22:53:36', 46,  1 , 'GERQVU86P60H405H', 8 );
INSERT INTO turno  VALUES ('2022-04-01 22:53:36' , 'NVZKLH26L18L850A', '2022-04-02 02:53:36', '2022-04-01 22:53:36', NULL, NULL);
INSERT INTO prodotto  VALUES (445, NULL, '2022-04-01 22:53:36' , 51, NULL , 13 );
INSERT INTO prodotto  VALUES (446, NULL, '2022-04-01 22:53:36' , 47, NULL , 26 );
INSERT INTO prodotto  VALUES (447, NULL, '2022-04-01 22:53:36' , 39, NULL , 21 );
INSERT INTO prodotto  VALUES (448, NULL, '2022-04-01 22:53:36' , 49, NULL , 25 );
INSERT INTO prodotto  VALUES (449, '2022-05-06', '2022-04-01 22:53:36' , 27, NULL , 0 );
INSERT INTO prodotto  VALUES (450, '2022-05-26', '2022-04-01 22:53:36' , 25, NULL , 4 );
INSERT INTO prodotto  VALUES (451, '2022-04-24', '2022-04-01 22:53:36' , 11, NULL , 34 );
INSERT INTO prodotto  VALUES (452, '2022-04-19', '2022-04-01 22:53:36' , 15, NULL , 16 );
INSERT INTO prodotto  VALUES (453, NULL, '2022-04-01 22:53:36' , 51, NULL , 10 );
INSERT INTO prodotto  VALUES (454, NULL, '2022-04-01 22:53:36' , 45, NULL , 23 );
INSERT INTO prodotto  VALUES (455, NULL, '2022-04-01 22:53:36' , 44, NULL , 23 );
INSERT INTO prodotto  VALUES (456, '2022-04-10', '2022-04-01 22:53:36' , 26, NULL , 3 );
INSERT INTO prodotto  VALUES (457, '2022-05-04', '2022-04-01 22:53:36' , 7, NULL , 11 );
INSERT INTO prodotto  VALUES (458, '2022-04-09', '2022-04-01 22:53:36' , 12, NULL , 31 );
INSERT INTO prodotto  VALUES (459, '2022-04-16', '2022-04-01 22:53:36' , 20, NULL , 34 );
INSERT INTO appuntamento  VALUES ('2022-04-21 07:18:56', 47,  4 , 'VIYASB19M44A850Q', 26 );
INSERT INTO turno  VALUES ('2022-04-21 07:18:56' , 'IKYZGD45R62E204R', '2022-04-21 11:18:56', '2022-04-21 07:18:56', NULL, NULL);
INSERT INTO prodotto  VALUES (460, '2022-05-26', '2022-04-21 07:18:56' , 10, NULL , 33 );
INSERT INTO prodotto  VALUES (461, '2022-04-28', '2022-04-21 07:18:56' , 15, NULL , 10 );
INSERT INTO prodotto  VALUES (462, NULL, '2022-04-21 07:18:56' , 43, NULL , 24 );
INSERT INTO prodotto  VALUES (463, '2022-04-24', '2022-04-21 07:18:56' , 31, NULL , 8 );
INSERT INTO prodotto  VALUES (464, NULL, '2022-04-21 07:18:56' , 42, NULL , 12 );
INSERT INTO prodotto  VALUES (465, '2022-05-06', '2022-04-21 07:18:56' , 8, NULL , 31 );
INSERT INTO prodotto  VALUES (466, '2022-04-30', '2022-04-21 07:18:56' , 13, NULL , 28 );
INSERT INTO prodotto  VALUES (467, '2022-05-29', '2022-04-21 07:18:56' , 10, NULL , 12 );
INSERT INTO prodotto  VALUES (468, '2022-05-12', '2022-04-21 07:18:56' , 28, NULL , 16 );
INSERT INTO prodotto  VALUES (469, '2022-05-14', '2022-04-21 07:18:56' , 3, NULL , 12 );
INSERT INTO prodotto  VALUES (470, NULL, '2022-04-21 07:18:56' , 46, NULL , 16 );
INSERT INTO prodotto  VALUES (471, NULL, '2022-04-21 07:18:56' , 48, NULL , 8 );
INSERT INTO prodotto  VALUES (472, '2022-05-03', '2022-04-21 07:18:56' , 9, NULL , 32 );
INSERT INTO prodotto  VALUES (473, '2022-04-24', '2022-04-21 07:18:56' , 13, NULL , 8 );
INSERT INTO prodotto  VALUES (474, NULL, '2022-04-21 07:18:56' , 48, NULL , 3 );
INSERT INTO appuntamento  VALUES ('2022-04-29 12:55:15', 40,  -11 , 'EJEDTT34S51D123Z', 2 );
INSERT INTO turno  VALUES ('2022-04-29 12:55:15' , 'JYVFOD13M44A081N', '2022-04-29 16:55:15', '2022-04-29 12:55:15', NULL, NULL);
INSERT INTO prodotto  VALUES (475, '2022-05-09', '2022-04-29 12:55:15' , 13, NULL , 25 );
INSERT INTO prodotto  VALUES (476, NULL, '2022-04-29 12:55:15' , 37, NULL , 9 );
INSERT INTO prodotto  VALUES (477, NULL, '2022-04-29 12:55:15' , 51, NULL , 13 );
INSERT INTO prodotto  VALUES (478, '2022-05-22', '2022-04-29 12:55:15' , 28, NULL , 13 );
INSERT INTO prodotto  VALUES (479, '2022-05-21', '2022-04-29 12:55:15' , 33, NULL , 6 );
INSERT INTO prodotto  VALUES (480, '2022-05-26', '2022-04-29 12:55:15' , 24, NULL , 22 );
INSERT INTO prodotto  VALUES (481, '2022-05-19', '2022-04-29 12:55:15' , 14, NULL , 17 );
INSERT INTO prodotto  VALUES (482, NULL, '2022-04-29 12:55:15' , 49, NULL , 34 );
INSERT INTO prodotto  VALUES (483, NULL, '2022-04-29 12:55:15' , 41, NULL , 30 );
INSERT INTO prodotto  VALUES (484, NULL, '2022-04-29 12:55:15' , 46, NULL , 11 );
INSERT INTO prodotto  VALUES (485, '2022-05-12', '2022-04-29 12:55:15' , 36, NULL , 13 );
INSERT INTO prodotto  VALUES (486, '2022-05-03', '2022-04-29 12:55:15' , 25, NULL , 33 );
INSERT INTO prodotto  VALUES (487, NULL, '2022-04-29 12:55:15' , 37, NULL , 20 );
INSERT INTO prodotto  VALUES (488, '2022-05-17', '2022-04-29 12:55:15' , 35, NULL , 18 );
INSERT INTO prodotto  VALUES (489, '2022-05-10', '2022-04-29 12:55:15' , 33, NULL , 12 );
INSERT INTO appuntamento  VALUES ('2022-04-27 13:52:23', 54,  4 , 'DDNNGU36S03F872Q', 13 );
INSERT INTO turno  VALUES ('2022-04-27 13:52:23' , 'LYTRHN97S21D554F', '2022-04-27 17:52:23', '2022-04-27 13:52:23', NULL, NULL);
INSERT INTO prodotto  VALUES (490, NULL, '2022-04-27 13:52:23' , 51, NULL , 24 );
INSERT INTO prodotto  VALUES (491, NULL, '2022-04-27 13:52:23' , 45, NULL , 32 );
INSERT INTO prodotto  VALUES (492, '2022-05-16', '2022-04-27 13:52:23' , 20, NULL , 23 );
INSERT INTO prodotto  VALUES (493, '2022-05-21', '2022-04-27 13:52:23' , 27, NULL , 4 );
INSERT INTO prodotto  VALUES (494, '2022-05-12', '2022-04-27 13:52:23' , 22, NULL , 32 );
INSERT INTO prodotto  VALUES (495, NULL, '2022-04-27 13:52:23' , 51, NULL , 8 );
INSERT INTO prodotto  VALUES (496, '2022-05-31', '2022-04-27 13:52:23' , 30, NULL , 19 );
INSERT INTO prodotto  VALUES (497, '2022-05-24', '2022-04-27 13:52:23' , 3, NULL , 34 );
INSERT INTO prodotto  VALUES (498, '2022-05-24', '2022-04-27 13:52:23' , 4, NULL , 31 );
INSERT INTO prodotto  VALUES (499, '2022-05-03', '2022-04-27 13:52:23' , 17, NULL , 24 );
INSERT INTO prodotto  VALUES (500, NULL, '2022-04-27 13:52:23' , 45, NULL , 22 );
INSERT INTO prodotto  VALUES (501, '2022-05-23', '2022-04-27 13:52:23' , 19, NULL , 24 );
INSERT INTO prodotto  VALUES (502, '2022-05-16', '2022-04-27 13:52:23' , 19, NULL , 4 );
INSERT INTO prodotto  VALUES (503, '2022-05-17', '2022-04-27 13:52:23' , 8, NULL , 31 );
INSERT INTO prodotto  VALUES (504, '2022-04-29', '2022-04-27 13:52:23' , 9, NULL , 7 );
INSERT INTO appuntamento  VALUES ('2022-04-08 00:38:18', 55,  -1 , 'HPGPML26C26E705C', 28 );
INSERT INTO turno  VALUES ('2022-04-08 00:38:18' , 'QIJQVR67E52A823R', '2022-04-08 04:38:18', '2022-04-08 00:38:18', NULL, NULL);
INSERT INTO prodotto  VALUES (505, '2022-04-14', '2022-04-08 00:38:18' , 4, NULL , 4 );
INSERT INTO prodotto  VALUES (506, '2022-05-11', '2022-04-08 00:38:18' , 4, NULL , 1 );
INSERT INTO prodotto  VALUES (507, NULL, '2022-04-08 00:38:18' , 49, NULL , 3 );
INSERT INTO prodotto  VALUES (508, NULL, '2022-04-08 00:38:18' , 43, NULL , 19 );
INSERT INTO prodotto  VALUES (509, '2022-04-21', '2022-04-08 00:38:18' , 18, NULL , 12 );
INSERT INTO prodotto  VALUES (510, NULL, '2022-04-08 00:38:18' , 48, NULL , 9 );
INSERT INTO prodotto  VALUES (511, '2022-04-18', '2022-04-08 00:38:18' , 32, NULL , 30 );
INSERT INTO prodotto  VALUES (512, '2022-05-26', '2022-04-08 00:38:18' , 20, NULL , 8 );
INSERT INTO prodotto  VALUES (513, '2022-05-04', '2022-04-08 00:38:18' , 27, NULL , 24 );
INSERT INTO prodotto  VALUES (514, NULL, '2022-04-08 00:38:18' , 47, NULL , 4 );
INSERT INTO prodotto  VALUES (515, '2022-05-03', '2022-04-08 00:38:18' , 13, NULL , 28 );
INSERT INTO prodotto  VALUES (516, '2022-04-26', '2022-04-08 00:38:18' , 18, NULL , 18 );
INSERT INTO prodotto  VALUES (517, '2022-05-28', '2022-04-08 00:38:18' , 20, NULL , 9 );
INSERT INTO prodotto  VALUES (518, '2022-04-14', '2022-04-08 00:38:18' , 4, NULL , 21 );
INSERT INTO prodotto  VALUES (519, '2022-04-27', '2022-04-08 00:38:18' , 17, NULL , 28 );
INSERT INTO appuntamento  VALUES ('2022-04-07 00:39:12', 60,  13 , 'GQXEEX63P02F566B', 29 );
INSERT INTO turno  VALUES ('2022-04-07 00:39:12' , 'TWUIOI39H45D260O', '2022-04-07 04:39:12', '2022-04-07 00:39:12', NULL, NULL);
INSERT INTO prodotto  VALUES (520, '2022-04-25', '2022-04-07 00:39:12' , 25, NULL , 2 );
INSERT INTO prodotto  VALUES (521, NULL, '2022-04-07 00:39:12' , 51, NULL , 6 );
INSERT INTO prodotto  VALUES (522, '2022-05-27', '2022-04-07 00:39:12' , 35, NULL , 8 );
INSERT INTO prodotto  VALUES (523, '2022-04-27', '2022-04-07 00:39:12' , 31, NULL , 30 );
INSERT INTO prodotto  VALUES (524, '2022-04-07', '2022-04-07 00:39:12' , 7, NULL , 32 );
INSERT INTO prodotto  VALUES (525, '2022-05-14', '2022-04-07 00:39:12' , 16, NULL , 11 );
INSERT INTO prodotto  VALUES (526, NULL, '2022-04-07 00:39:12' , 50, NULL , 28 );
INSERT INTO prodotto  VALUES (527, '2022-05-16', '2022-04-07 00:39:12' , 33, NULL , 23 );
INSERT INTO prodotto  VALUES (528, '2022-05-25', '2022-04-07 00:39:12' , 8, NULL , 11 );
INSERT INTO prodotto  VALUES (529, '2022-05-29', '2022-04-07 00:39:12' , 25, NULL , 0 );
INSERT INTO prodotto  VALUES (530, '2022-04-12', '2022-04-07 00:39:12' , 33, NULL , 24 );
INSERT INTO prodotto  VALUES (531, '2022-05-05', '2022-04-07 00:39:12' , 14, NULL , 4 );
INSERT INTO prodotto  VALUES (532, NULL, '2022-04-07 00:39:12' , 43, NULL , 10 );
INSERT INTO prodotto  VALUES (533, '2022-05-19', '2022-04-07 00:39:12' , 2, NULL , 1 );
INSERT INTO prodotto  VALUES (534, '2022-05-12', '2022-04-07 00:39:12' , 36, NULL , 8 );
INSERT INTO appuntamento  VALUES ('2022-04-05 16:44:51', 52,  1 , 'XRPKYT73B12E535B', 23 );
INSERT INTO turno  VALUES ('2022-04-05 16:44:51' , 'PGYRRC10M57H987X', '2022-04-05 20:44:51', '2022-04-05 16:44:51', NULL, NULL);
INSERT INTO prodotto  VALUES (535, '2022-05-24', '2022-04-05 16:44:51' , 25, NULL , 20 );
INSERT INTO prodotto  VALUES (536, '2022-05-10', '2022-04-05 16:44:51' , 33, NULL , 4 );
INSERT INTO prodotto  VALUES (537, '2022-04-24', '2022-04-05 16:44:51' , 12, NULL , 5 );
INSERT INTO prodotto  VALUES (538, NULL, '2022-04-05 16:44:51' , 38, NULL , 16 );
INSERT INTO prodotto  VALUES (539, '2022-05-16', '2022-04-05 16:44:51' , 36, NULL , 3 );
INSERT INTO prodotto  VALUES (540, NULL, '2022-04-05 16:44:51' , 49, NULL , 22 );
INSERT INTO prodotto  VALUES (541, '2022-04-07', '2022-04-05 16:44:51' , 9, NULL , 2 );
INSERT INTO prodotto  VALUES (542, '2022-05-04', '2022-04-05 16:44:51' , 3, NULL , 11 );
INSERT INTO prodotto  VALUES (543, NULL, '2022-04-05 16:44:51' , 47, NULL , 29 );
INSERT INTO prodotto  VALUES (544, '2022-05-14', '2022-04-05 16:44:51' , 9, NULL , 26 );
INSERT INTO prodotto  VALUES (545, '2022-05-27', '2022-04-05 16:44:51' , 25, NULL , 5 );
INSERT INTO prodotto  VALUES (546, '2022-04-16', '2022-04-05 16:44:51' , 30, NULL , 28 );
INSERT INTO prodotto  VALUES (547, NULL, '2022-04-05 16:44:51' , 37, NULL , 17 );
INSERT INTO prodotto  VALUES (548, NULL, '2022-04-05 16:44:51' , 43, NULL , 13 );
INSERT INTO prodotto  VALUES (549, '2022-05-11', '2022-04-05 16:44:51' , 28, NULL , 14 );
INSERT INTO appuntamento  VALUES ('2022-05-07 08:45:18', 48,  -5 , 'UVQUPX55S01L348E', 24 );
INSERT INTO turno  VALUES ('2022-05-07 08:45:18' , 'SAOUWY47A49A318C', '2022-05-07 12:45:18', '2022-05-07 08:45:18', NULL, NULL);
INSERT INTO prodotto  VALUES (550, '2022-05-26', '2022-05-07 08:45:18' , 17, NULL , 14 );
INSERT INTO prodotto  VALUES (551, '2022-05-26', '2022-05-07 08:45:18' , 23, NULL , 19 );
INSERT INTO prodotto  VALUES (552, '2022-05-24', '2022-05-07 08:45:18' , 21, NULL , 27 );
INSERT INTO prodotto  VALUES (553, '2022-05-14', '2022-05-07 08:45:18' , 5, NULL , 20 );
INSERT INTO prodotto  VALUES (554, '2022-05-11', '2022-05-07 08:45:18' , 4, NULL , 6 );
INSERT INTO prodotto  VALUES (555, NULL, '2022-05-07 08:45:18' , 43, NULL , 21 );
INSERT INTO prodotto  VALUES (556, '2022-05-19', '2022-05-07 08:45:18' , 28, NULL , 28 );
INSERT INTO prodotto  VALUES (557, '2022-05-20', '2022-05-07 08:45:18' , 7, NULL , 28 );
INSERT INTO prodotto  VALUES (558, '2022-05-12', '2022-05-07 08:45:18' , 28, NULL , 3 );
INSERT INTO prodotto  VALUES (559, '2022-05-17', '2022-05-07 08:45:18' , 34, NULL , 2 );
INSERT INTO prodotto  VALUES (560, '2022-05-09', '2022-05-07 08:45:18' , 14, NULL , 17 );
INSERT INTO prodotto  VALUES (561, NULL, '2022-05-07 08:45:18' , 43, NULL , 21 );
INSERT INTO prodotto  VALUES (562, NULL, '2022-05-07 08:45:18' , 48, NULL , 29 );
INSERT INTO prodotto  VALUES (563, NULL, '2022-05-07 08:45:18' , 37, NULL , 3 );
INSERT INTO prodotto  VALUES (564, '2022-05-12', '2022-05-07 08:45:18' , 2, NULL , 17 );
INSERT INTO appuntamento  VALUES ('2022-05-09 00:10:09', 55,  12 , 'TBIICK32D14F944S', 28 );
INSERT INTO turno  VALUES ('2022-05-09 00:10:09' , 'PBIRUN88C12A508J', '2022-05-09 04:10:09', '2022-05-09 00:10:09', NULL, NULL);
INSERT INTO prodotto  VALUES (565, '2022-05-21', '2022-05-09 00:10:09' , 9, NULL , 6 );
INSERT INTO prodotto  VALUES (566, NULL, '2022-05-09 00:10:09' , 38, NULL , 20 );
INSERT INTO prodotto  VALUES (567, '2022-05-23', '2022-05-09 00:10:09' , 21, NULL , 31 );
INSERT INTO prodotto  VALUES (568, '2022-05-21', '2022-05-09 00:10:09' , 8, NULL , 1 );
INSERT INTO prodotto  VALUES (569, NULL, '2022-05-09 00:10:09' , 44, NULL , 32 );
INSERT INTO prodotto  VALUES (570, '2022-05-09', '2022-05-09 00:10:09' , 1, NULL , 30 );
INSERT INTO prodotto  VALUES (571, NULL, '2022-05-09 00:10:09' , 47, NULL , 5 );
INSERT INTO prodotto  VALUES (572, '2022-05-13', '2022-05-09 00:10:09' , 25, NULL , 10 );
INSERT INTO prodotto  VALUES (573, '2022-05-09', '2022-05-09 00:10:09' , 18, NULL , 6 );
INSERT INTO prodotto  VALUES (574, '2022-05-12', '2022-05-09 00:10:09' , 17, NULL , 6 );
INSERT INTO prodotto  VALUES (575, '2022-05-27', '2022-05-09 00:10:09' , 35, NULL , 21 );
INSERT INTO prodotto  VALUES (576, '2022-05-22', '2022-05-09 00:10:09' , 16, NULL , 15 );
INSERT INTO prodotto  VALUES (577, '2022-05-29', '2022-05-09 00:10:09' , 17, NULL , 17 );
INSERT INTO prodotto  VALUES (578, NULL, '2022-05-09 00:10:09' , 48, NULL , 3 );
INSERT INTO prodotto  VALUES (579, NULL, '2022-05-09 00:10:09' , 48, NULL , 33 );
INSERT INTO appuntamento  VALUES ('2022-05-06 13:25:31', 60,  10 , 'KCZZSX01B26M403E', 15 );
INSERT INTO turno  VALUES ('2022-05-06 13:25:31' , 'GYIJRN45P04I253J', '2022-05-06 17:25:31', '2022-05-06 13:25:31', NULL, NULL);
INSERT INTO prodotto  VALUES (580, '2022-05-25', '2022-05-06 13:25:31' , 27, NULL , 11 );
INSERT INTO prodotto  VALUES (581, '2022-05-24', '2022-05-06 13:25:31' , 31, NULL , 2 );
INSERT INTO prodotto  VALUES (582, NULL, '2022-05-06 13:25:31' , 42, NULL , 19 );
INSERT INTO prodotto  VALUES (583, '2022-05-29', '2022-05-06 13:25:31' , 27, NULL , 12 );
INSERT INTO prodotto  VALUES (584, '2022-05-28', '2022-05-06 13:25:31' , 13, NULL , 21 );
INSERT INTO prodotto  VALUES (585, '2022-05-22', '2022-05-06 13:25:31' , 29, NULL , 7 );
INSERT INTO prodotto  VALUES (586, '2022-05-20', '2022-05-06 13:25:31' , 35, NULL , 12 );
INSERT INTO prodotto  VALUES (587, '2022-05-22', '2022-05-06 13:25:31' , 18, NULL , 28 );
INSERT INTO prodotto  VALUES (588, NULL, '2022-05-06 13:25:31' , 50, NULL , 12 );
INSERT INTO prodotto  VALUES (589, '2022-05-09', '2022-05-06 13:25:31' , 33, NULL , 15 );
INSERT INTO prodotto  VALUES (590, '2022-05-29', '2022-05-06 13:25:31' , 22, NULL , 6 );
INSERT INTO prodotto  VALUES (591, '2022-05-24', '2022-05-06 13:25:31' , 33, NULL , 11 );
INSERT INTO prodotto  VALUES (592, NULL, '2022-05-06 13:25:31' , 42, NULL , 24 );
INSERT INTO prodotto  VALUES (593, NULL, '2022-05-06 13:25:31' , 42, NULL , 11 );
INSERT INTO prodotto  VALUES (594, '2022-05-30', '2022-05-06 13:25:31' , 7, NULL , 7 );
INSERT INTO appuntamento  VALUES ('2022-05-10 07:31:13', 50,  11 , 'MMNCUD34H64I090D', 21 );
INSERT INTO turno  VALUES ('2022-05-10 07:31:13' , 'KSSRKR47P57A149E', '2022-05-10 11:31:13', '2022-05-10 07:31:13', NULL, NULL);
INSERT INTO prodotto  VALUES (595, '2022-05-13', '2022-05-10 07:31:13' , 25, NULL , 30 );
INSERT INTO prodotto  VALUES (596, '2022-05-17', '2022-05-10 07:31:13' , 17, NULL , 16 );
INSERT INTO prodotto  VALUES (597, '2022-05-21', '2022-05-10 07:31:13' , 36, NULL , 3 );
INSERT INTO prodotto  VALUES (598, '2022-05-11', '2022-05-10 07:31:13' , 16, NULL , 23 );
INSERT INTO prodotto  VALUES (599, '2022-05-13', '2022-05-10 07:31:13' , 8, NULL , 34 );
INSERT INTO prodotto  VALUES (600, '2022-05-13', '2022-05-10 07:31:13' , 13, NULL , 7 );
INSERT INTO prodotto  VALUES (601, '2022-05-10', '2022-05-10 07:31:13' , 2, NULL , 15 );
INSERT INTO prodotto  VALUES (602, '2022-05-28', '2022-05-10 07:31:13' , 36, NULL , 19 );
INSERT INTO prodotto  VALUES (603, NULL, '2022-05-10 07:31:13' , 37, NULL , 33 );
INSERT INTO prodotto  VALUES (604, NULL, '2022-05-10 07:31:13' , 40, NULL , 13 );
INSERT INTO prodotto  VALUES (605, '2022-05-18', '2022-05-10 07:31:13' , 11, NULL , 11 );
INSERT INTO prodotto  VALUES (606, NULL, '2022-05-10 07:31:13' , 40, NULL , 27 );
INSERT INTO prodotto  VALUES (607, NULL, '2022-05-10 07:31:13' , 37, NULL , 9 );
INSERT INTO prodotto  VALUES (608, '2022-05-30', '2022-05-10 07:31:13' , 36, NULL , 16 );
INSERT INTO prodotto  VALUES (609, '2022-05-13', '2022-05-10 07:31:13' , 30, NULL , 28 );
INSERT INTO appuntamento  VALUES ('2022-05-21 11:44:59', 37,  -11 , 'ZLHTUB68R62C630U', 19 );
INSERT INTO turno  VALUES ('2022-05-21 11:44:59' , 'PGYRRC10M57H987X', '2022-05-21 15:44:59', '2022-05-21 11:44:59', NULL, NULL);
INSERT INTO prodotto  VALUES (610, NULL, '2022-05-21 11:44:59' , 49, NULL , 33 );
INSERT INTO prodotto  VALUES (611, '2022-05-21', '2022-05-21 11:44:59' , 34, NULL , 16 );
INSERT INTO prodotto  VALUES (612, NULL, '2022-05-21 11:44:59' , 42, NULL , 18 );
INSERT INTO prodotto  VALUES (613, '2022-05-31', '2022-05-21 11:44:59' , 5, NULL , 16 );
INSERT INTO prodotto  VALUES (614, '2022-05-24', '2022-05-21 11:44:59' , 0, NULL , 16 );
INSERT INTO prodotto  VALUES (615, NULL, '2022-05-21 11:44:59' , 38, NULL , 22 );
INSERT INTO prodotto  VALUES (616, NULL, '2022-05-21 11:44:59' , 39, NULL , 34 );
INSERT INTO prodotto  VALUES (617, NULL, '2022-05-21 11:44:59' , 43, NULL , 27 );
INSERT INTO prodotto  VALUES (618, '2022-05-25', '2022-05-21 11:44:59' , 28, NULL , 2 );
INSERT INTO prodotto  VALUES (619, NULL, '2022-05-21 11:44:59' , 48, NULL , 33 );
INSERT INTO prodotto  VALUES (620, '2022-05-24', '2022-05-21 11:44:59' , 2, NULL , 8 );
INSERT INTO prodotto  VALUES (621, '2022-05-22', '2022-05-21 11:44:59' , 18, NULL , 16 );
INSERT INTO prodotto  VALUES (622, '2022-05-25', '2022-05-21 11:44:59' , 3, NULL , 14 );
INSERT INTO prodotto  VALUES (623, NULL, '2022-05-21 11:44:59' , 37, NULL , 1 );
INSERT INTO prodotto  VALUES (624, '2022-05-28', '2022-05-21 11:44:59' , 26, NULL , 6 );
INSERT INTO appuntamento  VALUES ('2022-05-24 18:35:08', 54,  9 , 'FZAFWQ07R08H436V', 6 );
INSERT INTO turno  VALUES ('2022-05-24 18:35:08' , 'ZMAIDB88R45H508N', '2022-05-24 22:35:08', '2022-05-24 18:35:08', NULL, NULL);
INSERT INTO prodotto  VALUES (625, NULL, '2022-05-24 18:35:08' , 48, NULL , 22 );
INSERT INTO prodotto  VALUES (626, '2022-05-31', '2022-05-24 18:35:08' , 23, NULL , 19 );
INSERT INTO prodotto  VALUES (627, '2022-05-26', '2022-05-24 18:35:08' , 11, NULL , 34 );
INSERT INTO prodotto  VALUES (628, NULL, '2022-05-24 18:35:08' , 46, NULL , 3 );
INSERT INTO prodotto  VALUES (629, '2022-05-30', '2022-05-24 18:35:08' , 5, NULL , 30 );
INSERT INTO prodotto  VALUES (630, '2022-05-31', '2022-05-24 18:35:08' , 20, NULL , 7 );
INSERT INTO prodotto  VALUES (631, '2022-05-28', '2022-05-24 18:35:08' , 4, NULL , 34 );
INSERT INTO prodotto  VALUES (632, NULL, '2022-05-24 18:35:08' , 49, NULL , 9 );
INSERT INTO prodotto  VALUES (633, '2022-05-25', '2022-05-24 18:35:08' , 11, NULL , 1 );
INSERT INTO prodotto  VALUES (634, '2022-05-27', '2022-05-24 18:35:08' , 14, NULL , 5 );
INSERT INTO prodotto  VALUES (635, '2022-05-31', '2022-05-24 18:35:08' , 34, NULL , 4 );
INSERT INTO prodotto  VALUES (636, NULL, '2022-05-24 18:35:08' , 48, NULL , 10 );
INSERT INTO prodotto  VALUES (637, NULL, '2022-05-24 18:35:08' , 37, NULL , 30 );
INSERT INTO prodotto  VALUES (638, NULL, '2022-05-24 18:35:08' , 51, NULL , 26 );
INSERT INTO prodotto  VALUES (639, '2022-05-27', '2022-05-24 18:35:08' , 11, NULL , 14 );
INSERT INTO appuntamento  VALUES ('2022-05-16 02:45:16', 36,  -14 , 'VOYGYR60H62M052F', 3 );
INSERT INTO turno  VALUES ('2022-05-16 02:45:16' , 'PBIRUN88C12A508J', '2022-05-16 06:45:16', '2022-05-16 02:45:16', NULL, NULL);
INSERT INTO prodotto  VALUES (640, '2022-05-16', '2022-05-16 02:45:16' , 12, NULL , 17 );
INSERT INTO prodotto  VALUES (641, '2022-05-18', '2022-05-16 02:45:16' , 34, NULL , 32 );
INSERT INTO prodotto  VALUES (642, '2022-05-17', '2022-05-16 02:45:16' , 14, NULL , 33 );
INSERT INTO prodotto  VALUES (643, '2022-05-29', '2022-05-16 02:45:16' , 5, NULL , 24 );
INSERT INTO prodotto  VALUES (644, '2022-05-24', '2022-05-16 02:45:16' , 3, NULL , 13 );
INSERT INTO prodotto  VALUES (645, '2022-05-20', '2022-05-16 02:45:16' , 0, NULL , 8 );
INSERT INTO prodotto  VALUES (646, '2022-05-24', '2022-05-16 02:45:16' , 1, NULL , 32 );
INSERT INTO prodotto  VALUES (647, '2022-05-18', '2022-05-16 02:45:16' , 3, NULL , 26 );
INSERT INTO prodotto  VALUES (648, NULL, '2022-05-16 02:45:16' , 37, NULL , 22 );
INSERT INTO prodotto  VALUES (649, '2022-05-17', '2022-05-16 02:45:16' , 36, NULL , 25 );
INSERT INTO prodotto  VALUES (650, '2022-05-20', '2022-05-16 02:45:16' , 7, NULL , 0 );
INSERT INTO prodotto  VALUES (651, NULL, '2022-05-16 02:45:16' , 48, NULL , 5 );
INSERT INTO prodotto  VALUES (652, '2022-05-31', '2022-05-16 02:45:16' , 18, NULL , 17 );
INSERT INTO prodotto  VALUES (653, '2022-05-31', '2022-05-16 02:45:16' , 5, NULL , 18 );
INSERT INTO prodotto  VALUES (654, '2022-05-27', '2022-05-16 02:45:16' , 18, NULL , 1 );
INSERT INTO appuntamento  VALUES ('2022-05-25 10:50:25', 49,  5 , 'HJKGYE55M45E654S', 7 );
INSERT INTO turno  VALUES ('2022-05-25 10:50:25' , 'FAYBWA51S25C033K', '2022-05-25 14:50:25', '2022-05-25 10:50:25', NULL, NULL);
INSERT INTO prodotto  VALUES (655, '2022-05-28', '2022-05-25 10:50:25' , 28, NULL , 9 );
INSERT INTO prodotto  VALUES (656, '2022-05-29', '2022-05-25 10:50:25' , 14, NULL , 20 );
INSERT INTO prodotto  VALUES (657, NULL, '2022-05-25 10:50:25' , 39, NULL , 4 );
INSERT INTO prodotto  VALUES (658, '2022-05-31', '2022-05-25 10:50:25' , 35, NULL , 30 );
INSERT INTO prodotto  VALUES (659, NULL, '2022-05-25 10:50:25' , 44, NULL , 10 );
INSERT INTO prodotto  VALUES (660, '2022-05-29', '2022-05-25 10:50:25' , 9, NULL , 32 );
INSERT INTO prodotto  VALUES (661, NULL, '2022-05-25 10:50:25' , 44, NULL , 21 );
INSERT INTO prodotto  VALUES (662, '2022-05-27', '2022-05-25 10:50:25' , 21, NULL , 4 );
INSERT INTO prodotto  VALUES (663, '2022-05-28', '2022-05-25 10:50:25' , 2, NULL , 15 );
INSERT INTO prodotto  VALUES (664, '2022-05-29', '2022-05-25 10:50:25' , 17, NULL , 22 );
INSERT INTO prodotto  VALUES (665, '2022-05-28', '2022-05-25 10:50:25' , 21, NULL , 9 );
INSERT INTO prodotto  VALUES (666, '2022-05-25', '2022-05-25 10:50:25' , 16, NULL , 31 );
INSERT INTO prodotto  VALUES (667, NULL, '2022-05-25 10:50:25' , 51, NULL , 24 );
INSERT INTO prodotto  VALUES (668, '2022-05-29', '2022-05-25 10:50:25' , 12, NULL , 11 );
INSERT INTO prodotto  VALUES (669, '2022-05-27', '2022-05-25 10:50:25' , 9, NULL , 18 );
INSERT INTO appuntamento  VALUES ('2022-05-09 13:08:52', 44,  -6 , 'GKWDHK50C03L689B', 12 );
INSERT INTO turno  VALUES ('2022-05-09 13:08:52' , 'TGWAKA64D08E685Z', '2022-05-09 17:08:52', '2022-05-09 13:08:52', NULL, NULL);
INSERT INTO prodotto  VALUES (670, NULL, '2022-05-09 13:08:52' , 40, NULL , 0 );
INSERT INTO prodotto  VALUES (671, '2022-05-09', '2022-05-09 13:08:52' , 26, NULL , 8 );
INSERT INTO prodotto  VALUES (672, '2022-05-28', '2022-05-09 13:08:52' , 11, NULL , 31 );
INSERT INTO prodotto  VALUES (673, '2022-05-16', '2022-05-09 13:08:52' , 22, NULL , 19 );
INSERT INTO prodotto  VALUES (674, '2022-05-11', '2022-05-09 13:08:52' , 5, NULL , 11 );
INSERT INTO prodotto  VALUES (675, '2022-05-18', '2022-05-09 13:08:52' , 33, NULL , 10 );
INSERT INTO prodotto  VALUES (676, '2022-05-21', '2022-05-09 13:08:52' , 13, NULL , 10 );
INSERT INTO prodotto  VALUES (677, '2022-05-11', '2022-05-09 13:08:52' , 13, NULL , 16 );
INSERT INTO prodotto  VALUES (678, '2022-05-25', '2022-05-09 13:08:52' , 7, NULL , 6 );
INSERT INTO prodotto  VALUES (679, NULL, '2022-05-09 13:08:52' , 45, NULL , 29 );
INSERT INTO prodotto  VALUES (680, '2022-05-28', '2022-05-09 13:08:52' , 20, NULL , 8 );
INSERT INTO prodotto  VALUES (681, NULL, '2022-05-09 13:08:52' , 50, NULL , 22 );
INSERT INTO prodotto  VALUES (682, NULL, '2022-05-09 13:08:52' , 38, NULL , 10 );
INSERT INTO prodotto  VALUES (683, '2022-05-11', '2022-05-09 13:08:52' , 18, NULL , 1 );
INSERT INTO prodotto  VALUES (684, '2022-05-28', '2022-05-09 13:08:52' , 33, NULL , 27 );
INSERT INTO appuntamento  VALUES ('2022-05-14 08:38:20', 47,  -7 , 'BWQFAX41T18A182K', 26 );
INSERT INTO turno  VALUES ('2022-05-14 08:38:20' , 'BRBBSK58L56G575U', '2022-05-14 12:38:20', '2022-05-14 08:38:20', NULL, NULL);
INSERT INTO prodotto  VALUES (685, '2022-05-27', '2022-05-14 08:38:20' , 21, NULL , 4 );
INSERT INTO prodotto  VALUES (686, NULL, '2022-05-14 08:38:20' , 45, NULL , 2 );
INSERT INTO prodotto  VALUES (687, '2022-05-31', '2022-05-14 08:38:20' , 12, NULL , 8 );
INSERT INTO prodotto  VALUES (688, '2022-05-20', '2022-05-14 08:38:20' , 19, NULL , 29 );
INSERT INTO prodotto  VALUES (689, '2022-05-21', '2022-05-14 08:38:20' , 7, NULL , 6 );
INSERT INTO prodotto  VALUES (690, '2022-05-24', '2022-05-14 08:38:20' , 14, NULL , 2 );
INSERT INTO prodotto  VALUES (691, NULL, '2022-05-14 08:38:20' , 38, NULL , 15 );
INSERT INTO prodotto  VALUES (692, '2022-05-15', '2022-05-14 08:38:20' , 25, NULL , 30 );
INSERT INTO prodotto  VALUES (693, '2022-05-16', '2022-05-14 08:38:20' , 23, NULL , 27 );
INSERT INTO prodotto  VALUES (694, '2022-05-30', '2022-05-14 08:38:20' , 12, NULL , 11 );
INSERT INTO prodotto  VALUES (695, '2022-05-15', '2022-05-14 08:38:20' , 27, NULL , 30 );
INSERT INTO prodotto  VALUES (696, '2022-05-31', '2022-05-14 08:38:20' , 33, NULL , 9 );
INSERT INTO prodotto  VALUES (697, NULL, '2022-05-14 08:38:20' , 39, NULL , 34 );
INSERT INTO prodotto  VALUES (698, '2022-05-20', '2022-05-14 08:38:20' , 31, NULL , 28 );
INSERT INTO prodotto  VALUES (699, '2022-05-18', '2022-05-14 08:38:20' , 6, NULL , 24 );
INSERT INTO appuntamento  VALUES ('2022-05-25 12:26:32', 46,  6 , 'GERQVU86P60H405H', 8 );
INSERT INTO turno  VALUES ('2022-05-25 12:26:32' , 'KKJZFH70S24A914T', '2022-05-25 16:26:32', '2022-05-25 12:26:32', NULL, NULL);
INSERT INTO prodotto  VALUES (700, '2022-05-29', '2022-05-25 12:26:32' , 31, NULL , 25 );
INSERT INTO prodotto  VALUES (701, '2022-05-31', '2022-05-25 12:26:32' , 27, NULL , 24 );
INSERT INTO prodotto  VALUES (702, '2022-05-28', '2022-05-25 12:26:32' , 5, NULL , 14 );
INSERT INTO prodotto  VALUES (703, '2022-05-28', '2022-05-25 12:26:32' , 21, NULL , 25 );
INSERT INTO prodotto  VALUES (704, '2022-05-31', '2022-05-25 12:26:32' , 36, NULL , 8 );
INSERT INTO prodotto  VALUES (705, NULL, '2022-05-25 12:26:32' , 45, NULL , 27 );
INSERT INTO prodotto  VALUES (706, '2022-05-31', '2022-05-25 12:26:32' , 1, NULL , 24 );
INSERT INTO prodotto  VALUES (707, '2022-05-31', '2022-05-25 12:26:32' , 2, NULL , 0 );
INSERT INTO prodotto  VALUES (708, '2022-05-28', '2022-05-25 12:26:32' , 30, NULL , 32 );
INSERT INTO prodotto  VALUES (709, '2022-05-27', '2022-05-25 12:26:32' , 28, NULL , 13 );
INSERT INTO prodotto  VALUES (710, '2022-05-26', '2022-05-25 12:26:32' , 34, NULL , 7 );
INSERT INTO prodotto  VALUES (711, '2022-05-31', '2022-05-25 12:26:32' , 2, NULL , 14 );
INSERT INTO prodotto  VALUES (712, '2022-05-29', '2022-05-25 12:26:32' , 19, NULL , 17 );
INSERT INTO prodotto  VALUES (713, NULL, '2022-05-25 12:26:32' , 46, NULL , 21 );
INSERT INTO prodotto  VALUES (714, '2022-05-30', '2022-05-25 12:26:32' , 36, NULL , 21 );
INSERT INTO appuntamento  VALUES ('2022-05-19 06:12:21', 39,  -9 , 'XSGLCT63C47B031M', 1 );
INSERT INTO turno  VALUES ('2022-05-19 06:12:21' , 'CWUFTT47A27E252G', '2022-05-19 10:12:21', '2022-05-19 06:12:21', NULL, NULL);
INSERT INTO prodotto  VALUES (715, '2022-05-25', '2022-05-19 06:12:21' , 17, NULL , 31 );
INSERT INTO prodotto  VALUES (716, NULL, '2022-05-19 06:12:21' , 38, NULL , 13 );
INSERT INTO prodotto  VALUES (717, '2022-05-29', '2022-05-19 06:12:21' , 11, NULL , 1 );
INSERT INTO prodotto  VALUES (718, '2022-05-22', '2022-05-19 06:12:21' , 26, NULL , 13 );
INSERT INTO prodotto  VALUES (719, '2022-05-21', '2022-05-19 06:12:21' , 0, NULL , 5 );
INSERT INTO prodotto  VALUES (720, '2022-05-20', '2022-05-19 06:12:21' , 10, NULL , 2 );
INSERT INTO prodotto  VALUES (721, NULL, '2022-05-19 06:12:21' , 37, NULL , 30 );
INSERT INTO prodotto  VALUES (722, '2022-05-27', '2022-05-19 06:12:21' , 25, NULL , 5 );
INSERT INTO prodotto  VALUES (723, '2022-05-26', '2022-05-19 06:12:21' , 21, NULL , 5 );
INSERT INTO prodotto  VALUES (724, NULL, '2022-05-19 06:12:21' , 49, NULL , 29 );
INSERT INTO prodotto  VALUES (725, NULL, '2022-05-19 06:12:21' , 38, NULL , 5 );
INSERT INTO prodotto  VALUES (726, '2022-05-28', '2022-05-19 06:12:21' , 5, NULL , 28 );
INSERT INTO prodotto  VALUES (727, '2022-05-20', '2022-05-19 06:12:21' , 36, NULL , 24 );
INSERT INTO prodotto  VALUES (728, '2022-05-22', '2022-05-19 06:12:21' , 14, NULL , 5 );
INSERT INTO prodotto  VALUES (729, '2022-05-31', '2022-05-19 06:12:21' , 19, NULL , 18 );
INSERT INTO appuntamento  VALUES ('2022-05-10 03:52:37', 54,  21 , 'YGATNS38A60F247M', 13 );
INSERT INTO turno  VALUES ('2022-05-10 03:52:37' , 'GTOCLO36C54C972C', '2022-05-10 07:52:37', '2022-05-10 03:52:37', NULL, NULL);
INSERT INTO prodotto  VALUES (730, '2022-05-10', '2022-05-10 03:52:37' , 8, NULL , 20 );
INSERT INTO prodotto  VALUES (731, '2022-05-17', '2022-05-10 03:52:37' , 35, NULL , 8 );
INSERT INTO prodotto  VALUES (732, '2022-05-11', '2022-05-10 03:52:37' , 14, NULL , 6 );
INSERT INTO prodotto  VALUES (733, '2022-05-30', '2022-05-10 03:52:37' , 2, NULL , 8 );
INSERT INTO prodotto  VALUES (734, '2022-05-10', '2022-05-10 03:52:37' , 15, NULL , 14 );
INSERT INTO prodotto  VALUES (735, '2022-05-17', '2022-05-10 03:52:37' , 10, NULL , 7 );
INSERT INTO prodotto  VALUES (736, NULL, '2022-05-10 03:52:37' , 48, NULL , 11 );
INSERT INTO prodotto  VALUES (737, '2022-05-29', '2022-05-10 03:52:37' , 24, NULL , 34 );
INSERT INTO prodotto  VALUES (738, '2022-05-30', '2022-05-10 03:52:37' , 15, NULL , 27 );
INSERT INTO prodotto  VALUES (739, NULL, '2022-05-10 03:52:37' , 40, NULL , 12 );
INSERT INTO prodotto  VALUES (740, '2022-05-29', '2022-05-10 03:52:37' , 21, NULL , 1 );
INSERT INTO prodotto  VALUES (741, '2022-05-27', '2022-05-10 03:52:37' , 0, NULL , 31 );
INSERT INTO prodotto  VALUES (742, NULL, '2022-05-10 03:52:37' , 50, NULL , 23 );
INSERT INTO prodotto  VALUES (743, NULL, '2022-05-10 03:52:37' , 50, NULL , 13 );
INSERT INTO prodotto  VALUES (744, NULL, '2022-05-10 03:52:37' , 49, NULL , 28 );
INSERT INTO appuntamento  VALUES ('2022-05-04 02:34:36', 37,  -11 , 'AGHZZT89P67H807G', 25 );
INSERT INTO turno  VALUES ('2022-05-04 02:34:36' , 'IYMHAN32A45F721D', '2022-05-04 06:34:36', '2022-05-04 02:34:36', NULL, NULL);
INSERT INTO prodotto  VALUES (745, '2022-05-11', '2022-05-04 02:34:36' , 36, NULL , 16 );
INSERT INTO prodotto  VALUES (746, '2022-05-17', '2022-05-04 02:34:36' , 4, NULL , 25 );
INSERT INTO prodotto  VALUES (747, NULL, '2022-05-04 02:34:36' , 51, NULL , 21 );
INSERT INTO prodotto  VALUES (748, '2022-05-20', '2022-05-04 02:34:36' , 14, NULL , 13 );
INSERT INTO prodotto  VALUES (749, '2022-05-16', '2022-05-04 02:34:36' , 10, NULL , 18 );
INSERT INTO prodotto  VALUES (750, '2022-05-04', '2022-05-04 02:34:36' , 29, NULL , 31 );
INSERT INTO prodotto  VALUES (751, '2022-05-07', '2022-05-04 02:34:36' , 7, NULL , 22 );
INSERT INTO prodotto  VALUES (752, '2022-05-19', '2022-05-04 02:34:36' , 18, NULL , 29 );
INSERT INTO prodotto  VALUES (753, NULL, '2022-05-04 02:34:36' , 48, NULL , 21 );
INSERT INTO prodotto  VALUES (754, NULL, '2022-05-04 02:34:36' , 44, NULL , 2 );
INSERT INTO prodotto  VALUES (755, '2022-05-10', '2022-05-04 02:34:36' , 5, NULL , 10 );
INSERT INTO prodotto  VALUES (756, '2022-05-10', '2022-05-04 02:34:36' , 0, NULL , 33 );
INSERT INTO prodotto  VALUES (757, '2022-05-27', '2022-05-04 02:34:36' , 24, NULL , 8 );
INSERT INTO prodotto  VALUES (758, NULL, '2022-05-04 02:34:36' , 43, NULL , 20 );
INSERT INTO prodotto  VALUES (759, '2022-05-22', '2022-05-04 02:34:36' , 19, NULL , 20 );
INSERT INTO appuntamento  VALUES ('2022-05-25 09:14:26', 45,  4 , 'GNLZTS73B67G788A', 14 );
INSERT INTO turno  VALUES ('2022-05-25 09:14:26' , 'TWUIOI39H45D260O', '2022-05-25 13:14:26', '2022-05-25 09:14:26', NULL, NULL);
INSERT INTO prodotto  VALUES (760, '2022-05-31', '2022-05-25 09:14:26' , 0, NULL , 26 );
INSERT INTO prodotto  VALUES (761, '2022-05-27', '2022-05-25 09:14:26' , 16, NULL , 3 );
INSERT INTO prodotto  VALUES (762, NULL, '2022-05-25 09:14:26' , 39, NULL , 7 );
INSERT INTO prodotto  VALUES (763, '2022-05-27', '2022-05-25 09:14:26' , 2, NULL , 8 );
INSERT INTO prodotto  VALUES (764, NULL, '2022-05-25 09:14:26' , 46, NULL , 17 );
INSERT INTO prodotto  VALUES (765, NULL, '2022-05-25 09:14:26' , 42, NULL , 11 );
INSERT INTO prodotto  VALUES (766, '2022-05-28', '2022-05-25 09:14:26' , 32, NULL , 13 );
INSERT INTO prodotto  VALUES (767, '2022-05-28', '2022-05-25 09:14:26' , 11, NULL , 4 );
INSERT INTO prodotto  VALUES (768, NULL, '2022-05-25 09:14:26' , 45, NULL , 23 );
INSERT INTO prodotto  VALUES (769, '2022-05-27', '2022-05-25 09:14:26' , 13, NULL , 15 );
INSERT INTO prodotto  VALUES (770, '2022-05-25', '2022-05-25 09:14:26' , 34, NULL , 11 );
INSERT INTO prodotto  VALUES (771, '2022-05-30', '2022-05-25 09:14:26' , 10, NULL , 25 );
INSERT INTO prodotto  VALUES (772, NULL, '2022-05-25 09:14:26' , 41, NULL , 27 );
INSERT INTO prodotto  VALUES (773, '2022-05-28', '2022-05-25 09:14:26' , 23, NULL , 12 );
INSERT INTO prodotto  VALUES (774, NULL, '2022-05-25 09:14:26' , 44, NULL , 22 );


INSERT INTO prodotto  VALUES (775, '2021-02-02', NULL , 6, NULL , 0 );
INSERT INTO prodotto  VALUES (776, '2021-02-02', NULL , 2, NULL , 18 );
INSERT INTO prodotto  VALUES (777, '2021-07-18', NULL , 36, NULL , 17 );
INSERT INTO prodotto  VALUES (778, '2020-12-06', NULL , 7, NULL , 11 );
INSERT INTO prodotto  VALUES (779, '2021-08-23', NULL , 9, NULL , 23 );
INSERT INTO prodotto  VALUES (780, '2020-07-21', NULL , 23, NULL , 8 );
INSERT INTO prodotto  VALUES (781, '2021-06-23', NULL , 34, NULL , 4 );
INSERT INTO prodotto  VALUES (782, '2022-06-16', NULL , 14, NULL , 1 );
INSERT INTO prodotto  VALUES (783, '2022-03-23', NULL , 9, NULL , 22 );
INSERT INTO prodotto  VALUES (784, '2020-09-04', NULL , 22, NULL , 15 );
INSERT INTO prodotto  VALUES (785, '2021-03-14', NULL , 0, NULL , 20 );
INSERT INTO prodotto  VALUES (786, '2020-03-15', NULL , 1, NULL , 8 );
INSERT INTO prodotto  VALUES (787, '2020-03-19', NULL , 33, NULL , 13 );
INSERT INTO prodotto  VALUES (788, '2021-04-26', NULL , 17, NULL , 17 );
INSERT INTO prodotto  VALUES (789, '2021-06-24', NULL , 8, NULL , 10 );
INSERT INTO prodotto  VALUES (790, '2020-02-07', NULL , 30, NULL , 8 );
INSERT INTO prodotto  VALUES (791, '2020-01-14', NULL , 5, NULL , 25 );
INSERT INTO prodotto  VALUES (792, '2020-10-30', NULL , 18, NULL , 7 );
INSERT INTO prodotto  VALUES (793, '2020-04-04', NULL , 30, NULL , 9 );
INSERT INTO prodotto  VALUES (794, '2020-02-29', NULL , 4, NULL , 7 );
INSERT INTO prodotto  VALUES (795, '2021-03-04', NULL , 24, NULL , 19 );
INSERT INTO prodotto  VALUES (796, '2020-09-14', NULL , 24, NULL , 8 );
INSERT INTO prodotto  VALUES (797, '2020-04-02', NULL , 0, NULL , 0 );
INSERT INTO prodotto  VALUES (798, '2022-01-23', NULL , 17, NULL , 24 );
INSERT INTO prodotto  VALUES (799, '2020-05-17', NULL , 12, NULL , 13 );


