set search_path to socialMarket;


INSERT INTO ente  VALUES (0 , 'Nibali, Ginese e Trupiano SPA','Incrocio Fabrizia, 99 Piano 8
42024, Castelnovo Di Sotto (RE)');
INSERT INTO ente  VALUES (1 , 'Olivetti SPA','Piazza Monaco, 65
17030, Castelbianco (SV)');
INSERT INTO ente  VALUES (2 , 'Piacentini, Ceri e Russo e figli','Incrocio Sole, 29
25035, Ospitaletto (BS)');
INSERT INTO ente  VALUES (3 , 'Monicelli-Cendron s.r.l.','Strada Piero, 762 Appartamento 0
41059, Montetortore (MO)');
INSERT INTO ente  VALUES (4 , 'Lombardo, Gianetti e Bottaro e figli','Rotonda Tullio, 81
39042, Albes (BZ)');
INSERT INTO ente  VALUES (5 , 'Beffa, Guarana e Tirabassi e figli','Incrocio Palladio, 5
71027, Orsara Di Puglia (FG)');
INSERT INTO ente  VALUES (6 , 'Franscini e figli','Borgo Sophia, 541
24045, Badalasco (BG)');
INSERT INTO ente  VALUES (7 , 'Galuppi, Trillini e Bertoli SPA','Incrocio Vecoli, 8
13022, Fervento (VC)');
INSERT INTO ente  VALUES (8 , 'Parpinel-Bulzoni Group','Viale Pisano, 14 Appartamento 80
29018, Rustigazzo (PC)');
INSERT INTO ente  VALUES (9 , 'Volta, Pizziol e Montalcini e figli','Strada Renata, 45
26029, Gallignano (CR)');
INSERT INTO ente  VALUES (10 , 'Baresi-Fibonacci s.r.l.','Piazza Sandra, 12
50127, Firenze (FI)');
INSERT INTO ente  VALUES (11 , 'Schiaparelli, Castellitto e Panzera SPA','Incrocio Sobrero, 795 Piano 4
81017, Quattroventi (CE)');
INSERT INTO ente  VALUES (12 , 'Orlando, Scalfaro e Palmisano Group','Canale Gussoni, 13
90132, Palermo (PA)');
INSERT INTO ente  VALUES (13 , 'Manolesso, Veltroni e Liverotti e figli','Canale Rolando, 52
21032, Caravate (VA)');
INSERT INTO ente  VALUES (14 , 'Mascagni, Argan e Borrani Group','Piazza Panzera, 1
63065, San Savino (AP)');
INSERT INTO ente  VALUES (15 , 'Brugnaro, Bottigliero e Errani SPA','Contrada Palazzo, 49 Appartamento 95
30124, Venezia (VE)');
INSERT INTO ente  VALUES (16 , 'Malipiero-Magnani s.r.l.','Piazza Gibilisco, 654 Appartamento 6
23034, Grosotto (SO)');
INSERT INTO ente  VALUES (17 , 'Altera-Trussardi e figli','Via Pomponio, 4
20157, Quarto Oggiaro (MI)');
INSERT INTO ente  VALUES (18 , 'Monaco, Soderini e Federici e figli','Canale Corrado, 53 Piano 5
34131, Trieste (TS)');
INSERT INTO ente  VALUES (19 , 'Carullo, Donini e Vismara s.r.l.','Canale Guinizzelli, 7 Piano 6
52021, Bucine (AR)');


INSERT INTO volontario  VALUES ('LTLUML49C45E963Y', 'Fernanda', 'Esposito', '1976-12-29', 'San Morello', '2350266908626', 'F', 'Coupe' , 'supervisione , ricezione', 'Giovedì mattina ' );
INSERT INTO volontario  VALUES ('CUNNPU72S13E578H', 'Rocco', 'Pincherle', '1973-11-29', 'Pontetetto', '7432144491173', 'M', 'MiniVan , Wagon' , 'supervisione , ricezione', NULL );
INSERT INTO volontario  VALUES ('VTSLBY88T11D994E', 'Sophia', 'Callegari', '1975-09-07', 'Altedo', '9688808190599', 'F', 'Sedan , Wagon' , 'ricezione , trasporto , supervisione', 'Venerdì mattina ' );
INSERT INTO volontario  VALUES ('BNNTNA16P68M028K', 'Maria', 'Molesini', '1975-01-18', 'Verzegnis', '6380480896510', 'M', 'Sedan , Wagon' , 'ricezione , trasporto , supervisione', 'Mercoledì mattina ' );
INSERT INTO volontario  VALUES ('NERWEG71P43A773C', 'Gemma', 'Altera', '1963-06-10', 'Palagianello', '7879194426631', 'F', NULL , 'ricezione', NULL );
INSERT INTO volontario  VALUES ('IBOXXB99C52G579Q', 'Ilaria', 'Greggio', '1977-06-23', 'Santa Maria Di Labante', '3544677715631', 'Others', 'MiniVan , Wagon' , 'ricezione', 'Venerdì mattina ' );
INSERT INTO volontario  VALUES ('STDXMU80M59B395K', 'Dante', 'Ziani', '1990-03-04', 'Santa Maria In Punta', '8195807055263', 'M', 'SUV' , 'supervisione', 'Sabato mattina  , Venerdì pomeriggio' );
INSERT INTO volontario  VALUES ('GZYFOK49M41H077G', 'Cirillo', 'Mastandrea', '1979-11-26', 'Lumignano', '3591644083697', 'M', 'Wagon' , NULL, NULL );
INSERT INTO volontario  VALUES ('JKZGUJ90M07C804P', 'Silvia', 'Giannotti', '1983-03-11', 'Tutino', '2083385566334', 'F', NULL , 'ricezione , trasporto , supervisione', NULL );
INSERT INTO volontario  VALUES ('RGZKWO71H19E207K', 'Rosaria', 'Speri', '1959-03-26', 'Ordona', '8062134616220', 'F', 'SUV' , NULL, NULL );
INSERT INTO volontario  VALUES ('UQOBMK14R43F223K', 'Elmo', 'Tosi', '1968-03-08', 'Murgetta', '0227708386143', 'Others', 'SUV , Coupe' , 'supervisione , ricezione', 'Mercoledì mattina ' );
INSERT INTO volontario  VALUES ('WFRMOX42B44I911F', 'Tiziano', 'Mastroianni', '1975-02-16', 'Bonvicino', '6175872087550', 'M', NULL , NULL, 'Lunedì mattina ' );
INSERT INTO volontario  VALUES ('BPICWF18E11E290W', 'Sante', 'Zamorani', '1987-11-25', 'Carrega Ligure', '1233821731407', 'M', 'Coupe , Pickup' , 'supervisione , trasporto', 'Mercoledì mattina  , Martedì pomeriggio' );
INSERT INTO volontario  VALUES ('LBYAKD51T49H712N', 'Calogero', 'Vigorelli', '1972-05-26', 'Vacil', '6240671339331', 'M', 'Pickup , MiniVan' , 'trasporto , supervisione', NULL );
INSERT INTO volontario  VALUES ('OKNITR80B27C484Q', 'Mirko', 'Pontecorvo', '1963-11-10', 'Rocchetta SantAntonio Stazione', '4151137427932', 'F', 'Sedan , MiniVan' , NULL, 'Giovedì pomeriggio , Lunedì pomeriggio' );
INSERT INTO volontario  VALUES ('TZNHOC44A05E088I', 'Caterina', 'Varano', '1991-10-01', 'Solomiac', '9016400896933', 'M', 'Wagon' , 'ricezione', 'Mercoledì pomeriggio , Giovedì mattina ' );
INSERT INTO volontario  VALUES ('PQUHMO70D59F942D', 'Jolanda', 'Sabbatini', '1974-07-29', 'Codogna', '3688283084353', 'M', NULL , 'supervisione , ricezione', 'Lunedì mattina  , Venerdì pomeriggio' );
INSERT INTO volontario  VALUES ('DYTKNF01M02L545Q', 'Fabrizio', 'Paltrinieri', '1958-11-16', 'Ghislarengo', '3197708594773', 'F', 'MiniVan , SUV' , 'supervisione , ricezione', 'Lunedì mattina ' );
INSERT INTO volontario  VALUES ('EVLGOW43E07H335L', 'Torquato', 'Abba', '1995-01-08', 'Panicarola', '5039568324494', 'M', 'Sedan , MiniVan' , 'ricezione', 'Mercoledì mattina ' );
INSERT INTO volontario  VALUES ('HDIUQJ43E25D079M', 'Lisa', 'Aulenti', '1959-05-23', 'Pompeiana', '3569912418728', 'F', 'Wagon , Sedan' , NULL, NULL );
INSERT INTO volontario  VALUES ('IMTWRE51M59G776A', 'Benito', 'Beccaria', '1985-06-13', 'Malgolo', '5302754275675', 'M', 'Pickup' , 'supervisione , trasporto', NULL );
INSERT INTO volontario  VALUES ('WAVNZY84A56F809Z', 'Viridiana', 'Torlonia', '1987-12-13', 'Passo Stelvio', '7754776217610', 'F', NULL , 'ricezione , trasporto', NULL );
INSERT INTO volontario  VALUES ('IZMNCD77T61D744E', 'Giuliano', 'Golgi', '1959-02-28', 'Mazzin', '6775893081704', 'M', NULL , 'ricezione , supervisione , trasporto', NULL );
INSERT INTO volontario  VALUES ('XKJLZC88E65H380O', 'Giorgia', 'Bova', '1975-08-28', 'Beltiglio', '2958280480768', 'M', NULL , 'trasporto , supervisione', 'Martedì mattina ' );
INSERT INTO volontario  VALUES ('ZDJUZH12C46A096S', 'Gaspare', 'Tassoni', '1998-01-07', 'Villareggia', '0854100584990', 'F', 'MiniVan' , 'trasporto , supervisione', 'Venerdì mattina ' );
INSERT INTO volontario  VALUES ('FDEASS06E48L307Z', 'Silvio', 'Iannelli', '2003-01-03', 'Santena', '2379935594904', 'Others', 'Van' , 'supervisione , ricezione', NULL );
INSERT INTO volontario  VALUES ('XULNSO49S19D613K', 'Pierina', 'Giannone', '1985-04-06', 'Sadali', '9660875193724', 'M', 'Coupe , MiniVan' , NULL, 'Giovedì pomeriggio , Martedì pomeriggio' );
INSERT INTO volontario  VALUES ('SAWDDJ62D14D395P', 'Riccardo', 'Vecellio', '1986-03-16', 'Levane', '6025114448327', 'M', 'Coupe' , 'trasporto , supervisione', NULL );
INSERT INTO volontario  VALUES ('AHBZOG06E21B605T', 'Priscilla', 'Scarponi', '1972-05-26', 'Pozzo Alto', '4422785855810', 'F', 'Wagon' , NULL, 'Giovedì mattina ' );
INSERT INTO volontario  VALUES ('OKKQYT73A09H939U', 'Monica', 'Ioppi', '1996-12-01', 'Rivalto', '2586956408818', 'M', 'Van' , NULL, 'Lunedì mattina  , Venerdì mattina ' );
INSERT INTO volontario  VALUES ('LOODSW33P56E520P', 'Marcella', 'Dossi', '1959-09-21', 'Muros', '0042039584864', 'F', 'Sedan' , 'supervisione', NULL );
INSERT INTO volontario  VALUES ('MDNFGS85M43L497W', 'Flora', 'Trobbiani', '1980-09-09', 'Marzabotto', '4455446968294', 'M', NULL , 'supervisione', NULL );
INSERT INTO volontario  VALUES ('JAZJIS10H57L448Q', 'Sabatino', 'Antonetti', '1965-03-03', 'Roccagiovine', '0192570728462', 'F', NULL , 'trasporto , supervisione , ricezione', 'Lunedì mattina ' );
INSERT INTO volontario  VALUES ('LXFTDE41M28C987L', 'Luciana', 'Malpighi', '1991-08-15', 'Santa Chiara', '0400811169798', 'M', 'MiniVan , SUV' , 'trasporto , ricezione , supervisione', NULL );
INSERT INTO volontario  VALUES ('KZEQCD04T27D557G', 'Melania', 'Cibin', '1965-06-27', 'Crosia', '8733049717470', 'M', 'Sedan , Coupe' , 'trasporto , ricezione', 'Venerdì pomeriggio' );
INSERT INTO volontario  VALUES ('KCQKLW26S51C979V', 'Gianni', 'Mazzacurati', '1959-10-11', 'Fesca', '0895787300376', 'Others', 'SUV' , 'trasporto', 'Sabato pomeriggio' );
INSERT INTO volontario  VALUES ('IRCTEO76R46B971G', 'Adelasia', 'Jilani', '1975-12-27', 'Valeggio', '5083963850044', 'F', 'Van' , 'supervisione , trasporto , ricezione', 'Martedì mattina ' );
INSERT INTO volontario  VALUES ('FPOBIN48S59E971D', 'Napoleone', 'Bernardi', '1967-07-09', 'San Nicola Da Crissa', '0683731090895', 'F', NULL , 'supervisione , trasporto , ricezione', NULL );
INSERT INTO volontario  VALUES ('JDCVAT62S28H574A', 'Marcantonio', 'Udinese', '1990-01-08', 'Pie Di Via', '6948436912257', 'Others', 'Coupe' , 'supervisione', 'Mercoledì mattina ' );
INSERT INTO volontario  VALUES ('PZUDDT43T43D492G', 'Elmo', 'Argentero', '1996-04-16', 'Bellaria Igea Marina', '2173634393867', 'Others', NULL , 'ricezione , supervisione , trasporto', 'Giovedì mattina  , Martedì mattina ' );
INSERT INTO volontario  VALUES ('GDFUTT63P19I735M', 'Claudio', 'Zichichi', '1968-07-19', 'Salgareda', '7516461272427', 'Others', 'SUV' , 'ricezione , supervisione', 'Sabato mattina ' );
INSERT INTO volontario  VALUES ('PDFUQG57S03G561L', 'Gianfrancesco', 'Bonino', '1975-03-07', 'Piancogno', '2159958257055', 'F', 'SUV , Coupe' , 'trasporto , ricezione , supervisione', NULL );
INSERT INTO volontario  VALUES ('AFGIEX61H45F960O', 'Mattia', 'Marino', '1983-10-19', 'Ronco Scrivia', '6065479956307', 'M', NULL , 'trasporto', 'Martedì mattina  , Venerdì mattina ' );
INSERT INTO volontario  VALUES ('QKEQPP93S11I181I', 'Michelangelo', 'Ruberto', '1991-10-16', 'Balze', '9676177397755', 'F', 'Coupe , Wagon' , 'supervisione', NULL );
INSERT INTO volontario  VALUES ('HRGJMB78S19A005U', 'Greco', 'Capone', '1964-10-03', 'Gadesco Pieve Delmona', '4143882812367', 'Others', NULL , 'trasporto , ricezione , supervisione', 'Sabato mattina ' );
INSERT INTO volontario  VALUES ('RBABAU64D26B304O', 'Ricciotti', 'Tognazzi', '1970-12-12', 'Marmorito', '1870953867386', 'M', NULL , 'trasporto', 'Giovedì pomeriggio' );
INSERT INTO volontario  VALUES ('BQWQRF91D21A795H', 'Coluccio', 'Paolini', '1991-10-02', 'Poggio Perugino', '4074474616995', 'F', NULL , 'ricezione , trasporto , supervisione', 'Mercoledì pomeriggio' );
INSERT INTO volontario  VALUES ('YAVIOV25C63I876V', 'Nico', 'Trevisani', '1968-10-08', 'Murlo', '1222613727517', 'Others', 'MiniVan' , 'trasporto , supervisione , ricezione', 'Martedì mattina ' );
INSERT INTO volontario  VALUES ('WCAWRM14R67D086Z', 'Nico', 'Caccianemico', '1962-12-28', 'Rauscedo', '2351888976298', 'M', NULL , 'trasporto', NULL );
INSERT INTO volontario  VALUES ('XZPUHK12R01A059H', 'Giosuè', 'Roccabonella', '1983-06-22', 'San Giuseppe Di Comacchio', '4137636819841', 'F', 'SUV' , 'trasporto , supervisione', 'Giovedì mattina  , Sabato mattina ' );


INSERT INTO collegato  VALUES (2,'WAVNZY84A56F809Z');
INSERT INTO collegato  VALUES (15,'RGZKWO71H19E207K');
INSERT INTO collegato  VALUES (13,'KZEQCD04T27D557G');
INSERT INTO collegato  VALUES (0,'MDNFGS85M43L497W');
INSERT INTO collegato  VALUES (17,'RGZKWO71H19E207K');
INSERT INTO collegato  VALUES (13,'MDNFGS85M43L497W');
INSERT INTO collegato  VALUES (3,'VTSLBY88T11D994E');
INSERT INTO collegato  VALUES (12,'ZDJUZH12C46A096S');
INSERT INTO collegato  VALUES (11,'WAVNZY84A56F809Z');
INSERT INTO collegato  VALUES (3,'LOODSW33P56E520P');
INSERT INTO collegato  VALUES (10,'HRGJMB78S19A005U');
INSERT INTO collegato  VALUES (7,'JKZGUJ90M07C804P');
INSERT INTO collegato  VALUES (11,'WFRMOX42B44I911F');
INSERT INTO collegato  VALUES (0,'ZDJUZH12C46A096S');
INSERT INTO collegato  VALUES (8,'VTSLBY88T11D994E');
INSERT INTO collegato  VALUES (13,'AHBZOG06E21B605T');
INSERT INTO collegato  VALUES (1,'WCAWRM14R67D086Z');
INSERT INTO collegato  VALUES (1,'YAVIOV25C63I876V');
INSERT INTO collegato  VALUES (12,'OKKQYT73A09H939U');
INSERT INTO collegato  VALUES (18,'FPOBIN48S59E971D');
INSERT INTO collegato  VALUES (15,'LOODSW33P56E520P');
INSERT INTO collegato  VALUES (18,'AHBZOG06E21B605T');
INSERT INTO collegato  VALUES (15,'HRGJMB78S19A005U');
INSERT INTO collegato  VALUES (11,'BNNTNA16P68M028K');
INSERT INTO collegato  VALUES (10,'PDFUQG57S03G561L');
INSERT INTO collegato  VALUES (8,'IRCTEO76R46B971G');
INSERT INTO collegato  VALUES (11,'NERWEG71P43A773C');
INSERT INTO collegato  VALUES (4,'WFRMOX42B44I911F');
INSERT INTO collegato  VALUES (11,'JKZGUJ90M07C804P');
INSERT INTO collegato  VALUES (0,'SAWDDJ62D14D395P');
INSERT INTO collegato  VALUES (2,'RGZKWO71H19E207K');
INSERT INTO collegato  VALUES (4,'DYTKNF01M02L545Q');
INSERT INTO collegato  VALUES (16,'XULNSO49S19D613K');
INSERT INTO collegato  VALUES (0,'QKEQPP93S11I181I');
INSERT INTO collegato  VALUES (13,'EVLGOW43E07H335L');
INSERT INTO collegato  VALUES (5,'STDXMU80M59B395K');
INSERT INTO collegato  VALUES (19,'PQUHMO70D59F942D');
INSERT INTO collegato  VALUES (5,'JAZJIS10H57L448Q');
INSERT INTO collegato  VALUES (0,'KZEQCD04T27D557G');
INSERT INTO collegato  VALUES (8,'NERWEG71P43A773C');
INSERT INTO collegato  VALUES (10,'YAVIOV25C63I876V');
INSERT INTO collegato  VALUES (15,'FDEASS06E48L307Z');
INSERT INTO collegato  VALUES (0,'OKNITR80B27C484Q');
INSERT INTO collegato  VALUES (11,'TZNHOC44A05E088I');
INSERT INTO collegato  VALUES (11,'DYTKNF01M02L545Q');
INSERT INTO collegato  VALUES (14,'OKNITR80B27C484Q');
INSERT INTO collegato  VALUES (8,'JKZGUJ90M07C804P');
INSERT INTO collegato  VALUES (13,'KCQKLW26S51C979V');


BEGIN;
INSERT INTO carta_cliente  VALUES (0 , 'PJBBKX81R05M263F','51','5', '1', '1');
INSERT INTO familiare  VALUES ('PJBBKX81R05M263F','Emma','Antelami', '2004-06-10', 'Cussignacco', '4169496020519', 'F', '0');
INSERT INTO familiare  VALUES ('UFQNWJ64C60E248E','Rosina','Antelami', '2010-05-18', 'Montagnana Val Di Pesa', '9165272876682', 'M', '0');
INSERT INTO familiare  VALUES ('DLIPEZ12T28L666O','Veronica','Antelami', '2008-09-20', 'Borgo Quinzio', '9269848456558', 'M', '0');
INSERT INTO familiare  VALUES ('QPTDOC67L20A433V','Zaira','Antelami', '2007-08-14', 'Castelseprio', '8431280605873', 'F', '0');
INSERT INTO familiare  VALUES ('XBKCEQ73A65H447C','Baccio','Antelami', '2008-05-12', 'Poirino', '0341533793106', 'Others', '0');
INSERT INTO familiare  VALUES ('FWAEQJ47A61G507K','Aldo','Antelami', '2019-06-10', 'Nocara', '1405274826525', 'Others', '0');
INSERT INTO familiare  VALUES ('MPEXXN75A27I743Z','Aldo','Antelami', '1956-12-03', 'Cornate DAdda', '3526021587214', 'M', '0');
COMMIT;

BEGIN;
INSERT INTO carta_cliente  VALUES (1 , 'CWAGWD66T45F105Z','8','1', '2', '0');
INSERT INTO familiare  VALUES ('CWAGWD66T45F105Z','Emma','Bonomo', '1984-09-07', 'Collinello', '8778923211359', 'F', '1');
INSERT INTO familiare  VALUES ('MOGKQF43P54F324Q','Simone','Bonomo', '2008-01-23', 'Vilminore', '3870760336690', 'F', '1');
INSERT INTO familiare  VALUES ('OHGAST51H46D630G','Calogero','Bonomo', '1966-04-10', 'Borgonuovo Di Neive', '3030410261443', 'F', '1');
COMMIT;

BEGIN;
INSERT INTO carta_cliente  VALUES (2 , 'NODDAX03A45I866I','59','0', '2', '2');
INSERT INTO familiare  VALUES ('NODDAX03A45I866I','Beatrice','Sbarbaro', '1997-11-27', 'Mulazzano', '8885466342615', 'Others', '2');
INSERT INTO familiare  VALUES ('CYFORJ07M57F785I','Benito','Sbarbaro', '1995-05-26', 'Godiasco', '7005964514667', 'M', '2');
INSERT INTO familiare  VALUES ('JGNVVZ63H24A941S','Melania','Sbarbaro', '1949-04-23', 'Cadelbosco Di Sopra', '4791506190705', 'Others', '2');
INSERT INTO familiare  VALUES ('CFGPNF43D13L730U','Arturo','Sbarbaro', '1938-05-08', 'Tartsc', '6469581436824', 'F', '2');
COMMIT;

BEGIN;
INSERT INTO carta_cliente  VALUES (3 , 'VHRNXP39H18B237B','56','3', '3', '1');
INSERT INTO familiare  VALUES ('VHRNXP39H18B237B','Giancarlo','Necci', '1960-03-23', 'Sperone', '0157878701057', 'Others', '3');
INSERT INTO familiare  VALUES ('OXRNUY49A13D732U','Caterina','Necci', '2008-11-24', 'Scafati', '6938246406100', 'F', '3');
INSERT INTO familiare  VALUES ('PTBUJJ22C22H811O','Amadeo','Necci', '2018-07-30', 'Fleri', '8039936570522', 'M', '3');
INSERT INTO familiare  VALUES ('LEWCCG62L26M356Q','Matilda','Necci', '2015-05-26', 'Ambrogio', '9780243487874', 'Others', '3');
INSERT INTO familiare  VALUES ('RIMAMI36H17B636M','Carla','Necci', '1988-03-10', 'Vierschach', '5499933353156', 'Others', '3');
INSERT INTO familiare  VALUES ('NSGKRZ50C07C914I','Maria','Necci', '1992-10-06', 'Vernazza', '1354410030333', 'M', '3');
INSERT INTO familiare  VALUES ('IXZMRM93L10B076V','Nanni','Necci', '1931-11-25', 'Ca Raffaello', '7141443262385', 'Others', '3');
COMMIT;

BEGIN;
INSERT INTO carta_cliente  VALUES (4 , 'ZPFKSO11D20B923Z','15','3', '1', '2');
INSERT INTO familiare  VALUES ('ZPFKSO11D20B923Z','Matilda','Coardi', '1993-09-18', 'Ali', '5368899796397', 'F', '4');
INSERT INTO familiare  VALUES ('UNKLLS79A24A194Q','Giuliana','Coardi', '2010-07-02', 'Cogliate', '6159043236772', 'F', '4');
INSERT INTO familiare  VALUES ('MYGRIJ11S68F496W','Federico','Coardi', '2014-04-12', 'Piobesi DAlba', '3705920215385', 'F', '4');
INSERT INTO familiare  VALUES ('MGAYQK65P10G614R','Cecilia','Coardi', '2007-04-06', 'Albe', '2135787069157', 'Others', '4');
INSERT INTO familiare  VALUES ('XBAEUO14D05F217J','Cesare','Coardi', '1955-11-05', 'Pontinia', '6728197626088', 'Others', '4');
INSERT INTO familiare  VALUES ('HUHGAX29B05E936Y','Patrizia','Coardi', '1956-12-18', 'San Pietro Di Milazzo', '4298667000583', 'Others', '4');
COMMIT;

BEGIN;
INSERT INTO carta_cliente  VALUES (5 , 'OXYTIJ46S50E062Y','10','2', '5', '0');
INSERT INTO familiare  VALUES ('OXYTIJ46S50E062Y','Letizia','Panzera', '2002-04-12', 'Siano', '9438138202380', 'Others', '5');
INSERT INTO familiare  VALUES ('TNJRAW98T26A836D','Ruggiero','Panzera', '2008-11-25', 'Borgomasino', '7165579252629', 'M', '5');
INSERT INTO familiare  VALUES ('FYFCCU44D48I234P','Amedeo','Panzera', '2016-08-08', 'Cerenova', '7197595925729', 'M', '5');
INSERT INTO familiare  VALUES ('UTTOJF17H13G676I','Vittoria','Panzera', '1959-09-18', 'Casa Del Conte', '3494986097481', 'Others', '5');
INSERT INTO familiare  VALUES ('QDQKDZ57B19G815I','Panfilo','Panzera', '1989-10-05', 'Thuins', '2552931741468', 'Others', '5');
INSERT INTO familiare  VALUES ('WUKDLM17D24M317V','Pompeo','Panzera', '1960-09-11', 'Roccasecca', '9074252057696', 'Others', '5');
INSERT INTO familiare  VALUES ('QRSWTJ64S57F513D','Griselda','Panzera', '2002-05-02', 'Loconia', '2842765096027', 'F', '5');
COMMIT;

BEGIN;
INSERT INTO carta_cliente  VALUES (6 , 'BMQPKQ87L48F089J','4','3', '1', '1');
INSERT INTO familiare  VALUES ('BMQPKQ87L48F089J','Piergiuseppe','Pigafetta', '1995-08-28', 'Magazzino', '1329334093384', 'Others', '6');
INSERT INTO familiare  VALUES ('ULOMPP35H59F483W','Sandro','Pigafetta', '2018-03-28', 'Legnano', '2923969328887', 'M', '6');
INSERT INTO familiare  VALUES ('KESHIU88R06G149P','Piergiuseppe','Pigafetta', '2014-08-19', 'Massimeno', '8682513750851', 'F', '6');
INSERT INTO familiare  VALUES ('JTVYIW97P60E709N','Evangelista','Pigafetta', '2009-04-27', 'Roncalceci', '6885980384968', 'M', '6');
INSERT INTO familiare  VALUES ('FBYRFP60T43D575D','Cecilia','Pigafetta', '1936-11-28', 'Lundo', '0882441133259', 'Others', '6');
COMMIT;

BEGIN;
INSERT INTO carta_cliente  VALUES (7 , 'TWCWBD94E06B469W','43','1', '3', '1');
INSERT INTO familiare  VALUES ('TWCWBD94E06B469W','Damiano','Cattaneo', '1979-11-23', 'Contrada Tenna', '5897878457500', 'Others', '7');
INSERT INTO familiare  VALUES ('FGUQRL60B48B633E','Gioacchino','Cattaneo', '2008-02-01', 'Fumane', '3942850164075', 'F', '7');
INSERT INTO familiare  VALUES ('BWTURO26D42I827V','Micheletto','Cattaneo', '2004-11-13', 'Fermignano', '3599044394446', 'Others', '7');
INSERT INTO familiare  VALUES ('WWHAFV54T61L410Y','Gianluigi','Cattaneo', '1974-07-25', 'Strove', '7355924918549', 'M', '7');
INSERT INTO familiare  VALUES ('YPNNPL76C41E271E','Tatiana','Cattaneo', '1934-06-18', 'Fontanelle', '6619259719510', 'M', '7');
COMMIT;

BEGIN;
INSERT INTO carta_cliente  VALUES (8 , 'PMQRWS91S07H007Y','60','4', '1', '1');
INSERT INTO familiare  VALUES ('PMQRWS91S07H007Y','Venancio','Bevilacqua', '1972-10-17', 'Agoiolo', '1329914856095', 'M', '8');
INSERT INTO familiare  VALUES ('QWLQHT63H12H243S','Ranieri','Bevilacqua', '2014-05-17', 'Abbazia', '6942337402491', 'Others', '8');
INSERT INTO familiare  VALUES ('OSIXBT20M22F766H','Evangelista','Bevilacqua', '2020-07-08', 'Zugliano', '1467356203587', 'Others', '8');
INSERT INTO familiare  VALUES ('SHJBEW78B58D112A','Diana','Bevilacqua', '2018-08-30', 'Ena Sa Chitta', '1454781050175', 'Others', '8');
INSERT INTO familiare  VALUES ('UPLLAD02M03E794N','Federica','Bevilacqua', '2015-10-23', 'Bagnoli Della Rosandra', '9343859102574', 'M', '8');
INSERT INTO familiare  VALUES ('AIYKHU11S17G362F','Maria','Bevilacqua', '1934-07-17', 'San Giorgio Di Mantova', '4286034390534', 'Others', '8');
COMMIT;

BEGIN;
INSERT INTO carta_cliente  VALUES (9 , 'ARXRFH75B08D277X','37','2', '3', '0');
INSERT INTO familiare  VALUES ('ARXRFH75B08D277X','Antonella','Borrani', '2003-11-22', 'Aglientu', '9343288015450', 'F', '9');
INSERT INTO familiare  VALUES ('TNOFFS07L50E960U','Fedele','Borrani', '2010-03-01', 'Eyrs', '5623100411183', 'Others', '9');
INSERT INTO familiare  VALUES ('GYNOYG67R05L136T','Galasso','Borrani', '2017-05-25', 'Bettole Di Buffalora', '5768918009387', 'M', '9');
INSERT INTO familiare  VALUES ('UXCWLG90A54I271C','Costanzo','Borrani', '1976-08-05', 'Pogno', '4959232085931', 'M', '9');
INSERT INTO familiare  VALUES ('KCJLJN48H68C480T','Mario','Borrani', '1986-02-19', 'Manta', '6301322466075', 'F', '9');
COMMIT;

BEGIN;
INSERT INTO carta_cliente  VALUES (10 , 'USSEBX17P42M156U','41','0', '1', '1');
INSERT INTO familiare  VALUES ('USSEBX17P42M156U','Eraldo','Ferragamo', '1993-11-17', 'Corzano', '1956291014876', 'Others', '10');
INSERT INTO familiare  VALUES ('IXMYJH48C44F055P','Annamaria','Ferragamo', '1943-06-12', 'Chiaia', '2838373462633', 'Others', '10');
COMMIT;

BEGIN;
INSERT INTO carta_cliente  VALUES (11 , 'NQQRJG63C51G376T','36','1', '3', '1');
INSERT INTO familiare  VALUES ('NQQRJG63C51G376T','Lidia','Orsini', '1969-12-30', 'Predazzo', '8554440376504', 'M', '11');
INSERT INTO familiare  VALUES ('DOLNJU64R55C795J','Laura','Orsini', '2017-07-26', 'Belforte Monferrato', '6440383033882', 'M', '11');
INSERT INTO familiare  VALUES ('RTLALH17L48D566J','Carmelo','Orsini', '1995-11-29', 'Alimena', '4846901510284', 'M', '11');
INSERT INTO familiare  VALUES ('QLOFBF55A46A061F','Ermenegildo','Orsini', '1987-03-19', 'Miane', '2740620620193', 'F', '11');
INSERT INTO familiare  VALUES ('FVIFGS51T64D697W','Lazzaro','Orsini', '1949-06-29', 'Scisciano', '4007769302042', 'M', '11');
COMMIT;

BEGIN;
INSERT INTO carta_cliente  VALUES (12 , 'EFGBKD42R20G854S','4','2', '2', '0');
INSERT INTO familiare  VALUES ('EFGBKD42R20G854S','Amedeo','Bettoni', '1988-04-02', 'Roncaro', '5673338378693', 'M', '12');
INSERT INTO familiare  VALUES ('EKQDFB33M04F556N','Martino','Bettoni', '2019-10-05', 'Dozza', '5745464348129', 'F', '12');
INSERT INTO familiare  VALUES ('VUQREC56R07C691E','Annetta','Bettoni', '2009-11-10', 'Almenno San Salvatore', '8386799896273', 'F', '12');
INSERT INTO familiare  VALUES ('KGSBLG18S04B768Z','Martino','Bettoni', '1986-07-13', 'Germagno', '8098727561359', 'M', '12');
COMMIT;

BEGIN;
INSERT INTO carta_cliente  VALUES (13 , 'VNNXYN76H65H127G','34','5', '2', '0');
INSERT INTO familiare  VALUES ('VNNXYN76H65H127G','Amleto','Ossani', '2003-08-30', 'Riscone', '8455474776233', 'M', '13');
INSERT INTO familiare  VALUES ('GAQITQ12S07E593T','Massimiliano','Ossani', '2018-05-16', 'Cellatica', '2739962050226', 'Others', '13');
INSERT INTO familiare  VALUES ('HAWRSW00E07G603P','Teresa','Ossani', '2013-02-21', 'Vauda Canavese Superiore', '7821217993487', 'Others', '13');
INSERT INTO familiare  VALUES ('JEGOVM39E08E328W','Elladio','Ossani', '2010-05-26', 'Badalucco', '3468958462747', 'F', '13');
INSERT INTO familiare  VALUES ('QNJMQF13A46E284I','Franco','Ossani', '2016-02-24', 'Lodi Vecchio', '5148082768340', 'Others', '13');
INSERT INTO familiare  VALUES ('WHQLQF70S17C722A','Pomponio','Ossani', '2010-04-23', 'Sommariva Perno', '9577354385236', 'Others', '13');
INSERT INTO familiare  VALUES ('LOZVHC85M01D109R','Giovanni','Ossani', '1979-06-14', 'Camerano Casasco', '4706926988562', 'M', '13');
COMMIT;

BEGIN;
INSERT INTO carta_cliente  VALUES (14 , 'YLDLIG46P13H421S','33','0', '1', '1');
INSERT INTO familiare  VALUES ('YLDLIG46P13H421S','Bettina','Doglioni', '1987-08-31', 'Monteleone Di Fermo', '5320025712700', 'M', '14');
INSERT INTO familiare  VALUES ('GHMHMF97A22M362G','Coluccio','Doglioni', '1945-07-07', 'Torre Lapillo', '6075762347065', 'M', '14');
COMMIT;

BEGIN;
INSERT INTO carta_cliente  VALUES (15 , 'KEJWED75S55L022C','58','1', '1', '1');
INSERT INTO familiare  VALUES ('KEJWED75S55L022C','Raffaellino','Civaschi', '1988-01-17', 'Tor De Cenci', '7793826208974', 'F', '15');
INSERT INTO familiare  VALUES ('ZFWOLR01B07B828P','Panfilo','Civaschi', '2012-08-31', 'Tresilico', '2238267408077', 'M', '15');
INSERT INTO familiare  VALUES ('NMUNYL19M05F315G','Gemma','Civaschi', '1950-01-19', 'Rovasenda', '7580427331739', 'Others', '15');
COMMIT;

BEGIN;
INSERT INTO carta_cliente  VALUES (16 , 'IDVDTR12M46C882J','23','3', '2', '0');
INSERT INTO familiare  VALUES ('IDVDTR12M46C882J','Ugo','Savorgnan', '1980-09-19', 'Bolognola', '1660391861187', 'F', '16');
INSERT INTO familiare  VALUES ('PEXGCR48B18I555G','Eva','Savorgnan', '2010-08-31', 'St.Nikolau', '6428100107258', 'Others', '16');
INSERT INTO familiare  VALUES ('PAFQWA35E18F386A','Cirillo','Savorgnan', '2012-08-01', 'Cenova', '8181718766813', 'F', '16');
INSERT INTO familiare  VALUES ('PYFXIR07A45H997X','Mirko','Savorgnan', '2008-10-21', 'Bagni Di Lucca', '8824727202212', 'M', '16');
INSERT INTO familiare  VALUES ('QARSVP28C61H994X','Loretta','Savorgnan', '1965-10-07', 'Sorga', '1555448620621', 'M', '16');
COMMIT;

BEGIN;
INSERT INTO carta_cliente  VALUES (17 , 'CBTVDG82B23F592M','16','0', '2', '0');
INSERT INTO familiare  VALUES ('CBTVDG82B23F592M','Adelasia','Miniati', '1989-07-09', 'Gorizia', '9320818477476', 'M', '17');
INSERT INTO familiare  VALUES ('OOHMPR19S10L023O','Bettina','Miniati', '1962-04-13', 'Vallefiorita', '2702044245140', 'M', '17');
COMMIT;

BEGIN;
INSERT INTO carta_cliente  VALUES (18 , 'MZRSUN20M23D065X','36','0', '6', '1');
INSERT INTO familiare  VALUES ('MZRSUN20M23D065X','Martino','Gritti', '1992-08-23', 'San Lorenzo De Picenardi', '2296369715186', 'F', '18');
INSERT INTO familiare  VALUES ('TJOSWC06A14L278G','Gianfrancesco','Gritti', '1967-09-11', 'Compiobbi', '8799907619917', 'Others', '18');
INSERT INTO familiare  VALUES ('PRSWKQ39A27B804H','Biagio','Gritti', '1998-01-01', 'SantAgata Sui Due Golfi', '4169826089867', 'Others', '18');
INSERT INTO familiare  VALUES ('QGBTLI49T27B306N','Angelina','Gritti', '1974-06-09', 'Pozzol Groppo', '1364358799021', 'F', '18');
INSERT INTO familiare  VALUES ('HNMQNZ84L01L319U','Marisa','Gritti', '1970-08-01', 'San Gimignano', '2896340777465', 'M', '18');
INSERT INTO familiare  VALUES ('IFDXKB70C42F246N','Danilo','Gritti', '1964-01-22', 'Casino Pica', '7895667933590', 'F', '18');
INSERT INTO familiare  VALUES ('BNCWYZ53A56G976T','Lucrezia','Gritti', '1933-04-10', 'Casole Bruzio', '3773509919853', 'Others', '18');
COMMIT;

BEGIN;
INSERT INTO carta_cliente  VALUES (19 , 'FTZVQW82E46I019C','51','1', '3', '1');
INSERT INTO familiare  VALUES ('FTZVQW82E46I019C','Graziella','Mercadante', '1987-08-26', 'Karersee', '8793651484427', 'F', '19');
INSERT INTO familiare  VALUES ('KDJPAC18E02H531L','Tullio','Mercadante', '2018-03-15', 'Vado Ligure', '5925720065925', 'F', '19');
INSERT INTO familiare  VALUES ('DNAECR11S28H460A','Giulia','Mercadante', '2003-07-19', 'Prodo', '0377539358730', 'M', '19');
INSERT INTO familiare  VALUES ('IGDFAO60S64L904F','Antonello','Mercadante', '1970-01-14', 'Tavagnasco', '8630575492575', 'Others', '19');
INSERT INTO familiare  VALUES ('RVNSJZ77S62E882O','Biagio','Mercadante', '1942-01-24', 'Gambatesa', '9393014099162', 'M', '19');
COMMIT;

BEGIN;
INSERT INTO carta_cliente  VALUES (20 , 'RYIXGC29T60I624E','24','0', '2', '0');
INSERT INTO familiare  VALUES ('RYIXGC29T60I624E','Annamaria','Bodoni', '2003-05-14', 'Bevilacqua', '9794108953419', 'Others', '20');
INSERT INTO familiare  VALUES ('LXBLAV74H55B960P','Maria','Bodoni', '1989-01-08', 'Monticelli Brusati', '9706553386790', 'M', '20');
COMMIT;

BEGIN;
INSERT INTO carta_cliente  VALUES (21 , 'NTCAAS65M52L203E','38','3', '3', '0');
INSERT INTO familiare  VALUES ('NTCAAS65M52L203E','Natalia','Toscanini', '1969-12-03', 'Rive', '1331326186994', 'F', '21');
INSERT INTO familiare  VALUES ('RAHMWS68A22F706P','Giampaolo','Toscanini', '2017-09-28', 'Castelletto Sopra Ticino', '6554732438741', 'F', '21');
INSERT INTO familiare  VALUES ('HLATBN50T68D338P','Fortunata','Toscanini', '2010-02-03', 'Olmi Di Treviso', '7763098241638', 'F', '21');
INSERT INTO familiare  VALUES ('BZLFGV76S12L703Q','Maurilio','Toscanini', '2006-02-19', 'Villabassa', '7537156460518', 'Others', '21');
INSERT INTO familiare  VALUES ('XVNJDT27S07C217L','Piergiorgio','Toscanini', '1994-02-16', 'Bagno Di Romagna', '8818692811753', 'F', '21');
INSERT INTO familiare  VALUES ('OWBTAE26D50H935V','Salvi','Toscanini', '1958-12-23', 'San Giorgio', '8485087290532', 'F', '21');
COMMIT;

BEGIN;
INSERT INTO carta_cliente  VALUES (22 , 'XIXBAA50R18E666L','7','2', '2', '0');
INSERT INTO familiare  VALUES ('XIXBAA50R18E666L','Graziano','Zanazzo', '1983-05-20', 'Civago', '8690198724866', 'F', '22');
INSERT INTO familiare  VALUES ('EBAEWY96L50E203K','Filippo','Zanazzo', '2006-04-20', 'Roddi', '9177034292022', 'Others', '22');
INSERT INTO familiare  VALUES ('IRHYGK64M57M425P','Saverio','Zanazzo', '2012-03-05', 'Isili', '7832604842787', 'Others', '22');
INSERT INTO familiare  VALUES ('TFPPKU94B08G770E','Fedele','Zanazzo', '2003-08-08', 'Vanga', '2459801223739', 'F', '22');
COMMIT;

BEGIN;
INSERT INTO carta_cliente  VALUES (23 , 'LRIRBS05A05H470P','33','2', '1', '2');
INSERT INTO familiare  VALUES ('LRIRBS05A05H470P','Bartolomeo','Mondadori', '2002-06-09', 'Trinita', '8384387155880', 'Others', '23');
INSERT INTO familiare  VALUES ('LLXHKT52C54F309F','Silvestro','Mondadori', '2011-04-27', 'Sorianello', '0427895669970', 'Others', '23');
INSERT INTO familiare  VALUES ('VPIURX86P47I249A','Massimiliano','Mondadori', '2014-12-15', 'Scorcetoli', '9917634285277', 'M', '23');
INSERT INTO familiare  VALUES ('QDWQWQ57C17D940B','Carmelo','Mondadori', '1935-02-09', 'Sesto Calende', '9796646558890', 'M', '23');
INSERT INTO familiare  VALUES ('SUMCXZ38A53E829U','Aldo','Mondadori', '1940-09-14', 'Madonna Del Piano', '8400481917390', 'Others', '23');
COMMIT;

BEGIN;
INSERT INTO carta_cliente  VALUES (24 , 'XPGMQW25D09E830E','50','2', '4', '0');
INSERT INTO familiare  VALUES ('XPGMQW25D09E830E','Pasqual','Parini', '1962-01-18', 'Torcegno', '6697867903833', 'F', '24');
INSERT INTO familiare  VALUES ('MXQNMS71R04B845M','Roman','Parini', '2010-06-11', 'Valle San Bartolomeo', '9161920142222', 'F', '24');
INSERT INTO familiare  VALUES ('LJSBYJ62B10L187K','Marissa','Parini', '2010-08-11', 'Norbello', '2567433995304', 'Others', '24');
INSERT INTO familiare  VALUES ('RBXKHA84H03B251P','Vincenza','Parini', '1959-05-09', 'Orti', '1638147455104', 'F', '24');
INSERT INTO familiare  VALUES ('JOMPRF81A59B205R','Roman','Parini', '1958-01-05', 'Blufi', '2024594420665', 'F', '24');
INSERT INTO familiare  VALUES ('BDNFTR99R05L420D','Eleanora','Parini', '1979-11-14', 'Montesinaro', '6064818370459', 'M', '24');
COMMIT;

BEGIN;
INSERT INTO carta_cliente  VALUES (25 , 'PEZAFT95A04A402I','49','1', '2', '0');
INSERT INTO familiare  VALUES ('PEZAFT95A04A402I','Adriana','Farina', '1994-04-10', 'Ospedalicchio Di Bastia Umbra', '1716746979216', 'F', '25');
INSERT INTO familiare  VALUES ('QTPSFO69R26B923X','Cirillo','Farina', '2013-09-26', 'Niguarda', '3230274704780', 'M', '25');
INSERT INTO familiare  VALUES ('NMVRQE91H55M207E','Nicoletta','Farina', '1974-02-19', 'Cenate Sotto', '2930649981303', 'Others', '25');
COMMIT;

BEGIN;
INSERT INTO carta_cliente  VALUES (26 , 'RATZPR73M62D296S','38','2', '3', '0');
INSERT INTO familiare  VALUES ('RATZPR73M62D296S','Margherita','Tanzini', '1962-01-06', 'Issiglio', '9869066078934', 'F', '26');
INSERT INTO familiare  VALUES ('TEZSJS76C44B578X','Pompeo','Tanzini', '2008-10-24', 'Bortigali', '7548131597770', 'Others', '26');
INSERT INTO familiare  VALUES ('BKOQEU21C64H529F','Giovanna','Tanzini', '2007-04-24', 'Penna In Teverina', '7606969984382', 'F', '26');
INSERT INTO familiare  VALUES ('KLBUQW40B15F783R','Ottone','Tanzini', '1973-05-12', 'Rovagnate', '7057202583322', 'Others', '26');
INSERT INTO familiare  VALUES ('LXDAEU39E19G093D','Gaspare','Tanzini', '2000-05-22', 'Piana Battolla', '2445766976235', 'M', '26');
COMMIT;

BEGIN;
INSERT INTO carta_cliente  VALUES (27 , 'WNSIKN51C48A315D','27','2', '3', '1');
INSERT INTO familiare  VALUES ('WNSIKN51C48A315D','Eraldo','Agnesi', '1961-07-29', 'Lancusi', '9573420536544', 'M', '27');
INSERT INTO familiare  VALUES ('TEDGJZ40B55A243Q','Giancarlo','Agnesi', '2020-08-22', 'Andriano', '2162633772424', 'Others', '27');
INSERT INTO familiare  VALUES ('UVGCBT91C28C493S','Alessandro','Agnesi', '2011-09-06', 'Todi', '4543607166149', 'M', '27');
INSERT INTO familiare  VALUES ('WIYCYC48S06L850G','Caterina','Agnesi', '2001-01-24', 'Montresta', '4974160213136', 'M', '27');
INSERT INTO familiare  VALUES ('QYXZMH29B17C059K','Pina','Agnesi', '1980-01-05', 'Celle Ligure', '3485016091765', 'Others', '27');
INSERT INTO familiare  VALUES ('XTKDOV31C64B034T','Ronaldo','Agnesi', '1950-07-16', 'Figline Valdarno', '6182991341316', 'F', '27');
COMMIT;

BEGIN;
INSERT INTO carta_cliente  VALUES (28 , 'NGLMJZ22L41M286N','14','1', '6', '0');
INSERT INTO familiare  VALUES ('NGLMJZ22L41M286N','Bartolomeo','Detti', '1963-07-10', 'Rebeccu', '6923069974963', 'Others', '28');
INSERT INTO familiare  VALUES ('EOVEAD26P68G292B','Pellegrino','Detti', '2019-03-25', 'St. Christina/S. Crestina -Gherdeina', '1102401317224', 'Others', '28');
INSERT INTO familiare  VALUES ('VEPZXI84C65I709M','Renata','Detti', '1976-05-07', 'Tolmezzo', '8761691669307', 'Others', '28');
INSERT INTO familiare  VALUES ('KCQAZC42P61A694K','Camillo','Detti', '1989-09-04', 'Cavaglia', '2707608609521', 'M', '28');
INSERT INTO familiare  VALUES ('YEIUBO90P41B842I','Filippa','Detti', '1974-02-08', 'Pescia', '3922314943296', 'F', '28');
INSERT INTO familiare  VALUES ('QOLCQI69P06I016D','Tatiana','Detti', '1964-05-08', 'Paola Santuario', '6033007049841', 'Others', '28');
INSERT INTO familiare  VALUES ('XDPAGH32C11F749L','Guido','Detti', '1981-03-30', 'Sotto Il Monte Giovanni Xxiii', '2671406073187', 'Others', '28');
COMMIT;

BEGIN;
INSERT INTO carta_cliente  VALUES (29 , 'HFXJWR39P12C789M','40','1', '1', '2');
INSERT INTO familiare  VALUES ('HFXJWR39P12C789M','Maura','Bignami', '1971-08-15', 'Borgo San Giacomo', '7787679764805', 'Others', '29');
INSERT INTO familiare  VALUES ('PJBKTY30L51E679T','Leopoldo','Bignami', '2018-10-08', 'San Giovanni Montebello', '7062150714982', 'F', '29');
INSERT INTO familiare  VALUES ('PPCXJO61H26E656O','Edoardo','Bignami', '1948-01-09', 'Scido', '9940972966160', 'F', '29');
INSERT INTO familiare  VALUES ('IOUPSG45B03F175Y','Sante','Bignami', '1931-03-28', 'Olda', '0913121942310', 'F', '29');
COMMIT;



INSERT INTO autorizza VALUES (7, 0, 46, '2022-05-13');
INSERT INTO autorizza VALUES (13, 1, 39, '2022-06-02');
INSERT INTO autorizza VALUES (3, 2, 48, '2022-03-12');
INSERT INTO autorizza VALUES (2, 3, 40, '2022-04-23');
INSERT INTO autorizza VALUES (17, 4, 49, '2022-02-24');
INSERT INTO autorizza VALUES (3, 5, 44, '2022-03-27');
INSERT INTO autorizza VALUES (2, 6, 54, '2022-03-06');
INSERT INTO autorizza VALUES (1, 7, 35, '2022-05-12');
INSERT INTO autorizza VALUES (9, 8, 39, '2022-04-07');
INSERT INTO autorizza VALUES (13, 9, 40, '2022-02-22');
INSERT INTO autorizza VALUES (13, 10, 43, '2022-04-26');
INSERT INTO autorizza VALUES (19, 11, 45, '2022-03-05');
INSERT INTO autorizza VALUES (9, 12, 31, '2022-02-26');
INSERT INTO autorizza VALUES (4, 13, 54, '2022-03-24');
INSERT INTO autorizza VALUES (10, 14, 30, '2022-05-27');
INSERT INTO autorizza VALUES (6, 15, 44, '2022-02-25');
INSERT INTO autorizza VALUES (0, 16, 44, '2022-03-29');
INSERT INTO autorizza VALUES (12, 17, 48, '2022-05-25');
INSERT INTO autorizza VALUES (9, 18, 55, '2022-05-18');
INSERT INTO autorizza VALUES (18, 19, 55, '2022-02-20');
INSERT INTO autorizza VALUES (10, 20, 39, '2022-04-07');
INSERT INTO autorizza VALUES (14, 21, 32, '2022-05-02');
INSERT INTO autorizza VALUES (12, 22, 34, '2022-03-11');
INSERT INTO autorizza VALUES (10, 23, 40, '2022-05-26');
INSERT INTO autorizza VALUES (15, 24, 41, '2022-05-30');
INSERT INTO autorizza VALUES (9, 25, 46, '2022-05-18');
INSERT INTO autorizza VALUES (5, 26, 54, '2022-05-10');
INSERT INTO autorizza VALUES (9, 27, 42, '2022-05-28');
INSERT INTO autorizza VALUES (17, 28, 46, '2022-03-15');
INSERT INTO autorizza VALUES (1, 29, 30, '2022-02-27');


INSERT INTO donatore VALUES ('USSKTB94R22E852O','6654885941313','Tosi e figli',NULL);
INSERT INTO donatore VALUES ('TYTESE41B23L784G','3004182579594','Paloma','Faugno');
INSERT INTO donatore VALUES ('EEEUDT58R26I467Y','5340722728581','Lucia','Gigli');
INSERT INTO donatore VALUES ('WWYEOP34C59D054C','2818843104517','Graziano','Baracca');
INSERT INTO donatore VALUES ('EXIFLT40D54M399C','3523619349748','Desio, Piane e Bassi SPA',NULL);
INSERT INTO donatore VALUES ('XSOPJY24A56L105M','6878251131310','Virgilio s.r.l.',NULL);
INSERT INTO donatore VALUES ('JRPUQE80S51F616N','4761536790163','Foa s.r.l.',NULL);
INSERT INTO donatore VALUES ('HTXOMV60D01B578U','9027832768763','Alfio','Iannucci');
INSERT INTO donatore VALUES ('NSKJUC25B60F580H','9856484223844','Gelsomina','Canetta');
INSERT INTO donatore VALUES ('DWFRRC40D03B950Q','2744643455804','Rismondo, Gatto e Natta s.r.l.',NULL);
INSERT INTO donatore VALUES ('NDQQQO93A17C523C','5274811880350','Bernardo','Galvani');
INSERT INTO donatore VALUES ('WRSTPZ95A58H497J','3572561108424','Jilani-Spanevello s.r.l.',NULL);
INSERT INTO donatore VALUES ('SDIXVC05E22B076L','4241761309545','Ida','Bompiani');
INSERT INTO donatore VALUES ('VQPARY06R49G779W','5625408666531','Federigo','Onisto');
INSERT INTO donatore VALUES ('SMADLZ30B11I147Q','0185588323193','Morpurgo-Siffredi s.r.l.',NULL);
INSERT INTO donatore VALUES ('WFGDDF22R53H821I','9366959264184','Soffici, Rapisardi e Treves s.',NULL);
INSERT INTO donatore VALUES ('HGLGWX10D50B194G','7781267018808','Bacosi-Stoppani s.r.l.',NULL);
INSERT INTO donatore VALUES ('CYWICX48R20I874C','1294009522284','Griselda','Federici');
INSERT INTO donatore VALUES ('OKRSVD60L52A163Y','3452698012337','Francesco','Giacconi');
INSERT INTO donatore VALUES ('TZNFZL46R07D436M','2407031592846','Gioele','Dovara');
INSERT INTO donatore VALUES ('NFPZTX46M13A681Y','1100686308619','Dante','Turchetta');
INSERT INTO donatore VALUES ('OWTRRD39L26F758C','7182931566476','Luxardo e figli',NULL);
INSERT INTO donatore VALUES ('DXYNLE94P23G564Q','8855110226210','Mennea, Scalfaro e Ginesio SPA',NULL);
INSERT INTO donatore VALUES ('LTMKMH49M05M410S','6752473556891','Liguori s.r.l.',NULL);
INSERT INTO donatore VALUES ('FCZHVM81D05D344A','4754517223134','Massimo','Caruso');
INSERT INTO donatore VALUES ('CNXSUW13S59C070V','9029662052108','Badoglio, Pietrangeli e Abatan',NULL);
INSERT INTO donatore VALUES ('DVPONQ88H11A324O','8185420632599','Barcaccia Group',NULL);
INSERT INTO donatore VALUES ('XFLAZJ37S02I457G','4713400082003','Atenulf','Praga');
INSERT INTO donatore VALUES ('INHMPH87B48G955J','2896243362378','Ricciardi e figli',NULL);
INSERT INTO donatore VALUES ('ADEEST10B25L106L','1508166443367','Venancio','Fogazzaro');


--INZIO TRIGGER A
CREATE OR REPLACE FUNCTION checkTurniFun() RETURNS trigger AS 
$$
DECLARE
riceveStart timestamp;
riceveEnd timestamp;
ric boolean;

traspStart timestamp;
traspEnd timestamp;
tr boolean;

appStart timestamp;
appEnd timestamp;
app boolean;
BEGIN
    -- prima verifica
    IF((
        SELECT COUNT(dataOra)
        FROM Turno T
        WHERE T.cf = NEW.cf AND (T.turnoInizio,T.turnoFine) OVERLAPS (NEW.turnoInizio, new.TurnoFine)
        ) > 0)
    THEN 
        RAISE EXCEPTION 'Il volontario ha già un turno tra questi orari';  
    END IF;
    
    
    -- seconda verifica
    IF(NEW.codRiceve is not null)
    THEN
        SELECT riceveInizio,riceveFine INTO riceveStart,riceveEnd
        FROM Ricezione
        WHERE Ricezione.codRiceve = NEW.codRiceve;
        ric  := true;  
        
        IF(not (riceveStart >= NEW.turnoInizio  and riceveEnd <= NEW.turnoFine))
        THEN
            RAISE EXCEPTION 'Ricezione va fuori dal turno'; 
        END iF;
        
    ELSE
        ric := false;
    END IF; 
    
    IF(NEW.codTrasporto is not null)
    THEN
        SELECT trasportoInizio,trasportoFine INTO traspStart,traspEnd
        FROM Trasporto
        WHERE Trasporto.codRiceve = NEW.codTrasporto;
        tr  := true;
        
        IF(not (traspStart >= NEW.turnoInizio  and traspEnd <= NEW.turnoFine))
        THEN
            RAISE EXCEPTION 'Trasporto va fuori dal turno'; 
        END iF;
    ELSE
        tr := false;
    END IF;
    
    IF(NEW.dataOra is not null)
    THEN
        appStart := NEW.dataOra;
        appEnd := NEW.dataOra + (20 * interval '1 minute');
        app  := true;
        
        IF(not (appStart >= NEW.turnoInizio  and appEnd <= NEW.turnoFine))
        THEN
            RAISE EXCEPTION 'Appuntamento va fuori dal turno'; 
        END iF;
    ELSE
        app := false;
    END IF;
    
    
    IF(app)
    THEN
        IF(tr)
        THEN
            IF(ric)
            THEN
                -- app ric tr
                IF( ((riceveStart,riceveEnd) OVERLAPS (traspStart,traspEnd))  or OVERLAPS ((appStart,appEnd) OVERLAPS (traspStart,traspEnd))
                or OVERLAPS ((appStart,appEnd) OVERLAPS (riceveStart,riceveEnd))
                  )
                THEN 
                   RAISE EXCEPTION 'Il volontario ha attivà sovrapposte come orari'; 
                ELSE
                    RETURN NEW;
                END IF;

            ELSE
                -- app tr
                IF((appStart,appEnd) OVERLAPS (traspStart,traspEnd))
                THEN 
                   RAISE EXCEPTION 'Il volontario ha attivà sovrapposte come orari'; 
                ELSE
                    RETURN NEW;
                END IF;
            END IF;
        ELSE
            IF(ric)
            THEN
                -- app ric
                IF( (appStart,appEnd) OVERLAPS (riceveStart,riceveEnd))
                THEN 
                   RAISE EXCEPTION 'Il volontario ha attivà sovrapposte come orari'; 
                ELSE
                    RETURN NEW;
                END IF;

            ELSE
               -- app
               RETURN NEW;
            END IF;     
        END IF;
        
    ELSE
        IF(tr)
        THEN
            IF(ric)
            THEN
                -- ric tr
                IF( (riceveStart,riceveEnd) OVERLAPS (traspStart,traspEnd) )
                THEN 
                   RAISE EXCEPTION 'Il volontario ha attivà sovrapposte come orari'; 
                ELSE
                    RETURN NEW;
                END IF;

            ELSE
                -- tr
                RETURN NEW;
            END IF;
        ELSE
            RETURN NEW;

        END IF;
    END IF;
        
END; 
$$ LANGUAGE plpgsql;

CREATE OR REPLACE TRIGGER checkTurni 
BEFORE INSERT or UPDATE ON turno 
FOR EACH ROW 
EXECUTE FUNCTION checkTurniFun();



--INZIO TRIGGER B
CREATE OR REPLACE FUNCTION funIncr() RETURNS trigger AS
$$
BEGIN
    IF (NEW.dataOra is null AND NEW.dataScarico is null) 
    THEN
        UPDATE Inventario
        SET quantità = quantità+1
        WHERE codProdotto = NEW.codProdotto;
    END IF;
    RETURN NEW;
END;
$$ LANGUAGE plpgsql;

CREATE OR REPLACE TRIGGER incrQnt
AFTER INSERT ON Prodotto
FOR EACH ROW
EXECUTE FUNCTION funIncr();


CREATE OR REPLACE FUNCTION funDecr() RETURNS trigger AS
$$
BEGIN
    IF (OLD.dataOra is null AND OLD.dataScarico is null)
    THEN
        UPDATE Inventario
        SET quantità = quantità-1
        WHERE codProdotto = OLD.codProdotto;
    END IF;
    RETURN NEW;
END;
$$ LANGUAGE plpgsql;

CREATE OR REPLACE TRIGGER decrQnt
AFTER DELETE ON Prodotto
FOR EACH ROW
EXECUTE FUNCTION funDecr();


CREATE OR REPLACE FUNCTION funUpdateQnt() RETURNS trigger AS
$$
BEGIN
    IF(NEW.codProdotto <> OLD.codProdotto and (NEW.dataOra is null AND NEW.dataScarico is null))
    THEN
        UPDATE Inventario
	    SET quantità = quantità-1
	    WHERE codProdotto = OLD.codProdotto;
        
        UPDATE Inventario
        SET quantità = quantità+1
        WHERE codProdotto = NEW.codProdotto;
    END IF;
    IF( (OLD.dataOra is null AND OLD.dataScarico is null) and (NEW.dataOra is not null OR NEW.dataScarico is not null) )
    THEN
        UPDATE Inventario
	    SET quantità = quantità-1
	    WHERE codProdotto = OLD.codProdotto;

    END IF;
    
    RETURN NEW;
END;
$$ LANGUAGE plpgsql;


CREATE OR REPLACE TRIGGER updateQnt
AFTER UPDATE ON Prodotto
FOR EACH ROW
EXECUTE FUNCTION funUpdateQnt();



INSERT INTO ricezione  VALUES (0, '2022-04-02 10:39:50', '2022-04-02 11:39:50');
INSERT INTO trasporto  VALUES (0, '2022-04-02 08:39:50', '2022-04-02 10:39:50', 20, 'Rotonda Garrone, 13 Appartamento 16', 0);
INSERT INTO turno  VALUES ('2022-04-02 08:39:50' , 'IMTWRE51M59G776A', '2022-04-02 12:39:50', NULL, 0, NULL);
INSERT INTO turno  VALUES ('2022-04-02 08:39:50' , 'SAWDDJ62D14D395P', '2022-04-02 12:39:50', NULL, 0, 0);
INSERT INTO turno  VALUES ('2022-04-02 08:39:50' , 'PDFUQG57S03G561L', '2022-04-02 12:39:50', NULL, NULL, 0);
INSERT INTO ricezione  VALUES (1, '2022-04-25 18:23:50', '2022-04-25 19:23:50');
INSERT INTO trasporto  VALUES (1, '2022-04-25 16:23:50', '2022-04-25 18:23:50', 2, 'Rotonda Petrucci, 28', 1);
INSERT INTO turno  VALUES ('2022-04-25 16:23:50' , 'GZYFOK49M41H077G', '2022-04-25 20:23:50', NULL, 1, NULL);
INSERT INTO turno  VALUES ('2022-04-25 16:23:50' , 'RGZKWO71H19E207K', '2022-04-25 20:23:50', NULL, 1, 1);
INSERT INTO turno  VALUES ('2022-04-25 16:23:50' , 'LTLUML49C45E963Y', '2022-04-25 20:23:50', NULL, NULL, 1);
INSERT INTO ricezione  VALUES (2, '2022-02-27 01:21:19', '2022-02-27 02:21:19');
INSERT INTO trasporto  VALUES (2, '2022-02-26 23:21:19', '2022-02-27 01:21:19', 18, 'Rotonda Stefano, 7 Piano 0', 2);
INSERT INTO turno  VALUES ('2022-02-26 23:21:19' , 'IRCTEO76R46B971G', '2022-02-27 03:21:19', NULL, 2, NULL);
INSERT INTO turno  VALUES ('2022-02-26 23:21:19' , 'NERWEG71P43A773C', '2022-02-27 03:21:19', NULL, 2, 2);
INSERT INTO turno  VALUES ('2022-02-26 23:21:19' , 'KZEQCD04T27D557G', '2022-02-27 03:21:19', NULL, NULL, 2);
INSERT INTO ricezione  VALUES (3, '2022-03-14 16:59:32', '2022-03-14 17:59:32');
INSERT INTO trasporto  VALUES (3, '2022-03-14 14:59:32', '2022-03-14 16:59:32', 8, 'Contrada Mercadante, 43', 3);
INSERT INTO turno  VALUES ('2022-03-14 14:59:32' , 'ZDJUZH12C46A096S', '2022-03-14 18:59:32', NULL, 3, NULL);
INSERT INTO turno  VALUES ('2022-03-14 14:59:32' , 'STDXMU80M59B395K', '2022-03-14 18:59:32', NULL, 3, 3);
INSERT INTO turno  VALUES ('2022-03-14 14:59:32' , 'BNNTNA16P68M028K', '2022-03-14 18:59:32', NULL, NULL, 3);
INSERT INTO ricezione  VALUES (4, '2022-03-01 20:37:13', '2022-03-01 21:37:13');
INSERT INTO trasporto  VALUES (4, '2022-03-01 18:37:13', '2022-03-01 20:37:13', 17, 'Stretto Umberto, 622', 4);
INSERT INTO turno  VALUES ('2022-03-01 18:37:13' , 'HDIUQJ43E25D079M', '2022-03-01 22:37:13', NULL, 4, NULL);
INSERT INTO turno  VALUES ('2022-03-01 18:37:13' , 'BPICWF18E11E290W', '2022-03-01 22:37:13', NULL, 4, 4);
INSERT INTO turno  VALUES ('2022-03-01 18:37:13' , 'AHBZOG06E21B605T', '2022-03-01 22:37:13', NULL, NULL, 4);
INSERT INTO ricezione  VALUES (5, '2022-03-07 14:06:40', '2022-03-07 15:06:40');
INSERT INTO trasporto  VALUES (5, '2022-03-07 12:06:40', '2022-03-07 14:06:40', 4, 'Contrada Maderna, 78', 5);
INSERT INTO turno  VALUES ('2022-03-07 12:06:40' , 'EVLGOW43E07H335L', '2022-03-07 16:06:40', NULL, 5, NULL);
INSERT INTO turno  VALUES ('2022-03-07 12:06:40' , 'VTSLBY88T11D994E', '2022-03-07 16:06:40', NULL, 5, 5);
INSERT INTO turno  VALUES ('2022-03-07 12:06:40' , 'AHBZOG06E21B605T', '2022-03-07 16:06:40', NULL, NULL, 5);
INSERT INTO ricezione  VALUES (6, '2022-03-15 13:46:30', '2022-03-15 14:46:30');
INSERT INTO trasporto  VALUES (6, '2022-03-15 11:46:30', '2022-03-15 13:46:30', 20, 'Vicolo Gonzaga, 389', 6);
INSERT INTO turno  VALUES ('2022-03-15 11:46:30' , 'XKJLZC88E65H380O', '2022-03-15 15:46:30', NULL, 6, NULL);
INSERT INTO turno  VALUES ('2022-03-15 11:46:30' , 'IMTWRE51M59G776A', '2022-03-15 15:46:30', NULL, 6, 6);
INSERT INTO turno  VALUES ('2022-03-15 11:46:30' , 'JDCVAT62S28H574A', '2022-03-15 15:46:30', NULL, NULL, 6);
INSERT INTO ricezione  VALUES (7, '2022-05-10 00:26:53', '2022-05-10 01:26:53');
INSERT INTO trasporto  VALUES (7, '2022-05-09 22:26:53', '2022-05-10 00:26:53', 4, 'Viale Strangio, 8', 7);
INSERT INTO turno  VALUES ('2022-05-09 22:26:53' , 'STDXMU80M59B395K', '2022-05-10 02:26:53', NULL, 7, NULL);
INSERT INTO turno  VALUES ('2022-05-09 22:26:53' , 'FPOBIN48S59E971D', '2022-05-10 02:26:53', NULL, 7, 7);
INSERT INTO turno  VALUES ('2022-05-09 22:26:53' , 'VTSLBY88T11D994E', '2022-05-10 02:26:53', NULL, NULL, 7);
INSERT INTO ricezione  VALUES (8, '2022-05-15 17:33:17', '2022-05-15 18:33:17');
INSERT INTO trasporto  VALUES (8, '2022-05-15 15:33:17', '2022-05-15 17:33:17', 9, 'Borgo Pierina, 54', 8);
INSERT INTO turno  VALUES ('2022-05-15 15:33:17' , 'LTLUML49C45E963Y', '2022-05-15 19:33:17', NULL, 8, NULL);
INSERT INTO turno  VALUES ('2022-05-15 15:33:17' , 'EVLGOW43E07H335L', '2022-05-15 19:33:17', NULL, 8, 8);
INSERT INTO turno  VALUES ('2022-05-15 15:33:17' , 'LXFTDE41M28C987L', '2022-05-15 19:33:17', NULL, NULL, 8);
INSERT INTO ricezione  VALUES (9, '2022-05-07 03:14:36', '2022-05-07 04:14:36');
INSERT INTO trasporto  VALUES (9, '2022-05-07 01:14:36', '2022-05-07 03:14:36', 1, 'Incrocio Barbara, 0', 9);
INSERT INTO turno  VALUES ('2022-05-07 01:14:36' , 'QKEQPP93S11I181I', '2022-05-07 05:14:36', NULL, 9, NULL);
INSERT INTO turno  VALUES ('2022-05-07 01:14:36' , 'XULNSO49S19D613K', '2022-05-07 05:14:36', NULL, 9, 9);
INSERT INTO turno  VALUES ('2022-05-07 01:14:36' , 'IBOXXB99C52G579Q', '2022-05-07 05:14:36', NULL, NULL, 9);
INSERT INTO ricezione  VALUES (10, '2022-03-23 09:18:43', '2022-03-23 10:18:43');
INSERT INTO trasporto  VALUES (10, '2022-03-23 07:18:43', '2022-03-23 09:18:43', 7, 'Rotonda Crespi, 39', 10);
INSERT INTO turno  VALUES ('2022-03-23 07:18:43' , 'LTLUML49C45E963Y', '2022-03-23 11:18:43', NULL, 10, NULL);
INSERT INTO turno  VALUES ('2022-03-23 07:18:43' , 'KCQKLW26S51C979V', '2022-03-23 11:18:43', NULL, 10, 10);
INSERT INTO turno  VALUES ('2022-03-23 07:18:43' , 'JAZJIS10H57L448Q', '2022-03-23 11:18:43', NULL, NULL, 10);
INSERT INTO ricezione  VALUES (11, '2022-05-07 11:09:00', '2022-05-07 12:09:00');
INSERT INTO trasporto  VALUES (11, '2022-05-07 09:09:00', '2022-05-07 11:09:00', 11, 'Piazza Corradi, 171 Appartamento 30', 11);
INSERT INTO turno  VALUES ('2022-05-07 09:09:00' , 'LTLUML49C45E963Y', '2022-05-07 13:09:00', NULL, 11, NULL);
INSERT INTO turno  VALUES ('2022-05-07 09:09:00' , 'EVLGOW43E07H335L', '2022-05-07 13:09:00', NULL, 11, 11);
INSERT INTO turno  VALUES ('2022-05-07 09:09:00' , 'NERWEG71P43A773C', '2022-05-07 13:09:00', NULL, NULL, 11);
INSERT INTO ricezione  VALUES (12, '2022-03-27 18:44:28', '2022-03-27 19:44:28');
INSERT INTO trasporto  VALUES (12, '2022-03-27 16:44:28', '2022-03-27 18:44:28', 4, 'Strada Ferrara, 46 Piano 5', 12);
INSERT INTO turno  VALUES ('2022-03-27 16:44:28' , 'RBABAU64D26B304O', '2022-03-27 20:44:28', NULL, 12, NULL);
INSERT INTO turno  VALUES ('2022-03-27 16:44:28' , 'IRCTEO76R46B971G', '2022-03-27 20:44:28', NULL, 12, 12);
INSERT INTO turno  VALUES ('2022-03-27 16:44:28' , 'LOODSW33P56E520P', '2022-03-27 20:44:28', NULL, NULL, 12);
INSERT INTO ricezione  VALUES (13, '2022-04-08 21:13:12', '2022-04-08 22:13:12');
INSERT INTO trasporto  VALUES (13, '2022-04-08 19:13:12', '2022-04-08 21:13:12', 15, 'Contrada Vianello, 62', 13);
INSERT INTO turno  VALUES ('2022-04-08 19:13:12' , 'ZDJUZH12C46A096S', '2022-04-08 23:13:12', NULL, 13, NULL);
INSERT INTO turno  VALUES ('2022-04-08 19:13:12' , 'BNNTNA16P68M028K', '2022-04-08 23:13:12', NULL, 13, 13);
INSERT INTO turno  VALUES ('2022-04-08 19:13:12' , 'OKNITR80B27C484Q', '2022-04-08 23:13:12', NULL, NULL, 13);
INSERT INTO ricezione  VALUES (14, '2022-04-20 17:37:38', '2022-04-20 18:37:38');
INSERT INTO trasporto  VALUES (14, '2022-04-20 15:37:38', '2022-04-20 17:37:38', 11, 'Borgo Lucrezia, 731 Piano 5', 14);
INSERT INTO turno  VALUES ('2022-04-20 15:37:38' , 'LOODSW33P56E520P', '2022-04-20 19:37:38', NULL, 14, NULL);
INSERT INTO turno  VALUES ('2022-04-20 15:37:38' , 'PDFUQG57S03G561L', '2022-04-20 19:37:38', NULL, 14, 14);
INSERT INTO turno  VALUES ('2022-04-20 15:37:38' , 'IMTWRE51M59G776A', '2022-04-20 19:37:38', NULL, NULL, 14);
INSERT INTO ricezione  VALUES (15, '2022-05-19 08:06:20', '2022-05-19 09:06:20');
INSERT INTO trasporto  VALUES (15, '2022-05-19 06:06:20', '2022-05-19 08:06:20', 11, 'Borgo Baldassare, 2', 15);
INSERT INTO turno  VALUES ('2022-05-19 06:06:20' , 'RGZKWO71H19E207K', '2022-05-19 10:06:20', NULL, 15, NULL);
INSERT INTO turno  VALUES ('2022-05-19 06:06:20' , 'WAVNZY84A56F809Z', '2022-05-19 10:06:20', NULL, 15, 15);
INSERT INTO turno  VALUES ('2022-05-19 06:06:20' , 'HRGJMB78S19A005U', '2022-05-19 10:06:20', NULL, NULL, 15);
INSERT INTO ricezione  VALUES (16, '2022-02-27 15:02:12', '2022-02-27 16:02:12');
INSERT INTO trasporto  VALUES (16, '2022-02-27 13:02:12', '2022-02-27 15:02:12', 11, 'Borgo Pizzo, 1', 16);
INSERT INTO turno  VALUES ('2022-02-27 13:02:12' , 'JAZJIS10H57L448Q', '2022-02-27 17:02:12', NULL, 16, NULL);
INSERT INTO turno  VALUES ('2022-02-27 13:02:12' , 'IMTWRE51M59G776A', '2022-02-27 17:02:12', NULL, 16, 16);
INSERT INTO turno  VALUES ('2022-02-27 13:02:12' , 'AFGIEX61H45F960O', '2022-02-27 17:02:12', NULL, NULL, 16);
INSERT INTO ricezione  VALUES (17, '2022-05-27 15:50:04', '2022-05-27 16:50:04');
INSERT INTO trasporto  VALUES (17, '2022-05-27 13:50:04', '2022-05-27 15:50:04', 9, 'Contrada Martino, 5 Appartamento 0', 17);
INSERT INTO turno  VALUES ('2022-05-27 13:50:04' , 'YAVIOV25C63I876V', '2022-05-27 17:50:04', NULL, 17, NULL);
INSERT INTO turno  VALUES ('2022-05-27 13:50:04' , 'KZEQCD04T27D557G', '2022-05-27 17:50:04', NULL, 17, 17);
INSERT INTO turno  VALUES ('2022-05-27 13:50:04' , 'STDXMU80M59B395K', '2022-05-27 17:50:04', NULL, NULL, 17);
INSERT INTO ricezione  VALUES (18, '2022-02-18 13:17:14', '2022-02-18 14:17:14');
INSERT INTO trasporto  VALUES (18, '2022-02-18 11:17:14', '2022-02-18 13:17:14', 11, 'Strada Melania, 0', 18);
INSERT INTO turno  VALUES ('2022-02-18 11:17:14' , 'GDFUTT63P19I735M', '2022-02-18 15:17:14', NULL, 18, NULL);
INSERT INTO turno  VALUES ('2022-02-18 11:17:14' , 'BNNTNA16P68M028K', '2022-02-18 15:17:14', NULL, 18, 18);
INSERT INTO turno  VALUES ('2022-02-18 11:17:14' , 'HRGJMB78S19A005U', '2022-02-18 15:17:14', NULL, NULL, 18);
INSERT INTO ricezione  VALUES (19, '2022-04-30 19:04:27', '2022-04-30 20:04:27');
INSERT INTO trasporto  VALUES (19, '2022-04-30 17:04:27', '2022-04-30 19:04:27', 8, 'Incrocio Greco, 94 Appartamento 8', 19);
INSERT INTO turno  VALUES ('2022-04-30 17:04:27' , 'BPICWF18E11E290W', '2022-04-30 21:04:27', NULL, 19, NULL);
INSERT INTO turno  VALUES ('2022-04-30 17:04:27' , 'JKZGUJ90M07C804P', '2022-04-30 21:04:27', NULL, 19, 19);
INSERT INTO turno  VALUES ('2022-04-30 17:04:27' , 'QKEQPP93S11I181I', '2022-04-30 21:04:27', NULL, NULL, 19);
INSERT INTO ricezione  VALUES (20, '2022-05-02 04:22:24', '2022-05-02 05:22:24');
INSERT INTO trasporto  VALUES (20, '2022-05-02 02:22:24', '2022-05-02 04:22:24', 15, 'Rotonda Bertoni, 60 Appartamento 6', 20);
INSERT INTO turno  VALUES ('2022-05-02 02:22:24' , 'QKEQPP93S11I181I', '2022-05-02 06:22:24', NULL, 20, NULL);
INSERT INTO turno  VALUES ('2022-05-02 02:22:24' , 'AFGIEX61H45F960O', '2022-05-02 06:22:24', NULL, 20, 20);
INSERT INTO turno  VALUES ('2022-05-02 02:22:24' , 'BNNTNA16P68M028K', '2022-05-02 06:22:24', NULL, NULL, 20);
INSERT INTO ricezione  VALUES (21, '2022-04-18 18:56:55', '2022-04-18 19:56:55');
INSERT INTO trasporto  VALUES (21, '2022-04-18 16:56:55', '2022-04-18 18:56:55', 17, 'Borgo Cassandra, 0', 21);
INSERT INTO turno  VALUES ('2022-04-18 16:56:55' , 'EVLGOW43E07H335L', '2022-04-18 20:56:55', NULL, 21, NULL);
INSERT INTO turno  VALUES ('2022-04-18 16:56:55' , 'FPOBIN48S59E971D', '2022-04-18 20:56:55', NULL, 21, 21);
INSERT INTO turno  VALUES ('2022-04-18 16:56:55' , 'FDEASS06E48L307Z', '2022-04-18 20:56:55', NULL, NULL, 21);
INSERT INTO ricezione  VALUES (22, '2022-04-24 21:18:27', '2022-04-24 22:18:27');
INSERT INTO trasporto  VALUES (22, '2022-04-24 19:18:27', '2022-04-24 21:18:27', 7, 'Contrada Terragni, 31', 22);
INSERT INTO turno  VALUES ('2022-04-24 19:18:27' , 'NERWEG71P43A773C', '2022-04-24 23:18:27', NULL, 22, NULL);
INSERT INTO turno  VALUES ('2022-04-24 19:18:27' , 'IRCTEO76R46B971G', '2022-04-24 23:18:27', NULL, 22, 22);
INSERT INTO turno  VALUES ('2022-04-24 19:18:27' , 'FPOBIN48S59E971D', '2022-04-24 23:18:27', NULL, NULL, 22);
INSERT INTO ricezione  VALUES (23, '2022-04-28 07:12:50', '2022-04-28 08:12:50');
INSERT INTO trasporto  VALUES (23, '2022-04-28 05:12:50', '2022-04-28 07:12:50', 10, 'Strada Ermenegildo, 62 Piano 2', 23);
INSERT INTO turno  VALUES ('2022-04-28 05:12:50' , 'RBABAU64D26B304O', '2022-04-28 09:12:50', NULL, 23, NULL);
INSERT INTO turno  VALUES ('2022-04-28 05:12:50' , 'HDIUQJ43E25D079M', '2022-04-28 09:12:50', NULL, 23, 23);
INSERT INTO turno  VALUES ('2022-04-28 05:12:50' , 'JDCVAT62S28H574A', '2022-04-28 09:12:50', NULL, NULL, 23);
INSERT INTO ricezione  VALUES (24, '2022-05-06 15:06:44', '2022-05-06 16:06:44');
INSERT INTO trasporto  VALUES (24, '2022-05-06 13:06:44', '2022-05-06 15:06:44', 13, 'Stretto Burcardo, 222 Piano 5', 24);
INSERT INTO turno  VALUES ('2022-05-06 13:06:44' , 'BPICWF18E11E290W', '2022-05-06 17:06:44', NULL, 24, NULL);
INSERT INTO turno  VALUES ('2022-05-06 13:06:44' , 'LTLUML49C45E963Y', '2022-05-06 17:06:44', NULL, 24, 24);
INSERT INTO turno  VALUES ('2022-05-06 13:06:44' , 'JKZGUJ90M07C804P', '2022-05-06 17:06:44', NULL, NULL, 24);
INSERT INTO ricezione  VALUES (25, '2022-03-07 21:46:56', '2022-03-07 22:46:56');
INSERT INTO trasporto  VALUES (25, '2022-03-07 19:46:56', '2022-03-07 21:46:56', 19, 'Borgo Gian, 960 Appartamento 9', 25);
INSERT INTO turno  VALUES ('2022-03-07 19:46:56' , 'JAZJIS10H57L448Q', '2022-03-07 23:46:56', NULL, 25, NULL);
INSERT INTO turno  VALUES ('2022-03-07 19:46:56' , 'OKNITR80B27C484Q', '2022-03-07 23:46:56', NULL, 25, 25);
INSERT INTO turno  VALUES ('2022-03-07 19:46:56' , 'VTSLBY88T11D994E', '2022-03-07 23:46:56', NULL, NULL, 25);
INSERT INTO ricezione  VALUES (26, '2022-04-19 22:28:58', '2022-04-19 23:28:58');
INSERT INTO trasporto  VALUES (26, '2022-04-19 20:28:58', '2022-04-19 22:28:58', 7, 'Stretto Cimini, 8', 26);
INSERT INTO turno  VALUES ('2022-04-19 20:28:58' , 'WFRMOX42B44I911F', '2022-04-20 00:28:58', NULL, 26, NULL);
INSERT INTO turno  VALUES ('2022-04-19 20:28:58' , 'BPICWF18E11E290W', '2022-04-20 00:28:58', NULL, 26, 26);
INSERT INTO turno  VALUES ('2022-04-19 20:28:58' , 'MDNFGS85M43L497W', '2022-04-20 00:28:58', NULL, NULL, 26);
INSERT INTO ricezione  VALUES (27, '2022-05-30 14:26:22', '2022-05-30 15:26:22');
INSERT INTO trasporto  VALUES (27, '2022-05-30 12:26:22', '2022-05-30 14:26:22', 6, 'Contrada Matteo, 14 Appartamento 1', 27);
INSERT INTO turno  VALUES ('2022-05-30 12:26:22' , 'HDIUQJ43E25D079M', '2022-05-30 16:26:22', NULL, 27, NULL);
INSERT INTO turno  VALUES ('2022-05-30 12:26:22' , 'CUNNPU72S13E578H', '2022-05-30 16:26:22', NULL, 27, 27);
INSERT INTO turno  VALUES ('2022-05-30 12:26:22' , 'AFGIEX61H45F960O', '2022-05-30 16:26:22', NULL, NULL, 27);
INSERT INTO ricezione  VALUES (28, '2022-04-23 19:18:52', '2022-04-23 20:18:52');
INSERT INTO trasporto  VALUES (28, '2022-04-23 17:18:52', '2022-04-23 19:18:52', 15, 'Piazza Costantino, 92', 28);
INSERT INTO turno  VALUES ('2022-04-23 17:18:52' , 'XKJLZC88E65H380O', '2022-04-23 21:18:52', NULL, 28, NULL);
INSERT INTO turno  VALUES ('2022-04-23 17:18:52' , 'XULNSO49S19D613K', '2022-04-23 21:18:52', NULL, 28, 28);
INSERT INTO turno  VALUES ('2022-04-23 17:18:52' , 'JKZGUJ90M07C804P', '2022-04-23 21:18:52', NULL, NULL, 28);
INSERT INTO ricezione  VALUES (29, '2022-04-01 03:18:55', '2022-04-01 04:18:55');
INSERT INTO trasporto  VALUES (29, '2022-04-01 01:18:55', '2022-04-01 03:18:55', 16, 'Rotonda Antonioni, 42 Appartamento 62', 29);
INSERT INTO turno  VALUES ('2022-04-01 01:18:55' , 'NERWEG71P43A773C', '2022-04-01 05:18:55', NULL, 29, NULL);
INSERT INTO turno  VALUES ('2022-04-01 01:18:55' , 'OKKQYT73A09H939U', '2022-04-01 05:18:55', NULL, 29, 29);
INSERT INTO turno  VALUES ('2022-04-01 01:18:55' , 'RBABAU64D26B304O', '2022-04-01 05:18:55', NULL, NULL, 29);


INSERT INTO spesa  VALUES (0, 84);
INSERT INTO donazione  VALUES (0, '2022-04-29 06:50:46', 84, NULL, 'USSKTB94R22E852O' , NULL);
INSERT INTO donazione  VALUES (1, '2022-02-04', NULL , 20, NULL, 0);
INSERT INTO spesa  VALUES (1, 60);
INSERT INTO donazione  VALUES (2, '2022-06-10 00:42:05', 60, NULL, 'WFGDDF22R53H821I' , NULL);
INSERT INTO donazione  VALUES (3, '2022-03-12', NULL , 15, NULL, 1);
INSERT INTO spesa  VALUES (2, 15);
INSERT INTO donazione  VALUES (4, '2022-02-23 10:29:16', 15, NULL, 'OKRSVD60L52A163Y' , NULL);
INSERT INTO donazione  VALUES (5, '2022-04-07', NULL , 1, NULL, 2);
INSERT INTO spesa  VALUES (3, 11);
INSERT INTO donazione  VALUES (6, '2022-04-21 11:42:56', 11, NULL, 'CNXSUW13S59C070V' , NULL);
INSERT INTO donazione  VALUES (7, '2022-05-12', NULL , 17, NULL, 3);
INSERT INTO spesa  VALUES (4, 42);
INSERT INTO donazione  VALUES (8, '2022-04-12 15:50:06', 42, NULL, 'LTMKMH49M05M410S' , NULL);
INSERT INTO donazione  VALUES (9, '2022-03-01', NULL , 12, NULL, 4);
INSERT INTO spesa  VALUES (5, 48);
INSERT INTO donazione  VALUES (10, '2022-06-23 15:28:21', 48, NULL, 'JRPUQE80S51F616N' , NULL);
INSERT INTO donazione  VALUES (11, '2022-04-18', NULL , 20, NULL, 5);
INSERT INTO spesa  VALUES (6, 91);
INSERT INTO donazione  VALUES (12, '2022-01-28 21:41:27', 91, NULL, 'FCZHVM81D05D344A' , NULL);
INSERT INTO donazione  VALUES (13, '2022-02-21', NULL , 6, NULL, 6);
INSERT INTO spesa  VALUES (7, 65);
INSERT INTO donazione  VALUES (14, '2022-03-01 04:49:17', 65, NULL, 'EXIFLT40D54M399C' , NULL);
INSERT INTO donazione  VALUES (15, '2022-01-07', NULL , 3, NULL, 7);
INSERT INTO spesa  VALUES (8, 57);
INSERT INTO donazione  VALUES (16, '2022-05-14 12:07:53', 57, NULL, 'INHMPH87B48G955J' , NULL);
INSERT INTO donazione  VALUES (17, '2022-03-03', NULL , 5, NULL, 8);
INSERT INTO spesa  VALUES (9, 54);
INSERT INTO donazione  VALUES (18, '2022-03-20 16:14:07', 54, NULL, 'EEEUDT58R26I467Y' , NULL);
INSERT INTO donazione  VALUES (19, '2022-03-15', NULL , 22, NULL, 9);


INSERT INTO donazione  VALUES (20, '2022-04-19', NULL , 23, 'DXYNLE94P23G564Q' , NULL );
INSERT INTO donazione  VALUES (21, '2022-02-08', NULL , 29, 'NFPZTX46M13A681Y' , NULL );
INSERT INTO donazione  VALUES (22, '2022-02-26', NULL , 0, 'TYTESE41B23L784G' , NULL );
INSERT INTO donazione  VALUES (23, '2021-12-27', NULL , 23, 'CNXSUW13S59C070V' , NULL );
INSERT INTO donazione  VALUES (24, '2022-02-20', NULL , 13, 'DWFRRC40D03B950Q' , NULL );
INSERT INTO donazione  VALUES (25, '2022-03-09', NULL , 28, 'EXIFLT40D54M399C' , NULL );
INSERT INTO donazione  VALUES (26, '2022-01-09', NULL , 23, 'TYTESE41B23L784G' , NULL );
INSERT INTO donazione  VALUES (27, '2022-02-17', NULL , 2, 'LTMKMH49M05M410S' , NULL );
INSERT INTO donazione  VALUES (28, '2022-01-27', NULL , 11, 'XSOPJY24A56L105M' , NULL );
INSERT INTO donazione  VALUES (29, '2022-03-15', NULL , 0, 'INHMPH87B48G955J' , NULL );
INSERT INTO donazione  VALUES (30, '2022-01-30', NULL , 25, 'NDQQQO93A17C523C' , NULL );
INSERT INTO donazione  VALUES (31, '2022-03-07', NULL , 13, 'NFPZTX46M13A681Y' , NULL );
INSERT INTO donazione  VALUES (32, '2022-01-21', NULL , 1, 'USSKTB94R22E852O' , NULL );
INSERT INTO donazione  VALUES (33, '2021-12-24', NULL , 4, 'CYWICX48R20I874C' , NULL );
INSERT INTO donazione  VALUES (34, '2022-02-17', NULL , 13, 'SDIXVC05E22B076L' , NULL );


INSERT INTO inventario  VALUES (0, 0, 'pasta', 'penne Barilla', 5 , '10' );
INSERT INTO inventario  VALUES (1, 0, 'pasta', 'fusilli DeCecco', 2 , '10' );
INSERT INTO inventario  VALUES (2, 0, 'pasta', 'farfalle Barilla', 4 , '10' );
INSERT INTO inventario  VALUES (3, 0, 'pasta', 'spaghetti Barilla', 2 , '10' );
INSERT INTO inventario  VALUES (4, 0, 'pasta', 'cannelloni DeCecco', 4 , '10' );
INSERT INTO inventario  VALUES (5, 0, 'riso', 'riso Scotti', 2 , '9' );
INSERT INTO inventario  VALUES (6, 0, 'riso', 'riso Scotti basmati', 5 , '9' );
INSERT INTO inventario  VALUES (7, 0, 'riso', 'riso Gallo', 4 , '9' );
INSERT INTO inventario  VALUES (8, 0, 'latte', 'Parmalat scremato', 4 , NULL );
INSERT INTO inventario  VALUES (9, 0, 'latte', 'Parmalat intero', 4 , NULL );
INSERT INTO inventario  VALUES (10, 0, 'latte', 'latte Tiguglio', 2 , NULL );
INSERT INTO inventario  VALUES (11, 0, 'latte', 'Latte di Soia', 1 , NULL );
INSERT INTO inventario  VALUES (12, 0, 'latte', 'Latte di Mandorla', 1 , NULL );
INSERT INTO inventario  VALUES (13, 0, 'formaggi', 'Parmigiano Reggiano', 1 , NULL );
INSERT INTO inventario  VALUES (14, 0, 'formaggi', 'Asiago', 1 , NULL );
INSERT INTO inventario  VALUES (15, 0, 'formaggi', 'Mozzarella', 1 , NULL );
INSERT INTO inventario  VALUES (16, 0, 'formaggi', 'Caciotto', 4 , NULL );
INSERT INTO inventario  VALUES (17, 0, 'formaggi', 'Stracchino', 2 , NULL );
INSERT INTO inventario  VALUES (18, 0, 'formaggi', 'Gorgonzola', 4 , NULL );
INSERT INTO inventario  VALUES (19, 0, 'yogurt', 'Muller yogurt frutta', 5 , NULL );
INSERT INTO inventario  VALUES (20, 0, 'yogurt', 'Muller yogurt bianco', 2 , NULL );
INSERT INTO inventario  VALUES (21, 0, 'yogurt', 'Activia yogurt', 5 , NULL );
INSERT INTO inventario  VALUES (22, 0, 'yogurt', 'yogurt greco', 5 , NULL );
INSERT INTO inventario  VALUES (23, 0, 'olio', 'Olio oliva Carli', 3 , '12' );
INSERT INTO inventario  VALUES (24, 0, 'olio', 'Olio oliva Fabbri', 4 , '12' );
INSERT INTO inventario  VALUES (25, 0, 'olio', 'Olio di semi', 4 , '12' );
INSERT INTO inventario  VALUES (26, 0, 'olio', 'Olio di palma', 4 , '12' );
INSERT INTO inventario  VALUES (27, 0, 'salse', 'pesto Barilla', 3 , '5' );
INSERT INTO inventario  VALUES (28, 0, 'salse', 'sugo Barilla', 5 , '5' );
INSERT INTO inventario  VALUES (29, 0, 'salse', 'ketchapp', 3 , '5' );
INSERT INTO inventario  VALUES (30, 0, 'salse', 'maionese', 3 , '5' );
INSERT INTO inventario  VALUES (31, 0, 'salse', 'senape', 2 , '5' );
INSERT INTO inventario  VALUES (32, 0, 'salse', 'aceto balsamico', 1 , '5' );
INSERT INTO inventario  VALUES (33, 0, 'caffe', 'Lavazza arabico', 3 , '6' );
INSERT INTO inventario  VALUES (34, 0, 'caffe', 'Lavazza rossa', 3 , '6' );
INSERT INTO inventario  VALUES (35, 0, 'caffe', 'Lavazza gold', 3 , '6' );
INSERT INTO inventario  VALUES (36, 0, 'caffe', 'Illy classico', 3 , '6' );
INSERT INTO inventario  VALUES (37, 0, 'igene', 'Carta Igenica', 2 , NULL );
INSERT INTO inventario  VALUES (38, 0, 'igene', 'Sapone neutro', 4 , NULL );
INSERT INTO inventario  VALUES (39, 0, 'igene', 'Amuchina', 4 , NULL );
INSERT INTO inventario  VALUES (40, 0, 'igene', 'Shampoo', 1 , NULL );
INSERT INTO inventario  VALUES (41, 0, 'igene', 'DocciaSchiuma', 2 , NULL );
INSERT INTO inventario  VALUES (42, 0, 'igene', 'deodorante', 5 , NULL );
INSERT INTO inventario  VALUES (43, 0, 'igene', 'sgrassatore', 4 , NULL );
INSERT INTO inventario  VALUES (44, 0, 'igene', 'candeggina', 5 , NULL );
INSERT INTO inventario  VALUES (45, 0, 'igene', 'spugna', 1 , NULL );
INSERT INTO inventario  VALUES (46, 0, 'bibite', 'Acqua Eva', 3 , NULL );
INSERT INTO inventario  VALUES (47, 0, 'bibite', 'SantAnna', 4 , NULL );
INSERT INTO inventario  VALUES (48, 0, 'bibite', 'Acqua Simply', 4 , NULL );
INSERT INTO inventario  VALUES (49, 0, 'bibite', 'CocaCola', 2 , NULL );
INSERT INTO inventario  VALUES (50, 0, 'bibite', 'Pepsi', 3 , NULL );
INSERT INTO inventario  VALUES (51, 0, 'bibite', 'Fanta', 1 , NULL );


INSERT INTO scarico VALUES ('2022-04-28' );
INSERT INTO prodotto  VALUES (0, NULL, NULL , 47, '2022-04-28' , 23  );
INSERT INTO prodotto  VALUES (1, '2021-12-06', NULL , 8, '2022-04-28' , 9  );
INSERT INTO prodotto  VALUES (2, '2021-05-14', NULL , 0, '2022-04-28' , 28  );
INSERT INTO prodotto  VALUES (3, NULL, NULL , 47, '2022-04-28' , 24  );
INSERT INTO prodotto  VALUES (4, '2021-09-23', NULL , 34, '2022-04-28' , 3  );
INSERT INTO prodotto  VALUES (5, NULL, NULL , 51, '2022-04-28' , 24  );
INSERT INTO prodotto  VALUES (6, NULL, NULL , 50, '2022-04-28' , 2  );
INSERT INTO prodotto  VALUES (7, '2021-12-01', NULL , 26, '2022-04-28' , 6  );
INSERT INTO prodotto  VALUES (8, '2021-10-30', NULL , 33, '2022-04-28' , 8  );
INSERT INTO prodotto  VALUES (9, NULL, NULL , 45, '2022-04-28' , 15  );
INSERT INTO scarico VALUES ('2022-05-16' );
INSERT INTO prodotto  VALUES (10, '2021-09-05', NULL , 35, '2022-05-16' , 27  );
INSERT INTO prodotto  VALUES (11, '2021-09-19', NULL , 23, '2022-05-16' , 34  );
INSERT INTO prodotto  VALUES (12, NULL, NULL , 46, '2022-05-16' , 32  );
INSERT INTO prodotto  VALUES (13, '2021-07-28', NULL , 22, '2022-05-16' , 0  );
INSERT INTO prodotto  VALUES (14, NULL, NULL , 41, '2022-05-16' , 29  );
INSERT INTO prodotto  VALUES (15, NULL, NULL , 49, '2022-05-16' , 13  );
INSERT INTO prodotto  VALUES (16, '2021-10-16', NULL , 28, '2022-05-16' , 15  );
INSERT INTO prodotto  VALUES (17, '2022-04-24', NULL , 36, '2022-05-16' , 16  );
INSERT INTO prodotto  VALUES (18, '2021-11-21', NULL , 10, '2022-05-16' , 5  );
INSERT INTO prodotto  VALUES (19, '2021-12-27', NULL , 7, '2022-05-16' , 4  );
INSERT INTO scarico VALUES ('2022-04-19' );
INSERT INTO prodotto  VALUES (20, NULL, NULL , 51, '2022-04-19' , 25  );
INSERT INTO prodotto  VALUES (21, NULL, NULL , 49, '2022-04-19' , 8  );
INSERT INTO prodotto  VALUES (22, NULL, NULL , 41, '2022-04-19' , 13  );
INSERT INTO prodotto  VALUES (23, NULL, NULL , 50, '2022-04-19' , 32  );
INSERT INTO prodotto  VALUES (24, '2021-10-10', NULL , 25, '2022-04-19' , 14  );
INSERT INTO prodotto  VALUES (25, '2022-01-09', NULL , 27, '2022-04-19' , 15  );
INSERT INTO prodotto  VALUES (26, NULL, NULL , 44, '2022-04-19' , 29  );
INSERT INTO prodotto  VALUES (27, NULL, NULL , 41, '2022-04-19' , 8  );
INSERT INTO prodotto  VALUES (28, NULL, NULL , 47, '2022-04-19' , 25  );
INSERT INTO prodotto  VALUES (29, '2021-10-29', NULL , 25, '2022-04-19' , 24  );
INSERT INTO scarico VALUES ('2022-02-12' );
INSERT INTO prodotto  VALUES (30, '2021-10-24', NULL , 15, '2022-02-12' , 25  );
INSERT INTO prodotto  VALUES (31, '2022-01-10', NULL , 5, '2022-02-12' , 9  );
INSERT INTO prodotto  VALUES (32, '2021-04-26', NULL , 2, '2022-02-12' , 25  );
INSERT INTO prodotto  VALUES (33, '2021-02-12', NULL , 36, '2022-02-12' , 33  );
INSERT INTO prodotto  VALUES (34, '2021-12-30', NULL , 29, '2022-02-12' , 9  );
INSERT INTO prodotto  VALUES (35, '2021-11-16', NULL , 36, '2022-02-12' , 6  );
INSERT INTO prodotto  VALUES (36, NULL, NULL , 46, '2022-02-12' , 26  );
INSERT INTO prodotto  VALUES (37, NULL, NULL , 45, '2022-02-12' , 27  );
INSERT INTO prodotto  VALUES (38, NULL, NULL , 41, '2022-02-12' , 15  );
INSERT INTO prodotto  VALUES (39, '2021-12-25', NULL , 33, '2022-02-12' , 34  );
INSERT INTO scarico VALUES ('2022-05-01' );
INSERT INTO prodotto  VALUES (40, '2021-08-15', NULL , 33, '2022-05-01' , 32  );
INSERT INTO prodotto  VALUES (41, '2021-08-08', NULL , 34, '2022-05-01' , 22  );
INSERT INTO prodotto  VALUES (42, '2021-08-31', NULL , 8, '2022-05-01' , 4  );
INSERT INTO prodotto  VALUES (43, '2021-05-15', NULL , 18, '2022-05-01' , 22  );
INSERT INTO prodotto  VALUES (44, '2021-07-26', NULL , 14, '2022-05-01' , 14  );
INSERT INTO prodotto  VALUES (45, '2022-03-23', NULL , 3, '2022-05-01' , 27  );
INSERT INTO prodotto  VALUES (46, '2021-02-26', NULL , 29, '2022-05-01' , 21  );
INSERT INTO prodotto  VALUES (47, '2022-02-04', NULL , 12, '2022-05-01' , 13  );
INSERT INTO prodotto  VALUES (48, '2021-05-28', NULL , 3, '2022-05-01' , 13  );
INSERT INTO prodotto  VALUES (49, '2022-02-17', NULL , 2, '2022-05-01' , 19  );
INSERT INTO scarico VALUES ('2022-05-25' );
INSERT INTO prodotto  VALUES (50, '2020-12-29', NULL , 3, '2022-05-25' , 5  );
INSERT INTO prodotto  VALUES (51, '2021-06-02', NULL , 10, '2022-05-25' , 18  );
INSERT INTO prodotto  VALUES (52, '2021-11-23', NULL , 34, '2022-05-25' , 33  );
INSERT INTO prodotto  VALUES (53, '2021-08-05', NULL , 27, '2022-05-25' , 30  );
INSERT INTO prodotto  VALUES (54, '2021-09-09', NULL , 35, '2022-05-25' , 12  );
INSERT INTO prodotto  VALUES (55, '2022-05-05', NULL , 3, '2022-05-25' , 15  );
INSERT INTO prodotto  VALUES (56, NULL, NULL , 38, '2022-05-25' , 21  );
INSERT INTO prodotto  VALUES (57, '2021-09-21', NULL , 11, '2022-05-25' , 5  );
INSERT INTO prodotto  VALUES (58, '2022-03-18', NULL , 0, '2022-05-25' , 2  );
INSERT INTO prodotto  VALUES (59, '2021-05-06', NULL , 33, '2022-05-25' , 10  );
INSERT INTO scarico VALUES ('2022-04-08' );
INSERT INTO prodotto  VALUES (60, '2021-07-11', NULL , 7, '2022-04-08' , 20  );
INSERT INTO prodotto  VALUES (61, '2021-04-04', NULL , 12, '2022-04-08' , 22  );
INSERT INTO prodotto  VALUES (62, '2021-10-04', NULL , 5, '2022-04-08' , 26  );
INSERT INTO prodotto  VALUES (63, '2021-04-14', NULL , 19, '2022-04-08' , 24  );
INSERT INTO prodotto  VALUES (64, '2021-09-19', NULL , 18, '2022-04-08' , 21  );
INSERT INTO prodotto  VALUES (65, NULL, NULL , 40, '2022-04-08' , 10  );
INSERT INTO prodotto  VALUES (66, '2022-04-01', NULL , 22, '2022-04-08' , 6  );
INSERT INTO prodotto  VALUES (67, '2021-10-30', NULL , 4, '2022-04-08' , 8  );
INSERT INTO prodotto  VALUES (68, '2021-07-04', NULL , 18, '2022-04-08' , 10  );
INSERT INTO prodotto  VALUES (69, NULL, NULL , 48, '2022-04-08' , 13  );
INSERT INTO scarico VALUES ('2022-03-15' );
INSERT INTO prodotto  VALUES (70, NULL, NULL , 45, '2022-03-15' , 12  );
INSERT INTO prodotto  VALUES (71, '2021-12-20', NULL , 7, '2022-03-15' , 8  );
INSERT INTO prodotto  VALUES (72, NULL, NULL , 48, '2022-03-15' , 2  );
INSERT INTO prodotto  VALUES (73, NULL, NULL , 42, '2022-03-15' , 22  );
INSERT INTO prodotto  VALUES (74, NULL, NULL , 50, '2022-03-15' , 28  );
INSERT INTO prodotto  VALUES (75, '2021-08-19', NULL , 25, '2022-03-15' , 21  );
INSERT INTO prodotto  VALUES (76, '2020-12-21', NULL , 14, '2022-03-15' , 33  );
INSERT INTO prodotto  VALUES (77, '2021-08-24', NULL , 10, '2022-03-15' , 33  );
INSERT INTO prodotto  VALUES (78, '2021-08-08', NULL , 18, '2022-03-15' , 8  );
INSERT INTO prodotto  VALUES (79, '2021-08-27', NULL , 21, '2022-03-15' , 12  );
INSERT INTO scarico VALUES ('2022-05-11' );
INSERT INTO prodotto  VALUES (80, NULL, NULL , 39, '2022-05-11' , 23  );
INSERT INTO prodotto  VALUES (81, NULL, NULL , 38, '2022-05-11' , 31  );
INSERT INTO prodotto  VALUES (82, '2021-12-12', NULL , 33, '2022-05-11' , 12  );
INSERT INTO prodotto  VALUES (83, '2021-11-15', NULL , 26, '2022-05-11' , 12  );
INSERT INTO prodotto  VALUES (84, '2021-10-21', NULL , 20, '2022-05-11' , 17  );
INSERT INTO prodotto  VALUES (85, NULL, NULL , 38, '2022-05-11' , 25  );
INSERT INTO prodotto  VALUES (86, '2021-09-29', NULL , 16, '2022-05-11' , 8  );
INSERT INTO prodotto  VALUES (87, NULL, NULL , 50, '2022-05-11' , 29  );
INSERT INTO prodotto  VALUES (88, '2021-02-23', NULL , 6, '2022-05-11' , 9  );
INSERT INTO prodotto  VALUES (89, '2021-05-28', NULL , 23, '2022-05-11' , 0  );
INSERT INTO scarico VALUES ('2022-01-04' );
INSERT INTO prodotto  VALUES (90, '2021-07-17', NULL , 5, '2022-01-04' , 24  );
INSERT INTO prodotto  VALUES (91, NULL, NULL , 37, '2022-01-04' , 31  );
INSERT INTO prodotto  VALUES (92, '2020-12-28', NULL , 33, '2022-01-04' , 2  );
INSERT INTO prodotto  VALUES (93, '2021-07-29', NULL , 28, '2022-01-04' , 19  );
INSERT INTO prodotto  VALUES (94, '2022-01-02', NULL , 0, '2022-01-04' , 33  );
INSERT INTO prodotto  VALUES (95, '2021-10-22', NULL , 13, '2022-01-04' , 29  );
INSERT INTO prodotto  VALUES (96, '2021-10-27', NULL , 4, '2022-01-04' , 0  );
INSERT INTO prodotto  VALUES (97, '2021-05-20', NULL , 2, '2022-01-04' , 18  );
INSERT INTO prodotto  VALUES (98, NULL, NULL , 37, '2022-01-04' , 2  );
INSERT INTO prodotto  VALUES (99, NULL, NULL , 50, '2022-01-04' , 7  );


INSERT INTO appuntamento  VALUES ('2022-03-21 13:54:43', 46,  1 , 'PEZAFT95A04A402I', 25 );
INSERT INTO turno  VALUES ('2022-03-21 13:54:43' , 'LXFTDE41M28C987L', '2022-03-21 17:54:43', '2022-03-21 13:54:43', NULL, NULL);
INSERT INTO prodotto  VALUES (100, '2022-04-12', '2022-03-21 13:54:43' , 29, NULL , 17 );
INSERT INTO prodotto  VALUES (101, '2022-04-04', '2022-03-21 13:54:43' , 29, NULL , 13 );
INSERT INTO prodotto  VALUES (102, '2022-04-12', '2022-03-21 13:54:43' , 4, NULL , 23 );
INSERT INTO prodotto  VALUES (103, NULL, '2022-03-21 13:54:43' , 48, NULL , 5 );
INSERT INTO prodotto  VALUES (104, '2022-05-11', '2022-03-21 13:54:43' , 13, NULL , 33 );
INSERT INTO prodotto  VALUES (105, '2022-04-25', '2022-03-21 13:54:43' , 11, NULL , 9 );
INSERT INTO prodotto  VALUES (106, '2022-05-01', '2022-03-21 13:54:43' , 28, NULL , 29 );
INSERT INTO prodotto  VALUES (107, NULL, '2022-03-21 13:54:43' , 39, NULL , 4 );
INSERT INTO prodotto  VALUES (108, '2022-03-28', '2022-03-21 13:54:43' , 10, NULL , 8 );
INSERT INTO prodotto  VALUES (109, '2022-04-07', '2022-03-21 13:54:43' , 7, NULL , 12 );
INSERT INTO prodotto  VALUES (110, '2022-04-30', '2022-03-21 13:54:43' , 7, NULL , 27 );
INSERT INTO prodotto  VALUES (111, '2022-04-30', '2022-03-21 13:54:43' , 18, NULL , 34 );
INSERT INTO prodotto  VALUES (112, NULL, '2022-03-21 13:54:43' , 43, NULL , 6 );
INSERT INTO prodotto  VALUES (113, '2022-04-17', '2022-03-21 13:54:43' , 20, NULL , 1 );
INSERT INTO appuntamento  VALUES ('2022-03-04 11:36:11', 45,  7 , 'QLOFBF55A46A061F', 11 );
INSERT INTO turno  VALUES ('2022-03-04 11:36:11' , 'BPICWF18E11E290W', '2022-03-04 15:36:11', '2022-03-04 11:36:11', NULL, NULL);
INSERT INTO prodotto  VALUES (114, '2022-05-30', '2022-03-04 11:36:11' , 23, NULL , 16 );
INSERT INTO prodotto  VALUES (115, '2022-03-15', '2022-03-04 11:36:11' , 2, NULL , 15 );
INSERT INTO prodotto  VALUES (116, '2022-05-14', '2022-03-04 11:36:11' , 5, NULL , 31 );
INSERT INTO prodotto  VALUES (117, '2022-03-25', '2022-03-04 11:36:11' , 23, NULL , 6 );
INSERT INTO prodotto  VALUES (118, '2022-05-30', '2022-03-04 11:36:11' , 15, NULL , 31 );
INSERT INTO prodotto  VALUES (119, NULL, '2022-03-04 11:36:11' , 51, NULL , 20 );
INSERT INTO prodotto  VALUES (120, '2022-03-25', '2022-03-04 11:36:11' , 31, NULL , 8 );
INSERT INTO prodotto  VALUES (121, NULL, '2022-03-04 11:36:11' , 49, NULL , 22 );
INSERT INTO prodotto  VALUES (122, '2022-04-04', '2022-03-04 11:36:11' , 4, NULL , 6 );
INSERT INTO prodotto  VALUES (123, NULL, '2022-03-04 11:36:11' , 41, NULL , 14 );
INSERT INTO prodotto  VALUES (124, '2022-05-02', '2022-03-04 11:36:11' , 11, NULL , 20 );
INSERT INTO prodotto  VALUES (125, '2022-03-15', '2022-03-04 11:36:11' , 25, NULL , 14 );
INSERT INTO prodotto  VALUES (126, '2022-03-10', '2022-03-04 11:36:11' , 23, NULL , 22 );
INSERT INTO prodotto  VALUES (127, '2022-04-25', '2022-03-04 11:36:11' , 30, NULL , 32 );
INSERT INTO prodotto  VALUES (128, '2022-04-04', '2022-03-04 11:36:11' , 27, NULL , 9 );
INSERT INTO appuntamento  VALUES ('2022-03-03 00:06:28', 44,  5 , 'QDQKDZ57B19G815I', 5 );
INSERT INTO turno  VALUES ('2022-03-03 00:06:28' , 'CUNNPU72S13E578H', '2022-03-03 04:06:28', '2022-03-03 00:06:28', NULL, NULL);
INSERT INTO prodotto  VALUES (129, '2022-04-19', '2022-03-03 00:06:28' , 5, NULL , 34 );
INSERT INTO prodotto  VALUES (130, '2022-04-09', '2022-03-03 00:06:28' , 17, NULL , 26 );
INSERT INTO prodotto  VALUES (131, NULL, '2022-03-03 00:06:28' , 44, NULL , 22 );
INSERT INTO prodotto  VALUES (132, NULL, '2022-03-03 00:06:28' , 44, NULL , 9 );
INSERT INTO prodotto  VALUES (133, '2022-04-15', '2022-03-03 00:06:28' , 11, NULL , 12 );
INSERT INTO prodotto  VALUES (134, '2022-03-25', '2022-03-03 00:06:28' , 27, NULL , 9 );
INSERT INTO prodotto  VALUES (135, '2022-03-12', '2022-03-03 00:06:28' , 12, NULL , 21 );
INSERT INTO prodotto  VALUES (136, '2022-03-08', '2022-03-03 00:06:28' , 4, NULL , 2 );
INSERT INTO prodotto  VALUES (137, NULL, '2022-03-03 00:06:28' , 46, NULL , 9 );
INSERT INTO prodotto  VALUES (138, '2022-05-06', '2022-03-03 00:06:28' , 14, NULL , 8 );
INSERT INTO prodotto  VALUES (139, '2022-05-22', '2022-03-03 00:06:28' , 34, NULL , 1 );
INSERT INTO prodotto  VALUES (140, '2022-03-13', '2022-03-03 00:06:28' , 3, NULL , 16 );
INSERT INTO prodotto  VALUES (141, '2022-05-21', '2022-03-03 00:06:28' , 20, NULL , 16 );
INSERT INTO prodotto  VALUES (142, '2022-05-05', '2022-03-03 00:06:28' , 1, NULL , 0 );
INSERT INTO prodotto  VALUES (143, '2022-05-21', '2022-03-03 00:06:28' , 35, NULL , 28 );
INSERT INTO appuntamento  VALUES ('2022-03-19 08:07:40', 46,  0 , 'YEIUBO90P41B842I', 28 );
INSERT INTO turno  VALUES ('2022-03-19 08:07:40' , 'JKZGUJ90M07C804P', '2022-03-19 12:07:40', '2022-03-19 08:07:40', NULL, NULL);
INSERT INTO prodotto  VALUES (144, '2022-05-15', '2022-03-19 08:07:40' , 19, NULL , 16 );
INSERT INTO prodotto  VALUES (145, NULL, '2022-03-19 08:07:40' , 45, NULL , 7 );
INSERT INTO prodotto  VALUES (146, NULL, '2022-03-19 08:07:40' , 38, NULL , 26 );
INSERT INTO prodotto  VALUES (147, '2022-04-09', '2022-03-19 08:07:40' , 12, NULL , 18 );
INSERT INTO prodotto  VALUES (148, '2022-05-05', '2022-03-19 08:07:40' , 34, NULL , 19 );
INSERT INTO prodotto  VALUES (149, '2022-04-20', '2022-03-19 08:07:40' , 14, NULL , 25 );
INSERT INTO prodotto  VALUES (150, '2022-04-10', '2022-03-19 08:07:40' , 15, NULL , 8 );
INSERT INTO prodotto  VALUES (151, '2022-04-27', '2022-03-19 08:07:40' , 0, NULL , 29 );
INSERT INTO prodotto  VALUES (152, '2022-04-10', '2022-03-19 08:07:40' , 2, NULL , 11 );
INSERT INTO prodotto  VALUES (153, NULL, '2022-03-19 08:07:40' , 37, NULL , 13 );
INSERT INTO prodotto  VALUES (154, NULL, '2022-03-19 08:07:40' , 44, NULL , 32 );
INSERT INTO prodotto  VALUES (155, NULL, '2022-03-19 08:07:40' , 39, NULL , 27 );
INSERT INTO prodotto  VALUES (156, NULL, '2022-03-19 08:07:40' , 50, NULL , 12 );
INSERT INTO prodotto  VALUES (157, '2022-05-03', '2022-03-19 08:07:40' , 28, NULL , 23 );
INSERT INTO prodotto  VALUES (158, '2022-04-15', '2022-03-19 08:07:40' , 10, NULL , 20 );
INSERT INTO appuntamento  VALUES ('2022-03-08 06:36:15', 49,  4 , 'ZPFKSO11D20B923Z', 4 );
INSERT INTO turno  VALUES ('2022-03-08 06:36:15' , 'BQWQRF91D21A795H', '2022-03-08 10:36:15', '2022-03-08 06:36:15', NULL, NULL);
INSERT INTO prodotto  VALUES (159, '2022-05-29', '2022-03-08 06:36:15' , 29, NULL , 15 );
INSERT INTO prodotto  VALUES (160, '2022-05-06', '2022-03-08 06:36:15' , 0, NULL , 4 );
INSERT INTO prodotto  VALUES (161, '2022-05-11', '2022-03-08 06:36:15' , 1, NULL , 0 );
INSERT INTO prodotto  VALUES (162, '2022-04-22', '2022-03-08 06:36:15' , 1, NULL , 21 );
INSERT INTO prodotto  VALUES (163, NULL, '2022-03-08 06:36:15' , 40, NULL , 18 );
INSERT INTO prodotto  VALUES (164, '2022-04-11', '2022-03-08 06:36:15' , 13, NULL , 28 );
INSERT INTO prodotto  VALUES (165, '2022-05-27', '2022-03-08 06:36:15' , 35, NULL , 10 );
INSERT INTO prodotto  VALUES (166, '2022-04-26', '2022-03-08 06:36:15' , 36, NULL , 15 );
INSERT INTO prodotto  VALUES (167, '2022-04-24', '2022-03-08 06:36:15' , 29, NULL , 29 );
INSERT INTO prodotto  VALUES (168, '2022-03-13', '2022-03-08 06:36:15' , 21, NULL , 14 );
INSERT INTO prodotto  VALUES (169, '2022-04-04', '2022-03-08 06:36:15' , 1, NULL , 23 );
INSERT INTO prodotto  VALUES (170, NULL, '2022-03-08 06:36:15' , 43, NULL , 21 );
INSERT INTO prodotto  VALUES (171, '2022-04-06', '2022-03-08 06:36:15' , 35, NULL , 18 );
INSERT INTO prodotto  VALUES (172, '2022-05-12', '2022-03-08 06:36:15' , 8, NULL , 2 );
INSERT INTO prodotto  VALUES (173, '2022-05-18', '2022-03-08 06:36:15' , 8, NULL , 33 );
INSERT INTO appuntamento  VALUES ('2022-03-25 05:03:38', 35,  3 , 'BWTURO26D42I827V', 7 );
INSERT INTO turno  VALUES ('2022-03-25 05:03:38' , 'JDCVAT62S28H574A', '2022-03-25 09:03:38', '2022-03-25 05:03:38', NULL, NULL);
INSERT INTO prodotto  VALUES (174, '2022-04-28', '2022-03-25 05:03:38' , 16, NULL , 32 );
INSERT INTO prodotto  VALUES (175, '2022-05-20', '2022-03-25 05:03:38' , 0, NULL , 15 );
INSERT INTO prodotto  VALUES (176, '2022-04-28', '2022-03-25 05:03:38' , 27, NULL , 12 );
INSERT INTO prodotto  VALUES (177, '2022-05-11', '2022-03-25 05:03:38' , 33, NULL , 25 );
INSERT INTO prodotto  VALUES (178, NULL, '2022-03-25 05:03:38' , 49, NULL , 9 );
INSERT INTO prodotto  VALUES (179, '2022-05-23', '2022-03-25 05:03:38' , 10, NULL , 25 );
INSERT INTO prodotto  VALUES (180, '2022-04-06', '2022-03-25 05:03:38' , 30, NULL , 34 );
INSERT INTO prodotto  VALUES (181, '2022-04-28', '2022-03-25 05:03:38' , 25, NULL , 18 );
INSERT INTO prodotto  VALUES (182, '2022-05-06', '2022-03-25 05:03:38' , 14, NULL , 21 );
INSERT INTO prodotto  VALUES (183, '2022-04-28', '2022-03-25 05:03:38' , 12, NULL , 11 );
INSERT INTO prodotto  VALUES (184, '2022-04-19', '2022-03-25 05:03:38' , 36, NULL , 29 );
INSERT INTO prodotto  VALUES (185, NULL, '2022-03-25 05:03:38' , 51, NULL , 19 );
INSERT INTO appuntamento  VALUES ('2022-03-05 03:17:07', 55,  5 , 'FTZVQW82E46I019C', 19 );
INSERT INTO turno  VALUES ('2022-03-05 03:17:07' , 'GZYFOK49M41H077G', '2022-03-05 07:17:07', '2022-03-05 03:17:07', NULL, NULL);
INSERT INTO prodotto  VALUES (186, NULL, '2022-03-05 03:17:07' , 40, NULL , 14 );
INSERT INTO prodotto  VALUES (187, '2022-04-20', '2022-03-05 03:17:07' , 27, NULL , 25 );
INSERT INTO prodotto  VALUES (188, NULL, '2022-03-05 03:17:07' , 44, NULL , 15 );
INSERT INTO prodotto  VALUES (189, '2022-04-30', '2022-03-05 03:17:07' , 21, NULL , 12 );
INSERT INTO prodotto  VALUES (190, '2022-05-13', '2022-03-05 03:17:07' , 27, NULL , 8 );
INSERT INTO prodotto  VALUES (191, '2022-04-22', '2022-03-05 03:17:07' , 5, NULL , 8 );
INSERT INTO prodotto  VALUES (192, '2022-04-11', '2022-03-05 03:17:07' , 24, NULL , 5 );
INSERT INTO prodotto  VALUES (193, '2022-04-16', '2022-03-05 03:17:07' , 0, NULL , 3 );
INSERT INTO prodotto  VALUES (194, '2022-04-24', '2022-03-05 03:17:07' , 31, NULL , 20 );
INSERT INTO prodotto  VALUES (195, '2022-04-09', '2022-03-05 03:17:07' , 12, NULL , 31 );
INSERT INTO prodotto  VALUES (196, NULL, '2022-03-05 03:17:07' , 48, NULL , 27 );
INSERT INTO prodotto  VALUES (197, '2022-04-29', '2022-03-05 03:17:07' , 21, NULL , 33 );
INSERT INTO prodotto  VALUES (198, NULL, '2022-03-05 03:17:07' , 48, NULL , 19 );
INSERT INTO prodotto  VALUES (199, '2022-03-21', '2022-03-05 03:17:07' , 6, NULL , 31 );
INSERT INTO prodotto  VALUES (200, NULL, '2022-03-05 03:17:07' , 40, NULL , 29 );
INSERT INTO appuntamento  VALUES ('2022-03-25 02:30:09', 54,  2 , 'BMQPKQ87L48F089J', 6 );
INSERT INTO turno  VALUES ('2022-03-25 02:30:09' , 'KCQKLW26S51C979V', '2022-03-25 06:30:09', '2022-03-25 02:30:09', NULL, NULL);
INSERT INTO prodotto  VALUES (201, NULL, '2022-03-25 02:30:09' , 48, NULL , 11 );
INSERT INTO prodotto  VALUES (202, '2022-04-15', '2022-03-25 02:30:09' , 27, NULL , 21 );
INSERT INTO prodotto  VALUES (203, '2022-04-26', '2022-03-25 02:30:09' , 25, NULL , 13 );
INSERT INTO prodotto  VALUES (204, '2022-04-06', '2022-03-25 02:30:09' , 24, NULL , 26 );
INSERT INTO prodotto  VALUES (205, '2022-05-28', '2022-03-25 02:30:09' , 21, NULL , 29 );
INSERT INTO prodotto  VALUES (206, '2022-03-29', '2022-03-25 02:30:09' , 20, NULL , 6 );
INSERT INTO prodotto  VALUES (207, NULL, '2022-03-25 02:30:09' , 41, NULL , 2 );
INSERT INTO prodotto  VALUES (208, '2022-05-24', '2022-03-25 02:30:09' , 16, NULL , 26 );
INSERT INTO prodotto  VALUES (209, '2022-03-25', '2022-03-25 02:30:09' , 18, NULL , 10 );
INSERT INTO prodotto  VALUES (210, NULL, '2022-03-25 02:30:09' , 45, NULL , 19 );
INSERT INTO prodotto  VALUES (211, '2022-04-26', '2022-03-25 02:30:09' , 18, NULL , 27 );
INSERT INTO prodotto  VALUES (212, '2022-05-23', '2022-03-25 02:30:09' , 26, NULL , 16 );
INSERT INTO prodotto  VALUES (213, '2022-04-22', '2022-03-25 02:30:09' , 2, NULL , 32 );
INSERT INTO prodotto  VALUES (214, '2022-05-02', '2022-03-25 02:30:09' , 34, NULL , 10 );
INSERT INTO prodotto  VALUES (215, '2022-04-19', '2022-03-25 02:30:09' , 18, NULL , 34 );
INSERT INTO appuntamento  VALUES ('2022-03-17 22:13:19', 39,  0 , 'LXBLAV74H55B960P', 20 );
INSERT INTO turno  VALUES ('2022-03-17 22:13:19' , 'YAVIOV25C63I876V', '2022-03-18 02:13:19', '2022-03-17 22:13:19', NULL, NULL);
INSERT INTO prodotto  VALUES (216, NULL, '2022-03-17 22:13:19' , 46, NULL , 32 );
INSERT INTO prodotto  VALUES (217, '2022-05-22', '2022-03-17 22:13:19' , 30, NULL , 21 );
INSERT INTO prodotto  VALUES (218, '2022-05-11', '2022-03-17 22:13:19' , 12, NULL , 0 );
INSERT INTO prodotto  VALUES (219, '2022-04-25', '2022-03-17 22:13:19' , 7, NULL , 32 );
INSERT INTO prodotto  VALUES (220, '2022-03-30', '2022-03-17 22:13:19' , 36, NULL , 3 );
INSERT INTO prodotto  VALUES (221, NULL, '2022-03-17 22:13:19' , 44, NULL , 24 );
INSERT INTO prodotto  VALUES (222, '2022-04-05', '2022-03-17 22:13:19' , 7, NULL , 24 );
INSERT INTO prodotto  VALUES (223, '2022-03-28', '2022-03-17 22:13:19' , 25, NULL , 34 );
INSERT INTO prodotto  VALUES (224, NULL, '2022-03-17 22:13:19' , 50, NULL , 9 );
INSERT INTO prodotto  VALUES (225, '2022-04-05', '2022-03-17 22:13:19' , 27, NULL , 20 );
INSERT INTO prodotto  VALUES (226, NULL, '2022-03-17 22:13:19' , 51, NULL , 30 );
INSERT INTO prodotto  VALUES (227, '2022-04-09', '2022-03-17 22:13:19' , 6, NULL , 11 );
INSERT INTO appuntamento  VALUES ('2022-03-09 13:36:21', 44,  0 , 'NMUNYL19M05F315G', 15 );
INSERT INTO turno  VALUES ('2022-03-09 13:36:21' , 'JKZGUJ90M07C804P', '2022-03-09 17:36:21', '2022-03-09 13:36:21', NULL, NULL);
INSERT INTO prodotto  VALUES (228, NULL, '2022-03-09 13:36:21' , 40, NULL , 4 );
INSERT INTO prodotto  VALUES (229, NULL, '2022-03-09 13:36:21' , 50, NULL , 20 );
INSERT INTO prodotto  VALUES (230, '2022-05-05', '2022-03-09 13:36:21' , 3, NULL , 32 );
INSERT INTO prodotto  VALUES (231, NULL, '2022-03-09 13:36:21' , 49, NULL , 21 );
INSERT INTO prodotto  VALUES (232, '2022-05-14', '2022-03-09 13:36:21' , 19, NULL , 16 );
INSERT INTO prodotto  VALUES (233, NULL, '2022-03-09 13:36:21' , 41, NULL , 15 );
INSERT INTO prodotto  VALUES (234, '2022-03-10', '2022-03-09 13:36:21' , 31, NULL , 21 );
INSERT INTO prodotto  VALUES (235, NULL, '2022-03-09 13:36:21' , 48, NULL , 5 );
INSERT INTO prodotto  VALUES (236, '2022-03-27', '2022-03-09 13:36:21' , 4, NULL , 24 );
INSERT INTO prodotto  VALUES (237, '2022-04-12', '2022-03-09 13:36:21' , 10, NULL , 2 );
INSERT INTO prodotto  VALUES (238, NULL, '2022-03-09 13:36:21' , 42, NULL , 0 );
INSERT INTO prodotto  VALUES (239, '2022-05-15', '2022-03-09 13:36:21' , 5, NULL , 7 );
INSERT INTO prodotto  VALUES (240, NULL, '2022-03-09 13:36:21' , 42, NULL , 11 );
INSERT INTO prodotto  VALUES (241, NULL, '2022-03-09 13:36:21' , 49, NULL , 33 );
INSERT INTO prodotto  VALUES (242, '2022-05-24', '2022-03-09 13:36:21' , 34, NULL , 6 );
INSERT INTO appuntamento  VALUES ('2022-03-15 18:13:37', 39,  0 , 'PMQRWS91S07H007Y', 8 );
INSERT INTO turno  VALUES ('2022-03-15 18:13:37' , 'RBABAU64D26B304O', '2022-03-15 22:13:37', '2022-03-15 18:13:37', NULL, NULL);
INSERT INTO prodotto  VALUES (243, '2022-05-07', '2022-03-15 18:13:37' , 35, NULL , 9 );
INSERT INTO prodotto  VALUES (244, '2022-03-29', '2022-03-15 18:13:37' , 8, NULL , 31 );
INSERT INTO prodotto  VALUES (245, NULL, '2022-03-15 18:13:37' , 39, NULL , 17 );
INSERT INTO prodotto  VALUES (246, '2022-05-03', '2022-03-15 18:13:37' , 25, NULL , 1 );
INSERT INTO prodotto  VALUES (247, '2022-03-24', '2022-03-15 18:13:37' , 15, NULL , 15 );
INSERT INTO prodotto  VALUES (248, '2022-04-12', '2022-03-15 18:13:37' , 1, NULL , 12 );
INSERT INTO prodotto  VALUES (249, NULL, '2022-03-15 18:13:37' , 40, NULL , 24 );
INSERT INTO prodotto  VALUES (250, '2022-05-22', '2022-03-15 18:13:37' , 8, NULL , 26 );
INSERT INTO prodotto  VALUES (251, '2022-04-17', '2022-03-15 18:13:37' , 5, NULL , 12 );
INSERT INTO prodotto  VALUES (252, '2022-05-28', '2022-03-15 18:13:37' , 35, NULL , 26 );
INSERT INTO prodotto  VALUES (253, '2022-03-31', '2022-03-15 18:13:37' , 19, NULL , 5 );
INSERT INTO prodotto  VALUES (254, NULL, '2022-03-15 18:13:37' , 41, NULL , 33 );
INSERT INTO prodotto  VALUES (255, NULL, '2022-03-15 18:13:37' , 47, NULL , 19 );
INSERT INTO appuntamento  VALUES ('2022-03-03 15:06:58', 41,  3 , 'BDNFTR99R05L420D', 24 );
INSERT INTO turno  VALUES ('2022-03-03 15:06:58' , 'TZNHOC44A05E088I', '2022-03-03 19:06:58', '2022-03-03 15:06:58', NULL, NULL);
INSERT INTO prodotto  VALUES (256, '2022-05-16', '2022-03-03 15:06:58' , 5, NULL , 9 );
INSERT INTO prodotto  VALUES (257, NULL, '2022-03-03 15:06:58' , 41, NULL , 0 );
INSERT INTO prodotto  VALUES (258, '2022-05-15', '2022-03-03 15:06:58' , 24, NULL , 20 );
INSERT INTO prodotto  VALUES (259, '2022-03-28', '2022-03-03 15:06:58' , 11, NULL , 10 );
INSERT INTO prodotto  VALUES (260, '2022-04-14', '2022-03-03 15:06:58' , 4, NULL , 28 );
INSERT INTO prodotto  VALUES (261, NULL, '2022-03-03 15:06:58' , 45, NULL , 13 );
INSERT INTO prodotto  VALUES (262, '2022-03-06', '2022-03-03 15:06:58' , 19, NULL , 24 );
INSERT INTO prodotto  VALUES (263, '2022-05-03', '2022-03-03 15:06:58' , 15, NULL , 2 );
INSERT INTO prodotto  VALUES (264, '2022-03-04', '2022-03-03 15:06:58' , 23, NULL , 17 );
INSERT INTO prodotto  VALUES (265, NULL, '2022-03-03 15:06:58' , 51, NULL , 30 );
INSERT INTO prodotto  VALUES (266, NULL, '2022-03-03 15:06:58' , 48, NULL , 17 );
INSERT INTO prodotto  VALUES (267, NULL, '2022-03-03 15:06:58' , 50, NULL , 13 );
INSERT INTO prodotto  VALUES (268, '2022-05-26', '2022-03-03 15:06:58' , 12, NULL , 25 );
INSERT INTO prodotto  VALUES (269, NULL, '2022-03-03 15:06:58' , 39, NULL , 9 );
INSERT INTO prodotto  VALUES (270, NULL, '2022-03-03 15:06:58' , 41, NULL , 32 );
INSERT INTO appuntamento  VALUES ('2022-03-22 20:37:01', 43,  1 , 'USSEBX17P42M156U', 10 );
INSERT INTO turno  VALUES ('2022-03-22 20:37:01' , 'JKZGUJ90M07C804P', '2022-03-23 00:37:01', '2022-03-22 20:37:01', NULL, NULL);
INSERT INTO prodotto  VALUES (271, '2022-04-04', '2022-03-22 20:37:01' , 8, NULL , 32 );
INSERT INTO prodotto  VALUES (272, NULL, '2022-03-22 20:37:01' , 47, NULL , 15 );
INSERT INTO prodotto  VALUES (273, '2022-05-16', '2022-03-22 20:37:01' , 35, NULL , 19 );
INSERT INTO prodotto  VALUES (274, NULL, '2022-03-22 20:37:01' , 50, NULL , 23 );
INSERT INTO prodotto  VALUES (275, NULL, '2022-03-22 20:37:01' , 48, NULL , 34 );
INSERT INTO prodotto  VALUES (276, '2022-04-22', '2022-03-22 20:37:01' , 15, NULL , 15 );
INSERT INTO prodotto  VALUES (277, NULL, '2022-03-22 20:37:01' , 51, NULL , 4 );
INSERT INTO prodotto  VALUES (278, '2022-04-06', '2022-03-22 20:37:01' , 22, NULL , 22 );
INSERT INTO prodotto  VALUES (279, '2022-04-17', '2022-03-22 20:37:01' , 31, NULL , 32 );
INSERT INTO prodotto  VALUES (280, '2022-05-31', '2022-03-22 20:37:01' , 3, NULL , 21 );
INSERT INTO prodotto  VALUES (281, '2022-05-17', '2022-03-22 20:37:01' , 13, NULL , 26 );
INSERT INTO prodotto  VALUES (282, '2022-04-09', '2022-03-22 20:37:01' , 17, NULL , 34 );
INSERT INTO prodotto  VALUES (283, NULL, '2022-03-22 20:37:01' , 46, NULL , 18 );
INSERT INTO prodotto  VALUES (284, '2022-05-28', '2022-03-22 20:37:01' , 5, NULL , 17 );
INSERT INTO prodotto  VALUES (285, '2022-05-03', '2022-03-22 20:37:01' , 21, NULL , 17 );
INSERT INTO appuntamento  VALUES ('2022-03-04 20:35:13', 31,  1 , 'KGSBLG18S04B768Z', 12 );
INSERT INTO turno  VALUES ('2022-03-04 20:35:13' , 'IBOXXB99C52G579Q', '2022-03-05 00:35:13', '2022-03-04 20:35:13', NULL, NULL);
INSERT INTO prodotto  VALUES (286, '2022-05-30', '2022-03-04 20:35:13' , 23, NULL , 30 );
INSERT INTO prodotto  VALUES (287, '2022-03-16', '2022-03-04 20:35:13' , 33, NULL , 9 );
INSERT INTO prodotto  VALUES (288, NULL, '2022-03-04 20:35:13' , 51, NULL , 18 );
INSERT INTO prodotto  VALUES (289, '2022-03-16', '2022-03-04 20:35:13' , 25, NULL , 25 );
INSERT INTO prodotto  VALUES (290, '2022-05-01', '2022-03-04 20:35:13' , 15, NULL , 0 );
INSERT INTO prodotto  VALUES (291, '2022-05-31', '2022-03-04 20:35:13' , 27, NULL , 17 );
INSERT INTO prodotto  VALUES (292, NULL, '2022-03-04 20:35:13' , 43, NULL , 22 );
INSERT INTO prodotto  VALUES (293, '2022-04-28', '2022-03-04 20:35:13' , 35, NULL , 0 );
INSERT INTO prodotto  VALUES (294, '2022-04-29', '2022-03-04 20:35:13' , 33, NULL , 29 );
INSERT INTO prodotto  VALUES (295, '2022-05-20', '2022-03-04 20:35:13' , 15, NULL , 15 );
INSERT INTO prodotto  VALUES (296, '2022-05-26', '2022-03-04 20:35:13' , 4, NULL , 9 );
INSERT INTO appuntamento  VALUES ('2022-03-22 14:22:14', 46,  0 , 'MPEXXN75A27I743Z', 0 );
INSERT INTO turno  VALUES ('2022-03-22 14:22:14' , 'LTLUML49C45E963Y', '2022-03-22 18:22:14', '2022-03-22 14:22:14', NULL, NULL);
INSERT INTO prodotto  VALUES (297, NULL, '2022-03-22 14:22:14' , 42, NULL , 6 );
INSERT INTO prodotto  VALUES (298, '2022-04-28', '2022-03-22 14:22:14' , 33, NULL , 20 );
INSERT INTO prodotto  VALUES (299, '2022-04-11', '2022-03-22 14:22:14' , 7, NULL , 16 );
INSERT INTO prodotto  VALUES (300, '2022-05-28', '2022-03-22 14:22:14' , 23, NULL , 3 );
INSERT INTO prodotto  VALUES (301, '2022-05-10', '2022-03-22 14:22:14' , 36, NULL , 2 );
INSERT INTO prodotto  VALUES (302, '2022-04-12', '2022-03-22 14:22:14' , 23, NULL , 29 );
INSERT INTO prodotto  VALUES (303, '2022-03-24', '2022-03-22 14:22:14' , 5, NULL , 10 );
INSERT INTO prodotto  VALUES (304, '2022-05-28', '2022-03-22 14:22:14' , 36, NULL , 21 );
INSERT INTO prodotto  VALUES (305, '2022-05-28', '2022-03-22 14:22:14' , 6, NULL , 3 );
INSERT INTO prodotto  VALUES (306, '2022-04-20', '2022-03-22 14:22:14' , 31, NULL , 23 );
INSERT INTO prodotto  VALUES (307, NULL, '2022-03-22 14:22:14' , 39, NULL , 26 );
INSERT INTO prodotto  VALUES (308, '2022-04-13', '2022-03-22 14:22:14' , 13, NULL , 32 );
INSERT INTO prodotto  VALUES (309, '2022-05-18', '2022-03-22 14:22:14' , 4, NULL , 4 );
INSERT INTO prodotto  VALUES (310, NULL, '2022-03-22 14:22:14' , 39, NULL , 6 );
INSERT INTO appuntamento  VALUES ('2022-04-09 13:33:16', 39,  3 , 'OHGAST51H46D630G', 1 );
INSERT INTO turno  VALUES ('2022-04-09 13:33:16' , 'ZDJUZH12C46A096S', '2022-04-09 17:33:16', '2022-04-09 13:33:16', NULL, NULL);
INSERT INTO prodotto  VALUES (311, NULL, '2022-04-09 13:33:16' , 37, NULL , 20 );
INSERT INTO prodotto  VALUES (312, NULL, '2022-04-09 13:33:16' , 51, NULL , 22 );
INSERT INTO prodotto  VALUES (313, '2022-04-18', '2022-04-09 13:33:16' , 36, NULL , 28 );
INSERT INTO prodotto  VALUES (314, NULL, '2022-04-09 13:33:16' , 38, NULL , 20 );
INSERT INTO prodotto  VALUES (315, NULL, '2022-04-09 13:33:16' , 48, NULL , 18 );
INSERT INTO prodotto  VALUES (316, '2022-05-02', '2022-04-09 13:33:16' , 0, NULL , 2 );
INSERT INTO prodotto  VALUES (317, '2022-04-11', '2022-04-09 13:33:16' , 3, NULL , 29 );
INSERT INTO prodotto  VALUES (318, '2022-04-12', '2022-04-09 13:33:16' , 3, NULL , 6 );
INSERT INTO prodotto  VALUES (319, '2022-04-11', '2022-04-09 13:33:16' , 16, NULL , 26 );
INSERT INTO prodotto  VALUES (320, NULL, '2022-04-09 13:33:16' , 50, NULL , 21 );
INSERT INTO prodotto  VALUES (321, '2022-04-20', '2022-04-09 13:33:16' , 1, NULL , 27 );
INSERT INTO prodotto  VALUES (322, '2022-05-24', '2022-04-09 13:33:16' , 24, NULL , 0 );
INSERT INTO appuntamento  VALUES ('2022-04-03 08:34:32', 42,  3 , 'WNSIKN51C48A315D', 27 );
INSERT INTO turno  VALUES ('2022-04-03 08:34:32' , 'IBOXXB99C52G579Q', '2022-04-03 12:34:32', '2022-04-03 08:34:32', NULL, NULL);
INSERT INTO prodotto  VALUES (323, '2022-05-05', '2022-04-03 08:34:32' , 18, NULL , 7 );
INSERT INTO prodotto  VALUES (324, '2022-04-03', '2022-04-03 08:34:32' , 20, NULL , 19 );
INSERT INTO prodotto  VALUES (325, '2022-05-02', '2022-04-03 08:34:32' , 18, NULL , 9 );
INSERT INTO prodotto  VALUES (326, NULL, '2022-04-03 08:34:32' , 51, NULL , 10 );
INSERT INTO prodotto  VALUES (327, '2022-04-09', '2022-04-03 08:34:32' , 13, NULL , 30 );
INSERT INTO prodotto  VALUES (328, NULL, '2022-04-03 08:34:32' , 38, NULL , 0 );
INSERT INTO prodotto  VALUES (329, NULL, '2022-04-03 08:34:32' , 51, NULL , 11 );
INSERT INTO prodotto  VALUES (330, '2022-04-27', '2022-04-03 08:34:32' , 21, NULL , 20 );
INSERT INTO prodotto  VALUES (331, '2022-05-22', '2022-04-03 08:34:32' , 21, NULL , 22 );
INSERT INTO prodotto  VALUES (332, NULL, '2022-04-03 08:34:32' , 45, NULL , 1 );
INSERT INTO prodotto  VALUES (333, NULL, '2022-04-03 08:34:32' , 39, NULL , 30 );
INSERT INTO prodotto  VALUES (334, '2022-05-06', '2022-04-03 08:34:32' , 29, NULL , 5 );
INSERT INTO prodotto  VALUES (335, NULL, '2022-04-03 08:34:32' , 41, NULL , 18 );
INSERT INTO prodotto  VALUES (336, NULL, '2022-04-03 08:34:32' , 37, NULL , 7 );
INSERT INTO appuntamento  VALUES ('2022-04-29 12:47:27', 31,  3 , 'KGSBLG18S04B768Z', 12 );
INSERT INTO turno  VALUES ('2022-04-29 12:47:27' , 'RBABAU64D26B304O', '2022-04-29 16:47:27', '2022-04-29 12:47:27', NULL, NULL);
INSERT INTO prodotto  VALUES (337, '2022-05-25', '2022-04-29 12:47:27' , 35, NULL , 3 );
INSERT INTO prodotto  VALUES (338, NULL, '2022-04-29 12:47:27' , 37, NULL , 10 );
INSERT INTO prodotto  VALUES (339, '2022-05-11', '2022-04-29 12:47:27' , 23, NULL , 29 );
INSERT INTO prodotto  VALUES (340, '2022-05-24', '2022-04-29 12:47:27' , 21, NULL , 3 );
INSERT INTO prodotto  VALUES (341, '2022-05-12', '2022-04-29 12:47:27' , 23, NULL , 28 );
INSERT INTO prodotto  VALUES (342, '2022-05-18', '2022-04-29 12:47:27' , 7, NULL , 17 );
INSERT INTO prodotto  VALUES (343, NULL, '2022-04-29 12:47:27' , 45, NULL , 34 );
INSERT INTO prodotto  VALUES (344, '2022-05-30', '2022-04-29 12:47:27' , 29, NULL , 24 );
INSERT INTO prodotto  VALUES (345, '2022-05-26', '2022-04-29 12:47:27' , 7, NULL , 11 );
INSERT INTO appuntamento  VALUES ('2022-04-25 04:11:16', 49,  17 , 'ZPFKSO11D20B923Z', 4 );
INSERT INTO turno  VALUES ('2022-04-25 04:11:16' , 'ZDJUZH12C46A096S', '2022-04-25 08:11:16', '2022-04-25 04:11:16', NULL, NULL);
INSERT INTO prodotto  VALUES (346, '2022-05-30', '2022-04-25 04:11:16' , 20, NULL , 24 );
INSERT INTO prodotto  VALUES (347, NULL, '2022-04-25 04:11:16' , 41, NULL , 20 );
INSERT INTO prodotto  VALUES (348, NULL, '2022-04-25 04:11:16' , 49, NULL , 31 );
INSERT INTO prodotto  VALUES (349, '2022-05-01', '2022-04-25 04:11:16' , 12, NULL , 14 );
INSERT INTO prodotto  VALUES (350, '2022-05-30', '2022-04-25 04:11:16' , 30, NULL , 21 );
INSERT INTO prodotto  VALUES (351, NULL, '2022-04-25 04:11:16' , 50, NULL , 24 );
INSERT INTO prodotto  VALUES (352, NULL, '2022-04-25 04:11:16' , 48, NULL , 23 );
INSERT INTO prodotto  VALUES (353, NULL, '2022-04-25 04:11:16' , 42, NULL , 33 );
INSERT INTO prodotto  VALUES (354, '2022-05-28', '2022-04-25 04:11:16' , 1, NULL , 2 );
INSERT INTO prodotto  VALUES (355, '2022-05-07', '2022-04-25 04:11:16' , 1, NULL , 20 );
INSERT INTO prodotto  VALUES (356, NULL, '2022-04-25 04:11:16' , 40, NULL , 22 );
INSERT INTO prodotto  VALUES (357, '2022-05-12', '2022-04-25 04:11:16' , 32, NULL , 34 );
INSERT INTO prodotto  VALUES (358, NULL, '2022-04-25 04:11:16' , 41, NULL , 11 );
INSERT INTO prodotto  VALUES (359, '2022-04-27', '2022-04-25 04:11:16' , 14, NULL , 4 );
INSERT INTO prodotto  VALUES (360, '2022-05-12', '2022-04-25 04:11:16' , 12, NULL , 22 );
INSERT INTO appuntamento  VALUES ('2022-04-03 22:07:55', 43,  0 , 'USSEBX17P42M156U', 10 );
INSERT INTO turno  VALUES ('2022-04-03 22:07:55' , 'GZYFOK49M41H077G', '2022-04-04 02:07:55', '2022-04-03 22:07:55', NULL, NULL);
INSERT INTO prodotto  VALUES (361, '2022-05-05', '2022-04-03 22:07:55' , 23, NULL , 30 );
INSERT INTO prodotto  VALUES (362, '2022-04-25', '2022-04-03 22:07:55' , 23, NULL , 19 );
INSERT INTO prodotto  VALUES (363, '2022-05-23', '2022-04-03 22:07:55' , 2, NULL , 32 );
INSERT INTO prodotto  VALUES (364, '2022-04-12', '2022-04-03 22:07:55' , 0, NULL , 16 );
INSERT INTO prodotto  VALUES (365, '2022-05-18', '2022-04-03 22:07:55' , 25, NULL , 31 );
INSERT INTO prodotto  VALUES (366, NULL, '2022-04-03 22:07:55' , 51, NULL , 6 );
INSERT INTO prodotto  VALUES (367, '2022-04-17', '2022-04-03 22:07:55' , 26, NULL , 23 );
INSERT INTO prodotto  VALUES (368, '2022-05-07', '2022-04-03 22:07:55' , 25, NULL , 7 );
INSERT INTO prodotto  VALUES (369, NULL, '2022-04-03 22:07:55' , 41, NULL , 24 );
INSERT INTO prodotto  VALUES (370, NULL, '2022-04-03 22:07:55' , 43, NULL , 6 );
INSERT INTO prodotto  VALUES (371, '2022-05-17', '2022-04-03 22:07:55' , 26, NULL , 27 );
INSERT INTO prodotto  VALUES (372, NULL, '2022-04-03 22:07:55' , 42, NULL , 15 );
INSERT INTO appuntamento  VALUES ('2022-04-12 04:27:00', 48,  3 , 'CYFORJ07M57F785I', 2 );
INSERT INTO turno  VALUES ('2022-04-12 04:27:00' , 'KZEQCD04T27D557G', '2022-04-12 08:27:00', '2022-04-12 04:27:00', NULL, NULL);
INSERT INTO prodotto  VALUES (373, '2022-05-05', '2022-04-12 04:27:00' , 29, NULL , 26 );
INSERT INTO prodotto  VALUES (374, '2022-04-30', '2022-04-12 04:27:00' , 23, NULL , 32 );
INSERT INTO prodotto  VALUES (375, '2022-04-30', '2022-04-12 04:27:00' , 33, NULL , 2 );
INSERT INTO prodotto  VALUES (376, '2022-05-31', '2022-04-12 04:27:00' , 13, NULL , 30 );
INSERT INTO prodotto  VALUES (377, '2022-05-01', '2022-04-12 04:27:00' , 22, NULL , 29 );
INSERT INTO prodotto  VALUES (378, '2022-05-05', '2022-04-12 04:27:00' , 8, NULL , 28 );
INSERT INTO prodotto  VALUES (379, '2022-05-23', '2022-04-12 04:27:00' , 20, NULL , 29 );
INSERT INTO prodotto  VALUES (380, '2022-05-09', '2022-04-12 04:27:00' , 30, NULL , 8 );
INSERT INTO prodotto  VALUES (381, NULL, '2022-04-12 04:27:00' , 41, NULL , 11 );
INSERT INTO prodotto  VALUES (382, '2022-05-01', '2022-04-12 04:27:00' , 9, NULL , 27 );
INSERT INTO prodotto  VALUES (383, '2022-04-19', '2022-04-12 04:27:00' , 31, NULL , 31 );
INSERT INTO prodotto  VALUES (384, '2022-05-04', '2022-04-12 04:27:00' , 13, NULL , 28 );
INSERT INTO prodotto  VALUES (385, '2022-05-06', '2022-04-12 04:27:00' , 34, NULL , 0 );
INSERT INTO prodotto  VALUES (386, '2022-05-22', '2022-04-12 04:27:00' , 4, NULL , 25 );
INSERT INTO prodotto  VALUES (387, '2022-05-12', '2022-04-12 04:27:00' , 6, NULL , 27 );
INSERT INTO appuntamento  VALUES ('2022-04-08 10:40:46', 44,  11 , 'WUKDLM17D24M317V', 5 );
INSERT INTO turno  VALUES ('2022-04-08 10:40:46' , 'OKKQYT73A09H939U', '2022-04-08 14:40:46', '2022-04-08 10:40:46', NULL, NULL);
INSERT INTO prodotto  VALUES (388, '2022-04-23', '2022-04-08 10:40:46' , 27, NULL , 20 );
INSERT INTO prodotto  VALUES (389, '2022-05-22', '2022-04-08 10:40:46' , 18, NULL , 18 );
INSERT INTO prodotto  VALUES (390, '2022-04-08', '2022-04-08 10:40:46' , 29, NULL , 31 );
INSERT INTO prodotto  VALUES (391, '2022-05-31', '2022-04-08 10:40:46' , 8, NULL , 8 );
INSERT INTO prodotto  VALUES (392, '2022-04-20', '2022-04-08 10:40:46' , 10, NULL , 34 );
INSERT INTO prodotto  VALUES (393, '2022-05-05', '2022-04-08 10:40:46' , 1, NULL , 2 );
INSERT INTO prodotto  VALUES (394, '2022-04-26', '2022-04-08 10:40:46' , 12, NULL , 33 );
INSERT INTO prodotto  VALUES (395, '2022-05-04', '2022-04-08 10:40:46' , 11, NULL , 10 );
INSERT INTO prodotto  VALUES (396, '2022-05-19', '2022-04-08 10:40:46' , 20, NULL , 16 );
INSERT INTO prodotto  VALUES (397, '2022-05-17', '2022-04-08 10:40:46' , 2, NULL , 25 );
INSERT INTO prodotto  VALUES (398, '2022-04-13', '2022-04-08 10:40:46' , 36, NULL , 6 );
INSERT INTO prodotto  VALUES (399, NULL, '2022-04-08 10:40:46' , 51, NULL , 14 );
INSERT INTO prodotto  VALUES (400, '2022-05-30', '2022-04-08 10:40:46' , 13, NULL , 0 );
INSERT INTO prodotto  VALUES (401, '2022-05-18', '2022-04-08 10:40:46' , 14, NULL , 22 );
INSERT INTO prodotto  VALUES (402, '2022-04-18', '2022-04-08 10:40:46' , 11, NULL , 4 );
INSERT INTO appuntamento  VALUES ('2022-04-14 21:25:31', 44,  0 , 'QARSVP28C61H994X', 16 );
INSERT INTO turno  VALUES ('2022-04-14 21:25:31' , 'WAVNZY84A56F809Z', '2022-04-15 01:25:31', '2022-04-14 21:25:31', NULL, NULL);
INSERT INTO prodotto  VALUES (403, '2022-05-05', '2022-04-14 21:25:31' , 7, NULL , 24 );
INSERT INTO prodotto  VALUES (404, '2022-04-14', '2022-04-14 21:25:31' , 34, NULL , 25 );
INSERT INTO prodotto  VALUES (405, '2022-05-19', '2022-04-14 21:25:31' , 33, NULL , 23 );
INSERT INTO prodotto  VALUES (406, '2022-05-01', '2022-04-14 21:25:31' , 31, NULL , 12 );
INSERT INTO prodotto  VALUES (407, NULL, '2022-04-14 21:25:31' , 51, NULL , 27 );
INSERT INTO prodotto  VALUES (408, '2022-05-01', '2022-04-14 21:25:31' , 17, NULL , 19 );
INSERT INTO prodotto  VALUES (409, NULL, '2022-04-14 21:25:31' , 50, NULL , 1 );
INSERT INTO prodotto  VALUES (410, '2022-05-25', '2022-04-14 21:25:31' , 12, NULL , 28 );
INSERT INTO prodotto  VALUES (411, '2022-05-05', '2022-04-14 21:25:31' , 33, NULL , 29 );
INSERT INTO prodotto  VALUES (412, '2022-05-11', '2022-04-14 21:25:31' , 19, NULL , 10 );
INSERT INTO prodotto  VALUES (413, '2022-05-17', '2022-04-14 21:25:31' , 29, NULL , 0 );
INSERT INTO prodotto  VALUES (414, '2022-04-15', '2022-04-14 21:25:31' , 19, NULL , 14 );
INSERT INTO prodotto  VALUES (415, '2022-05-13', '2022-04-14 21:25:31' , 23, NULL , 30 );
INSERT INTO prodotto  VALUES (416, NULL, '2022-04-14 21:25:31' , 51, NULL , 15 );
INSERT INTO prodotto  VALUES (417, '2022-04-22', '2022-04-14 21:25:31' , 0, NULL , 30 );
INSERT INTO appuntamento  VALUES ('2022-04-02 11:44:04', 41,  1 , 'XPGMQW25D09E830E', 24 );
INSERT INTO turno  VALUES ('2022-04-02 11:44:04' , 'CUNNPU72S13E578H', '2022-04-02 15:44:04', '2022-04-02 11:44:04', NULL, NULL);
INSERT INTO prodotto  VALUES (418, '2022-04-29', '2022-04-02 11:44:04' , 9, NULL , 24 );
INSERT INTO prodotto  VALUES (419, '2022-05-30', '2022-04-02 11:44:04' , 34, NULL , 14 );
INSERT INTO prodotto  VALUES (420, '2022-05-10', '2022-04-02 11:44:04' , 12, NULL , 29 );
INSERT INTO prodotto  VALUES (421, '2022-05-25', '2022-04-02 11:44:04' , 3, NULL , 25 );
INSERT INTO prodotto  VALUES (422, '2022-04-16', '2022-04-02 11:44:04' , 8, NULL , 18 );
INSERT INTO prodotto  VALUES (423, NULL, '2022-04-02 11:44:04' , 51, NULL , 12 );
INSERT INTO prodotto  VALUES (424, '2022-05-19', '2022-04-02 11:44:04' , 33, NULL , 24 );
INSERT INTO prodotto  VALUES (425, '2022-05-29', '2022-04-02 11:44:04' , 18, NULL , 26 );
INSERT INTO prodotto  VALUES (426, '2022-04-29', '2022-04-02 11:44:04' , 27, NULL , 33 );
INSERT INTO prodotto  VALUES (427, '2022-04-03', '2022-04-02 11:44:04' , 18, NULL , 2 );
INSERT INTO prodotto  VALUES (428, '2022-05-26', '2022-04-02 11:44:04' , 31, NULL , 10 );
INSERT INTO prodotto  VALUES (429, '2022-05-29', '2022-04-02 11:44:04' , 33, NULL , 32 );
INSERT INTO prodotto  VALUES (430, '2022-05-31', '2022-04-02 11:44:04' , 20, NULL , 16 );
INSERT INTO prodotto  VALUES (431, NULL, '2022-04-02 11:44:04' , 51, NULL , 15 );
INSERT INTO prodotto  VALUES (432, '2022-04-05', '2022-04-02 11:44:04' , 30, NULL , 24 );
INSERT INTO appuntamento  VALUES ('2022-04-23 00:49:30', 54,  17 , 'LOZVHC85M01D109R', 13 );
INSERT INTO turno  VALUES ('2022-04-23 00:49:30' , 'JKZGUJ90M07C804P', '2022-04-23 04:49:30', '2022-04-23 00:49:30', NULL, NULL);
INSERT INTO prodotto  VALUES (433, '2022-05-03', '2022-04-23 00:49:30' , 24, NULL , 25 );
INSERT INTO prodotto  VALUES (434, NULL, '2022-04-23 00:49:30' , 50, NULL , 25 );
INSERT INTO prodotto  VALUES (435, '2022-05-21', '2022-04-23 00:49:30' , 23, NULL , 12 );
INSERT INTO prodotto  VALUES (436, NULL, '2022-04-23 00:49:30' , 43, NULL , 16 );
INSERT INTO prodotto  VALUES (437, NULL, '2022-04-23 00:49:30' , 45, NULL , 30 );
INSERT INTO prodotto  VALUES (438, '2022-05-29', '2022-04-23 00:49:30' , 13, NULL , 27 );
INSERT INTO prodotto  VALUES (439, '2022-05-13', '2022-04-23 00:49:30' , 30, NULL , 27 );
INSERT INTO prodotto  VALUES (440, '2022-04-29', '2022-04-23 00:49:30' , 34, NULL , 32 );
INSERT INTO prodotto  VALUES (441, '2022-05-11', '2022-04-23 00:49:30' , 33, NULL , 26 );
INSERT INTO prodotto  VALUES (442, NULL, '2022-04-23 00:49:30' , 51, NULL , 26 );
INSERT INTO prodotto  VALUES (443, '2022-05-05', '2022-04-23 00:49:30' , 1, NULL , 32 );
INSERT INTO prodotto  VALUES (444, NULL, '2022-04-23 00:49:30' , 48, NULL , 23 );
INSERT INTO prodotto  VALUES (445, '2022-05-09', '2022-04-23 00:49:30' , 12, NULL , 1 );
INSERT INTO prodotto  VALUES (446, '2022-05-20', '2022-04-23 00:49:30' , 5, NULL , 10 );
INSERT INTO prodotto  VALUES (447, NULL, '2022-04-23 00:49:30' , 37, NULL , 26 );
INSERT INTO appuntamento  VALUES ('2022-04-11 11:57:35', 30,  1 , 'GHMHMF97A22M362G', 14 );
INSERT INTO turno  VALUES ('2022-04-11 11:57:35' , 'LXFTDE41M28C987L', '2022-04-11 15:57:35', '2022-04-11 11:57:35', NULL, NULL);
INSERT INTO prodotto  VALUES (448, '2022-04-19', '2022-04-11 11:57:35' , 19, NULL , 24 );
INSERT INTO prodotto  VALUES (449, NULL, '2022-04-11 11:57:35' , 42, NULL , 22 );
INSERT INTO prodotto  VALUES (450, '2022-04-16', '2022-04-11 11:57:35' , 0, NULL , 29 );
INSERT INTO prodotto  VALUES (451, NULL, '2022-04-11 11:57:35' , 40, NULL , 17 );
INSERT INTO prodotto  VALUES (452, '2022-05-06', '2022-04-11 11:57:35' , 2, NULL , 6 );
INSERT INTO prodotto  VALUES (453, NULL, '2022-04-11 11:57:35' , 47, NULL , 29 );
INSERT INTO prodotto  VALUES (454, '2022-05-25', '2022-04-11 11:57:35' , 6, NULL , 2 );
INSERT INTO appuntamento  VALUES ('2022-04-03 22:10:46', 54,  8 , 'LXDAEU39E19G093D', 26 );
INSERT INTO turno  VALUES ('2022-04-03 22:10:46' , 'EVLGOW43E07H335L', '2022-04-04 02:10:46', '2022-04-03 22:10:46', NULL, NULL);
INSERT INTO prodotto  VALUES (455, '2022-04-08', '2022-04-03 22:10:46' , 10, NULL , 25 );
INSERT INTO prodotto  VALUES (456, '2022-04-24', '2022-04-03 22:10:46' , 2, NULL , 16 );
INSERT INTO prodotto  VALUES (457, '2022-05-17', '2022-04-03 22:10:46' , 15, NULL , 10 );
INSERT INTO prodotto  VALUES (458, '2022-04-13', '2022-04-03 22:10:46' , 29, NULL , 32 );
INSERT INTO prodotto  VALUES (459, NULL, '2022-04-03 22:10:46' , 46, NULL , 32 );
INSERT INTO prodotto  VALUES (460, '2022-05-16', '2022-04-03 22:10:46' , 23, NULL , 10 );
INSERT INTO prodotto  VALUES (461, '2022-05-10', '2022-04-03 22:10:46' , 27, NULL , 11 );
INSERT INTO prodotto  VALUES (462, '2022-05-01', '2022-04-03 22:10:46' , 28, NULL , 27 );
INSERT INTO prodotto  VALUES (463, '2022-05-26', '2022-04-03 22:10:46' , 4, NULL , 5 );
INSERT INTO prodotto  VALUES (464, '2022-04-17', '2022-04-03 22:10:46' , 24, NULL , 21 );
INSERT INTO prodotto  VALUES (465, '2022-05-03', '2022-04-03 22:10:46' , 31, NULL , 28 );
INSERT INTO prodotto  VALUES (466, '2022-05-02', '2022-04-03 22:10:46' , 5, NULL , 13 );
INSERT INTO prodotto  VALUES (467, '2022-05-09', '2022-04-03 22:10:46' , 24, NULL , 28 );
INSERT INTO prodotto  VALUES (468, '2022-05-26', '2022-04-03 22:10:46' , 2, NULL , 20 );
INSERT INTO prodotto  VALUES (469, '2022-05-13', '2022-04-03 22:10:46' , 31, NULL , 11 );
INSERT INTO appuntamento  VALUES ('2022-04-02 20:56:46', 46,  3 , 'YEIUBO90P41B842I', 28 );
INSERT INTO turno  VALUES ('2022-04-02 20:56:46' , 'RGZKWO71H19E207K', '2022-04-03 00:56:46', '2022-04-02 20:56:46', NULL, NULL);
INSERT INTO prodotto  VALUES (470, '2022-05-25', '2022-04-02 20:56:46' , 13, NULL , 33 );
INSERT INTO prodotto  VALUES (471, NULL, '2022-04-02 20:56:46' , 50, NULL , 9 );
INSERT INTO prodotto  VALUES (472, '2022-04-10', '2022-04-02 20:56:46' , 12, NULL , 14 );
INSERT INTO prodotto  VALUES (473, '2022-05-02', '2022-04-02 20:56:46' , 9, NULL , 22 );
INSERT INTO prodotto  VALUES (474, '2022-04-24', '2022-04-02 20:56:46' , 17, NULL , 17 );
INSERT INTO prodotto  VALUES (475, '2022-04-14', '2022-04-02 20:56:46' , 4, NULL , 6 );
INSERT INTO prodotto  VALUES (476, NULL, '2022-04-02 20:56:46' , 44, NULL , 15 );
INSERT INTO prodotto  VALUES (477, '2022-05-02', '2022-04-02 20:56:46' , 35, NULL , 22 );
INSERT INTO prodotto  VALUES (478, NULL, '2022-04-02 20:56:46' , 50, NULL , 26 );
INSERT INTO prodotto  VALUES (479, '2022-05-04', '2022-04-02 20:56:46' , 29, NULL , 2 );
INSERT INTO prodotto  VALUES (480, NULL, '2022-04-02 20:56:46' , 46, NULL , 17 );
INSERT INTO prodotto  VALUES (481, '2022-05-26', '2022-04-02 20:56:46' , 30, NULL , 18 );
INSERT INTO prodotto  VALUES (482, '2022-05-16', '2022-04-02 20:56:46' , 31, NULL , 18 );
INSERT INTO prodotto  VALUES (483, '2022-05-29', '2022-04-02 20:56:46' , 8, NULL , 17 );
INSERT INTO prodotto  VALUES (484, '2022-04-29', '2022-04-02 20:56:46' , 3, NULL , 8 );
INSERT INTO appuntamento  VALUES ('2022-04-29 16:30:18', 48,  5 , 'OOHMPR19S10L023O', 17 );
INSERT INTO turno  VALUES ('2022-04-29 16:30:18' , 'XKJLZC88E65H380O', '2022-04-29 20:30:18', '2022-04-29 16:30:18', NULL, NULL);
INSERT INTO prodotto  VALUES (485, '2022-05-06', '2022-04-29 16:30:18' , 2, NULL , 15 );
INSERT INTO prodotto  VALUES (486, '2022-05-23', '2022-04-29 16:30:18' , 2, NULL , 11 );
INSERT INTO prodotto  VALUES (487, '2022-05-16', '2022-04-29 16:30:18' , 10, NULL , 4 );
INSERT INTO prodotto  VALUES (488, '2022-05-19', '2022-04-29 16:30:18' , 11, NULL , 29 );
INSERT INTO prodotto  VALUES (489, '2022-05-17', '2022-04-29 16:30:18' , 5, NULL , 27 );
INSERT INTO prodotto  VALUES (490, NULL, '2022-04-29 16:30:18' , 40, NULL , 1 );
INSERT INTO prodotto  VALUES (491, '2022-05-05', '2022-04-29 16:30:18' , 31, NULL , 2 );
INSERT INTO prodotto  VALUES (492, NULL, '2022-04-29 16:30:18' , 49, NULL , 6 );
INSERT INTO prodotto  VALUES (493, '2022-05-12', '2022-04-29 16:30:18' , 27, NULL , 23 );
INSERT INTO prodotto  VALUES (494, '2022-05-24', '2022-04-29 16:30:18' , 2, NULL , 26 );
INSERT INTO prodotto  VALUES (495, '2022-05-17', '2022-04-29 16:30:18' , 13, NULL , 23 );
INSERT INTO prodotto  VALUES (496, '2022-05-06', '2022-04-29 16:30:18' , 25, NULL , 28 );
INSERT INTO prodotto  VALUES (497, '2022-05-02', '2022-04-29 16:30:18' , 26, NULL , 15 );
INSERT INTO prodotto  VALUES (498, '2022-04-29', '2022-04-29 16:30:18' , 16, NULL , 25 );
INSERT INTO prodotto  VALUES (499, NULL, '2022-04-29 16:30:18' , 42, NULL , 27 );
INSERT INTO appuntamento  VALUES ('2022-04-04 11:41:18', 40,  3 , 'ARXRFH75B08D277X', 9 );
INSERT INTO turno  VALUES ('2022-04-04 11:41:18' , 'UQOBMK14R43F223K', '2022-04-04 15:41:18', '2022-04-04 11:41:18', NULL, NULL);
INSERT INTO prodotto  VALUES (500, NULL, '2022-04-04 11:41:18' , 50, NULL , 7 );
INSERT INTO prodotto  VALUES (501, '2022-04-22', '2022-04-04 11:41:18' , 33, NULL , 4 );
INSERT INTO prodotto  VALUES (502, NULL, '2022-04-04 11:41:18' , 39, NULL , 24 );
INSERT INTO prodotto  VALUES (503, '2022-05-25', '2022-04-04 11:41:18' , 4, NULL , 9 );
INSERT INTO prodotto  VALUES (504, '2022-05-16', '2022-04-04 11:41:18' , 12, NULL , 10 );
INSERT INTO prodotto  VALUES (505, NULL, '2022-04-04 11:41:18' , 38, NULL , 30 );
INSERT INTO prodotto  VALUES (506, '2022-05-22', '2022-04-04 11:41:18' , 31, NULL , 4 );
INSERT INTO prodotto  VALUES (507, NULL, '2022-04-04 11:41:18' , 43, NULL , 18 );
INSERT INTO prodotto  VALUES (508, '2022-05-15', '2022-04-04 11:41:18' , 21, NULL , 15 );
INSERT INTO prodotto  VALUES (509, '2022-05-30', '2022-04-04 11:41:18' , 5, NULL , 8 );
INSERT INTO prodotto  VALUES (510, NULL, '2022-04-04 11:41:18' , 40, NULL , 34 );
INSERT INTO prodotto  VALUES (511, '2022-04-09', '2022-04-04 11:41:18' , 24, NULL , 6 );
INSERT INTO appuntamento  VALUES ('2022-05-23 08:30:45', 40,  2 , 'VHRNXP39H18B237B', 3 );
INSERT INTO turno  VALUES ('2022-05-23 08:30:45' , 'OKKQYT73A09H939U', '2022-05-23 12:30:45', '2022-05-23 08:30:45', NULL, NULL);
INSERT INTO prodotto  VALUES (512, NULL, '2022-05-23 08:30:45' , 38, NULL , 32 );
INSERT INTO prodotto  VALUES (513, '2022-05-25', '2022-05-23 08:30:45' , 13, NULL , 18 );
INSERT INTO prodotto  VALUES (514, '2022-05-30', '2022-05-23 08:30:45' , 23, NULL , 22 );
INSERT INTO prodotto  VALUES (515, '2022-05-23', '2022-05-23 08:30:45' , 13, NULL , 2 );
INSERT INTO prodotto  VALUES (516, '2022-05-23', '2022-05-23 08:30:45' , 17, NULL , 15 );
INSERT INTO prodotto  VALUES (517, '2022-05-28', '2022-05-23 08:30:45' , 34, NULL , 10 );
INSERT INTO prodotto  VALUES (518, '2022-05-31', '2022-05-23 08:30:45' , 36, NULL , 28 );
INSERT INTO prodotto  VALUES (519, NULL, '2022-05-23 08:30:45' , 44, NULL , 24 );
INSERT INTO prodotto  VALUES (520, '2022-05-27', '2022-05-23 08:30:45' , 19, NULL , 11 );
INSERT INTO prodotto  VALUES (521, NULL, '2022-05-23 08:30:45' , 38, NULL , 2 );
INSERT INTO prodotto  VALUES (522, '2022-05-24', '2022-05-23 08:30:45' , 33, NULL , 10 );
INSERT INTO prodotto  VALUES (523, NULL, '2022-05-23 08:30:45' , 37, NULL , 13 );
INSERT INTO prodotto  VALUES (524, '2022-05-28', '2022-05-23 08:30:45' , 20, NULL , 0 );
INSERT INTO appuntamento  VALUES ('2022-05-14 17:20:40', 44,  1 , 'QARSVP28C61H994X', 16 );
INSERT INTO turno  VALUES ('2022-05-14 17:20:40' , 'NERWEG71P43A773C', '2022-05-14 21:20:40', '2022-05-14 17:20:40', NULL, NULL);
INSERT INTO prodotto  VALUES (525, '2022-05-18', '2022-05-14 17:20:40' , 12, NULL , 2 );
INSERT INTO prodotto  VALUES (526, '2022-05-17', '2022-05-14 17:20:40' , 16, NULL , 11 );
INSERT INTO prodotto  VALUES (527, '2022-05-30', '2022-05-14 17:20:40' , 2, NULL , 33 );
INSERT INTO prodotto  VALUES (528, '2022-05-30', '2022-05-14 17:20:40' , 33, NULL , 9 );
INSERT INTO prodotto  VALUES (529, '2022-05-21', '2022-05-14 17:20:40' , 3, NULL , 31 );
INSERT INTO prodotto  VALUES (530, '2022-05-29', '2022-05-14 17:20:40' , 25, NULL , 20 );
INSERT INTO prodotto  VALUES (531, '2022-05-28', '2022-05-14 17:20:40' , 15, NULL , 15 );
INSERT INTO prodotto  VALUES (532, '2022-05-28', '2022-05-14 17:20:40' , 33, NULL , 0 );
INSERT INTO prodotto  VALUES (533, NULL, '2022-05-14 17:20:40' , 46, NULL , 26 );
INSERT INTO prodotto  VALUES (534, '2022-05-19', '2022-05-14 17:20:40' , 6, NULL , 23 );
INSERT INTO prodotto  VALUES (535, '2022-05-31', '2022-05-14 17:20:40' , 25, NULL , 24 );
INSERT INTO prodotto  VALUES (536, NULL, '2022-05-14 17:20:40' , 48, NULL , 0 );
INSERT INTO prodotto  VALUES (537, '2022-05-21', '2022-05-14 17:20:40' , 1, NULL , 22 );
INSERT INTO prodotto  VALUES (538, '2022-05-26', '2022-05-14 17:20:40' , 36, NULL , 28 );
INSERT INTO appuntamento  VALUES ('2022-05-10 20:23:31', 46,  8 , 'PJBBKX81R05M263F', 0 );
INSERT INTO turno  VALUES ('2022-05-10 20:23:31' , 'JKZGUJ90M07C804P', '2022-05-11 00:23:31', '2022-05-10 20:23:31', NULL, NULL);
INSERT INTO prodotto  VALUES (539, NULL, '2022-05-10 20:23:31' , 44, NULL , 19 );
INSERT INTO prodotto  VALUES (540, '2022-05-31', '2022-05-10 20:23:31' , 12, NULL , 33 );
INSERT INTO prodotto  VALUES (541, NULL, '2022-05-10 20:23:31' , 51, NULL , 17 );
INSERT INTO prodotto  VALUES (542, NULL, '2022-05-10 20:23:31' , 47, NULL , 28 );
INSERT INTO prodotto  VALUES (543, '2022-05-31', '2022-05-10 20:23:31' , 20, NULL , 16 );
INSERT INTO prodotto  VALUES (544, NULL, '2022-05-10 20:23:31' , 50, NULL , 23 );
INSERT INTO prodotto  VALUES (545, '2022-05-11', '2022-05-10 20:23:31' , 24, NULL , 33 );
INSERT INTO prodotto  VALUES (546, '2022-05-20', '2022-05-10 20:23:31' , 11, NULL , 13 );
INSERT INTO prodotto  VALUES (547, '2022-05-22', '2022-05-10 20:23:31' , 33, NULL , 7 );
INSERT INTO prodotto  VALUES (548, '2022-05-13', '2022-05-10 20:23:31' , 29, NULL , 12 );
INSERT INTO prodotto  VALUES (549, NULL, '2022-05-10 20:23:31' , 51, NULL , 9 );
INSERT INTO prodotto  VALUES (550, '2022-05-28', '2022-05-10 20:23:31' , 33, NULL , 31 );
INSERT INTO prodotto  VALUES (551, '2022-05-20', '2022-05-10 20:23:31' , 9, NULL , 8 );
INSERT INTO prodotto  VALUES (552, '2022-05-13', '2022-05-10 20:23:31' , 5, NULL , 31 );
INSERT INTO prodotto  VALUES (553, NULL, '2022-05-10 20:23:31' , 40, NULL , 13 );
INSERT INTO appuntamento  VALUES ('2022-05-19 19:21:15', 46,  3 , 'VEPZXI84C65I709M', 28 );
INSERT INTO turno  VALUES ('2022-05-19 19:21:15' , 'NERWEG71P43A773C', '2022-05-19 23:21:15', '2022-05-19 19:21:15', NULL, NULL);
INSERT INTO prodotto  VALUES (554, '2022-05-23', '2022-05-19 19:21:15' , 36, NULL , 7 );
INSERT INTO prodotto  VALUES (555, '2022-05-22', '2022-05-19 19:21:15' , 23, NULL , 17 );
INSERT INTO prodotto  VALUES (556, '2022-05-26', '2022-05-19 19:21:15' , 32, NULL , 1 );
INSERT INTO prodotto  VALUES (557, '2022-05-28', '2022-05-19 19:21:15' , 7, NULL , 23 );
INSERT INTO prodotto  VALUES (558, '2022-05-31', '2022-05-19 19:21:15' , 0, NULL , 29 );
INSERT INTO prodotto  VALUES (559, '2022-05-30', '2022-05-19 19:21:15' , 32, NULL , 8 );
INSERT INTO prodotto  VALUES (560, '2022-05-25', '2022-05-19 19:21:15' , 0, NULL , 34 );
INSERT INTO prodotto  VALUES (561, '2022-05-29', '2022-05-19 19:21:15' , 9, NULL , 26 );
INSERT INTO prodotto  VALUES (562, '2022-05-20', '2022-05-19 19:21:15' , 16, NULL , 17 );
INSERT INTO prodotto  VALUES (563, '2022-05-22', '2022-05-19 19:21:15' , 5, NULL , 34 );
INSERT INTO prodotto  VALUES (564, '2022-05-24', '2022-05-19 19:21:15' , 32, NULL , 1 );
INSERT INTO prodotto  VALUES (565, '2022-05-30', '2022-05-19 19:21:15' , 28, NULL , 20 );
INSERT INTO prodotto  VALUES (566, '2022-05-23', '2022-05-19 19:21:15' , 31, NULL , 10 );
INSERT INTO prodotto  VALUES (567, '2022-05-29', '2022-05-19 19:21:15' , 27, NULL , 17 );
INSERT INTO appuntamento  VALUES ('2022-05-22 18:36:20', 39,  3 , 'RYIXGC29T60I624E', 20 );
INSERT INTO turno  VALUES ('2022-05-22 18:36:20' , 'PDFUQG57S03G561L', '2022-05-22 22:36:20', '2022-05-22 18:36:20', NULL, NULL);
INSERT INTO prodotto  VALUES (568, NULL, '2022-05-22 18:36:20' , 48, NULL , 22 );
INSERT INTO prodotto  VALUES (569, '2022-05-31', '2022-05-22 18:36:20' , 1, NULL , 34 );
INSERT INTO prodotto  VALUES (570, '2022-05-27', '2022-05-22 18:36:20' , 6, NULL , 16 );
INSERT INTO prodotto  VALUES (571, '2022-05-27', '2022-05-22 18:36:20' , 5, NULL , 18 );
INSERT INTO prodotto  VALUES (572, NULL, '2022-05-22 18:36:20' , 44, NULL , 10 );
INSERT INTO prodotto  VALUES (573, '2022-05-28', '2022-05-22 18:36:20' , 11, NULL , 8 );
INSERT INTO prodotto  VALUES (574, NULL, '2022-05-22 18:36:20' , 45, NULL , 14 );
INSERT INTO prodotto  VALUES (575, '2022-05-25', '2022-05-22 18:36:20' , 5, NULL , 25 );
INSERT INTO prodotto  VALUES (576, '2022-05-28', '2022-05-22 18:36:20' , 4, NULL , 5 );
INSERT INTO prodotto  VALUES (577, '2022-05-31', '2022-05-22 18:36:20' , 9, NULL , 12 );
INSERT INTO prodotto  VALUES (578, NULL, '2022-05-22 18:36:20' , 46, NULL , 8 );
INSERT INTO prodotto  VALUES (579, '2022-05-27', '2022-05-22 18:36:20' , 17, NULL , 33 );
INSERT INTO prodotto  VALUES (580, NULL, '2022-05-22 18:36:20' , 51, NULL , 5 );
INSERT INTO appuntamento  VALUES ('2022-05-11 22:31:43', 44,  0 , 'OXYTIJ46S50E062Y', 5 );
INSERT INTO turno  VALUES ('2022-05-11 22:31:43' , 'EVLGOW43E07H335L', '2022-05-12 02:31:43', '2022-05-11 22:31:43', NULL, NULL);
INSERT INTO prodotto  VALUES (581, '2022-05-17', '2022-05-11 22:31:43' , 24, NULL , 4 );
INSERT INTO prodotto  VALUES (582, NULL, '2022-05-11 22:31:43' , 50, NULL , 12 );
INSERT INTO prodotto  VALUES (583, NULL, '2022-05-11 22:31:43' , 37, NULL , 22 );
INSERT INTO prodotto  VALUES (584, '2022-05-31', '2022-05-11 22:31:43' , 15, NULL , 16 );
INSERT INTO prodotto  VALUES (585, NULL, '2022-05-11 22:31:43' , 46, NULL , 6 );
INSERT INTO prodotto  VALUES (586, '2022-05-19', '2022-05-11 22:31:43' , 26, NULL , 10 );
INSERT INTO prodotto  VALUES (587, NULL, '2022-05-11 22:31:43' , 42, NULL , 14 );
INSERT INTO prodotto  VALUES (588, NULL, '2022-05-11 22:31:43' , 39, NULL , 5 );
INSERT INTO prodotto  VALUES (589, '2022-05-20', '2022-05-11 22:31:43' , 5, NULL , 2 );
INSERT INTO prodotto  VALUES (590, '2022-05-28', '2022-05-11 22:31:43' , 17, NULL , 10 );
INSERT INTO prodotto  VALUES (591, NULL, '2022-05-11 22:31:43' , 50, NULL , 15 );
INSERT INTO prodotto  VALUES (592, '2022-05-20', '2022-05-11 22:31:43' , 25, NULL , 18 );
INSERT INTO prodotto  VALUES (593, '2022-05-25', '2022-05-11 22:31:43' , 21, NULL , 17 );
INSERT INTO prodotto  VALUES (594, '2022-05-28', '2022-05-11 22:31:43' , 3, NULL , 22 );
INSERT INTO appuntamento  VALUES ('2022-05-18 08:31:19', 41,  0 , 'RBXKHA84H03B251P', 24 );
INSERT INTO turno  VALUES ('2022-05-18 08:31:19' , 'OKKQYT73A09H939U', '2022-05-18 12:31:19', '2022-05-18 08:31:19', NULL, NULL);
INSERT INTO prodotto  VALUES (595, '2022-05-22', '2022-05-18 08:31:19' , 0, NULL , 0 );
INSERT INTO prodotto  VALUES (596, '2022-05-28', '2022-05-18 08:31:19' , 6, NULL , 27 );
INSERT INTO prodotto  VALUES (597, NULL, '2022-05-18 08:31:19' , 51, NULL , 3 );
INSERT INTO prodotto  VALUES (598, '2022-05-29', '2022-05-18 08:31:19' , 20, NULL , 23 );
INSERT INTO prodotto  VALUES (599, NULL, '2022-05-18 08:31:19' , 39, NULL , 30 );
INSERT INTO prodotto  VALUES (600, NULL, '2022-05-18 08:31:19' , 51, NULL , 7 );
INSERT INTO prodotto  VALUES (601, NULL, '2022-05-18 08:31:19' , 47, NULL , 10 );
INSERT INTO prodotto  VALUES (602, NULL, '2022-05-18 08:31:19' , 50, NULL , 21 );
INSERT INTO prodotto  VALUES (603, '2022-05-21', '2022-05-18 08:31:19' , 3, NULL , 34 );
INSERT INTO prodotto  VALUES (604, '2022-05-28', '2022-05-18 08:31:19' , 35, NULL , 22 );
INSERT INTO prodotto  VALUES (605, NULL, '2022-05-18 08:31:19' , 48, NULL , 22 );
INSERT INTO prodotto  VALUES (606, '2022-05-31', '2022-05-18 08:31:19' , 0, NULL , 22 );
INSERT INTO prodotto  VALUES (607, '2022-05-28', '2022-05-18 08:31:19' , 3, NULL , 18 );
INSERT INTO appuntamento  VALUES ('2022-05-24 06:36:20', 45,  3 , 'FVIFGS51T64D697W', 11 );
INSERT INTO turno  VALUES ('2022-05-24 06:36:20' , 'IZMNCD77T61D744E', '2022-05-24 10:36:20', '2022-05-24 06:36:20', NULL, NULL);
INSERT INTO prodotto  VALUES (608, NULL, '2022-05-24 06:36:20' , 43, NULL , 12 );
INSERT INTO prodotto  VALUES (609, NULL, '2022-05-24 06:36:20' , 38, NULL , 14 );
INSERT INTO prodotto  VALUES (610, '2022-05-31', '2022-05-24 06:36:20' , 30, NULL , 19 );
INSERT INTO prodotto  VALUES (611, '2022-05-27', '2022-05-24 06:36:20' , 34, NULL , 29 );
INSERT INTO prodotto  VALUES (612, '2022-05-26', '2022-05-24 06:36:20' , 14, NULL , 8 );
INSERT INTO prodotto  VALUES (613, NULL, '2022-05-24 06:36:20' , 47, NULL , 25 );
INSERT INTO prodotto  VALUES (614, '2022-05-29', '2022-05-24 06:36:20' , 5, NULL , 20 );
INSERT INTO prodotto  VALUES (615, '2022-05-31', '2022-05-24 06:36:20' , 2, NULL , 34 );
INSERT INTO prodotto  VALUES (616, '2022-05-24', '2022-05-24 06:36:20' , 12, NULL , 10 );
INSERT INTO prodotto  VALUES (617, '2022-05-27', '2022-05-24 06:36:20' , 33, NULL , 31 );
INSERT INTO prodotto  VALUES (618, '2022-05-25', '2022-05-24 06:36:20' , 12, NULL , 0 );
INSERT INTO prodotto  VALUES (619, '2022-05-25', '2022-05-24 06:36:20' , 11, NULL , 18 );
INSERT INTO prodotto  VALUES (620, NULL, '2022-05-24 06:36:20' , 43, NULL , 27 );
INSERT INTO prodotto  VALUES (621, '2022-05-28', '2022-05-24 06:36:20' , 16, NULL , 11 );
INSERT INTO prodotto  VALUES (622, '2022-05-26', '2022-05-24 06:36:20' , 33, NULL , 32 );
INSERT INTO appuntamento  VALUES ('2022-05-19 11:14:23', 55,  3 , 'RVNSJZ77S62E882O', 19 );
INSERT INTO turno  VALUES ('2022-05-19 11:14:23' , 'CUNNPU72S13E578H', '2022-05-19 15:14:23', '2022-05-19 11:14:23', NULL, NULL);
INSERT INTO prodotto  VALUES (623, '2022-05-24', '2022-05-19 11:14:23' , 6, NULL , 10 );
INSERT INTO prodotto  VALUES (624, NULL, '2022-05-19 11:14:23' , 48, NULL , 1 );
INSERT INTO prodotto  VALUES (625, '2022-05-24', '2022-05-19 11:14:23' , 18, NULL , 12 );
INSERT INTO prodotto  VALUES (626, '2022-05-20', '2022-05-19 11:14:23' , 10, NULL , 29 );
INSERT INTO prodotto  VALUES (627, '2022-05-20', '2022-05-19 11:14:23' , 23, NULL , 26 );
INSERT INTO prodotto  VALUES (628, '2022-05-21', '2022-05-19 11:14:23' , 6, NULL , 2 );
INSERT INTO prodotto  VALUES (629, '2022-05-19', '2022-05-19 11:14:23' , 9, NULL , 33 );
INSERT INTO prodotto  VALUES (630, '2022-05-22', '2022-05-19 11:14:23' , 26, NULL , 19 );
INSERT INTO prodotto  VALUES (631, '2022-05-24', '2022-05-19 11:14:23' , 18, NULL , 15 );
INSERT INTO prodotto  VALUES (632, '2022-05-25', '2022-05-19 11:14:23' , 33, NULL , 2 );
INSERT INTO prodotto  VALUES (633, '2022-05-20', '2022-05-19 11:14:23' , 33, NULL , 34 );
INSERT INTO prodotto  VALUES (634, '2022-05-22', '2022-05-19 11:14:23' , 28, NULL , 28 );
INSERT INTO prodotto  VALUES (635, '2022-05-30', '2022-05-19 11:14:23' , 31, NULL , 15 );
INSERT INTO prodotto  VALUES (636, NULL, '2022-05-19 11:14:23' , 47, NULL , 13 );
INSERT INTO appuntamento  VALUES ('2022-05-12 14:56:51', 30,  2 , 'YLDLIG46P13H421S', 14 );
INSERT INTO turno  VALUES ('2022-05-12 14:56:51' , 'AFGIEX61H45F960O', '2022-05-12 18:56:51', '2022-05-12 14:56:51', NULL, NULL);
INSERT INTO prodotto  VALUES (637, '2022-05-28', '2022-05-12 14:56:51' , 8, NULL , 8 );
INSERT INTO prodotto  VALUES (638, '2022-05-26', '2022-05-12 14:56:51' , 34, NULL , 12 );
INSERT INTO prodotto  VALUES (639, '2022-05-24', '2022-05-12 14:56:51' , 36, NULL , 13 );
INSERT INTO prodotto  VALUES (640, '2022-05-13', '2022-05-12 14:56:51' , 13, NULL , 7 );
INSERT INTO prodotto  VALUES (641, '2022-05-30', '2022-05-12 14:56:51' , 16, NULL , 13 );
INSERT INTO prodotto  VALUES (642, '2022-05-14', '2022-05-12 14:56:51' , 10, NULL , 0 );
INSERT INTO prodotto  VALUES (643, '2022-05-24', '2022-05-12 14:56:51' , 15, NULL , 25 );
INSERT INTO prodotto  VALUES (644, NULL, '2022-05-12 14:56:51' , 44, NULL , 18 );
INSERT INTO prodotto  VALUES (645, '2022-05-22', '2022-05-12 14:56:51' , 3, NULL , 19 );
INSERT INTO prodotto  VALUES (646, NULL, '2022-05-12 14:56:51' , 37, NULL , 5 );
INSERT INTO prodotto  VALUES (647, '2022-05-25', '2022-05-12 14:56:51' , 14, NULL , 21 );
INSERT INTO appuntamento  VALUES ('2022-05-02 02:58:11', 32,  3 , 'OWBTAE26D50H935V', 21 );
INSERT INTO turno  VALUES ('2022-05-02 02:58:11' , 'LBYAKD51T49H712N', '2022-05-02 06:58:11', '2022-05-02 02:58:11', NULL, NULL);
INSERT INTO prodotto  VALUES (648, '2022-05-09', '2022-05-02 02:58:11' , 21, NULL , 0 );
INSERT INTO prodotto  VALUES (649, '2022-05-23', '2022-05-02 02:58:11' , 14, NULL , 2 );
INSERT INTO prodotto  VALUES (650, '2022-05-31', '2022-05-02 02:58:11' , 24, NULL , 1 );
INSERT INTO prodotto  VALUES (651, '2022-05-03', '2022-05-02 02:58:11' , 22, NULL , 16 );
INSERT INTO prodotto  VALUES (652, '2022-05-07', '2022-05-02 02:58:11' , 18, NULL , 9 );
INSERT INTO prodotto  VALUES (653, NULL, '2022-05-02 02:58:11' , 37, NULL , 12 );
INSERT INTO prodotto  VALUES (654, NULL, '2022-05-02 02:58:11' , 51, NULL , 24 );
INSERT INTO prodotto  VALUES (655, NULL, '2022-05-02 02:58:11' , 43, NULL , 24 );
INSERT INTO prodotto  VALUES (656, '2022-05-15', '2022-05-02 02:58:11' , 27, NULL , 22 );
INSERT INTO appuntamento  VALUES ('2022-05-07 13:42:54', 42,  1 , 'XTKDOV31C64B034T', 27 );
INSERT INTO turno  VALUES ('2022-05-07 13:42:54' , 'XZPUHK12R01A059H', '2022-05-07 17:42:54', '2022-05-07 13:42:54', NULL, NULL);
INSERT INTO prodotto  VALUES (657, '2022-05-11', '2022-05-07 13:42:54' , 25, NULL , 25 );
INSERT INTO prodotto  VALUES (658, '2022-05-10', '2022-05-07 13:42:54' , 23, NULL , 25 );
INSERT INTO prodotto  VALUES (659, '2022-05-15', '2022-05-07 13:42:54' , 32, NULL , 21 );
INSERT INTO prodotto  VALUES (660, '2022-05-28', '2022-05-07 13:42:54' , 10, NULL , 30 );
INSERT INTO prodotto  VALUES (661, '2022-05-08', '2022-05-07 13:42:54' , 3, NULL , 20 );
INSERT INTO prodotto  VALUES (662, NULL, '2022-05-07 13:42:54' , 47, NULL , 31 );
INSERT INTO prodotto  VALUES (663, '2022-05-30', '2022-05-07 13:42:54' , 2, NULL , 27 );
INSERT INTO prodotto  VALUES (664, '2022-05-12', '2022-05-07 13:42:54' , 16, NULL , 5 );
INSERT INTO prodotto  VALUES (665, '2022-05-16', '2022-05-07 13:42:54' , 8, NULL , 33 );
INSERT INTO prodotto  VALUES (666, NULL, '2022-05-07 13:42:54' , 38, NULL , 30 );
INSERT INTO prodotto  VALUES (667, NULL, '2022-05-07 13:42:54' , 46, NULL , 9 );
INSERT INTO prodotto  VALUES (668, NULL, '2022-05-07 13:42:54' , 51, NULL , 22 );
INSERT INTO prodotto  VALUES (669, '2022-05-19', '2022-05-07 13:42:54' , 23, NULL , 12 );
INSERT INTO prodotto  VALUES (670, '2022-05-30', '2022-05-07 13:42:54' , 31, NULL , 12 );
INSERT INTO appuntamento  VALUES ('2022-05-07 16:22:46', 54,  10 , 'VNNXYN76H65H127G', 13 );
INSERT INTO turno  VALUES ('2022-05-07 16:22:46' , 'WFRMOX42B44I911F', '2022-05-07 20:22:46', '2022-05-07 16:22:46', NULL, NULL);
INSERT INTO prodotto  VALUES (671, '2022-05-09', '2022-05-07 16:22:46' , 3, NULL , 33 );
INSERT INTO prodotto  VALUES (672, '2022-05-17', '2022-05-07 16:22:46' , 32, NULL , 30 );
INSERT INTO prodotto  VALUES (673, NULL, '2022-05-07 16:22:46' , 40, NULL , 2 );
INSERT INTO prodotto  VALUES (674, NULL, '2022-05-07 16:22:46' , 47, NULL , 6 );
INSERT INTO prodotto  VALUES (675, '2022-05-15', '2022-05-07 16:22:46' , 9, NULL , 33 );
INSERT INTO prodotto  VALUES (676, NULL, '2022-05-07 16:22:46' , 51, NULL , 33 );
INSERT INTO prodotto  VALUES (677, NULL, '2022-05-07 16:22:46' , 48, NULL , 20 );
INSERT INTO prodotto  VALUES (678, NULL, '2022-05-07 16:22:46' , 46, NULL , 22 );
INSERT INTO prodotto  VALUES (679, NULL, '2022-05-07 16:22:46' , 46, NULL , 19 );
INSERT INTO prodotto  VALUES (680, '2022-05-30', '2022-05-07 16:22:46' , 13, NULL , 10 );
INSERT INTO prodotto  VALUES (681, NULL, '2022-05-07 16:22:46' , 42, NULL , 9 );
INSERT INTO prodotto  VALUES (682, '2022-05-19', '2022-05-07 16:22:46' , 28, NULL , 5 );
INSERT INTO prodotto  VALUES (683, '2022-05-24', '2022-05-07 16:22:46' , 10, NULL , 10 );
INSERT INTO prodotto  VALUES (684, '2022-05-14', '2022-05-07 16:22:46' , 36, NULL , 26 );
INSERT INTO prodotto  VALUES (685, '2022-05-20', '2022-05-07 16:22:46' , 19, NULL , 1 );
INSERT INTO appuntamento  VALUES ('2022-05-11 08:15:39', 39,  1 , 'OHGAST51H46D630G', 1 );
INSERT INTO turno  VALUES ('2022-05-11 08:15:39' , 'GDFUTT63P19I735M', '2022-05-11 12:15:39', '2022-05-11 08:15:39', NULL, NULL);
INSERT INTO prodotto  VALUES (686, '2022-05-19', '2022-05-11 08:15:39' , 22, NULL , 12 );
INSERT INTO prodotto  VALUES (687, '2022-05-24', '2022-05-11 08:15:39' , 15, NULL , 6 );
INSERT INTO prodotto  VALUES (688, '2022-05-20', '2022-05-11 08:15:39' , 3, NULL , 25 );
INSERT INTO prodotto  VALUES (689, '2022-05-23', '2022-05-11 08:15:39' , 26, NULL , 17 );
INSERT INTO prodotto  VALUES (690, '2022-05-14', '2022-05-11 08:15:39' , 25, NULL , 5 );
INSERT INTO prodotto  VALUES (691, '2022-05-22', '2022-05-11 08:15:39' , 16, NULL , 27 );
INSERT INTO prodotto  VALUES (692, '2022-05-21', '2022-05-11 08:15:39' , 35, NULL , 27 );
INSERT INTO prodotto  VALUES (693, '2022-05-23', '2022-05-11 08:15:39' , 27, NULL , 8 );
INSERT INTO prodotto  VALUES (694, '2022-05-19', '2022-05-11 08:15:39' , 13, NULL , 8 );
INSERT INTO prodotto  VALUES (695, '2022-05-15', '2022-05-11 08:15:39' , 3, NULL , 2 );
INSERT INTO prodotto  VALUES (696, NULL, '2022-05-11 08:15:39' , 43, NULL , 17 );
INSERT INTO prodotto  VALUES (697, '2022-05-30', '2022-05-11 08:15:39' , 25, NULL , 11 );
INSERT INTO prodotto  VALUES (698, '2022-05-23', '2022-05-11 08:15:39' , 15, NULL , 33 );
INSERT INTO appuntamento  VALUES ('2022-05-17 10:40:46', 30,  1 , 'PPCXJO61H26E656O', 29 );
INSERT INTO turno  VALUES ('2022-05-17 10:40:46' , 'IBOXXB99C52G579Q', '2022-05-17 14:40:46', '2022-05-17 10:40:46', NULL, NULL);
INSERT INTO prodotto  VALUES (699, '2022-05-19', '2022-05-17 10:40:46' , 21, NULL , 19 );
INSERT INTO prodotto  VALUES (700, '2022-05-28', '2022-05-17 10:40:46' , 29, NULL , 32 );
INSERT INTO prodotto  VALUES (701, '2022-05-25', '2022-05-17 10:40:46' , 31, NULL , 4 );
INSERT INTO prodotto  VALUES (702, '2022-05-24', '2022-05-17 10:40:46' , 27, NULL , 17 );
INSERT INTO prodotto  VALUES (703, '2022-05-21', '2022-05-17 10:40:46' , 25, NULL , 9 );
INSERT INTO prodotto  VALUES (704, '2022-05-20', '2022-05-17 10:40:46' , 32, NULL , 18 );
INSERT INTO prodotto  VALUES (705, NULL, '2022-05-17 10:40:46' , 44, NULL , 7 );
INSERT INTO prodotto  VALUES (706, NULL, '2022-05-17 10:40:46' , 43, NULL , 25 );
INSERT INTO prodotto  VALUES (707, '2022-05-21', '2022-05-17 10:40:46' , 20, NULL , 18 );


INSERT INTO prodotto  VALUES (708, '2020-06-26', NULL , 23, NULL , 22 );
INSERT INTO prodotto  VALUES (709, '2021-09-09', NULL , 8, NULL , 5 );
INSERT INTO prodotto  VALUES (710, '2020-03-10', NULL , 23, NULL , 17 );
INSERT INTO prodotto  VALUES (711, '2020-11-30', NULL , 26, NULL , 14 );
INSERT INTO prodotto  VALUES (712, '2020-10-12', NULL , 10, NULL , 26 );
INSERT INTO prodotto  VALUES (713, '2020-04-05', NULL , 22, NULL , 25 );
INSERT INTO prodotto  VALUES (714, '2021-03-15', NULL , 1, NULL , 14 );
INSERT INTO prodotto  VALUES (715, '2022-03-31', NULL , 18, NULL , 12 );
INSERT INTO prodotto  VALUES (716, '2020-08-25', NULL , 23, NULL , 28 );
INSERT INTO prodotto  VALUES (717, '2020-06-02', NULL , 16, NULL , 8 );
INSERT INTO prodotto  VALUES (718, '2021-06-08', NULL , 32, NULL , 8 );
INSERT INTO prodotto  VALUES (719, '2021-04-16', NULL , 35, NULL , 21 );
INSERT INTO prodotto  VALUES (720, '2021-02-15', NULL , 7, NULL , 27 );
INSERT INTO prodotto  VALUES (721, '2021-08-03', NULL , 17, NULL , 6 );
INSERT INTO prodotto  VALUES (722, '2021-10-19', NULL , 11, NULL , 0 );
INSERT INTO prodotto  VALUES (723, '2021-03-14', NULL , 8, NULL , 18 );
INSERT INTO prodotto  VALUES (724, '2021-03-06', NULL , 33, NULL , 26 );
INSERT INTO prodotto  VALUES (725, '2021-01-16', NULL , 5, NULL , 1 );
INSERT INTO prodotto  VALUES (726, '2021-04-10', NULL , 34, NULL , 20 );
INSERT INTO prodotto  VALUES (727, '2020-09-25', NULL , 4, NULL , 14 );
INSERT INTO prodotto  VALUES (728, '2020-10-31', NULL , 18, NULL , 16 );
INSERT INTO prodotto  VALUES (729, '2020-09-19', NULL , 29, NULL , 10 );
INSERT INTO prodotto  VALUES (730, '2021-01-14', NULL , 1, NULL , 24 );
INSERT INTO prodotto  VALUES (731, '2020-12-04', NULL , 20, NULL , 15 );
INSERT INTO prodotto  VALUES (732, '2020-05-09', NULL , 17, NULL , 1 );


